/* Generated by tools/design/gen_app_icons.py. Do not edit; regenerate.
 *
 * The Doors app icons as LVGL A8 alpha masks, 32 x 32 each, the whole
 * canvas, alpha kept exactly. They have no colour; the style's
 * image_recolor draws them (POS_STYLE_APP_ICON). Sources:
 *
 *   docs/design/doors-app-icons/png-32/2048.png
 *     sha256 704b20ec346c2fc573f2b2225c3b07a044f51fcab8f66273ac25679b2c384bb0
 *   docs/design/doors-app-icons/png-32/blackjack.png
 *     sha256 a9e16fac4b66e18c5a80139bf7954f2272c46e30dcd87dd6ef49c6228b149e5f
 *   docs/design/doors-app-icons/png-32/browser.png
 *     sha256 4a0d177ff87feece2d206008a535a8178bf0e1c3183e6591e65f6ac37991e399
 *   docs/design/brand/doors-threshold/icons/png-32/calculator.png
 *     sha256 3044610d013d949a00640fdce47da3486b5e27217b91d7ec45d6a1351517a9ab
 *   docs/design/brand/doors-threshold/icons/png-32/calendar.png
 *     sha256 6e82a0598cc3780d3210ab7659fc39d80940d8933a9810c29c9833967471a3e2
 *   docs/design/brand/doors-icon-extension/png-32/camera.png
 *     sha256 ef55db431904fccb8dabc5a367ddea63c40a7c7f45cabec479b4a734c15dc39a
 *   docs/design/brand/doors-threshold/icons/png-32/clock.png
 *     sha256 9be8cd73dbfc80e720513a098217d2da3a9066acdbc27fba879f02ca1823f983
 *   docs/design/doors-app-icons/png-32/deskbuddy.png
 *     sha256 4f4ad03dc10aef0dfa8aec3242902d170220a751b9621d466c166072b216d92a
 *   docs/design/brand/doors-icon-extension/png-32/files.png
 *     sha256 4fb00b75d67bfb2b1c7167490425c785c4f97abf4325da2bdcab932522a198d2
 *   docs/design/brand/doors-threshold/icons/png-32/fleet.png
 *     sha256 ea10791e675b96ec9dc9dce74636ff56afeb9a3555bfe3e4f98388842eef7aa8
 *   docs/design/doors-app-icons/png-32/mp3.png
 *     sha256 be10f8d7c17b889a3511fd9fc9f3d708ebe06d26a3a27330c4fcdfcb40c2ddeb
 *   docs/design/brand/doors-threshold/icons/png-32/notes.png
 *     sha256 76847f86b4a61d0d95965c77bcd203e527ddc3c3dc834c9eff63a3327792213f
 *   docs/design/brand/doors-threshold/icons/png-32/radar.png
 *     sha256 53563555f2a12f5050b24fea77d5e45c576570808988aca06f6654c23ceacc87
 *   docs/design/brand/doors-threshold/icons/png-32/radio.png
 *     sha256 5943609ff1ce85c7aee246c3420c09222d5b1cac6498cec419daf969a4c2cb0b
 *   docs/design/brand/doors-icon-extension/png-32/recorder.png
 *     sha256 9393ddfcc6ea3f97dfb86a6d47a6ee96f3084469987fecf3e83447e4e9be3512
 *   docs/design/brand/doors-threshold/icons/png-32/settings.png
 *     sha256 54380c06c1d307effdd971efd23445c10fb7c4fc091150052d3a996e74a7850a
 *   docs/design/doors-app-icons/png-32/solitaire.png
 *     sha256 701a7ee3c5359c6ebfd79f8fb6d7e933ec6d9245bf61e116b5826d9913ef6cc3
 *   docs/design/brand/doors-threshold/icons/png-32/system.png
 *     sha256 9728382fc3a4b0c0c5347d3b8dd40b0bedaf4ef26cd583926b3126b5c440fb13
 *   docs/design/brand/doors-threshold/icons/png-32/timber.png
 *     sha256 f7fd51b4ee745d2417fb14e4e08123b71bb1299d47503c2d838005a8c4ab2ad9
 *   docs/design/doors-app-icons/png-32/video.png
 *     sha256 e9733db65e7a1113f3462f0e10aa432991b48602dc11bc26c5fdc93bf58fa847
 *   docs/design/doors-app-icons/png-32/vision.png
 *     sha256 8f6b1bc052a7a5b201d7fe52775596e3cf874fe4ea5353f739e0888afb9cedb2
 *   docs/design/brand/doors-icon-extension/png-32/wave.png
 *     sha256 c0f97b8789219ba0605d875f82f00fc69d043f407fb0999d4f82c87edf48cc02
 *   docs/design/doors-app-icons/png-32/zabbix.png
 *     sha256 8de1165ce12ae53ea4cfc4aa190aaa26bea8053adf92f8a3035e260f1294d490
 */
#ifdef LV_LVGL_H_INCLUDE_SIMPLE
#include "lvgl.h"
#else
#include "lvgl/lvgl.h"
#endif

static const uint8_t pos_app_icon_2048_map[] LV_ATTRIBUTE_MEM_ALIGN = {
    0x00,0x00,0x00,0x00,0x00,0x00,0x00,0x00,0x00,0x00,0x00,0x00,0x00,0x00,0x00,0x00,0x00,0x00,0x00,0x00,0x00,0x00,0x00,0x00,0x00,0x00,0x00,0x00,0x00,0x00,0x00,0x00,
    0x00,0x00,0x00,0x00,0x00,0x00,0x00,0x00,0x00,0x00,0x00,0x00,0x00,0x00,0x00,0x00,0x00,0x00,0x00,0x00,0x00,0x00,0x00,0x00,0x00,0x00,0x00,0x00,0x00,0x00,0x00,0x00,
    0x00,0x00,0x00,0x00,0x00,0x00,0x00,0x00,0x00,0x00,0x00,0x00,0x00,0x00,0x00,0x00,0x00,0x00,0x00,0x00,0x00,0x00,0x00,0x00,0x00,0x00,0x00,0x00,0x00,0x00,0x00,0x00,
    0x00,0x00,0x00,0x00,0x00,0x00,0x00,0x00,0x00,0x00,0x00,0x00,0x00,0x00,0x00,0x00,0x00,0x00,0x00,0x00,0x00,0x00,0x00,0x00,0x00,0x00,0x00,0x00,0x00,0x00,0x00,0x00,
    0x00,0x00,0x00,0x00,0x30,0xbf,0xbf,0xbf,0xbf,0xbf,0xbf,0xbf,0xbf,0x9f,0x10,0x00,0x00,0x10,0x9f,0xbf,0xbf,0xbf,0xbf,0xbf,0xbf,0xbf,0xbf,0x30,0x00,0x00,0x00,0x00,
    0x00,0x00,0x00,0x00,0xbf,0xff,0xff,0xff,0xff,0xff,0xff,0xff,0xff,0xff,0x40,0x00,0x00,0x40,0xff,0xff,0xff,0xff,0xff,0xff,0xff,0xff,0xff,0xbf,0x00,0x00,0x00,0x00,
    0x00,0x00,0x00,0x00,0xbf,0xff,0x70,0x40,0x40,0x40,0x40,0x40,0xcf,0xff,0x40,0x00,0x00,0x40,0xff,0xcf,0x40,0x40,0x40,0x40,0x40,0x70,0xff,0xbf,0x00,0x00,0x00,0x00,
    0x00,0x00,0x00,0x00,0xbf,0xff,0x40,0x00,0x00,0x00,0x00,0x00,0xbf,0xff,0x40,0x00,0x00,0x40,0xff,0xbf,0x00,0x00,0x00,0x00,0x00,0x40,0xff,0xbf,0x00,0x00,0x00,0x00,
    0x00,0x00,0x00,0x00,0xbf,0xff,0x40,0x00,0x00,0x00,0x00,0x00,0xbf,0xff,0x40,0x00,0x00,0x40,0xff,0xbf,0x00,0x00,0x00,0x00,0x00,0x40,0xff,0xbf,0x00,0x00,0x00,0x00,
    0x00,0x00,0x00,0x00,0xbf,0xff,0x40,0x00,0x00,0x00,0x00,0x00,0xbf,0xff,0x40,0x00,0x00,0x40,0xff,0xbf,0x00,0x00,0x00,0x00,0x00,0x40,0xff,0xbf,0x00,0x00,0x00,0x00,
    0x00,0x00,0x00,0x00,0xbf,0xff,0x40,0x00,0x00,0x00,0x00,0x00,0xbf,0xff,0x40,0x00,0x00,0x40,0xff,0xbf,0x00,0x00,0x00,0x00,0x00,0x40,0xff,0xbf,0x00,0x00,0x00,0x00,
    0x00,0x00,0x00,0x00,0xbf,0xff,0x40,0x00,0x00,0x00,0x00,0x00,0xbf,0xff,0x40,0x00,0x00,0x40,0xff,0xbf,0x00,0x00,0x00,0x00,0x00,0x40,0xff,0xbf,0x00,0x00,0x00,0x00,
    0x00,0x00,0x00,0x00,0xbf,0xff,0xcf,0xbf,0xbf,0xbf,0xbf,0xbf,0xef,0xff,0x40,0x00,0x00,0x40,0xff,0xef,0xbf,0xbf,0xbf,0xbf,0xbf,0xcf,0xff,0xbf,0x00,0x00,0x00,0x00,
    0x00,0x00,0x00,0x00,0x9f,0xff,0xff,0xff,0xff,0xff,0xff,0xff,0xff,0xff,0x40,0x00,0x00,0x40,0xff,0xff,0xff,0xff,0xff,0xff,0xff,0xff,0xff,0x9f,0x00,0x00,0x00,0x00,
    0x00,0x00,0x00,0x00,0x10,0x40,0x40,0x40,0x40,0x40,0x40,0x40,0x40,0x40,0x00,0x00,0x00,0x00,0x40,0x40,0x40,0x40,0x40,0x40,0x40,0x40,0x40,0x10,0x00,0x00,0x00,0x00,
    0x00,0x00,0x00,0x00,0x00,0x00,0x00,0x00,0x00,0x00,0x00,0x00,0x00,0x00,0x00,0x00,0x00,0x00,0x00,0x00,0x00,0x00,0x00,0x00,0x00,0x00,0x00,0x00,0x00,0x00,0x00,0x00,
    0x00,0x00,0x00,0x00,0x00,0x00,0x00,0x00,0x00,0x00,0x00,0x00,0x00,0x00,0x00,0x00,0x00,0x00,0x00,0x00,0x00,0x00,0x00,0x00,0x00,0x00,0x00,0x00,0x00,0x00,0x00,0x00,
    0x00,0x00,0x00,0x00,0x10,0x40,0x40,0x40,0x40,0x40,0x40,0x40,0x40,0x40,0x00,0x00,0x00,0x00,0x40,0x40,0x40,0x40,0x40,0x40,0x40,0x40,0x40,0x10,0x00,0x00,0x00,0x00,
    0x00,0x00,0x00,0x00,0x9f,0xff,0xff,0xff,0xff,0xff,0xff,0xff,0xff,0xff,0x40,0x00,0x00,0x40,0xff,0xff,0xff,0xff,0xff,0xff,0xff,0xff,0xff,0x9f,0x00,0x00,0x00,0x00,
    0x00,0x00,0x00,0x00,0xbf,0xff,0xcf,0xbf,0xbf,0xbf,0xbf,0xbf,0xef,0xff,0x40,0x00,0x00,0x40,0xff,0xef,0xbf,0xbf,0xbf,0xbf,0xbf,0xcf,0xff,0xbf,0x00,0x00,0x00,0x00,
    0x00,0x00,0x00,0x00,0xbf,0xff,0x40,0x00,0x00,0x00,0x00,0x00,0xbf,0xff,0x40,0x00,0x00,0x40,0xff,0xbf,0x00,0x00,0x00,0x00,0x00,0x40,0xff,0xbf,0x00,0x00,0x00,0x00,
    0x00,0x00,0x00,0x00,0xbf,0xff,0x40,0x00,0x00,0x00,0x00,0x00,0xbf,0xff,0x40,0x00,0x00,0x40,0xff,0xbf,0x00,0x00,0x00,0x00,0x00,0x40,0xff,0xbf,0x00,0x00,0x00,0x00,
    0x00,0x00,0x00,0x00,0xbf,0xff,0x40,0x00,0x00,0x00,0x00,0x00,0xbf,0xff,0x40,0x00,0x00,0x40,0xff,0xbf,0x00,0x00,0x00,0x00,0x00,0x40,0xff,0xbf,0x00,0x00,0x00,0x00,
    0x00,0x00,0x00,0x00,0xbf,0xff,0x40,0x00,0x00,0x00,0x00,0x00,0xbf,0xff,0x40,0x00,0x00,0x40,0xff,0xbf,0x00,0x00,0x00,0x00,0x00,0x40,0xff,0xbf,0x00,0x00,0x00,0x00,
    0x00,0x00,0x00,0x00,0xbf,0xff,0x40,0x00,0x00,0x00,0x00,0x00,0xbf,0xff,0x40,0x00,0x00,0x40,0xff,0xbf,0x00,0x00,0x00,0x00,0x00,0x40,0xff,0xbf,0x00,0x00,0x00,0x00,
    0x00,0x00,0x00,0x00,0xbf,0xff,0x70,0x40,0x40,0x40,0x40,0x40,0xcf,0xff,0x40,0x00,0x00,0x40,0xff,0xcf,0x40,0x40,0x40,0x40,0x40,0x70,0xff,0xbf,0x00,0x00,0x00,0x00,
    0x00,0x00,0x00,0x00,0xbf,0xff,0xff,0xff,0xff,0xff,0xff,0xff,0xff,0xff,0x40,0x00,0x00,0x40,0xff,0xff,0xff,0xff,0xff,0xff,0xff,0xff,0xff,0xbf,0x00,0x00,0x00,0x00,
    0x00,0x00,0x00,0x00,0x30,0xbf,0xbf,0xbf,0xbf,0xbf,0xbf,0xbf,0xbf,0x9f,0x10,0x00,0x00,0x10,0x9f,0xbf,0xbf,0xbf,0xbf,0xbf,0xbf,0xbf,0xbf,0x30,0x00,0x00,0x00,0x00,
    0x00,0x00,0x00,0x00,0x00,0x00,0x00,0x00,0x00,0x00,0x00,0x00,0x00,0x00,0x00,0x00,0x00,0x00,0x00,0x00,0x00,0x00,0x00,0x00,0x00,0x00,0x00,0x00,0x00,0x00,0x00,0x00,
    0x00,0x00,0x00,0x00,0x00,0x00,0x00,0x00,0x00,0x00,0x00,0x00,0x00,0x00,0x00,0x00,0x00,0x00,0x00,0x00,0x00,0x00,0x00,0x00,0x00,0x00,0x00,0x00,0x00,0x00,0x00,0x00,
    0x00,0x00,0x00,0x00,0x00,0x00,0x00,0x00,0x00,0x00,0x00,0x00,0x00,0x00,0x00,0x00,0x00,0x00,0x00,0x00,0x00,0x00,0x00,0x00,0x00,0x00,0x00,0x00,0x00,0x00,0x00,0x00,
    0x00,0x00,0x00,0x00,0x00,0x00,0x00,0x00,0x00,0x00,0x00,0x00,0x00,0x00,0x00,0x00,0x00,0x00,0x00,0x00,0x00,0x00,0x00,0x00,0x00,0x00,0x00,0x00,0x00,0x00,0x00,0x00,
};

const lv_image_dsc_t pos_app_icon_2048 = {
    .header.magic = LV_IMAGE_HEADER_MAGIC,
    .header.cf = LV_COLOR_FORMAT_A8,
    .header.flags = 0,
    .header.w = 32,
    .header.h = 32,
    .header.stride = 32,
    .data_size = sizeof(pos_app_icon_2048_map),
    .data = pos_app_icon_2048_map,
};

static const uint8_t pos_app_icon_blackjack_map[] LV_ATTRIBUTE_MEM_ALIGN = {
    0x00,0x00,0x00,0x00,0x00,0x00,0x00,0x00,0x00,0x00,0x00,0x00,0x00,0x00,0x00,0x00,0x00,0x00,0x00,0x00,0x00,0x00,0x00,0x00,0x00,0x00,0x00,0x00,0x00,0x00,0x00,0x00,
    0x00,0x00,0x00,0x00,0x00,0x00,0x00,0x00,0x00,0x00,0x00,0x00,0x00,0x00,0x00,0x00,0x00,0x00,0x00,0x00,0x00,0x00,0x00,0x00,0x00,0x00,0x00,0x00,0x00,0x00,0x00,0x00,
    0x00,0x00,0x00,0x00,0x00,0x00,0x00,0x00,0x00,0x00,0x00,0x00,0x00,0x00,0x00,0x00,0x00,0x00,0x00,0x00,0x00,0x00,0x00,0x00,0x00,0x00,0x00,0x00,0x00,0x00,0x00,0x00,
    0x00,0x00,0x00,0x00,0x00,0x00,0x00,0x00,0x00,0x00,0x00,0x00,0x00,0x00,0x00,0x00,0x00,0x00,0x00,0x00,0x00,0x00,0x00,0x00,0x00,0x00,0x00,0x00,0x00,0x00,0x00,0x00,
    0x00,0x00,0x00,0x80,0xbf,0xbf,0xbf,0xbf,0xbf,0xbf,0xbf,0xbf,0xbf,0xbf,0xbf,0xbf,0x80,0x00,0x00,0x00,0x00,0x00,0x00,0x00,0x00,0x00,0x00,0x00,0x00,0x00,0x00,0x00,
    0x00,0x00,0x00,0xff,0xff,0xff,0xff,0xff,0xff,0xff,0xff,0xff,0xff,0xff,0xff,0xff,0xff,0x00,0x00,0x00,0x00,0x00,0x00,0x00,0x00,0x00,0x00,0x00,0x00,0x00,0x00,0x00,
    0x00,0x00,0x00,0xff,0xff,0x40,0x40,0x40,0x40,0x40,0x40,0x40,0x40,0x40,0x40,0xff,0xff,0x00,0x00,0x00,0x00,0x00,0x00,0x00,0x00,0x00,0x00,0x00,0x00,0x00,0x00,0x00,
    0x00,0x00,0x00,0xff,0xff,0x00,0x00,0x00,0x00,0x00,0x00,0x00,0x00,0x00,0x00,0xff,0xff,0x00,0x00,0x00,0x00,0x00,0x00,0x00,0x00,0x00,0x00,0x00,0x00,0x00,0x00,0x00,
    0x00,0x00,0x00,0xff,0xff,0x00,0x00,0x00,0x00,0x00,0x00,0x00,0x00,0x00,0x00,0xff,0xff,0x00,0x00,0x00,0x00,0x00,0x00,0x00,0x00,0x00,0x00,0x00,0x00,0x00,0x00,0x00,
    0x00,0x00,0x00,0xff,0xff,0x00,0x00,0x00,0x00,0x00,0x00,0x00,0x00,0x00,0x00,0xff,0xff,0x00,0x00,0x00,0x00,0x00,0x00,0x00,0x00,0x00,0x00,0x00,0x00,0x00,0x00,0x00,
    0x00,0x00,0x00,0xff,0xff,0x00,0x00,0x00,0x00,0x00,0x00,0x00,0x00,0x00,0x00,0xff,0xff,0x00,0x00,0x00,0x00,0x00,0x00,0x00,0x00,0x00,0x00,0x00,0x00,0x00,0x00,0x00,
    0x00,0x00,0x00,0xff,0xff,0x00,0x00,0x00,0x10,0xcf,0xcf,0x10,0x00,0x00,0x00,0xff,0xff,0x00,0x00,0x00,0x00,0x00,0x00,0x00,0x00,0x00,0x00,0x00,0x00,0x00,0x00,0x00,
    0x00,0x00,0x00,0xff,0xff,0x00,0x00,0x00,0xaf,0xff,0xff,0xaf,0x00,0x00,0x00,0xff,0xff,0x00,0x00,0x00,0x00,0x00,0x00,0x00,0x00,0x00,0x00,0x00,0x00,0x00,0x00,0x00,
    0x00,0x00,0x00,0xff,0xff,0x00,0x00,0x80,0xff,0xef,0xef,0xff,0x80,0x00,0x00,0xff,0xff,0x00,0x00,0x00,0x00,0x00,0x00,0x00,0x00,0x00,0x00,0x00,0x00,0x00,0x00,0x00,
    0x00,0x00,0x00,0xff,0xff,0x00,0x50,0xff,0xff,0x50,0x50,0xff,0xff,0x50,0x00,0xff,0xff,0x00,0x00,0x00,0x00,0x00,0x00,0x00,0x00,0x00,0x00,0x00,0x00,0x00,0x00,0x00,
    0x00,0x00,0x00,0xff,0xff,0x00,0x9f,0xff,0xcf,0x00,0x00,0xcf,0xff,0x9f,0x00,0xff,0xff,0x00,0x00,0x00,0x00,0x00,0x00,0x00,0x00,0x00,0x00,0x00,0x00,0x00,0x00,0x00,
    0x00,0x00,0x00,0xff,0xff,0x00,0x10,0xef,0xff,0x8f,0x8f,0xff,0xef,0x10,0x00,0xff,0xff,0x00,0x00,0x00,0x00,0x00,0x00,0x00,0x00,0x00,0x00,0x00,0x00,0x00,0x00,0x00,
    0x00,0x00,0x00,0xff,0xff,0x00,0x00,0x30,0xff,0xff,0xff,0xff,0x30,0x00,0x00,0xff,0xff,0x00,0x00,0x00,0x00,0x60,0xcf,0xff,0xff,0xcf,0x60,0x00,0x00,0x00,0x00,0x00,
    0x00,0x00,0x00,0xff,0xff,0x00,0x00,0x00,0x60,0xff,0xff,0x60,0x00,0x00,0x00,0xff,0xff,0x00,0x00,0x10,0xcf,0xff,0xff,0xff,0xff,0xff,0xff,0xcf,0x10,0x00,0x00,0x00,
    0x00,0x00,0x00,0xff,0xff,0x00,0x00,0x00,0x00,0x80,0x80,0x00,0x00,0x00,0x00,0xff,0xff,0x00,0x00,0xaf,0xff,0xef,0x60,0x00,0x00,0x60,0xef,0xff,0xaf,0x00,0x00,0x00,
    0x00,0x00,0x00,0xff,0xff,0x00,0x00,0x00,0x00,0x00,0x00,0x00,0x00,0x00,0x00,0xff,0xff,0x00,0x30,0xff,0xef,0x20,0x30,0x9f,0x9f,0x30,0x20,0xef,0xff,0x30,0x00,0x00,
    0x00,0x00,0x00,0xff,0xff,0x00,0x00,0x00,0x00,0x00,0x00,0x00,0x00,0x00,0x00,0xff,0xff,0x00,0x80,0xff,0x8f,0x10,0xef,0xff,0xff,0xef,0x10,0x8f,0xff,0x80,0x00,0x00,
    0x00,0x00,0x00,0xff,0xff,0x00,0x00,0x00,0x00,0x00,0x00,0x00,0x00,0x00,0x00,0xff,0xff,0x00,0xbf,0xff,0x50,0x40,0xff,0xcf,0xcf,0xff,0x40,0x50,0xff,0xbf,0x00,0x00,
    0x00,0x00,0x00,0xff,0xff,0x00,0x00,0x00,0x00,0x00,0x00,0x00,0x00,0x00,0x00,0xff,0xff,0x00,0x8f,0xff,0x70,0x30,0xff,0xff,0xff,0xff,0x30,0x70,0xff,0x8f,0x00,0x00,
    0x00,0x00,0x00,0xff,0xff,0xbf,0xbf,0xbf,0xbf,0xbf,0xbf,0xbf,0xbf,0xbf,0xbf,0xff,0xff,0x00,0x60,0xff,0xdf,0x00,0x60,0xef,0xef,0x60,0x00,0xdf,0xff,0x60,0x00,0x00,
    0x00,0x00,0x00,0xef,0xff,0xff,0xff,0xff,0xff,0xff,0xff,0xff,0xff,0xff,0xff,0xff,0xef,0x00,0x00,0xdf,0xff,0x9f,0x10,0x00,0x00,0x10,0x9f,0xff,0xdf,0x00,0x00,0x00,
    0x00,0x00,0x00,0x20,0x40,0x40,0x40,0x40,0x40,0x40,0x40,0x40,0x40,0x40,0x40,0x40,0x20,0x00,0x00,0x30,0xef,0xff,0xef,0xbf,0xbf,0xef,0xff,0xef,0x30,0x00,0x00,0x00,
    0x00,0x00,0x00,0x00,0x00,0x00,0x00,0x00,0x00,0x00,0x00,0x00,0x00,0x00,0x00,0x00,0x00,0x00,0x00,0x00,0x30,0xbf,0xff,0xff,0xff,0xff,0xbf,0x30,0x00,0x00,0x00,0x00,
    0x00,0x00,0x00,0x00,0x00,0x00,0x00,0x00,0x00,0x00,0x00,0x00,0x00,0x00,0x00,0x00,0x00,0x00,0x00,0x00,0x00,0x00,0x20,0x40,0x40,0x20,0x00,0x00,0x00,0x00,0x00,0x00,
    0x00,0x00,0x00,0x00,0x00,0x00,0x00,0x00,0x00,0x00,0x00,0x00,0x00,0x00,0x00,0x00,0x00,0x00,0x00,0x00,0x00,0x00,0x00,0x00,0x00,0x00,0x00,0x00,0x00,0x00,0x00,0x00,
    0x00,0x00,0x00,0x00,0x00,0x00,0x00,0x00,0x00,0x00,0x00,0x00,0x00,0x00,0x00,0x00,0x00,0x00,0x00,0x00,0x00,0x00,0x00,0x00,0x00,0x00,0x00,0x00,0x00,0x00,0x00,0x00,
    0x00,0x00,0x00,0x00,0x00,0x00,0x00,0x00,0x00,0x00,0x00,0x00,0x00,0x00,0x00,0x00,0x00,0x00,0x00,0x00,0x00,0x00,0x00,0x00,0x00,0x00,0x00,0x00,0x00,0x00,0x00,0x00,
};

const lv_image_dsc_t pos_app_icon_blackjack = {
    .header.magic = LV_IMAGE_HEADER_MAGIC,
    .header.cf = LV_COLOR_FORMAT_A8,
    .header.flags = 0,
    .header.w = 32,
    .header.h = 32,
    .header.stride = 32,
    .data_size = sizeof(pos_app_icon_blackjack_map),
    .data = pos_app_icon_blackjack_map,
};

static const uint8_t pos_app_icon_browser_map[] LV_ATTRIBUTE_MEM_ALIGN = {
    0x00,0x00,0x00,0x00,0x00,0x00,0x00,0x00,0x00,0x00,0x00,0x00,0x00,0x00,0x00,0x00,0x00,0x00,0x00,0x00,0x00,0x00,0x00,0x00,0x00,0x00,0x00,0x00,0x00,0x00,0x00,0x00,
    0x00,0x00,0x00,0x00,0x00,0x00,0x00,0x00,0x00,0x00,0x00,0x00,0x00,0x00,0x00,0x00,0x00,0x00,0x00,0x00,0x00,0x00,0x00,0x00,0x00,0x00,0x00,0x00,0x00,0x00,0x00,0x00,
    0x00,0x00,0x00,0x00,0x00,0x00,0x00,0x00,0x00,0x00,0x00,0x00,0x00,0x00,0x00,0x00,0x00,0x00,0x00,0x00,0x00,0x00,0x00,0x00,0x00,0x00,0x00,0x00,0x00,0x00,0x00,0x00,
    0x00,0x00,0x00,0x00,0x00,0x00,0x00,0x00,0x00,0x00,0x00,0x30,0x80,0xbf,0xef,0xff,0xff,0xef,0xbf,0x80,0x30,0x00,0x00,0x00,0x00,0x00,0x00,0x00,0x00,0x00,0x00,0x00,
    0x00,0x00,0x00,0x00,0x00,0x00,0x00,0x00,0x00,0x40,0xbf,0xff,0xff,0xff,0xff,0xff,0xff,0xff,0xff,0xff,0xff,0xbf,0x40,0x00,0x00,0x00,0x00,0x00,0x00,0x00,0x00,0x00,
    0x00,0x00,0x00,0x00,0x00,0x00,0x00,0x10,0x8f,0xff,0xff,0xef,0xff,0xff,0xcf,0x20,0x20,0xcf,0xff,0xff,0xef,0xff,0xff,0x8f,0x10,0x00,0x00,0x00,0x00,0x00,0x00,0x00,
    0x00,0x00,0x00,0x00,0x00,0x00,0x10,0xcf,0xff,0xef,0x80,0x70,0xff,0xdf,0x10,0x00,0x00,0x10,0xdf,0xff,0x70,0x80,0xef,0xff,0xcf,0x10,0x00,0x00,0x00,0x00,0x00,0x00,
    0x00,0x00,0x00,0x00,0x00,0x10,0xcf,0xff,0xdf,0x30,0x00,0xdf,0xff,0x60,0x00,0x00,0x00,0x00,0x60,0xff,0xdf,0x00,0x30,0xdf,0xff,0xcf,0x10,0x00,0x00,0x00,0x00,0x00,
    0x00,0x00,0x00,0x00,0x00,0x8f,0xff,0xdf,0x10,0x00,0x30,0xff,0xdf,0x00,0x00,0x00,0x00,0x00,0x00,0xdf,0xff,0x30,0x00,0x10,0xdf,0xff,0x8f,0x00,0x00,0x00,0x00,0x00,
    0x00,0x00,0x00,0x00,0x40,0xff,0xef,0x30,0x00,0x00,0x80,0xff,0x8f,0x00,0x00,0x00,0x00,0x00,0x00,0x8f,0xff,0x80,0x00,0x00,0x30,0xef,0xff,0x40,0x00,0x00,0x00,0x00,
    0x00,0x00,0x00,0x00,0xbf,0xff,0x80,0x00,0x00,0x00,0xbf,0xff,0x50,0x00,0x00,0x00,0x00,0x00,0x00,0x50,0xff,0xbf,0x00,0x00,0x00,0x80,0xff,0xbf,0x00,0x00,0x00,0x00,
    0x00,0x00,0x00,0x30,0xff,0xef,0x10,0x00,0x00,0x00,0xff,0xff,0x10,0x00,0x00,0x00,0x00,0x00,0x00,0x10,0xff,0xff,0x00,0x00,0x00,0x10,0xef,0xff,0x30,0x00,0x00,0x00,
    0x00,0x00,0x00,0x80,0xff,0x9f,0x00,0x00,0x00,0x10,0xff,0xef,0x00,0x00,0x00,0x00,0x00,0x00,0x00,0x00,0xef,0xff,0x10,0x00,0x00,0x00,0x9f,0xff,0x80,0x00,0x00,0x00,
    0x00,0x00,0x00,0xbf,0xff,0x50,0x00,0x00,0x00,0x40,0xff,0xbf,0x00,0x00,0x00,0x00,0x00,0x00,0x00,0x00,0xbf,0xff,0x40,0x00,0x00,0x00,0x50,0xff,0xbf,0x00,0x00,0x00,
    0x00,0x00,0x00,0xef,0xff,0x20,0x00,0x00,0x00,0x40,0xff,0xbf,0x00,0x00,0x00,0x00,0x00,0x00,0x00,0x00,0xbf,0xff,0x40,0x00,0x00,0x00,0x20,0xff,0xef,0x00,0x00,0x00,
    0x00,0x00,0x00,0xff,0xff,0xff,0xff,0xff,0xff,0xff,0xff,0xff,0xff,0xff,0xff,0xff,0xff,0xff,0xff,0xff,0xff,0xff,0xff,0xff,0xff,0xff,0xff,0xff,0xff,0x00,0x00,0x00,
    0x00,0x00,0x00,0xff,0xff,0xff,0xff,0xff,0xff,0xff,0xff,0xff,0xff,0xff,0xff,0xff,0xff,0xff,0xff,0xff,0xff,0xff,0xff,0xff,0xff,0xff,0xff,0xff,0xff,0x00,0x00,0x00,
    0x00,0x00,0x00,0xef,0xff,0x20,0x00,0x00,0x00,0x40,0xff,0xbf,0x00,0x00,0x00,0x00,0x00,0x00,0x00,0x00,0xbf,0xff,0x40,0x00,0x00,0x00,0x20,0xff,0xef,0x00,0x00,0x00,
    0x00,0x00,0x00,0xbf,0xff,0x50,0x00,0x00,0x00,0x40,0xff,0xbf,0x00,0x00,0x00,0x00,0x00,0x00,0x00,0x00,0xbf,0xff,0x40,0x00,0x00,0x00,0x50,0xff,0xbf,0x00,0x00,0x00,
    0x00,0x00,0x00,0x80,0xff,0x9f,0x00,0x00,0x00,0x10,0xff,0xef,0x00,0x00,0x00,0x00,0x00,0x00,0x00,0x00,0xef,0xff,0x10,0x00,0x00,0x00,0x9f,0xff,0x80,0x00,0x00,0x00,
    0x00,0x00,0x00,0x30,0xff,0xef,0x10,0x00,0x00,0x00,0xff,0xff,0x10,0x00,0x00,0x00,0x00,0x00,0x00,0x10,0xff,0xff,0x00,0x00,0x00,0x10,0xef,0xff,0x30,0x00,0x00,0x00,
    0x00,0x00,0x00,0x00,0xbf,0xff,0x80,0x00,0x00,0x00,0xbf,0xff,0x50,0x00,0x00,0x00,0x00,0x00,0x00,0x50,0xff,0xbf,0x00,0x00,0x00,0x80,0xff,0xbf,0x00,0x00,0x00,0x00,
    0x00,0x00,0x00,0x00,0x40,0xff,0xef,0x30,0x00,0x00,0x80,0xff,0x8f,0x00,0x00,0x00,0x00,0x00,0x00,0x8f,0xff,0x80,0x00,0x00,0x30,0xef,0xff,0x40,0x00,0x00,0x00,0x00,
    0x00,0x00,0x00,0x00,0x00,0x8f,0xff,0xdf,0x10,0x00,0x30,0xff,0xdf,0x00,0x00,0x00,0x00,0x00,0x00,0xdf,0xff,0x30,0x00,0x10,0xdf,0xff,0x8f,0x00,0x00,0x00,0x00,0x00,
    0x00,0x00,0x00,0x00,0x00,0x10,0xcf,0xff,0xdf,0x30,0x00,0xdf,0xff,0x60,0x00,0x00,0x00,0x00,0x60,0xff,0xdf,0x00,0x30,0xdf,0xff,0xcf,0x10,0x00,0x00,0x00,0x00,0x00,
    0x00,0x00,0x00,0x00,0x00,0x00,0x10,0xcf,0xff,0xef,0x80,0x70,0xff,0xdf,0x10,0x00,0x00,0x10,0xdf,0xff,0x70,0x80,0xef,0xff,0xcf,0x10,0x00,0x00,0x00,0x00,0x00,0x00,
    0x00,0x00,0x00,0x00,0x00,0x00,0x00,0x10,0x8f,0xff,0xff,0xef,0xff,0xff,0xcf,0x20,0x20,0xcf,0xff,0xff,0xef,0xff,0xff,0x8f,0x10,0x00,0x00,0x00,0x00,0x00,0x00,0x00,
    0x00,0x00,0x00,0x00,0x00,0x00,0x00,0x00,0x00,0x40,0xbf,0xff,0xff,0xff,0xff,0xff,0xff,0xff,0xff,0xff,0xff,0xbf,0x40,0x00,0x00,0x00,0x00,0x00,0x00,0x00,0x00,0x00,
    0x00,0x00,0x00,0x00,0x00,0x00,0x00,0x00,0x00,0x00,0x00,0x30,0x80,0xbf,0xef,0xff,0xff,0xef,0xbf,0x80,0x30,0x00,0x00,0x00,0x00,0x00,0x00,0x00,0x00,0x00,0x00,0x00,
    0x00,0x00,0x00,0x00,0x00,0x00,0x00,0x00,0x00,0x00,0x00,0x00,0x00,0x00,0x00,0x00,0x00,0x00,0x00,0x00,0x00,0x00,0x00,0x00,0x00,0x00,0x00,0x00,0x00,0x00,0x00,0x00,
    0x00,0x00,0x00,0x00,0x00,0x00,0x00,0x00,0x00,0x00,0x00,0x00,0x00,0x00,0x00,0x00,0x00,0x00,0x00,0x00,0x00,0x00,0x00,0x00,0x00,0x00,0x00,0x00,0x00,0x00,0x00,0x00,
    0x00,0x00,0x00,0x00,0x00,0x00,0x00,0x00,0x00,0x00,0x00,0x00,0x00,0x00,0x00,0x00,0x00,0x00,0x00,0x00,0x00,0x00,0x00,0x00,0x00,0x00,0x00,0x00,0x00,0x00,0x00,0x00,
};

const lv_image_dsc_t pos_app_icon_browser = {
    .header.magic = LV_IMAGE_HEADER_MAGIC,
    .header.cf = LV_COLOR_FORMAT_A8,
    .header.flags = 0,
    .header.w = 32,
    .header.h = 32,
    .header.stride = 32,
    .data_size = sizeof(pos_app_icon_browser_map),
    .data = pos_app_icon_browser_map,
};

static const uint8_t pos_app_icon_calculator_map[] LV_ATTRIBUTE_MEM_ALIGN = {
    0x00,0x00,0x00,0x00,0x00,0x00,0x00,0x00,0x00,0x00,0x00,0x00,0x00,0x00,0x00,0x00,0x00,0x00,0x00,0x00,0x00,0x00,0x00,0x00,0x00,0x00,0x00,0x00,0x00,0x00,0x00,0x00,
    0x00,0x00,0x00,0x00,0x00,0x00,0x00,0x00,0x00,0x00,0x00,0x00,0x00,0x00,0x00,0x00,0x00,0x00,0x00,0x00,0x00,0x00,0x00,0x00,0x00,0x00,0x00,0x00,0x00,0x00,0x00,0x00,
    0x00,0x00,0x00,0x00,0x00,0x00,0x00,0x00,0x00,0x00,0x00,0x00,0x00,0x00,0x00,0x00,0x00,0x00,0x00,0x00,0x00,0x00,0x00,0x00,0x00,0x00,0x00,0x00,0x00,0x00,0x00,0x00,
    0x00,0x00,0x00,0x00,0xab,0xff,0xff,0xff,0xff,0xff,0xff,0xff,0xff,0xff,0xff,0xff,0xff,0xff,0xff,0xff,0xff,0xff,0xff,0xff,0xff,0xff,0xff,0xab,0x00,0x00,0x00,0x00,
    0x00,0x00,0x00,0x00,0xab,0xff,0xff,0xff,0xff,0xff,0xff,0xff,0xff,0xff,0xff,0xff,0xff,0xff,0xff,0xff,0xff,0xff,0xff,0xff,0xff,0xff,0xff,0xab,0x00,0x00,0x00,0x00,
    0x00,0x00,0x00,0x00,0xab,0xff,0x55,0x00,0x00,0x00,0x00,0x00,0x00,0x00,0x00,0x00,0x00,0x00,0x00,0x00,0x00,0x00,0x00,0x00,0x00,0x55,0xff,0xab,0x00,0x00,0x00,0x00,
    0x00,0x00,0x00,0x00,0xab,0xff,0x55,0x00,0x00,0x00,0x00,0x00,0x00,0x00,0x00,0x00,0x00,0x00,0x00,0x00,0x00,0x00,0x00,0x00,0x00,0x55,0xff,0xab,0x00,0x00,0x00,0x00,
    0x00,0x00,0x00,0x00,0xab,0xff,0x55,0x00,0xab,0xff,0xff,0xff,0xff,0xff,0xff,0xff,0xff,0xff,0xff,0xff,0xff,0xff,0xff,0xab,0x00,0x55,0xff,0xab,0x00,0x00,0x00,0x00,
    0x00,0x00,0x00,0x00,0xab,0xff,0x55,0x00,0xab,0xff,0xff,0xff,0xff,0xff,0xff,0xff,0xff,0xff,0xff,0xff,0xff,0xff,0xff,0xab,0x00,0x55,0xff,0xab,0x00,0x00,0x00,0x00,
    0x00,0x00,0x00,0x00,0xab,0xff,0x55,0x00,0xab,0xff,0x55,0x00,0x00,0x00,0x00,0x00,0x00,0x00,0x00,0x00,0x00,0x55,0xff,0xab,0x00,0x55,0xff,0xab,0x00,0x00,0x00,0x00,
    0x00,0x00,0x00,0x00,0xab,0xff,0x55,0x00,0xab,0xff,0x55,0x00,0x00,0x00,0x00,0x00,0x00,0x00,0x00,0x00,0x00,0x55,0xff,0xab,0x00,0x55,0xff,0xab,0x00,0x00,0x00,0x00,
    0x00,0x00,0x00,0x00,0xab,0xff,0x55,0x00,0xab,0xff,0xff,0xff,0xff,0xff,0xff,0xff,0xff,0xff,0xff,0xff,0xff,0xff,0xff,0xab,0x00,0x55,0xff,0xab,0x00,0x00,0x00,0x00,
    0x00,0x00,0x00,0x00,0xab,0xff,0x55,0x00,0xab,0xff,0xff,0xff,0xff,0xff,0xff,0xff,0xff,0xff,0xff,0xff,0xff,0xff,0xff,0xab,0x00,0x55,0xff,0xab,0x00,0x00,0x00,0x00,
    0x00,0x00,0x00,0x00,0xab,0xff,0x55,0x00,0x00,0x00,0x00,0x00,0x00,0x00,0x00,0x00,0x00,0x00,0x00,0x00,0x00,0x00,0x00,0x00,0x00,0x55,0xff,0xab,0x00,0x00,0x00,0x00,
    0x00,0x00,0x00,0x00,0xab,0xff,0x55,0x00,0x00,0x00,0x00,0x00,0x00,0x00,0x00,0x00,0x00,0x00,0x00,0x00,0x00,0x00,0x00,0x00,0x00,0x55,0xff,0xab,0x00,0x00,0x00,0x00,
    0x00,0x00,0x00,0x00,0xab,0xff,0x55,0x00,0x00,0x00,0x00,0x00,0x00,0x00,0x00,0x00,0x00,0x00,0x00,0x00,0x00,0x00,0x00,0x00,0x00,0x55,0xff,0xab,0x00,0x00,0x00,0x00,
    0x00,0x00,0x00,0x00,0xab,0xff,0x55,0x00,0x00,0x00,0x00,0xab,0xab,0x00,0x00,0x00,0x00,0x00,0x00,0x00,0x00,0x00,0x00,0x00,0x00,0x55,0xff,0xab,0x00,0x00,0x00,0x00,
    0x00,0x00,0x00,0x00,0xab,0xff,0x55,0x00,0x00,0x00,0x00,0xff,0xff,0x00,0x00,0x00,0x00,0x1c,0x55,0x55,0x55,0x55,0x55,0x38,0x00,0x55,0xff,0xab,0x00,0x00,0x00,0x00,
    0x00,0x00,0x00,0x00,0xab,0xff,0x55,0x00,0x00,0x00,0x00,0xff,0xff,0x00,0x00,0x00,0x00,0x55,0xff,0xff,0xff,0xff,0xff,0xab,0x00,0x55,0xff,0xab,0x00,0x00,0x00,0x00,
    0x00,0x00,0x00,0x00,0xab,0xff,0x55,0x00,0xab,0xff,0xff,0xff,0xff,0xff,0xff,0xab,0x00,0x38,0xab,0xab,0xab,0xab,0xab,0x72,0x00,0x55,0xff,0xab,0x00,0x00,0x00,0x00,
    0x00,0x00,0x00,0x00,0xab,0xff,0x55,0x00,0xab,0xff,0xff,0xff,0xff,0xff,0xff,0xab,0x00,0x00,0x00,0x00,0x00,0x00,0x00,0x00,0x00,0x55,0xff,0xab,0x00,0x00,0x00,0x00,
    0x00,0x00,0x00,0x00,0xab,0xff,0x55,0x00,0x00,0x00,0x00,0xff,0xff,0x00,0x00,0x00,0x00,0x1c,0x55,0x55,0x55,0x55,0x55,0x38,0x00,0x55,0xff,0xab,0x00,0x00,0x00,0x00,
    0x00,0x00,0x00,0x00,0xab,0xff,0x55,0x00,0x00,0x00,0x00,0xff,0xff,0x00,0x00,0x00,0x00,0x55,0xff,0xff,0xff,0xff,0xff,0xab,0x00,0x55,0xff,0xab,0x00,0x00,0x00,0x00,
    0x00,0x00,0x00,0x00,0xab,0xff,0x55,0x00,0x00,0x00,0x00,0xab,0xab,0x00,0x00,0x00,0x00,0x38,0xab,0xab,0xab,0xab,0xab,0x72,0x00,0x55,0xff,0xab,0x00,0x00,0x00,0x00,
    0x00,0x00,0x00,0x00,0xab,0xff,0x55,0x00,0x00,0x00,0x00,0x00,0x00,0x00,0x00,0x00,0x00,0x00,0x00,0x00,0x00,0x00,0x00,0x00,0x00,0x55,0xff,0xab,0x00,0x00,0x00,0x00,
    0x00,0x00,0x00,0x00,0xab,0xff,0x55,0x00,0x00,0x00,0x00,0x00,0x00,0x00,0x00,0x00,0x00,0x00,0x00,0x00,0x00,0x00,0x00,0x00,0x00,0x55,0xff,0xab,0x00,0x00,0x00,0x00,
    0x00,0x00,0x00,0x00,0xab,0xff,0x55,0x00,0x00,0x00,0x00,0x00,0x00,0x00,0x00,0x00,0x00,0x00,0x00,0x00,0x00,0x00,0x00,0x00,0x00,0x55,0xff,0xab,0x00,0x00,0x00,0x00,
    0x00,0x00,0x00,0x00,0xab,0xff,0xff,0xff,0xff,0xff,0xff,0xff,0xff,0xff,0xff,0xff,0xff,0xff,0xff,0xff,0xff,0xff,0xff,0xff,0xff,0xff,0xff,0xab,0x00,0x00,0x00,0x00,
    0x00,0x00,0x00,0x00,0xab,0xff,0xff,0xff,0xff,0xff,0xff,0xff,0xff,0xff,0xff,0xff,0xff,0xff,0xff,0xff,0xff,0xff,0xff,0xff,0xff,0xff,0xff,0xab,0x00,0x00,0x00,0x00,
    0x00,0x00,0x00,0x00,0x00,0x00,0x00,0x00,0x00,0x00,0x00,0x00,0x00,0x00,0x00,0x00,0x00,0x00,0x00,0x00,0x00,0x00,0x00,0x00,0x00,0x00,0x00,0x00,0x00,0x00,0x00,0x00,
    0x00,0x00,0x00,0x00,0x00,0x00,0x00,0x00,0x00,0x00,0x00,0x00,0x00,0x00,0x00,0x00,0x00,0x00,0x00,0x00,0x00,0x00,0x00,0x00,0x00,0x00,0x00,0x00,0x00,0x00,0x00,0x00,
    0x00,0x00,0x00,0x00,0x00,0x00,0x00,0x00,0x00,0x00,0x00,0x00,0x00,0x00,0x00,0x00,0x00,0x00,0x00,0x00,0x00,0x00,0x00,0x00,0x00,0x00,0x00,0x00,0x00,0x00,0x00,0x00,
};

const lv_image_dsc_t pos_app_icon_calculator = {
    .header.magic = LV_IMAGE_HEADER_MAGIC,
    .header.cf = LV_COLOR_FORMAT_A8,
    .header.flags = 0,
    .header.w = 32,
    .header.h = 32,
    .header.stride = 32,
    .data_size = sizeof(pos_app_icon_calculator_map),
    .data = pos_app_icon_calculator_map,
};

static const uint8_t pos_app_icon_calendar_map[] LV_ATTRIBUTE_MEM_ALIGN = {
    0x00,0x00,0x00,0x00,0x00,0x00,0x00,0x00,0x00,0x00,0x00,0x00,0x00,0x00,0x00,0x00,0x00,0x00,0x00,0x00,0x00,0x00,0x00,0x00,0x00,0x00,0x00,0x00,0x00,0x00,0x00,0x00,
    0x00,0x00,0x00,0x00,0x00,0x00,0x00,0x00,0x00,0x00,0x00,0x00,0x00,0x00,0x00,0x00,0x00,0x00,0x00,0x00,0x00,0x00,0x00,0x00,0x00,0x00,0x00,0x00,0x00,0x00,0x00,0x00,
    0x00,0x00,0x00,0x00,0x00,0x00,0x00,0x00,0x72,0xab,0x38,0x00,0x00,0x00,0x00,0x00,0x00,0x00,0x00,0x00,0x00,0x38,0xab,0x72,0x00,0x00,0x00,0x00,0x00,0x00,0x00,0x00,
    0x00,0x00,0x00,0x00,0x00,0x00,0x00,0x00,0xab,0xff,0x55,0x00,0x00,0x00,0x00,0x00,0x00,0x00,0x00,0x00,0x00,0x55,0xff,0xab,0x00,0x00,0x00,0x00,0x00,0x00,0x00,0x00,
    0x00,0x00,0x00,0x00,0x00,0x00,0x00,0x00,0xab,0xff,0x55,0x00,0x00,0x00,0x00,0x00,0x00,0x00,0x00,0x00,0x00,0x55,0xff,0xab,0x00,0x00,0x00,0x00,0x00,0x00,0x00,0x00,
    0x00,0x00,0x00,0x55,0x55,0x55,0x55,0x55,0xc7,0xff,0x8e,0x55,0x55,0x55,0x55,0x55,0x55,0x55,0x55,0x55,0x55,0x8e,0xff,0xc7,0x55,0x55,0x55,0x55,0x55,0x00,0x00,0x00,
    0x00,0x00,0x00,0xff,0xff,0xff,0xff,0xff,0xff,0xff,0xff,0xff,0xff,0xff,0xff,0xff,0xff,0xff,0xff,0xff,0xff,0xff,0xff,0xff,0xff,0xff,0xff,0xff,0xff,0x00,0x00,0x00,
    0x00,0x00,0x00,0xff,0xff,0xab,0xab,0xab,0xe3,0xff,0xc7,0xab,0xab,0xab,0xab,0xab,0xab,0xab,0xab,0xab,0xab,0xc7,0xff,0xe3,0xab,0xab,0xab,0xff,0xff,0x00,0x00,0x00,
    0x00,0x00,0x00,0xff,0xff,0x00,0x00,0x00,0xab,0xff,0x55,0x00,0x00,0x00,0x00,0x00,0x00,0x00,0x00,0x00,0x00,0x55,0xff,0xab,0x00,0x00,0x00,0xff,0xff,0x00,0x00,0x00,
    0x00,0x00,0x00,0xff,0xff,0x00,0x00,0x00,0x00,0x00,0x00,0x00,0x00,0x00,0x00,0x00,0x00,0x00,0x00,0x00,0x00,0x00,0x00,0x00,0x00,0x00,0x00,0xff,0xff,0x00,0x00,0x00,
    0x00,0x00,0x00,0xff,0xff,0x00,0x00,0x00,0x00,0x00,0x00,0x00,0x00,0x00,0x00,0x00,0x00,0x00,0x00,0x00,0x00,0x00,0x00,0x00,0x00,0x00,0x00,0xff,0xff,0x00,0x00,0x00,
    0x00,0x00,0x00,0xff,0xff,0xff,0xff,0xff,0xff,0xff,0xff,0xff,0xff,0xff,0xff,0xff,0xff,0xff,0xff,0xff,0xff,0xff,0xff,0xff,0xff,0xff,0xff,0xff,0xff,0x00,0x00,0x00,
    0x00,0x00,0x00,0xff,0xff,0xff,0xff,0xff,0xff,0xff,0xff,0xff,0xff,0xff,0xff,0xff,0xff,0xff,0xff,0xff,0xff,0xff,0xff,0xff,0xff,0xff,0xff,0xff,0xff,0x00,0x00,0x00,
    0x00,0x00,0x00,0xff,0xff,0x00,0x00,0x00,0x00,0x00,0x00,0x00,0x00,0x00,0x00,0x00,0x00,0x00,0x00,0x00,0x00,0x00,0x00,0x00,0x00,0x00,0x00,0xff,0xff,0x00,0x00,0x00,
    0x00,0x00,0x00,0xff,0xff,0x00,0x00,0x00,0x00,0x00,0x00,0x00,0x00,0x00,0x00,0x00,0x00,0x00,0x00,0x00,0x00,0x00,0x00,0x00,0x00,0x00,0x00,0xff,0xff,0x00,0x00,0x00,
    0x00,0x00,0x00,0xff,0xff,0x00,0x00,0x00,0x00,0x00,0x00,0x00,0x00,0x00,0x00,0x00,0x00,0x00,0x00,0x00,0x00,0x00,0x00,0x00,0x00,0x00,0x00,0xff,0xff,0x00,0x00,0x00,
    0x00,0x00,0x00,0xff,0xff,0x00,0x00,0x00,0x72,0xab,0xab,0xab,0xab,0xab,0xab,0x72,0x00,0x00,0x00,0x00,0x00,0x00,0x00,0x00,0x00,0x00,0x00,0xff,0xff,0x00,0x00,0x00,
    0x00,0x00,0x00,0xff,0xff,0x00,0x00,0x00,0xab,0xff,0xff,0xff,0xff,0xff,0xff,0xab,0x00,0x00,0x00,0x00,0x00,0x00,0x00,0x00,0x00,0x00,0x00,0xff,0xff,0x00,0x00,0x00,
    0x00,0x00,0x00,0xff,0xff,0x00,0x00,0x00,0xab,0xff,0x8d,0x55,0x55,0x8d,0xff,0xab,0x00,0x00,0x00,0x00,0x00,0x00,0x00,0x00,0x00,0x00,0x00,0xff,0xff,0x00,0x00,0x00,
    0x00,0x00,0x00,0xff,0xff,0x00,0x00,0x00,0xab,0xff,0x55,0x00,0x00,0x55,0xff,0xab,0x00,0x00,0x00,0x00,0x00,0x00,0x00,0x00,0x00,0x00,0x00,0xff,0xff,0x00,0x00,0x00,
    0x00,0x00,0x00,0xff,0xff,0x00,0x00,0x00,0xab,0xff,0x55,0x00,0x00,0x55,0xff,0xab,0x00,0x00,0x00,0x00,0x00,0x00,0x00,0x00,0x00,0x00,0x00,0xff,0xff,0x00,0x00,0x00,
    0x00,0x00,0x00,0xff,0xff,0x00,0x00,0x00,0xab,0xff,0x8d,0x55,0x55,0x8d,0xff,0xab,0x00,0x00,0x00,0x00,0x00,0x00,0x00,0x00,0x00,0x00,0x00,0xff,0xff,0x00,0x00,0x00,
    0x00,0x00,0x00,0xff,0xff,0x00,0x00,0x00,0xab,0xff,0xff,0xff,0xff,0xff,0xff,0xab,0x00,0x00,0x00,0x00,0x00,0x00,0x00,0x00,0x00,0x00,0x00,0xff,0xff,0x00,0x00,0x00,
    0x00,0x00,0x00,0xff,0xff,0x00,0x00,0x00,0x72,0xab,0xab,0xab,0xab,0xab,0xab,0x72,0x00,0x00,0x00,0x00,0x00,0x00,0x00,0x00,0x00,0x00,0x00,0xff,0xff,0x00,0x00,0x00,
    0x00,0x00,0x00,0xff,0xff,0x00,0x00,0x00,0x00,0x00,0x00,0x00,0x00,0x00,0x00,0x00,0x00,0x00,0x00,0x00,0x00,0x00,0x00,0x00,0x00,0x00,0x00,0xff,0xff,0x00,0x00,0x00,
    0x00,0x00,0x00,0xff,0xff,0x00,0x00,0x00,0x00,0x00,0x00,0x00,0x00,0x00,0x00,0x00,0x00,0x00,0x00,0x00,0x00,0x00,0x00,0x00,0x00,0x00,0x00,0xff,0xff,0x00,0x00,0x00,
    0x00,0x00,0x00,0xff,0xff,0x00,0x00,0x00,0x00,0x00,0x00,0x00,0x00,0x00,0x00,0x00,0x00,0x00,0x00,0x00,0x00,0x00,0x00,0x00,0x00,0x00,0x00,0xff,0xff,0x00,0x00,0x00,
    0x00,0x00,0x00,0xff,0xff,0xff,0xff,0xff,0xff,0xff,0xff,0xff,0xff,0xff,0xff,0xff,0xff,0xff,0xff,0xff,0xff,0xff,0xff,0xff,0xff,0xff,0xff,0xff,0xff,0x00,0x00,0x00,
    0x00,0x00,0x00,0xff,0xff,0xff,0xff,0xff,0xff,0xff,0xff,0xff,0xff,0xff,0xff,0xff,0xff,0xff,0xff,0xff,0xff,0xff,0xff,0xff,0xff,0xff,0xff,0xff,0xff,0x00,0x00,0x00,
    0x00,0x00,0x00,0x00,0x00,0x00,0x00,0x00,0x00,0x00,0x00,0x00,0x00,0x00,0x00,0x00,0x00,0x00,0x00,0x00,0x00,0x00,0x00,0x00,0x00,0x00,0x00,0x00,0x00,0x00,0x00,0x00,
    0x00,0x00,0x00,0x00,0x00,0x00,0x00,0x00,0x00,0x00,0x00,0x00,0x00,0x00,0x00,0x00,0x00,0x00,0x00,0x00,0x00,0x00,0x00,0x00,0x00,0x00,0x00,0x00,0x00,0x00,0x00,0x00,
    0x00,0x00,0x00,0x00,0x00,0x00,0x00,0x00,0x00,0x00,0x00,0x00,0x00,0x00,0x00,0x00,0x00,0x00,0x00,0x00,0x00,0x00,0x00,0x00,0x00,0x00,0x00,0x00,0x00,0x00,0x00,0x00,
};

const lv_image_dsc_t pos_app_icon_calendar = {
    .header.magic = LV_IMAGE_HEADER_MAGIC,
    .header.cf = LV_COLOR_FORMAT_A8,
    .header.flags = 0,
    .header.w = 32,
    .header.h = 32,
    .header.stride = 32,
    .data_size = sizeof(pos_app_icon_calendar_map),
    .data = pos_app_icon_calendar_map,
};

static const uint8_t pos_app_icon_camera_map[] LV_ATTRIBUTE_MEM_ALIGN = {
    0x00,0x00,0x00,0x00,0x00,0x00,0x00,0x00,0x00,0x00,0x00,0x00,0x00,0x00,0x00,0x00,0x00,0x00,0x00,0x00,0x00,0x00,0x00,0x00,0x00,0x00,0x00,0x00,0x00,0x00,0x00,0x00,
    0x00,0x00,0x00,0x00,0x00,0x00,0x00,0x00,0x00,0x00,0x00,0x00,0x00,0x00,0x00,0x00,0x00,0x00,0x00,0x00,0x00,0x00,0x00,0x00,0x00,0x00,0x00,0x00,0x00,0x00,0x00,0x00,
    0x00,0x00,0x00,0x00,0x00,0x00,0x00,0x00,0x00,0x00,0x00,0x00,0x00,0x00,0x00,0x00,0x00,0x00,0x00,0x00,0x00,0x00,0x00,0x00,0x00,0x00,0x00,0x00,0x00,0x00,0x00,0x00,
    0x00,0x00,0x00,0x00,0x00,0x00,0x00,0x00,0x00,0x00,0x00,0x00,0x00,0x00,0x00,0x00,0x00,0x00,0x00,0x00,0x00,0x00,0x00,0x00,0x00,0x00,0x00,0x00,0x00,0x00,0x00,0x00,
    0x00,0x00,0x00,0x00,0x00,0x00,0x00,0x00,0x00,0x00,0x00,0x81,0xaa,0xaa,0xaa,0xaa,0xaa,0xaa,0xaa,0xaa,0x81,0x00,0x00,0x00,0x00,0x00,0x00,0x00,0x00,0x00,0x00,0x00,
    0x00,0x00,0x00,0x00,0x00,0x00,0x00,0x00,0x00,0x00,0x50,0xff,0xff,0xff,0xff,0xff,0xff,0xff,0xff,0xff,0xff,0x50,0x00,0x00,0x00,0x00,0x00,0x00,0x00,0x00,0x00,0x00,
    0x00,0x00,0x00,0x00,0x00,0x00,0x00,0x00,0x00,0x13,0xe7,0xff,0x8a,0x55,0x55,0x55,0x55,0x55,0x55,0x8a,0xff,0xe7,0x13,0x00,0x00,0x00,0x00,0x00,0x00,0x00,0x00,0x00,
    0x00,0x00,0x00,0x00,0x00,0x00,0x00,0x00,0x00,0xa6,0xff,0xbf,0x01,0x00,0x00,0x00,0x00,0x00,0x00,0x01,0xba,0xff,0xa5,0x00,0x00,0x00,0x00,0x00,0x00,0x00,0x00,0x00,
    0x00,0x00,0x00,0xaa,0xaa,0xaa,0xaa,0xaa,0xb2,0xff,0xf4,0x22,0x00,0x00,0x00,0x00,0x00,0x00,0x00,0x00,0x22,0xf4,0xff,0xb2,0xaa,0xaa,0xaa,0xaa,0xaa,0x00,0x00,0x00,
    0x00,0x00,0x00,0xff,0xff,0xff,0xff,0xff,0xff,0xff,0x6c,0x00,0x00,0x00,0x00,0x00,0x00,0x00,0x00,0x00,0x00,0x6c,0xff,0xff,0xff,0xff,0xff,0xff,0xff,0x00,0x00,0x00,
    0x00,0x00,0x00,0xff,0xff,0x55,0x55,0x55,0x55,0x52,0x02,0x00,0x00,0x00,0x00,0x00,0x00,0x00,0x00,0x00,0x00,0x02,0x52,0x55,0x55,0x55,0x55,0xff,0xff,0x00,0x00,0x00,
    0x00,0x00,0x00,0xff,0xff,0x00,0x00,0x00,0x00,0x00,0x00,0x00,0x0c,0x77,0xca,0xf4,0xf4,0xca,0x75,0x0b,0x00,0x00,0x00,0x00,0x00,0x00,0x00,0xff,0xff,0x00,0x00,0x00,
    0x00,0x00,0x00,0xff,0xff,0x00,0x00,0x00,0x00,0x00,0x00,0x2d,0xe0,0xff,0xff,0xff,0xff,0xff,0xff,0xde,0x2c,0x00,0x00,0x00,0x00,0x00,0x00,0xff,0xff,0x00,0x00,0x00,
    0x00,0x00,0x00,0xff,0xff,0x00,0x00,0x00,0x00,0x00,0x1c,0xe7,0xff,0xca,0x49,0x0c,0x0d,0x4a,0xcc,0xff,0xe7,0x1b,0x00,0x00,0x00,0x00,0x00,0xff,0xff,0x00,0x00,0x00,
    0x00,0x00,0x00,0xff,0xff,0x00,0x00,0x00,0x00,0x00,0xa3,0xff,0xb9,0x07,0x00,0x00,0x00,0x00,0x07,0xba,0xff,0xa2,0x00,0x00,0x00,0x00,0x00,0xff,0xff,0x00,0x00,0x00,
    0x00,0x00,0x00,0xff,0xff,0x00,0x00,0x00,0x00,0x0f,0xf9,0xfa,0x1c,0x00,0x00,0x00,0x00,0x00,0x00,0x1e,0xfb,0xf8,0x0e,0x00,0x00,0x00,0x00,0xff,0xff,0x00,0x00,0x00,
    0x00,0x00,0x00,0xff,0xff,0x00,0x00,0x00,0x00,0x40,0xff,0xc4,0x00,0x00,0x00,0x00,0x00,0x00,0x00,0x00,0xc6,0xff,0x3e,0x00,0x00,0x00,0x00,0xff,0xff,0x00,0x00,0x00,
    0x00,0x00,0x00,0xff,0xff,0x00,0x00,0x00,0x00,0x4e,0xff,0xb1,0x00,0x00,0x00,0x00,0x00,0x00,0x00,0x00,0xb2,0xff,0x4d,0x00,0x00,0x00,0x00,0xff,0xff,0x00,0x00,0x00,
    0x00,0x00,0x00,0xff,0xff,0x00,0x00,0x00,0x00,0x33,0xff,0xd9,0x00,0x00,0x00,0x00,0x00,0x00,0x00,0x00,0xda,0xff,0x31,0x00,0x00,0x00,0x00,0xff,0xff,0x00,0x00,0x00,
    0x00,0x00,0x00,0xff,0xff,0x00,0x00,0x00,0x00,0x03,0xe8,0xff,0x46,0x00,0x00,0x00,0x00,0x00,0x00,0x49,0xff,0xe7,0x02,0x00,0x00,0x00,0x00,0xff,0xff,0x00,0x00,0x00,
    0x00,0x00,0x00,0xff,0xff,0x00,0x00,0x00,0x00,0x00,0x74,0xff,0xe8,0x2f,0x00,0x00,0x00,0x00,0x30,0xe8,0xff,0x72,0x00,0x00,0x00,0x00,0x00,0xff,0xff,0x00,0x00,0x00,
    0x00,0x00,0x00,0xff,0xff,0x00,0x00,0x00,0x00,0x00,0x04,0xb7,0xff,0xf9,0x9f,0x62,0x62,0xa1,0xfa,0xff,0xb5,0x03,0x00,0x00,0x00,0x00,0x00,0xff,0xff,0x00,0x00,0x00,
    0x00,0x00,0x00,0xff,0xff,0x00,0x00,0x00,0x00,0x00,0x00,0x07,0x94,0xfc,0xff,0xff,0xff,0xff,0xfb,0x92,0x06,0x00,0x00,0x00,0x00,0x00,0x00,0xff,0xff,0x00,0x00,0x00,
    0x00,0x00,0x00,0xff,0xff,0x00,0x00,0x00,0x00,0x00,0x00,0x00,0x00,0x23,0x74,0x9e,0x9e,0x73,0x22,0x00,0x00,0x00,0x00,0x00,0x00,0x00,0x00,0xff,0xff,0x00,0x00,0x00,
    0x00,0x00,0x00,0xff,0xff,0x00,0x00,0x00,0x00,0x00,0x00,0x00,0x00,0x00,0x00,0x00,0x00,0x00,0x00,0x00,0x00,0x00,0x00,0x00,0x00,0x00,0x00,0xff,0xff,0x00,0x00,0x00,
    0x00,0x00,0x00,0xff,0xff,0x55,0x55,0x55,0x55,0x55,0x55,0x55,0x55,0x55,0x55,0x55,0x55,0x55,0x55,0x55,0x55,0x55,0x55,0x55,0x55,0x55,0x55,0xff,0xff,0x00,0x00,0x00,
    0x00,0x00,0x00,0xff,0xff,0xff,0xff,0xff,0xff,0xff,0xff,0xff,0xff,0xff,0xff,0xff,0xff,0xff,0xff,0xff,0xff,0xff,0xff,0xff,0xff,0xff,0xff,0xff,0xff,0x00,0x00,0x00,
    0x00,0x00,0x00,0xaa,0xaa,0xaa,0xaa,0xaa,0xaa,0xaa,0xaa,0xaa,0xaa,0xaa,0xaa,0xaa,0xaa,0xaa,0xaa,0xaa,0xaa,0xaa,0xaa,0xaa,0xaa,0xaa,0xaa,0xaa,0xaa,0x00,0x00,0x00,
    0x00,0x00,0x00,0x00,0x00,0x00,0x00,0x00,0x00,0x00,0x00,0x00,0x00,0x00,0x00,0x00,0x00,0x00,0x00,0x00,0x00,0x00,0x00,0x00,0x00,0x00,0x00,0x00,0x00,0x00,0x00,0x00,
    0x00,0x00,0x00,0x00,0x00,0x00,0x00,0x00,0x00,0x00,0x00,0x00,0x00,0x00,0x00,0x00,0x00,0x00,0x00,0x00,0x00,0x00,0x00,0x00,0x00,0x00,0x00,0x00,0x00,0x00,0x00,0x00,
    0x00,0x00,0x00,0x00,0x00,0x00,0x00,0x00,0x00,0x00,0x00,0x00,0x00,0x00,0x00,0x00,0x00,0x00,0x00,0x00,0x00,0x00,0x00,0x00,0x00,0x00,0x00,0x00,0x00,0x00,0x00,0x00,
    0x00,0x00,0x00,0x00,0x00,0x00,0x00,0x00,0x00,0x00,0x00,0x00,0x00,0x00,0x00,0x00,0x00,0x00,0x00,0x00,0x00,0x00,0x00,0x00,0x00,0x00,0x00,0x00,0x00,0x00,0x00,0x00,
};

const lv_image_dsc_t pos_app_icon_camera = {
    .header.magic = LV_IMAGE_HEADER_MAGIC,
    .header.cf = LV_COLOR_FORMAT_A8,
    .header.flags = 0,
    .header.w = 32,
    .header.h = 32,
    .header.stride = 32,
    .data_size = sizeof(pos_app_icon_camera_map),
    .data = pos_app_icon_camera_map,
};

static const uint8_t pos_app_icon_clock_map[] LV_ATTRIBUTE_MEM_ALIGN = {
    0x00,0x00,0x00,0x00,0x00,0x00,0x00,0x00,0x00,0x00,0x00,0x00,0x00,0x00,0x00,0x00,0x00,0x00,0x00,0x00,0x00,0x00,0x00,0x00,0x00,0x00,0x00,0x00,0x00,0x00,0x00,0x00,
    0x00,0x00,0x00,0x00,0x00,0x00,0x00,0x00,0x00,0x00,0x00,0x00,0x00,0x00,0x00,0x00,0x00,0x00,0x00,0x00,0x00,0x00,0x00,0x00,0x00,0x00,0x00,0x00,0x00,0x00,0x00,0x00,
    0x00,0x00,0x00,0x00,0x00,0x00,0x00,0x00,0x00,0x00,0x00,0x00,0x00,0x00,0x00,0x00,0x00,0x00,0x00,0x00,0x00,0x00,0x00,0x00,0x00,0x00,0x00,0x00,0x00,0x00,0x00,0x00,
    0x00,0x00,0x00,0x00,0x00,0x00,0x00,0x00,0x00,0x00,0x00,0x29,0x78,0xbd,0xd8,0xf4,0xf4,0xd8,0xbc,0x77,0x28,0x00,0x00,0x00,0x00,0x00,0x00,0x00,0x00,0x00,0x00,0x00,
    0x00,0x00,0x00,0x00,0x00,0x00,0x00,0x00,0x00,0x35,0xbe,0xff,0xff,0xff,0xff,0xff,0xff,0xff,0xff,0xff,0xff,0xc5,0x3b,0x00,0x00,0x00,0x00,0x00,0x00,0x00,0x00,0x00,
    0x00,0x00,0x00,0x00,0x00,0x00,0x00,0x05,0x96,0xfe,0xff,0xed,0x9d,0x4e,0x27,0x0b,0x0b,0x27,0x4f,0x9d,0xee,0xff,0xfe,0x94,0x05,0x00,0x00,0x00,0x00,0x00,0x00,0x00,
    0x00,0x00,0x00,0x00,0x00,0x00,0x12,0xbf,0xff,0xf6,0x84,0x0e,0x00,0x00,0x00,0x00,0x00,0x00,0x00,0x00,0x0f,0x85,0xf6,0xff,0xbe,0x11,0x00,0x00,0x00,0x00,0x00,0x00,
    0x00,0x00,0x00,0x00,0x00,0x05,0xbe,0xff,0xe5,0x35,0x00,0x00,0x00,0x00,0x00,0xff,0xff,0x00,0x00,0x00,0x00,0x00,0x30,0xe1,0xff,0xc2,0x06,0x00,0x00,0x00,0x00,0x00,
    0x00,0x00,0x00,0x00,0x00,0x96,0xff,0xe3,0x1b,0x00,0x00,0x00,0x00,0x00,0x00,0xff,0xff,0x00,0x00,0x00,0x00,0x00,0x00,0x1b,0xe4,0xff,0x94,0x00,0x00,0x00,0x00,0x00,
    0x00,0x00,0x00,0x00,0x36,0xfe,0xf6,0x32,0x00,0x00,0x00,0x00,0x00,0x00,0x00,0xff,0xff,0x00,0x00,0x00,0x00,0x00,0x00,0x00,0x34,0xf7,0xfe,0x33,0x00,0x00,0x00,0x00,
    0x00,0x00,0x00,0x00,0xbf,0xff,0x84,0x00,0x00,0x00,0x00,0x00,0x00,0x00,0x00,0xff,0xff,0x00,0x00,0x00,0x00,0x00,0x00,0x00,0x00,0x87,0xff,0xbd,0x00,0x00,0x00,0x00,
    0x00,0x00,0x00,0x29,0xff,0xed,0x0e,0x00,0x00,0x00,0x00,0x00,0x00,0x00,0x00,0xff,0xff,0x00,0x00,0x00,0x00,0x00,0x00,0x00,0x00,0x0f,0xee,0xff,0x27,0x00,0x00,0x00,
    0x00,0x00,0x00,0x79,0xff,0x9c,0x00,0x00,0x00,0x00,0x00,0x00,0x00,0x00,0x00,0xff,0xff,0x00,0x00,0x00,0x00,0x00,0x00,0x00,0x00,0x00,0x9f,0xff,0x76,0x00,0x00,0x00,
    0x00,0x00,0x00,0xbc,0xff,0x4f,0x00,0x00,0x00,0x00,0x00,0x00,0x00,0x00,0x00,0xff,0xff,0x00,0x00,0x00,0x00,0x00,0x00,0x00,0x00,0x00,0x51,0xff,0xbb,0x00,0x00,0x00,
    0x00,0x00,0x00,0xdb,0xff,0x24,0x00,0x00,0x00,0x00,0x00,0x00,0x00,0x00,0x00,0xff,0xff,0x00,0x00,0x00,0x00,0x00,0x00,0x00,0x00,0x00,0x27,0xff,0xd8,0x00,0x00,0x00,
    0x00,0x00,0x00,0xf3,0xff,0x0c,0x00,0x00,0x00,0x00,0x00,0x00,0x00,0x00,0x00,0xff,0xff,0xff,0xff,0xff,0xff,0xff,0xff,0xab,0x00,0x00,0x0c,0xff,0xf3,0x00,0x00,0x00,
    0x00,0x00,0x00,0xf3,0xff,0x0c,0x00,0x00,0x00,0x00,0x00,0x00,0x00,0x00,0x00,0xff,0xff,0xff,0xff,0xff,0xff,0xff,0xff,0xab,0x00,0x00,0x0e,0xff,0xf1,0x00,0x00,0x00,
    0x00,0x00,0x00,0xd9,0xff,0x25,0x00,0x00,0x00,0x00,0x00,0x00,0x00,0x00,0x00,0x00,0x00,0x00,0x00,0x00,0x00,0x00,0x00,0x00,0x00,0x00,0x28,0xff,0xd7,0x00,0x00,0x00,
    0x00,0x00,0x00,0xbc,0xff,0x4f,0x00,0x00,0x00,0x00,0x00,0x00,0x00,0x00,0x00,0x00,0x00,0x00,0x00,0x00,0x00,0x00,0x00,0x00,0x00,0x00,0x52,0xff,0xba,0x00,0x00,0x00,
    0x00,0x00,0x00,0x77,0xff,0x9d,0x00,0x00,0x00,0x00,0x00,0x00,0x00,0x00,0x00,0x00,0x00,0x00,0x00,0x00,0x00,0x00,0x00,0x00,0x00,0x00,0xa0,0xff,0x74,0x00,0x00,0x00,
    0x00,0x00,0x00,0x28,0xff,0xed,0x0f,0x00,0x00,0x00,0x00,0x00,0x00,0x00,0x00,0x00,0x00,0x00,0x00,0x00,0x00,0x00,0x00,0x00,0x00,0x10,0xee,0xff,0x26,0x00,0x00,0x00,
    0x00,0x00,0x00,0x00,0xbe,0xff,0x85,0x00,0x00,0x00,0x00,0x00,0x00,0x00,0x00,0x00,0x00,0x00,0x00,0x00,0x00,0x00,0x00,0x00,0x00,0x88,0xff,0xbc,0x00,0x00,0x00,0x00,
    0x00,0x00,0x00,0x00,0x34,0xfe,0xf6,0x33,0x00,0x00,0x00,0x00,0x00,0x00,0x00,0x00,0x00,0x00,0x00,0x00,0x00,0x00,0x00,0x00,0x35,0xf7,0xfd,0x32,0x00,0x00,0x00,0x00,
    0x00,0x00,0x00,0x00,0x00,0x94,0xff,0xe3,0x1b,0x00,0x00,0x00,0x00,0x00,0x00,0x00,0x00,0x00,0x00,0x00,0x00,0x00,0x00,0x1c,0xe4,0xff,0x92,0x00,0x00,0x00,0x00,0x00,
    0x00,0x00,0x00,0x00,0x00,0x05,0xbd,0xff,0xe5,0x35,0x00,0x00,0x00,0x00,0x00,0x00,0x00,0x00,0x00,0x00,0x00,0x00,0x31,0xe1,0xff,0xc2,0x06,0x00,0x00,0x00,0x00,0x00,
    0x00,0x00,0x00,0x00,0x00,0x00,0x11,0xbe,0xff,0xf7,0x86,0x0f,0x00,0x00,0x00,0x00,0x00,0x00,0x00,0x00,0x10,0x88,0xf7,0xff,0xbd,0x11,0x00,0x00,0x00,0x00,0x00,0x00,
    0x00,0x00,0x00,0x00,0x00,0x00,0x00,0x05,0x93,0xfe,0xff,0xee,0x9f,0x50,0x28,0x0c,0x0c,0x28,0x51,0xa0,0xef,0xff,0xfd,0x92,0x04,0x00,0x00,0x00,0x00,0x00,0x00,0x00,
    0x00,0x00,0x00,0x00,0x00,0x00,0x00,0x00,0x00,0x2c,0xb4,0xff,0xff,0xff,0xff,0xff,0xff,0xff,0xff,0xff,0xff,0xbc,0x32,0x00,0x00,0x00,0x00,0x00,0x00,0x00,0x00,0x00,
    0x00,0x00,0x00,0x00,0x00,0x00,0x00,0x00,0x00,0x00,0x00,0x27,0x76,0xbb,0xd7,0xf3,0xf3,0xd7,0xba,0x76,0x26,0x00,0x00,0x00,0x00,0x00,0x00,0x00,0x00,0x00,0x00,0x00,
    0x00,0x00,0x00,0x00,0x00,0x00,0x00,0x00,0x00,0x00,0x00,0x00,0x00,0x00,0x00,0x00,0x00,0x00,0x00,0x00,0x00,0x00,0x00,0x00,0x00,0x00,0x00,0x00,0x00,0x00,0x00,0x00,
    0x00,0x00,0x00,0x00,0x00,0x00,0x00,0x00,0x00,0x00,0x00,0x00,0x00,0x00,0x00,0x00,0x00,0x00,0x00,0x00,0x00,0x00,0x00,0x00,0x00,0x00,0x00,0x00,0x00,0x00,0x00,0x00,
    0x00,0x00,0x00,0x00,0x00,0x00,0x00,0x00,0x00,0x00,0x00,0x00,0x00,0x00,0x00,0x00,0x00,0x00,0x00,0x00,0x00,0x00,0x00,0x00,0x00,0x00,0x00,0x00,0x00,0x00,0x00,0x00,
};

const lv_image_dsc_t pos_app_icon_clock = {
    .header.magic = LV_IMAGE_HEADER_MAGIC,
    .header.cf = LV_COLOR_FORMAT_A8,
    .header.flags = 0,
    .header.w = 32,
    .header.h = 32,
    .header.stride = 32,
    .data_size = sizeof(pos_app_icon_clock_map),
    .data = pos_app_icon_clock_map,
};

static const uint8_t pos_app_icon_deskbuddy_map[] LV_ATTRIBUTE_MEM_ALIGN = {
    0x00,0x00,0x00,0x00,0x00,0x00,0x00,0x00,0x00,0x00,0x00,0x00,0x00,0x00,0x00,0x00,0x00,0x00,0x00,0x00,0x00,0x00,0x00,0x00,0x00,0x00,0x00,0x00,0x00,0x00,0x00,0x00,
    0x00,0x00,0x00,0x00,0x00,0x00,0x00,0x00,0x00,0x00,0x00,0x00,0x00,0x00,0x00,0x00,0x00,0x00,0x00,0x00,0x00,0x00,0x00,0x00,0x00,0x00,0x00,0x00,0x00,0x00,0x00,0x00,
    0x00,0x00,0x00,0x00,0x00,0x00,0x00,0x00,0x00,0x00,0x00,0x00,0x00,0x00,0x00,0x00,0x00,0x00,0x00,0x00,0x00,0x00,0x00,0x00,0x00,0x00,0x00,0x00,0x00,0x00,0x00,0x00,
    0x00,0x00,0x00,0x00,0x00,0x00,0x00,0x00,0x00,0x00,0x00,0x00,0x00,0x00,0x00,0x00,0x00,0x00,0x00,0x00,0x00,0x00,0x00,0x00,0x00,0x00,0x00,0x00,0x00,0x00,0x00,0x00,
    0x00,0x00,0x00,0x00,0x00,0x00,0x00,0x00,0x00,0x00,0x00,0x00,0x00,0x00,0x00,0x00,0x00,0x00,0x00,0x00,0x00,0x00,0x00,0x00,0x00,0x00,0x00,0x00,0x00,0x00,0x00,0x00,
    0x00,0x00,0x00,0x00,0x00,0x40,0xaf,0xff,0xff,0xff,0xff,0xff,0xff,0xff,0xff,0xff,0xff,0xff,0xff,0xff,0xff,0xff,0xff,0xff,0xff,0xaf,0x40,0x00,0x00,0x00,0x00,0x00,
    0x00,0x00,0x00,0x00,0x50,0xff,0xff,0xff,0xff,0xff,0xff,0xff,0xff,0xff,0xff,0xff,0xff,0xff,0xff,0xff,0xff,0xff,0xff,0xff,0xff,0xff,0xff,0x50,0x00,0x00,0x00,0x00,
    0x00,0x00,0x00,0x00,0xef,0xff,0x9f,0x10,0x00,0x00,0x00,0x00,0x00,0x00,0x00,0x00,0x00,0x00,0x00,0x00,0x00,0x00,0x00,0x00,0x10,0x9f,0xff,0xef,0x00,0x00,0x00,0x00,
    0x00,0x00,0x00,0x40,0xff,0xcf,0x00,0x00,0x00,0x00,0x00,0x00,0x00,0x00,0x00,0x00,0x00,0x00,0x00,0x00,0x00,0x00,0x00,0x00,0x00,0x00,0xcf,0xff,0x40,0x00,0x00,0x00,
    0x00,0x00,0x00,0x40,0xff,0xbf,0x00,0x00,0x00,0x00,0x00,0x00,0x00,0x00,0x00,0x00,0x00,0x00,0x00,0x00,0x00,0x00,0x00,0x00,0x00,0x00,0xbf,0xff,0x40,0x00,0x00,0x00,
    0x00,0x00,0x00,0x40,0xff,0xbf,0x00,0x00,0x00,0x00,0x00,0x00,0x00,0x00,0x00,0x00,0x00,0x00,0x00,0x00,0x00,0x00,0x00,0x00,0x00,0x00,0xbf,0xff,0x40,0x00,0x00,0x00,
    0x00,0x00,0x00,0x40,0xff,0xbf,0x00,0x00,0x00,0x00,0x00,0x20,0x20,0x00,0x00,0x00,0x00,0x00,0x00,0x20,0x20,0x00,0x00,0x00,0x00,0x00,0xbf,0xff,0x40,0x00,0x00,0x00,
    0x00,0x00,0x00,0x40,0xff,0xbf,0x00,0x00,0x00,0x00,0x00,0xef,0xef,0x00,0x00,0x00,0x00,0x00,0x00,0xef,0xef,0x00,0x00,0x00,0x00,0x00,0xbf,0xff,0x40,0x00,0x00,0x00,
    0x00,0x00,0x00,0x40,0xff,0xbf,0x00,0x00,0x00,0x00,0x00,0xff,0xff,0x00,0x00,0x00,0x00,0x00,0x00,0xff,0xff,0x00,0x00,0x00,0x00,0x00,0xbf,0xff,0x40,0x00,0x00,0x00,
    0x00,0x00,0x00,0x40,0xff,0xbf,0x00,0x00,0x00,0x00,0x00,0xff,0xff,0x00,0x00,0x00,0x00,0x00,0x00,0xff,0xff,0x00,0x00,0x00,0x00,0x00,0xbf,0xff,0x40,0x00,0x00,0x00,
    0x00,0x00,0x00,0x40,0xff,0xbf,0x00,0x00,0x00,0x00,0x00,0xff,0xff,0x00,0x00,0x00,0x00,0x00,0x00,0xff,0xff,0x00,0x00,0x00,0x00,0x00,0xbf,0xff,0x40,0x00,0x00,0x00,
    0x00,0x00,0x00,0x40,0xff,0xbf,0x00,0x00,0x00,0x00,0x00,0xff,0xff,0x00,0x00,0x00,0x00,0x00,0x00,0xff,0xff,0x00,0x00,0x00,0x00,0x00,0xbf,0xff,0x40,0x00,0x00,0x00,
    0x00,0x00,0x00,0x40,0xff,0xbf,0x00,0x00,0x00,0x00,0x00,0x80,0x80,0x00,0x00,0x00,0x00,0x00,0x00,0x80,0x80,0x00,0x00,0x00,0x00,0x00,0xbf,0xff,0x40,0x00,0x00,0x00,
    0x00,0x00,0x00,0x40,0xff,0xbf,0x00,0x00,0x00,0x00,0x00,0x00,0x00,0x00,0x00,0x00,0x00,0x00,0x00,0x00,0x00,0x00,0x00,0x00,0x00,0x00,0xbf,0xff,0x40,0x00,0x00,0x00,
    0x00,0x00,0x00,0x40,0xff,0xbf,0x00,0x00,0x00,0x00,0x00,0x00,0x00,0x00,0x00,0x00,0x00,0x00,0x00,0x00,0x00,0x00,0x00,0x00,0x00,0x00,0xbf,0xff,0x40,0x00,0x00,0x00,
    0x00,0x00,0x00,0x40,0xff,0xbf,0x00,0x00,0x00,0x00,0x00,0x00,0x00,0x00,0x00,0x00,0x00,0x00,0x00,0x00,0x00,0x00,0x00,0x00,0x00,0x00,0xbf,0xff,0x40,0x00,0x00,0x00,
    0x00,0x00,0x00,0x40,0xff,0xbf,0x00,0x00,0x00,0x00,0x00,0x00,0x00,0x00,0x00,0x00,0x00,0x00,0x00,0x00,0x00,0x00,0x00,0x00,0x00,0x00,0xbf,0xff,0x40,0x00,0x00,0x00,
    0x00,0x00,0x00,0x30,0xff,0xef,0x10,0x00,0x00,0x00,0x00,0x00,0x00,0x00,0x00,0x00,0x00,0x00,0x00,0x00,0x00,0x00,0x00,0x00,0x00,0x10,0xef,0xff,0x30,0x00,0x00,0x00,
    0x00,0x00,0x00,0x00,0xbf,0xff,0xcf,0x60,0x40,0x40,0x40,0x40,0x40,0x40,0x40,0x40,0x40,0x40,0x40,0x40,0x40,0x40,0x40,0x40,0x60,0xcf,0xff,0xbf,0x00,0x00,0x00,0x00,
    0x00,0x00,0x00,0x00,0x10,0xcf,0xff,0xff,0xff,0xff,0xff,0xff,0xff,0xff,0xff,0xff,0xff,0xff,0xff,0xff,0xff,0xff,0xff,0xff,0xff,0xff,0xcf,0x10,0x00,0x00,0x00,0x00,
    0x00,0x00,0x00,0x00,0x00,0x00,0x60,0x9f,0xbf,0xbf,0xbf,0xbf,0xbf,0xbf,0xbf,0xbf,0xbf,0xbf,0xbf,0xbf,0xbf,0xbf,0xbf,0xbf,0x9f,0x60,0x00,0x00,0x00,0x00,0x00,0x00,
    0x00,0x00,0x00,0x00,0x00,0x00,0x00,0x00,0x00,0x00,0x00,0x00,0x00,0x00,0x00,0x00,0x00,0x00,0x00,0x00,0x00,0x00,0x00,0x00,0x00,0x00,0x00,0x00,0x00,0x00,0x00,0x00,
    0x00,0x00,0x00,0x00,0x00,0x00,0x00,0x00,0x00,0x00,0x00,0x00,0x00,0x00,0x00,0x00,0x00,0x00,0x00,0x00,0x00,0x00,0x00,0x00,0x00,0x00,0x00,0x00,0x00,0x00,0x00,0x00,
    0x00,0x00,0x00,0x00,0x00,0x00,0x00,0x00,0x00,0x00,0x00,0x00,0x00,0x00,0x00,0x00,0x00,0x00,0x00,0x00,0x00,0x00,0x00,0x00,0x00,0x00,0x00,0x00,0x00,0x00,0x00,0x00,
    0x00,0x00,0x00,0x00,0x00,0x00,0x00,0x00,0x00,0x00,0x00,0x00,0x00,0x00,0x00,0x00,0x00,0x00,0x00,0x00,0x00,0x00,0x00,0x00,0x00,0x00,0x00,0x00,0x00,0x00,0x00,0x00,
    0x00,0x00,0x00,0x00,0x00,0x00,0x00,0x00,0x00,0x00,0x00,0x00,0x00,0x00,0x00,0x00,0x00,0x00,0x00,0x00,0x00,0x00,0x00,0x00,0x00,0x00,0x00,0x00,0x00,0x00,0x00,0x00,
    0x00,0x00,0x00,0x00,0x00,0x00,0x00,0x00,0x00,0x00,0x00,0x00,0x00,0x00,0x00,0x00,0x00,0x00,0x00,0x00,0x00,0x00,0x00,0x00,0x00,0x00,0x00,0x00,0x00,0x00,0x00,0x00,
};

const lv_image_dsc_t pos_app_icon_deskbuddy = {
    .header.magic = LV_IMAGE_HEADER_MAGIC,
    .header.cf = LV_COLOR_FORMAT_A8,
    .header.flags = 0,
    .header.w = 32,
    .header.h = 32,
    .header.stride = 32,
    .data_size = sizeof(pos_app_icon_deskbuddy_map),
    .data = pos_app_icon_deskbuddy_map,
};

static const uint8_t pos_app_icon_files_map[] LV_ATTRIBUTE_MEM_ALIGN = {
    0x00,0x00,0x00,0x00,0x00,0x00,0x00,0x00,0x00,0x00,0x00,0x00,0x00,0x00,0x00,0x00,0x00,0x00,0x00,0x00,0x00,0x00,0x00,0x00,0x00,0x00,0x00,0x00,0x00,0x00,0x00,0x00,
    0x00,0x00,0x00,0x00,0x00,0x00,0x00,0x00,0x00,0x00,0x00,0x00,0x00,0x00,0x00,0x00,0x00,0x00,0x00,0x00,0x00,0x00,0x00,0x00,0x00,0x00,0x00,0x00,0x00,0x00,0x00,0x00,
    0x00,0x00,0x00,0x00,0x00,0x00,0x00,0x00,0x00,0x00,0x00,0x00,0x00,0x00,0x00,0x00,0x00,0x00,0x00,0x00,0x00,0x00,0x00,0x00,0x00,0x00,0x00,0x00,0x00,0x00,0x00,0x00,
    0x00,0x00,0x00,0x00,0x00,0x00,0x00,0x00,0x00,0x00,0x00,0x00,0x00,0x00,0x00,0x00,0x00,0x00,0x00,0x00,0x00,0x00,0x00,0x00,0x00,0x00,0x00,0x00,0x00,0x00,0x00,0x00,
    0x00,0x00,0x00,0xaa,0xaa,0xaa,0xaa,0xaa,0xaa,0xaa,0xaa,0xaa,0xaa,0xa2,0x16,0x00,0x00,0x00,0x00,0x00,0x00,0x00,0x00,0x00,0x00,0x00,0x00,0x00,0x00,0x00,0x00,0x00,
    0x00,0x00,0x00,0xff,0xff,0xff,0xff,0xff,0xff,0xff,0xff,0xff,0xff,0xff,0xd3,0x16,0x00,0x00,0x00,0x00,0x00,0x00,0x00,0x00,0x00,0x00,0x00,0x00,0x00,0x00,0x00,0x00,
    0x00,0x00,0x00,0xff,0xff,0x55,0x55,0x55,0x55,0x55,0x55,0x55,0x56,0xd3,0xff,0xd3,0x16,0x00,0x00,0x00,0x00,0x00,0x00,0x00,0x00,0x00,0x00,0x00,0x00,0x00,0x00,0x00,
    0x00,0x00,0x00,0xff,0xff,0xff,0xff,0xff,0xff,0xff,0xff,0xff,0xff,0xff,0xfe,0xff,0xff,0xff,0xff,0xff,0xff,0xff,0xff,0xff,0xff,0xff,0x55,0x00,0x00,0x00,0x00,0x00,
    0x00,0x00,0x00,0xff,0xff,0xff,0xff,0xff,0xff,0xff,0xff,0xff,0xff,0xff,0xeb,0xdb,0xff,0xff,0xff,0xff,0xff,0xff,0xff,0xff,0xff,0xff,0x55,0x00,0x00,0x00,0x00,0x00,
    0x00,0x00,0x00,0xff,0xff,0x00,0x00,0x00,0x00,0x00,0x00,0x00,0x07,0xd4,0xff,0x88,0x00,0x00,0x00,0x00,0x00,0x00,0x00,0x00,0xaa,0xff,0x55,0x00,0x00,0x00,0x00,0x00,
    0x00,0x00,0x00,0xff,0xff,0x00,0x00,0x00,0x00,0x00,0x00,0x00,0x00,0x37,0xfc,0xfd,0x3b,0x00,0x00,0x00,0x00,0x00,0x00,0x00,0xaa,0xff,0x55,0x00,0x00,0x00,0x00,0x00,
    0x00,0x00,0x00,0xff,0xff,0x00,0x00,0x00,0x00,0x00,0x00,0x00,0x00,0x00,0x89,0xff,0xff,0xff,0xff,0xff,0xff,0xff,0xff,0xff,0xff,0xff,0xff,0xff,0xff,0x00,0x00,0x00,
    0x00,0x00,0x00,0xff,0xff,0x00,0x00,0x00,0x00,0x00,0x00,0x00,0x00,0x00,0x07,0xd4,0xff,0xff,0xff,0xff,0xff,0xff,0xff,0xff,0xff,0xff,0xff,0xff,0xff,0x00,0x00,0x00,
    0x00,0x00,0x00,0xff,0xff,0x00,0x00,0x00,0x00,0x00,0x00,0x00,0x00,0x00,0x00,0x00,0x00,0x00,0x00,0x00,0x00,0x00,0x00,0x00,0x00,0x00,0x00,0xff,0xff,0x00,0x00,0x00,
    0x00,0x00,0x00,0xff,0xff,0x00,0x00,0x00,0x00,0x00,0x00,0x00,0x00,0x00,0x00,0x00,0x00,0x00,0x00,0x00,0x00,0x00,0x00,0x00,0x00,0x00,0x00,0xff,0xff,0x00,0x00,0x00,
    0x00,0x00,0x00,0xff,0xff,0x00,0x00,0x00,0x00,0x00,0x00,0x00,0x00,0x00,0x00,0x00,0x00,0x00,0x00,0x00,0x00,0x00,0x00,0x00,0x00,0x00,0x00,0xff,0xff,0x00,0x00,0x00,
    0x00,0x00,0x00,0xff,0xff,0x00,0x00,0x00,0x00,0x00,0x00,0x00,0x00,0x00,0x00,0x00,0x00,0x00,0x00,0x00,0x00,0x00,0x00,0x00,0x00,0x00,0x00,0xff,0xff,0x00,0x00,0x00,
    0x00,0x00,0x00,0xff,0xff,0x00,0x00,0x00,0x00,0x00,0x00,0x00,0x00,0x00,0x00,0x00,0x00,0x00,0x00,0x00,0x00,0x00,0x00,0x00,0x00,0x00,0x00,0xff,0xff,0x00,0x00,0x00,
    0x00,0x00,0x00,0xff,0xff,0x00,0x00,0x00,0x00,0x00,0x00,0x00,0x00,0x00,0x00,0x00,0x00,0x00,0x00,0x00,0x00,0x00,0x00,0x00,0x00,0x00,0x00,0xff,0xff,0x00,0x00,0x00,
    0x00,0x00,0x00,0xff,0xff,0x00,0x00,0x00,0x00,0x00,0x00,0x00,0x00,0x00,0x00,0x00,0x00,0x00,0x00,0x00,0x00,0x00,0x00,0x00,0x00,0x00,0x00,0xff,0xff,0x00,0x00,0x00,
    0x00,0x00,0x00,0xff,0xff,0x00,0x00,0x00,0x00,0x00,0x00,0x00,0x00,0x00,0x00,0x00,0x00,0x00,0x00,0x00,0x00,0x00,0x00,0x00,0x00,0x00,0x00,0xff,0xff,0x00,0x00,0x00,
    0x00,0x00,0x00,0xff,0xff,0x00,0x00,0x00,0x00,0x00,0x00,0x00,0x00,0x00,0x00,0x00,0x00,0x00,0x00,0x00,0x00,0x00,0x00,0x00,0x00,0x00,0x00,0xff,0xff,0x00,0x00,0x00,
    0x00,0x00,0x00,0xff,0xff,0x00,0x00,0x00,0x00,0x00,0x00,0x00,0x00,0x00,0x00,0x00,0x00,0x00,0x00,0x00,0x00,0x00,0x00,0x00,0x00,0x00,0x00,0xff,0xff,0x00,0x00,0x00,
    0x00,0x00,0x00,0xff,0xff,0x00,0x00,0x00,0x00,0x00,0x00,0x00,0x00,0x00,0x00,0x00,0x00,0x00,0x00,0x00,0x00,0x00,0x00,0x00,0x00,0x00,0x00,0xff,0xff,0x00,0x00,0x00,
    0x00,0x00,0x00,0xff,0xff,0x00,0x00,0x00,0x00,0x00,0x00,0x00,0x00,0x00,0x00,0x00,0x00,0x00,0x00,0x00,0x00,0x00,0x00,0x00,0x00,0x00,0x00,0xff,0xff,0x00,0x00,0x00,
    0x00,0x00,0x00,0xff,0xff,0x55,0x55,0x55,0x55,0x55,0x55,0x55,0x55,0x55,0x55,0x55,0x55,0x55,0x55,0x55,0x55,0x55,0x55,0x55,0x55,0x55,0x55,0xff,0xff,0x00,0x00,0x00,
    0x00,0x00,0x00,0xff,0xff,0xff,0xff,0xff,0xff,0xff,0xff,0xff,0xff,0xff,0xff,0xff,0xff,0xff,0xff,0xff,0xff,0xff,0xff,0xff,0xff,0xff,0xff,0xff,0xff,0x00,0x00,0x00,
    0x00,0x00,0x00,0xaa,0xaa,0xaa,0xaa,0xaa,0xaa,0xaa,0xaa,0xaa,0xaa,0xaa,0xaa,0xaa,0xaa,0xaa,0xaa,0xaa,0xaa,0xaa,0xaa,0xaa,0xaa,0xaa,0xaa,0xaa,0xaa,0x00,0x00,0x00,
    0x00,0x00,0x00,0x00,0x00,0x00,0x00,0x00,0x00,0x00,0x00,0x00,0x00,0x00,0x00,0x00,0x00,0x00,0x00,0x00,0x00,0x00,0x00,0x00,0x00,0x00,0x00,0x00,0x00,0x00,0x00,0x00,
    0x00,0x00,0x00,0x00,0x00,0x00,0x00,0x00,0x00,0x00,0x00,0x00,0x00,0x00,0x00,0x00,0x00,0x00,0x00,0x00,0x00,0x00,0x00,0x00,0x00,0x00,0x00,0x00,0x00,0x00,0x00,0x00,
    0x00,0x00,0x00,0x00,0x00,0x00,0x00,0x00,0x00,0x00,0x00,0x00,0x00,0x00,0x00,0x00,0x00,0x00,0x00,0x00,0x00,0x00,0x00,0x00,0x00,0x00,0x00,0x00,0x00,0x00,0x00,0x00,
    0x00,0x00,0x00,0x00,0x00,0x00,0x00,0x00,0x00,0x00,0x00,0x00,0x00,0x00,0x00,0x00,0x00,0x00,0x00,0x00,0x00,0x00,0x00,0x00,0x00,0x00,0x00,0x00,0x00,0x00,0x00,0x00,
};

const lv_image_dsc_t pos_app_icon_files = {
    .header.magic = LV_IMAGE_HEADER_MAGIC,
    .header.cf = LV_COLOR_FORMAT_A8,
    .header.flags = 0,
    .header.w = 32,
    .header.h = 32,
    .header.stride = 32,
    .data_size = sizeof(pos_app_icon_files_map),
    .data = pos_app_icon_files_map,
};

static const uint8_t pos_app_icon_fleet_map[] LV_ATTRIBUTE_MEM_ALIGN = {
    0x00,0x00,0x00,0x00,0x00,0x00,0x00,0x00,0x00,0x00,0x00,0x00,0x00,0x00,0x00,0x00,0x00,0x00,0x00,0x00,0x00,0x00,0x00,0x00,0x00,0x00,0x00,0x00,0x00,0x00,0x00,0x00,
    0x00,0x00,0x00,0x00,0x00,0x00,0x00,0x00,0x00,0x00,0x00,0x00,0x00,0x00,0x00,0x00,0x00,0x00,0x00,0x00,0x00,0x00,0x00,0x00,0x00,0x00,0x00,0x00,0x00,0x00,0x00,0x00,
    0x00,0x00,0x00,0x00,0x00,0x00,0x00,0x00,0x00,0x00,0x00,0x00,0x00,0x00,0x00,0x00,0x00,0x00,0x00,0x00,0x00,0x00,0x00,0x00,0x00,0x00,0x00,0x00,0x00,0x00,0x00,0x00,
    0x00,0x00,0x00,0x00,0x00,0x00,0x00,0x00,0x00,0x00,0x00,0x00,0x00,0x00,0x00,0x00,0x00,0x00,0x00,0x00,0x00,0x00,0x00,0x00,0x00,0x00,0x00,0x00,0x00,0x00,0x00,0x00,
    0x00,0x00,0x00,0xaa,0xaa,0xaa,0xaa,0xaa,0xaa,0xaa,0x38,0x00,0x00,0x00,0x00,0x00,0x00,0x00,0x00,0x00,0x00,0x38,0xaa,0xaa,0xaa,0xaa,0xaa,0xaa,0xaa,0x00,0x00,0x00,
    0x00,0x00,0x00,0xff,0xff,0xff,0xff,0xff,0xff,0xff,0x55,0x00,0x00,0x00,0x00,0x00,0x00,0x00,0x00,0x00,0x00,0x55,0xff,0xff,0xff,0xff,0xff,0xff,0xff,0x00,0x00,0x00,
    0x00,0x00,0x00,0xff,0xff,0x55,0x55,0x55,0x55,0x55,0x1c,0x00,0x00,0x00,0x00,0x00,0x00,0x00,0x00,0x00,0x00,0x1c,0x55,0x55,0x55,0x55,0x55,0xff,0xff,0x00,0x00,0x00,
    0x00,0x00,0x00,0xff,0xff,0x00,0x00,0x00,0x00,0x00,0x00,0x00,0x00,0x00,0x00,0x00,0x00,0x00,0x00,0x00,0x00,0x00,0x00,0x00,0x00,0x00,0x00,0xff,0xff,0x00,0x00,0x00,
    0x00,0x00,0x00,0xff,0xff,0x00,0x00,0x00,0x00,0x00,0x00,0x00,0x00,0x00,0x00,0x00,0x00,0x00,0x00,0x00,0x00,0x00,0x00,0x00,0x00,0x00,0x00,0xff,0xff,0x00,0x00,0x00,
    0x00,0x00,0x00,0xff,0xff,0x00,0x00,0x00,0x00,0x00,0x00,0x00,0x00,0x00,0x00,0x00,0x00,0x00,0x00,0x00,0x00,0x00,0x00,0x00,0x00,0x00,0x00,0xff,0xff,0x00,0x00,0x00,
    0x00,0x00,0x00,0xff,0xff,0x00,0x00,0x00,0x00,0x00,0x00,0x00,0x00,0x00,0x00,0x00,0x00,0x00,0x00,0x00,0x00,0x00,0x00,0x00,0x00,0x00,0x00,0xff,0xff,0x00,0x00,0x00,
    0x00,0x00,0x00,0xaa,0xaa,0x00,0x00,0x00,0x00,0x00,0x00,0x00,0x00,0x00,0x00,0x00,0x00,0x00,0x00,0x00,0x00,0x00,0x00,0x00,0x00,0x00,0x00,0xaa,0xaa,0x00,0x00,0x00,
    0x00,0x00,0x00,0x00,0x00,0x00,0x00,0x00,0x00,0x00,0x00,0x00,0x00,0x38,0xaa,0xaa,0xaa,0xaa,0xaa,0x72,0x00,0x00,0x00,0x00,0x00,0x00,0x00,0x00,0x00,0x00,0x00,0x00,
    0x00,0x00,0x00,0x00,0x00,0x00,0x00,0x00,0x00,0x00,0x00,0x00,0x00,0x55,0xff,0xff,0xff,0xff,0xff,0xaa,0x00,0x00,0x00,0x00,0x00,0x00,0x00,0x00,0x00,0x00,0x00,0x00,
    0x00,0x00,0x00,0x00,0x00,0x00,0x00,0x00,0x00,0x00,0x00,0x00,0x00,0x55,0xff,0xc7,0x55,0x8d,0xff,0xaa,0x00,0x00,0x00,0x00,0x00,0x00,0x00,0x00,0x00,0x00,0x00,0x00,
    0x00,0x00,0x00,0x00,0x00,0x00,0x00,0x00,0x00,0x00,0x00,0x00,0x00,0x55,0xff,0xaa,0x00,0x55,0xff,0xaa,0x00,0x00,0x00,0x00,0x00,0x00,0x00,0x00,0x00,0x00,0x00,0x00,
    0x00,0x00,0x00,0x00,0x00,0x00,0x00,0x00,0x00,0x13,0xa7,0xaa,0xaa,0xc6,0xff,0xaa,0x00,0x55,0xff,0xe3,0xaa,0xaa,0xaa,0xaa,0xaa,0xaa,0xaa,0xaa,0xaa,0x5a,0x00,0x00,
    0x00,0x00,0x00,0x00,0x00,0x00,0x00,0x00,0x00,0xa5,0xff,0xff,0xff,0xff,0xff,0xaa,0x00,0x55,0xff,0xff,0xff,0xff,0xff,0xff,0xff,0xff,0xff,0xff,0xf3,0x1a,0x00,0x00,
    0x00,0x00,0x00,0x00,0x00,0x00,0x00,0x00,0x50,0xff,0xf4,0x5d,0x55,0x55,0x55,0x39,0x00,0x1c,0x55,0x55,0x55,0x55,0x55,0x55,0x55,0x57,0xee,0xff,0x7b,0x00,0x00,0x00,
    0x00,0x00,0x00,0x00,0x00,0x00,0x00,0x13,0xe7,0xff,0x6b,0x00,0x00,0x00,0x00,0x00,0x00,0x00,0x00,0x00,0x00,0x00,0x00,0x00,0x00,0x64,0xff,0xe2,0x0a,0x00,0x00,0x00,
    0x00,0x00,0x4c,0xaa,0xaa,0xaa,0xaa,0xce,0xff,0xc0,0x02,0x00,0x00,0x00,0x00,0x00,0x00,0x00,0x00,0x00,0x00,0x00,0x00,0x00,0x0d,0xe7,0xff,0x57,0x00,0x00,0x00,0x00,
    0x00,0x00,0x14,0xf3,0xff,0xff,0xff,0xff,0xf4,0x22,0x00,0x00,0x00,0x00,0x00,0x00,0x00,0x00,0x00,0x00,0x00,0x00,0x00,0x00,0x87,0xff,0xc4,0x01,0x00,0x00,0x00,0x00,
    0x00,0x00,0x00,0x88,0xff,0xda,0x55,0x55,0x37,0x00,0x00,0x00,0x00,0x00,0x00,0x00,0x00,0x00,0x00,0x00,0x00,0x00,0x00,0x22,0xf7,0xfd,0x34,0x00,0x00,0x00,0x00,0x00,
    0x00,0x00,0x00,0x13,0xf2,0xff,0x35,0x00,0x00,0x00,0x00,0x00,0x00,0x00,0x00,0x00,0x00,0x00,0x00,0x00,0x00,0x00,0x00,0xac,0xff,0x9f,0x00,0x00,0x00,0x00,0x00,0x00,
    0x00,0x00,0x00,0x00,0x88,0xff,0xb2,0x00,0x00,0x00,0x00,0x00,0x00,0x00,0x00,0x00,0x00,0x00,0x00,0x00,0x00,0x00,0x3b,0xfe,0xf3,0x1a,0x00,0x00,0x00,0x00,0x00,0x00,
    0x00,0x00,0x00,0x00,0x14,0xf3,0xfe,0x6a,0x55,0x55,0x55,0x55,0x55,0x55,0x55,0x55,0x55,0x55,0x55,0x55,0x55,0x55,0xd0,0xff,0x7c,0x00,0x00,0x00,0x00,0x00,0x00,0x00,
    0x00,0x00,0x00,0x00,0x00,0x88,0xff,0xff,0xff,0xff,0xff,0xff,0xff,0xff,0xff,0xff,0xff,0xff,0xff,0xff,0xff,0xff,0xff,0xe0,0x09,0x00,0x00,0x00,0x00,0x00,0x00,0x00,
    0x00,0x00,0x00,0x00,0x00,0x14,0xa9,0xaa,0xaa,0xaa,0xaa,0xaa,0xaa,0xaa,0xaa,0xaa,0xaa,0xaa,0xaa,0xaa,0xaa,0xaa,0xaa,0x4a,0x00,0x00,0x00,0x00,0x00,0x00,0x00,0x00,
    0x00,0x00,0x00,0x00,0x00,0x00,0x00,0x00,0x00,0x00,0x00,0x00,0x00,0x00,0x00,0x00,0x00,0x00,0x00,0x00,0x00,0x00,0x00,0x00,0x00,0x00,0x00,0x00,0x00,0x00,0x00,0x00,
    0x00,0x00,0x00,0x00,0x00,0x00,0x00,0x00,0x00,0x00,0x00,0x00,0x00,0x00,0x00,0x00,0x00,0x00,0x00,0x00,0x00,0x00,0x00,0x00,0x00,0x00,0x00,0x00,0x00,0x00,0x00,0x00,
    0x00,0x00,0x00,0x00,0x00,0x00,0x00,0x00,0x00,0x00,0x00,0x00,0x00,0x00,0x00,0x00,0x00,0x00,0x00,0x00,0x00,0x00,0x00,0x00,0x00,0x00,0x00,0x00,0x00,0x00,0x00,0x00,
    0x00,0x00,0x00,0x00,0x00,0x00,0x00,0x00,0x00,0x00,0x00,0x00,0x00,0x00,0x00,0x00,0x00,0x00,0x00,0x00,0x00,0x00,0x00,0x00,0x00,0x00,0x00,0x00,0x00,0x00,0x00,0x00,
};

const lv_image_dsc_t pos_app_icon_fleet = {
    .header.magic = LV_IMAGE_HEADER_MAGIC,
    .header.cf = LV_COLOR_FORMAT_A8,
    .header.flags = 0,
    .header.w = 32,
    .header.h = 32,
    .header.stride = 32,
    .data_size = sizeof(pos_app_icon_fleet_map),
    .data = pos_app_icon_fleet_map,
};

static const uint8_t pos_app_icon_mp3_map[] LV_ATTRIBUTE_MEM_ALIGN = {
    0x00,0x00,0x00,0x00,0x00,0x00,0x00,0x00,0x00,0x00,0x00,0x00,0x00,0x00,0x00,0x00,0x00,0x00,0x00,0x00,0x00,0x00,0x00,0x00,0x00,0x00,0x00,0x00,0x00,0x00,0x00,0x00,
    0x00,0x00,0x00,0x00,0x00,0x00,0x00,0x00,0x00,0x00,0x00,0x00,0x00,0x00,0x00,0x00,0x00,0x00,0x00,0x00,0x00,0x00,0x00,0x00,0x00,0x00,0x00,0x00,0x00,0x00,0x00,0x00,
    0x00,0x00,0x00,0x00,0x00,0x00,0x00,0x00,0x00,0x00,0x00,0x00,0x00,0x00,0x00,0x00,0x00,0x00,0x00,0x00,0x00,0x00,0x00,0x00,0x00,0x00,0x00,0x00,0x00,0x00,0x00,0x00,
    0x00,0x00,0x00,0x00,0x00,0x00,0x00,0x00,0x00,0x00,0x00,0x00,0x00,0x00,0x00,0x00,0x00,0x00,0x00,0x00,0x00,0x00,0x00,0x00,0x00,0x20,0x40,0x10,0x00,0x00,0x00,0x00,
    0x00,0x00,0x00,0x00,0x00,0x00,0x00,0x00,0x00,0x00,0x00,0x00,0x00,0x00,0x00,0x00,0x00,0x00,0x00,0x00,0x40,0x70,0x8f,0xbf,0xff,0xff,0xff,0x9f,0x00,0x00,0x00,0x00,
    0x00,0x00,0x00,0x00,0x00,0x00,0x00,0x00,0x00,0x00,0x00,0x00,0x00,0x00,0x20,0x50,0x80,0xaf,0xdf,0xff,0xff,0xff,0xff,0xff,0xff,0xef,0xff,0xbf,0x00,0x00,0x00,0x00,
    0x00,0x00,0x00,0x00,0x00,0x00,0x00,0x00,0x00,0x00,0x00,0x80,0xbf,0xff,0xff,0xff,0xff,0xff,0xff,0xff,0xbf,0x9f,0x70,0x40,0x10,0x40,0xff,0xbf,0x00,0x00,0x00,0x00,
    0x00,0x00,0x00,0x00,0x00,0x00,0x00,0x00,0x00,0x00,0x00,0xff,0xff,0xff,0xdf,0xbf,0x80,0x50,0x30,0x00,0x00,0x00,0x00,0x00,0x00,0x40,0xff,0xbf,0x00,0x00,0x00,0x00,
    0x00,0x00,0x00,0x00,0x00,0x00,0x00,0x00,0x00,0x00,0x00,0xff,0xff,0x10,0x00,0x00,0x00,0x00,0x00,0x00,0x00,0x00,0x00,0x00,0x00,0x40,0xff,0xbf,0x00,0x00,0x00,0x00,
    0x00,0x00,0x00,0x00,0x00,0x00,0x00,0x00,0x00,0x00,0x00,0xff,0xff,0x00,0x00,0x00,0x00,0x00,0x00,0x00,0x00,0x10,0x40,0x70,0x9f,0xcf,0xff,0xbf,0x00,0x00,0x00,0x00,
    0x00,0x00,0x00,0x00,0x00,0x00,0x00,0x00,0x00,0x00,0x00,0xff,0xff,0x00,0x00,0x00,0x30,0x50,0x80,0xbf,0xdf,0xff,0xff,0xff,0xff,0xff,0xff,0xbf,0x00,0x00,0x00,0x00,
    0x00,0x00,0x00,0x00,0x00,0x00,0x00,0x00,0x00,0x00,0x00,0xff,0xff,0x9f,0xbf,0xff,0xff,0xff,0xff,0xff,0xff,0xff,0xbf,0x8f,0x70,0x70,0xff,0xbf,0x00,0x00,0x00,0x00,
    0x00,0x00,0x00,0x00,0x00,0x00,0x00,0x00,0x00,0x00,0x00,0xff,0xff,0xff,0xff,0xff,0xdf,0xaf,0x80,0x50,0x20,0x00,0x00,0x00,0x00,0x40,0xff,0xbf,0x00,0x00,0x00,0x00,
    0x00,0x00,0x00,0x00,0x00,0x00,0x00,0x00,0x00,0x00,0x00,0xff,0xff,0x70,0x40,0x00,0x00,0x00,0x00,0x00,0x00,0x00,0x00,0x00,0x00,0x40,0xff,0xbf,0x00,0x00,0x00,0x00,
    0x00,0x00,0x00,0x00,0x00,0x00,0x00,0x00,0x00,0x00,0x00,0xff,0xff,0x00,0x00,0x00,0x00,0x00,0x00,0x00,0x00,0x00,0x00,0x00,0x00,0x40,0xff,0xbf,0x00,0x00,0x00,0x00,
    0x00,0x00,0x00,0x00,0x00,0x00,0x00,0x00,0x00,0x00,0x00,0xff,0xff,0x00,0x00,0x00,0x00,0x00,0x00,0x00,0x00,0x00,0x00,0x00,0x00,0x40,0xff,0xbf,0x00,0x00,0x00,0x00,
    0x00,0x00,0x00,0x00,0x00,0x00,0x00,0x00,0x00,0x00,0x00,0xff,0xff,0x00,0x00,0x00,0x00,0x00,0x00,0x00,0x00,0x40,0x8f,0xbf,0x80,0x60,0xff,0xbf,0x00,0x00,0x00,0x00,
    0x00,0x00,0x00,0x00,0x00,0x00,0x00,0x00,0x00,0x00,0x00,0xff,0xff,0x00,0x00,0x00,0x00,0x00,0x00,0x00,0x9f,0xff,0xff,0xff,0xff,0xff,0xff,0xbf,0x00,0x00,0x00,0x00,
    0x00,0x00,0x00,0x00,0x00,0x00,0x00,0x00,0x00,0x00,0x00,0xff,0xff,0x00,0x00,0x00,0x00,0x00,0x00,0x60,0xff,0xef,0x8f,0x50,0xaf,0xff,0xff,0xbf,0x00,0x00,0x00,0x00,
    0x00,0x00,0x00,0x00,0x00,0x00,0x60,0xcf,0xff,0xef,0x9f,0xff,0xff,0x00,0x00,0x00,0x00,0x00,0x00,0xcf,0xff,0x60,0x00,0x00,0x00,0xaf,0xff,0xbf,0x00,0x00,0x00,0x00,
    0x00,0x00,0x00,0x00,0x00,0x9f,0xff,0xff,0xff,0xff,0xff,0xff,0xff,0x00,0x00,0x00,0x00,0x00,0x00,0xff,0xff,0x00,0x00,0x00,0x00,0x50,0xff,0xbf,0x00,0x00,0x00,0x00,
    0x00,0x00,0x00,0x00,0x40,0xff,0xef,0x60,0x00,0x20,0xcf,0xff,0xff,0x00,0x00,0x00,0x00,0x00,0x00,0xef,0xff,0x20,0x00,0x00,0x00,0x8f,0xff,0x8f,0x00,0x00,0x00,0x00,
    0x00,0x00,0x00,0x00,0x8f,0xff,0x8f,0x00,0x00,0x00,0x20,0xff,0xff,0x00,0x00,0x00,0x00,0x00,0x00,0x9f,0xff,0xcf,0x20,0x00,0x60,0xef,0xff,0x40,0x00,0x00,0x00,0x00,
    0x00,0x00,0x00,0x00,0xbf,0xff,0x50,0x00,0x00,0x00,0x00,0xff,0xff,0x00,0x00,0x00,0x00,0x00,0x00,0x10,0xcf,0xff,0xff,0xff,0xff,0xff,0x9f,0x00,0x00,0x00,0x00,0x00,
    0x00,0x00,0x00,0x00,0x80,0xff,0xaf,0x00,0x00,0x00,0x60,0xff,0xcf,0x00,0x00,0x00,0x00,0x00,0x00,0x00,0x10,0x9f,0xef,0xff,0xcf,0x60,0x00,0x00,0x00,0x00,0x00,0x00,
    0x00,0x00,0x00,0x00,0x20,0xef,0xff,0xaf,0x50,0x8f,0xef,0xff,0x60,0x00,0x00,0x00,0x00,0x00,0x00,0x00,0x00,0x00,0x00,0x00,0x00,0x00,0x00,0x00,0x00,0x00,0x00,0x00,
    0x00,0x00,0x00,0x00,0x00,0x60,0xef,0xff,0xff,0xff,0xff,0x9f,0x00,0x00,0x00,0x00,0x00,0x00,0x00,0x00,0x00,0x00,0x00,0x00,0x00,0x00,0x00,0x00,0x00,0x00,0x00,0x00,
    0x00,0x00,0x00,0x00,0x00,0x00,0x20,0x80,0xbf,0x8f,0x40,0x00,0x00,0x00,0x00,0x00,0x00,0x00,0x00,0x00,0x00,0x00,0x00,0x00,0x00,0x00,0x00,0x00,0x00,0x00,0x00,0x00,
    0x00,0x00,0x00,0x00,0x00,0x00,0x00,0x00,0x00,0x00,0x00,0x00,0x00,0x00,0x00,0x00,0x00,0x00,0x00,0x00,0x00,0x00,0x00,0x00,0x00,0x00,0x00,0x00,0x00,0x00,0x00,0x00,
    0x00,0x00,0x00,0x00,0x00,0x00,0x00,0x00,0x00,0x00,0x00,0x00,0x00,0x00,0x00,0x00,0x00,0x00,0x00,0x00,0x00,0x00,0x00,0x00,0x00,0x00,0x00,0x00,0x00,0x00,0x00,0x00,
    0x00,0x00,0x00,0x00,0x00,0x00,0x00,0x00,0x00,0x00,0x00,0x00,0x00,0x00,0x00,0x00,0x00,0x00,0x00,0x00,0x00,0x00,0x00,0x00,0x00,0x00,0x00,0x00,0x00,0x00,0x00,0x00,
    0x00,0x00,0x00,0x00,0x00,0x00,0x00,0x00,0x00,0x00,0x00,0x00,0x00,0x00,0x00,0x00,0x00,0x00,0x00,0x00,0x00,0x00,0x00,0x00,0x00,0x00,0x00,0x00,0x00,0x00,0x00,0x00,
};

const lv_image_dsc_t pos_app_icon_mp3 = {
    .header.magic = LV_IMAGE_HEADER_MAGIC,
    .header.cf = LV_COLOR_FORMAT_A8,
    .header.flags = 0,
    .header.w = 32,
    .header.h = 32,
    .header.stride = 32,
    .data_size = sizeof(pos_app_icon_mp3_map),
    .data = pos_app_icon_mp3_map,
};

static const uint8_t pos_app_icon_notes_map[] LV_ATTRIBUTE_MEM_ALIGN = {
    0x00,0x00,0x00,0x00,0x00,0x00,0x00,0x00,0x00,0x00,0x00,0x00,0x00,0x00,0x00,0x00,0x00,0x00,0x00,0x00,0x00,0x00,0x00,0x00,0x00,0x00,0x00,0x00,0x00,0x00,0x00,0x00,
    0x00,0x00,0x00,0x00,0x00,0x00,0x00,0x00,0x00,0x00,0x00,0x00,0x00,0x00,0x00,0x00,0x00,0x00,0x00,0x00,0x00,0x00,0x00,0x00,0x00,0x00,0x00,0x00,0x00,0x00,0x00,0x00,
    0x00,0x00,0x00,0x00,0x00,0x00,0x00,0x00,0x00,0x00,0x00,0x00,0x00,0x00,0x00,0x00,0x00,0x00,0x00,0x00,0x00,0x00,0x00,0x00,0x00,0x00,0x00,0x00,0x00,0x00,0x00,0x00,
    0x00,0x00,0x00,0x00,0xab,0xff,0xff,0xff,0xff,0xff,0xff,0xff,0xff,0xff,0xff,0xff,0xff,0xff,0xff,0xff,0xff,0xff,0xff,0xff,0xff,0xff,0xff,0xab,0x00,0x00,0x00,0x00,
    0x00,0x00,0x00,0x00,0xab,0xff,0xff,0xff,0xff,0xff,0xff,0xff,0xff,0xff,0xff,0xff,0xff,0xff,0xff,0xff,0xff,0xff,0xff,0xff,0xff,0xff,0xff,0xab,0x00,0x00,0x00,0x00,
    0x00,0x00,0x00,0x00,0xab,0xff,0x55,0x00,0x00,0x00,0x00,0x00,0x00,0x00,0x00,0x00,0x00,0x00,0x00,0x00,0x00,0x00,0x00,0x00,0x00,0x55,0xff,0xab,0x00,0x00,0x00,0x00,
    0x00,0x00,0x00,0x00,0xab,0xff,0x55,0x00,0x00,0x00,0x00,0x00,0x00,0x00,0x00,0x00,0x00,0x00,0x00,0x00,0x00,0x00,0x00,0x00,0x00,0x55,0xff,0xab,0x00,0x00,0x00,0x00,
    0x00,0x00,0x00,0x00,0xab,0xff,0x55,0x00,0x00,0x00,0x00,0x00,0x00,0x00,0x00,0x00,0x00,0x00,0x00,0x00,0x00,0x00,0x00,0x00,0x00,0x55,0xff,0xab,0x00,0x00,0x00,0x00,
    0x00,0x00,0x00,0x00,0xab,0xff,0x55,0x00,0x00,0x00,0x00,0x00,0x00,0x00,0x00,0x00,0x00,0x00,0x00,0x00,0x00,0x00,0x00,0x00,0x00,0x55,0xff,0xab,0x00,0x00,0x00,0x00,
    0x00,0x00,0x00,0x00,0xab,0xff,0x55,0x00,0x00,0x00,0x00,0x00,0x00,0x00,0x00,0x00,0x00,0x00,0x00,0x00,0x00,0x00,0x00,0x00,0x00,0x55,0xff,0xab,0x00,0x00,0x00,0x00,
    0x00,0x00,0x00,0x00,0xab,0xff,0x55,0x00,0x00,0x00,0x00,0x00,0x00,0x00,0x00,0x00,0x00,0x00,0x00,0x00,0x00,0x00,0x00,0x00,0x00,0x55,0xff,0xab,0x00,0x00,0x00,0x00,
    0x00,0x00,0x00,0x00,0xab,0xff,0x55,0x00,0x00,0x55,0xff,0xff,0xff,0xff,0xff,0xff,0xff,0xff,0xff,0xff,0xff,0xff,0x55,0x00,0x00,0x55,0xff,0xab,0x00,0x00,0x00,0x00,
    0x00,0x00,0x00,0x00,0xab,0xff,0x55,0x00,0x00,0x55,0xff,0xff,0xff,0xff,0xff,0xff,0xff,0xff,0xff,0xff,0xff,0xff,0x55,0x00,0x00,0x55,0xff,0xab,0x00,0x00,0x00,0x00,
    0x00,0x00,0x00,0x00,0xab,0xff,0x55,0x00,0x00,0x00,0x00,0x00,0x00,0x00,0x00,0x00,0x00,0x00,0x00,0x00,0x00,0x00,0x00,0x00,0x00,0x55,0xff,0xab,0x00,0x00,0x00,0x00,
    0x00,0x00,0x00,0x00,0xab,0xff,0x55,0x00,0x00,0x00,0x00,0x00,0x00,0x00,0x00,0x00,0x00,0x00,0x00,0x00,0x00,0x00,0x00,0x00,0x00,0x55,0xff,0xab,0x00,0x00,0x00,0x00,
    0x00,0x00,0x00,0x00,0xab,0xff,0x55,0x00,0x00,0x00,0x00,0x00,0x00,0x00,0x00,0x00,0x00,0x00,0x00,0x00,0x00,0x00,0x00,0x00,0x00,0x55,0xff,0xab,0x00,0x00,0x00,0x00,
    0x00,0x00,0x00,0x00,0xab,0xff,0x55,0x00,0x00,0x38,0xab,0xab,0xab,0xab,0xab,0xab,0xab,0xab,0xab,0xab,0xab,0xab,0x38,0x00,0x00,0x55,0xff,0xab,0x00,0x00,0x00,0x00,
    0x00,0x00,0x00,0x00,0xab,0xff,0x55,0x00,0x00,0x55,0xff,0xff,0xff,0xff,0xff,0xff,0xff,0xff,0xff,0xff,0xff,0xff,0x55,0x00,0x00,0x55,0xff,0xab,0x00,0x00,0x00,0x00,
    0x00,0x00,0x00,0x00,0xab,0xff,0x55,0x00,0x00,0x1c,0x55,0x55,0x55,0x55,0x55,0x55,0x55,0x55,0x55,0x55,0x55,0x55,0x1c,0x00,0x00,0x55,0xff,0xab,0x00,0x00,0x00,0x00,
    0x00,0x00,0x00,0x00,0xab,0xff,0x55,0x00,0x00,0x00,0x00,0x00,0x00,0x00,0x00,0x00,0x00,0x00,0x00,0x00,0x00,0x00,0x00,0x00,0x00,0x55,0xff,0xab,0x00,0x00,0x00,0x00,
    0x00,0x00,0x00,0x00,0xab,0xff,0x55,0x00,0x00,0x00,0x00,0x00,0x00,0x00,0x00,0x00,0x00,0x00,0x00,0x00,0x00,0x00,0x00,0x00,0x00,0x55,0xff,0xab,0x00,0x00,0x00,0x00,
    0x00,0x00,0x00,0x00,0xab,0xff,0x55,0x00,0x00,0x00,0x00,0x00,0x00,0x00,0x00,0x00,0x00,0x00,0x00,0x00,0x00,0x00,0x00,0x00,0x00,0x55,0xff,0xab,0x00,0x00,0x00,0x00,
    0x00,0x00,0x00,0x00,0xab,0xff,0x55,0x00,0x00,0x00,0x00,0x00,0x00,0x00,0x00,0x00,0x00,0x00,0x00,0x00,0x00,0x00,0x00,0x00,0x00,0x55,0xff,0xab,0x00,0x00,0x00,0x00,
    0x00,0x00,0x00,0x00,0xab,0xff,0x55,0x00,0x00,0x00,0x00,0x00,0x00,0x00,0x00,0x00,0x00,0x00,0x00,0x00,0x00,0x00,0x00,0x00,0x00,0x55,0xff,0xab,0x00,0x00,0x00,0x00,
    0x00,0x00,0x00,0x00,0xab,0xff,0x55,0x00,0x00,0x00,0x00,0x00,0x00,0x00,0x00,0x00,0x00,0x00,0x00,0x00,0x00,0x00,0x00,0x00,0x00,0x55,0xff,0xab,0x00,0x00,0x00,0x00,
    0x00,0x00,0x00,0x00,0xab,0xff,0x55,0x00,0x00,0x00,0x00,0x00,0x00,0x00,0x00,0x00,0x00,0x00,0x00,0x00,0x00,0x00,0x00,0x00,0x00,0x55,0xff,0xab,0x00,0x00,0x00,0x00,
    0x00,0x00,0x00,0x00,0xab,0xff,0x55,0x00,0x00,0x00,0x00,0x00,0x00,0x00,0x00,0x00,0x00,0x00,0x00,0x00,0x00,0x00,0x00,0x00,0x00,0x55,0xff,0xab,0x00,0x00,0x00,0x00,
    0x00,0x00,0x00,0x00,0xab,0xff,0xff,0xff,0xff,0xff,0xff,0xff,0xff,0xff,0xff,0xff,0xff,0xff,0xff,0xff,0xff,0xff,0xff,0xff,0xff,0xff,0xff,0xab,0x00,0x00,0x00,0x00,
    0x00,0x00,0x00,0x00,0xab,0xff,0xff,0xff,0xff,0xff,0xff,0xff,0xff,0xff,0xff,0xff,0xff,0xff,0xff,0xff,0xff,0xff,0xff,0xff,0xff,0xff,0xff,0xab,0x00,0x00,0x00,0x00,
    0x00,0x00,0x00,0x00,0x00,0x00,0x00,0x00,0x00,0x00,0x00,0x00,0x00,0x00,0x00,0x00,0x00,0x00,0x00,0x00,0x00,0x00,0x00,0x00,0x00,0x00,0x00,0x00,0x00,0x00,0x00,0x00,
    0x00,0x00,0x00,0x00,0x00,0x00,0x00,0x00,0x00,0x00,0x00,0x00,0x00,0x00,0x00,0x00,0x00,0x00,0x00,0x00,0x00,0x00,0x00,0x00,0x00,0x00,0x00,0x00,0x00,0x00,0x00,0x00,
    0x00,0x00,0x00,0x00,0x00,0x00,0x00,0x00,0x00,0x00,0x00,0x00,0x00,0x00,0x00,0x00,0x00,0x00,0x00,0x00,0x00,0x00,0x00,0x00,0x00,0x00,0x00,0x00,0x00,0x00,0x00,0x00,
};

const lv_image_dsc_t pos_app_icon_notes = {
    .header.magic = LV_IMAGE_HEADER_MAGIC,
    .header.cf = LV_COLOR_FORMAT_A8,
    .header.flags = 0,
    .header.w = 32,
    .header.h = 32,
    .header.stride = 32,
    .data_size = sizeof(pos_app_icon_notes_map),
    .data = pos_app_icon_notes_map,
};

static const uint8_t pos_app_icon_radar_map[] LV_ATTRIBUTE_MEM_ALIGN = {
    0x00,0x00,0x00,0x00,0x00,0x00,0x00,0x00,0x00,0x00,0x00,0x00,0x00,0x00,0x00,0x00,0x00,0x00,0x00,0x00,0x00,0x00,0x00,0x00,0x00,0x00,0x00,0x00,0x00,0x00,0x00,0x00,
    0x00,0x00,0x00,0x00,0x00,0x00,0x00,0x00,0x00,0x00,0x00,0x00,0x00,0x00,0x00,0x00,0x00,0x00,0x00,0x00,0x00,0x00,0x00,0x00,0x00,0x00,0x00,0x00,0x00,0x00,0x00,0x00,
    0x00,0x00,0x00,0x00,0x00,0x00,0x00,0x00,0x00,0x00,0x00,0x00,0x00,0x00,0x00,0x00,0x00,0x00,0x00,0x00,0x00,0x00,0x00,0x00,0x00,0x00,0x00,0x00,0x00,0x00,0x00,0x00,
    0x00,0x00,0x00,0x00,0x00,0x00,0x00,0x00,0x00,0x00,0x00,0x29,0x78,0xbd,0xd8,0xf4,0xf4,0xd8,0xbc,0x77,0x28,0x00,0x00,0x00,0x00,0x00,0x00,0x00,0x00,0x00,0x00,0x00,
    0x00,0x00,0x00,0x00,0x00,0x00,0x00,0x00,0x00,0x35,0xbe,0xff,0xff,0xff,0xff,0xff,0xff,0xff,0xff,0xff,0xff,0xc5,0x3b,0x00,0x00,0x00,0x00,0x00,0x00,0x00,0x00,0x00,
    0x00,0x00,0x00,0x00,0x00,0x00,0x00,0x05,0x96,0xfe,0xff,0xed,0x9d,0x4e,0x27,0x0b,0x0b,0x27,0x4f,0x9d,0xee,0xff,0xfe,0x94,0x05,0x00,0x00,0x00,0x00,0x00,0x00,0x00,
    0x00,0x00,0x00,0x00,0x00,0x00,0x12,0xbf,0xff,0xf6,0x84,0x0e,0x00,0x00,0x00,0x00,0x00,0x00,0x00,0x00,0x0f,0x85,0xf6,0xff,0xdc,0x12,0x00,0x00,0x00,0x00,0x00,0x00,
    0x00,0x00,0x00,0x00,0x00,0x05,0xbe,0xff,0xe5,0x35,0x00,0x00,0x00,0x00,0x00,0x00,0x00,0x00,0x00,0x00,0x00,0x00,0x42,0xfa,0xff,0xdf,0x06,0x00,0x00,0x00,0x00,0x00,
    0x00,0x00,0x00,0x00,0x00,0x96,0xff,0xe3,0x1b,0x00,0x00,0x00,0x01,0x39,0x80,0x9f,0xaa,0x00,0x00,0x00,0x00,0x16,0xd3,0xff,0xfa,0xff,0x94,0x00,0x00,0x00,0x00,0x00,
    0x00,0x00,0x00,0x00,0x36,0xfe,0xf6,0x32,0x00,0x00,0x00,0x36,0xc9,0xff,0xff,0xff,0xff,0x00,0x00,0x00,0x16,0xd3,0xff,0xd3,0x46,0xf7,0xfe,0x33,0x00,0x00,0x00,0x00,
    0x00,0x00,0x00,0x00,0xbf,0xff,0x84,0x00,0x00,0x00,0x55,0xf8,0xff,0xe5,0x8d,0x60,0x55,0x00,0x00,0x16,0xd3,0xff,0xd3,0x16,0x00,0x87,0xff,0xbd,0x00,0x00,0x00,0x00,
    0x00,0x00,0x00,0x29,0xff,0xed,0x0e,0x00,0x00,0x36,0xf8,0xff,0x91,0x09,0x00,0x00,0x00,0x00,0x16,0xd3,0xff,0xd3,0x16,0x00,0x00,0x0f,0xee,0xff,0x27,0x00,0x00,0x00,
    0x00,0x00,0x00,0x79,0xff,0x9c,0x00,0x00,0x01,0xca,0xff,0x91,0x00,0x00,0x00,0x00,0x00,0x16,0xd3,0xff,0xd3,0x16,0x00,0x00,0x00,0x00,0x9f,0xff,0x76,0x00,0x00,0x00,
    0x00,0x00,0x00,0xbc,0xff,0x4f,0x00,0x00,0x39,0xff,0xe5,0x09,0x00,0x00,0x00,0x00,0x16,0xd3,0xff,0xd3,0x16,0x00,0x00,0x00,0x00,0x00,0x51,0xff,0xbb,0x00,0x00,0x00,
    0x00,0x00,0x00,0xdb,0xff,0x24,0x00,0x00,0x80,0xff,0x8d,0x00,0x00,0x00,0x00,0x16,0xd3,0xff,0xd3,0x16,0x00,0x00,0x00,0x00,0x00,0x00,0x27,0xff,0xd8,0x00,0x00,0x00,
    0x00,0x00,0x00,0xf3,0xff,0x0c,0x00,0x00,0x9e,0xff,0x61,0x00,0x00,0x00,0x16,0xd3,0xff,0xd3,0x16,0x00,0x00,0x00,0x00,0x00,0x00,0x00,0x0c,0xff,0xf3,0x00,0x00,0x00,
    0x00,0x00,0x00,0xf3,0xff,0x0c,0x00,0x00,0x9e,0xff,0x61,0x00,0x00,0x00,0x16,0xd3,0xd3,0x16,0x00,0xab,0xab,0xab,0xab,0xab,0x38,0x00,0x0e,0xff,0xf1,0x00,0x00,0x00,
    0x00,0x00,0x00,0xd9,0xff,0x25,0x00,0x00,0x80,0xff,0x8e,0x00,0x00,0x00,0x00,0x16,0x16,0x00,0x00,0xff,0xff,0xff,0xff,0xff,0x55,0x00,0x28,0xff,0xd7,0x00,0x00,0x00,
    0x00,0x00,0x00,0xbc,0xff,0x4f,0x00,0x00,0x38,0xff,0xe6,0x0a,0x00,0x00,0x00,0x00,0x00,0x00,0x00,0xff,0xff,0x55,0xc7,0xff,0x55,0x00,0x52,0xff,0xba,0x00,0x00,0x00,
    0x00,0x00,0x00,0x77,0xff,0x9d,0x00,0x00,0x01,0xc8,0xff,0x92,0x00,0x00,0x00,0x00,0x00,0x00,0x00,0xff,0xff,0x55,0xc7,0xff,0x55,0x00,0xa0,0xff,0x74,0x00,0x00,0x00,
    0x00,0x00,0x00,0x28,0xff,0xed,0x0f,0x00,0x00,0x34,0xf7,0xff,0x93,0x0a,0x00,0x00,0x00,0x00,0x00,0xff,0xff,0xff,0xff,0xff,0x55,0x10,0xee,0xff,0x26,0x00,0x00,0x00,
    0x00,0x00,0x00,0x00,0xbe,0xff,0x85,0x00,0x00,0x00,0x54,0xf7,0xff,0xe6,0x90,0x60,0x55,0x00,0x00,0xab,0xab,0xab,0xab,0xab,0x38,0x88,0xff,0xbc,0x00,0x00,0x00,0x00,
    0x00,0x00,0x00,0x00,0x34,0xfe,0xf6,0x33,0x00,0x00,0x00,0x34,0xc7,0xff,0xff,0xff,0xff,0x00,0x00,0x00,0x00,0x00,0x00,0x00,0x35,0xf7,0xfd,0x32,0x00,0x00,0x00,0x00,
    0x00,0x00,0x00,0x00,0x00,0x94,0xff,0xe3,0x1b,0x00,0x00,0x00,0x01,0x37,0x7e,0x9f,0xaa,0x00,0x00,0x00,0x00,0x00,0x00,0x1c,0xe4,0xff,0x92,0x00,0x00,0x00,0x00,0x00,
    0x00,0x00,0x00,0x00,0x00,0x05,0xbd,0xff,0xe5,0x35,0x00,0x00,0x00,0x00,0x00,0x00,0x00,0x00,0x00,0x00,0x00,0x00,0x31,0xe1,0xff,0xc2,0x06,0x00,0x00,0x00,0x00,0x00,
    0x00,0x00,0x00,0x00,0x00,0x00,0x11,0xbe,0xff,0xf7,0x86,0x0f,0x00,0x00,0x00,0x00,0x00,0x00,0x00,0x00,0x10,0x88,0xf7,0xff,0xbd,0x11,0x00,0x00,0x00,0x00,0x00,0x00,
    0x00,0x00,0x00,0x00,0x00,0x00,0x00,0x05,0x93,0xfe,0xff,0xee,0x9f,0x50,0x28,0x0c,0x0c,0x28,0x51,0xa0,0xef,0xff,0xfd,0x92,0x04,0x00,0x00,0x00,0x00,0x00,0x00,0x00,
    0x00,0x00,0x00,0x00,0x00,0x00,0x00,0x00,0x00,0x2c,0xb4,0xff,0xff,0xff,0xff,0xff,0xff,0xff,0xff,0xff,0xff,0xbc,0x32,0x00,0x00,0x00,0x00,0x00,0x00,0x00,0x00,0x00,
    0x00,0x00,0x00,0x00,0x00,0x00,0x00,0x00,0x00,0x00,0x00,0x27,0x76,0xbb,0xd7,0xf3,0xf3,0xd7,0xba,0x76,0x26,0x00,0x00,0x00,0x00,0x00,0x00,0x00,0x00,0x00,0x00,0x00,
    0x00,0x00,0x00,0x00,0x00,0x00,0x00,0x00,0x00,0x00,0x00,0x00,0x00,0x00,0x00,0x00,0x00,0x00,0x00,0x00,0x00,0x00,0x00,0x00,0x00,0x00,0x00,0x00,0x00,0x00,0x00,0x00,
    0x00,0x00,0x00,0x00,0x00,0x00,0x00,0x00,0x00,0x00,0x00,0x00,0x00,0x00,0x00,0x00,0x00,0x00,0x00,0x00,0x00,0x00,0x00,0x00,0x00,0x00,0x00,0x00,0x00,0x00,0x00,0x00,
    0x00,0x00,0x00,0x00,0x00,0x00,0x00,0x00,0x00,0x00,0x00,0x00,0x00,0x00,0x00,0x00,0x00,0x00,0x00,0x00,0x00,0x00,0x00,0x00,0x00,0x00,0x00,0x00,0x00,0x00,0x00,0x00,
};

const lv_image_dsc_t pos_app_icon_radar = {
    .header.magic = LV_IMAGE_HEADER_MAGIC,
    .header.cf = LV_COLOR_FORMAT_A8,
    .header.flags = 0,
    .header.w = 32,
    .header.h = 32,
    .header.stride = 32,
    .data_size = sizeof(pos_app_icon_radar_map),
    .data = pos_app_icon_radar_map,
};

static const uint8_t pos_app_icon_radio_map[] LV_ATTRIBUTE_MEM_ALIGN = {
    0x00,0x00,0x00,0x00,0x00,0x00,0x00,0x00,0x00,0x00,0x00,0x00,0x00,0x00,0x00,0x00,0x00,0x00,0x00,0x00,0x00,0x00,0x00,0x00,0x00,0x00,0x00,0x00,0x00,0x00,0x00,0x00,
    0x00,0x00,0x00,0x00,0x00,0x00,0x00,0x00,0x00,0x00,0x00,0x00,0x00,0x00,0x00,0x00,0x00,0x00,0x00,0x00,0x00,0x00,0x00,0x00,0x00,0x00,0x00,0x00,0x00,0x00,0x00,0x00,
    0x00,0x00,0x00,0x00,0x00,0x00,0x29,0x00,0x00,0x00,0x00,0x00,0x00,0x00,0x00,0x00,0x00,0x00,0x00,0x00,0x00,0x00,0x00,0x00,0x00,0x29,0x00,0x00,0x00,0x00,0x00,0x00,
    0x00,0x00,0x00,0x00,0x00,0x35,0xfc,0xa3,0x01,0x00,0x00,0x00,0x00,0x00,0x00,0x00,0x00,0x00,0x00,0x00,0x00,0x00,0x00,0x01,0xa3,0xfc,0x35,0x00,0x00,0x00,0x00,0x00,
    0x00,0x00,0x00,0x00,0x04,0xce,0xff,0x88,0x00,0x00,0x00,0x00,0x00,0x00,0x09,0x3b,0x3b,0x09,0x00,0x00,0x00,0x00,0x00,0x00,0x88,0xff,0xce,0x04,0x00,0x00,0x00,0x00,
    0x00,0x00,0x00,0x00,0x74,0xff,0xe0,0x0b,0x00,0x00,0x00,0x00,0x00,0x37,0xe1,0xff,0xff,0xe0,0x37,0x00,0x00,0x00,0x00,0x00,0x09,0xdd,0xff,0x73,0x00,0x00,0x00,0x00,
    0x00,0x00,0x00,0x1e,0xf3,0xff,0x4c,0x00,0x00,0x00,0x00,0x00,0x09,0xe1,0xff,0xcf,0xcf,0xff,0xe0,0x08,0x00,0x00,0x00,0x00,0x00,0x47,0xff,0xf5,0x21,0x00,0x00,0x00,
    0x00,0x00,0x00,0xb1,0xff,0xa7,0x00,0x00,0x00,0x00,0x00,0x00,0x3b,0xff,0xd0,0x02,0x02,0xd0,0xff,0x3b,0x00,0x00,0x00,0x00,0x00,0x00,0xa8,0xff,0xb6,0x00,0x00,0x00,
    0x00,0x00,0x53,0xff,0xef,0x18,0x00,0x00,0x00,0x00,0x00,0x00,0x3b,0xff,0xd0,0x02,0x02,0xd1,0xff,0x3a,0x00,0x00,0x00,0x00,0x00,0x00,0x18,0xef,0xff,0x53,0x00,0x00,
    0x00,0x00,0xac,0xff,0xaf,0x00,0x00,0x00,0x00,0x00,0x00,0x00,0x09,0xe0,0xff,0xf2,0xf2,0xff,0xdf,0x08,0x00,0x00,0x00,0x00,0x00,0x00,0x00,0xaf,0xff,0xac,0x00,0x00,
    0x00,0x00,0x26,0xf7,0xfe,0x3f,0x00,0x00,0x00,0x00,0x00,0x00,0x00,0x37,0xe4,0xff,0xff,0xe4,0x36,0x00,0x00,0x00,0x00,0x00,0x00,0x00,0x3f,0xfe,0xf7,0x26,0x00,0x00,
    0x00,0x00,0x00,0x7f,0xff,0xd9,0x08,0x00,0x00,0x00,0x00,0x00,0x00,0x00,0x6b,0xff,0xff,0x6a,0x00,0x00,0x00,0x00,0x00,0x00,0x00,0x06,0xd5,0xff,0x7e,0x00,0x00,0x00,
    0x00,0x00,0x00,0x06,0xd5,0xff,0x7e,0x00,0x00,0x00,0x00,0x00,0x00,0x00,0xb3,0xff,0xff,0xb2,0x00,0x00,0x00,0x00,0x00,0x00,0x00,0x7f,0xff,0xd9,0x08,0x00,0x00,0x00,
    0x00,0x00,0x00,0x00,0x3f,0xfe,0xf7,0x26,0x00,0x00,0x00,0x00,0x00,0x0a,0xf5,0xfd,0xfd,0xf5,0x0a,0x00,0x00,0x00,0x00,0x00,0x26,0xf7,0xfe,0x3f,0x00,0x00,0x00,0x00,
    0x00,0x00,0x00,0x00,0x00,0x9d,0xff,0xbd,0x01,0x00,0x00,0x00,0x00,0x4d,0xff,0xc8,0xc8,0xff,0x4d,0x00,0x00,0x00,0x00,0x01,0xbd,0xff,0x9d,0x00,0x00,0x00,0x00,0x00,
    0x00,0x00,0x00,0x00,0x00,0x13,0xd0,0x53,0x00,0x00,0x00,0x00,0x00,0x9a,0xff,0x7c,0x7c,0xff,0x9a,0x00,0x00,0x00,0x00,0x00,0x53,0xd0,0x13,0x00,0x00,0x00,0x00,0x00,
    0x00,0x00,0x00,0x00,0x00,0x00,0x01,0x00,0x00,0x00,0x00,0x00,0x01,0xe6,0xff,0x2f,0x2f,0xff,0xe6,0x01,0x00,0x00,0x00,0x00,0x00,0x01,0x00,0x00,0x00,0x00,0x00,0x00,
    0x00,0x00,0x00,0x00,0x00,0x00,0x00,0x00,0x00,0x00,0x00,0x00,0x36,0xff,0xe1,0x00,0x00,0xdf,0xff,0x35,0x00,0x00,0x00,0x00,0x00,0x00,0x00,0x00,0x00,0x00,0x00,0x00,
    0x00,0x00,0x00,0x00,0x00,0x00,0x00,0x00,0x00,0x00,0x00,0x00,0x83,0xff,0x93,0x00,0x00,0x94,0xff,0x82,0x00,0x00,0x00,0x00,0x00,0x00,0x00,0x00,0x00,0x00,0x00,0x00,
    0x00,0x00,0x00,0x00,0x00,0x00,0x00,0x00,0x00,0x00,0x00,0x00,0xd0,0xff,0x46,0x00,0x00,0x47,0xff,0xcf,0x00,0x00,0x00,0x00,0x00,0x00,0x00,0x00,0x00,0x00,0x00,0x00,
    0x00,0x00,0x00,0x00,0x00,0x00,0x00,0x00,0x00,0x00,0x00,0x1e,0xfe,0xf3,0x07,0x00,0x00,0x06,0xf2,0xff,0x20,0x00,0x00,0x00,0x00,0x00,0x00,0x00,0x00,0x00,0x00,0x00,
    0x00,0x00,0x00,0x00,0x00,0x00,0x00,0x00,0x00,0x00,0x00,0x6b,0xff,0xab,0x00,0x00,0x00,0x00,0xac,0xff,0x6a,0x00,0x00,0x00,0x00,0x00,0x00,0x00,0x00,0x00,0x00,0x00,
    0x00,0x00,0x00,0x00,0x00,0x00,0x00,0x00,0x00,0x00,0x00,0xb8,0xff,0x5e,0x00,0x00,0x00,0x00,0x5f,0xff,0xb7,0x00,0x00,0x00,0x00,0x00,0x00,0x00,0x00,0x00,0x00,0x00,
    0x00,0x00,0x00,0x00,0x00,0x00,0x00,0x00,0x00,0x00,0x0c,0xf7,0xfc,0x14,0x00,0x00,0x00,0x00,0x13,0xfc,0xf8,0x0d,0x00,0x00,0x00,0x00,0x00,0x00,0x00,0x00,0x00,0x00,
    0x00,0x00,0x00,0x00,0x00,0x00,0x00,0x00,0x00,0x00,0x53,0xff,0xc3,0x00,0x00,0x00,0x00,0x00,0x00,0xc4,0xff,0x52,0x00,0x00,0x00,0x00,0x00,0x00,0x00,0x00,0x00,0x00,
    0x00,0x00,0x00,0x00,0x00,0x00,0x00,0x00,0x00,0x00,0xa0,0xff,0x76,0x00,0x00,0x00,0x00,0x00,0x00,0x77,0xff,0x9f,0x00,0x00,0x00,0x00,0x00,0x00,0x00,0x00,0x00,0x00,
    0x00,0x00,0x00,0x00,0x00,0x00,0x00,0x00,0x00,0x02,0xe8,0xff,0x29,0x00,0x00,0x00,0x00,0x00,0x00,0x2a,0xff,0xea,0x03,0x00,0x00,0x00,0x00,0x00,0x00,0x00,0x00,0x00,
    0x00,0x00,0x00,0x00,0x00,0x00,0x00,0x00,0x00,0x3a,0xff,0xdc,0x00,0x00,0x00,0x00,0x00,0x00,0x00,0x00,0xdc,0xff,0x3a,0x00,0x00,0x00,0x00,0x00,0x00,0x00,0x00,0x00,
    0x00,0x00,0x00,0x00,0x00,0x00,0x00,0x00,0x00,0x5e,0xf5,0x8f,0x00,0x00,0x00,0x00,0x00,0x00,0x00,0x00,0x8f,0xf5,0x5e,0x00,0x00,0x00,0x00,0x00,0x00,0x00,0x00,0x00,
    0x00,0x00,0x00,0x00,0x00,0x00,0x00,0x00,0x00,0x00,0x09,0x13,0x00,0x00,0x00,0x00,0x00,0x00,0x00,0x00,0x13,0x09,0x00,0x00,0x00,0x00,0x00,0x00,0x00,0x00,0x00,0x00,
    0x00,0x00,0x00,0x00,0x00,0x00,0x00,0x00,0x00,0x00,0x00,0x00,0x00,0x00,0x00,0x00,0x00,0x00,0x00,0x00,0x00,0x00,0x00,0x00,0x00,0x00,0x00,0x00,0x00,0x00,0x00,0x00,
    0x00,0x00,0x00,0x00,0x00,0x00,0x00,0x00,0x00,0x00,0x00,0x00,0x00,0x00,0x00,0x00,0x00,0x00,0x00,0x00,0x00,0x00,0x00,0x00,0x00,0x00,0x00,0x00,0x00,0x00,0x00,0x00,
};

const lv_image_dsc_t pos_app_icon_radio = {
    .header.magic = LV_IMAGE_HEADER_MAGIC,
    .header.cf = LV_COLOR_FORMAT_A8,
    .header.flags = 0,
    .header.w = 32,
    .header.h = 32,
    .header.stride = 32,
    .data_size = sizeof(pos_app_icon_radio_map),
    .data = pos_app_icon_radio_map,
};

static const uint8_t pos_app_icon_recorder_map[] LV_ATTRIBUTE_MEM_ALIGN = {
    0x00,0x00,0x00,0x00,0x00,0x00,0x00,0x00,0x00,0x00,0x00,0x00,0x00,0x00,0x00,0x00,0x00,0x00,0x00,0x00,0x00,0x00,0x00,0x00,0x00,0x00,0x00,0x00,0x00,0x00,0x00,0x00,
    0x00,0x00,0x00,0x00,0x00,0x00,0x00,0x00,0x00,0x00,0x00,0x00,0x00,0x00,0x00,0x00,0x00,0x00,0x00,0x00,0x00,0x00,0x00,0x00,0x00,0x00,0x00,0x00,0x00,0x00,0x00,0x00,
    0x00,0x00,0x00,0x00,0x00,0x00,0x00,0x00,0x00,0x00,0x00,0x00,0x00,0x00,0x00,0x00,0x00,0x00,0x00,0x00,0x00,0x00,0x00,0x00,0x00,0x00,0x00,0x00,0x00,0x00,0x00,0x00,
    0x00,0x00,0x00,0x00,0x00,0x00,0x00,0x00,0x00,0x00,0x00,0x00,0x00,0x4f,0xbf,0xf4,0xf4,0xbe,0x4e,0x00,0x00,0x00,0x00,0x00,0x00,0x00,0x00,0x00,0x00,0x00,0x00,0x00,
    0x00,0x00,0x00,0x00,0x00,0x00,0x00,0x00,0x00,0x00,0x00,0x00,0x88,0xff,0xff,0xff,0xff,0xff,0xff,0x86,0x00,0x00,0x00,0x00,0x00,0x00,0x00,0x00,0x00,0x00,0x00,0x00,
    0x00,0x00,0x00,0x00,0x00,0x00,0x00,0x00,0x00,0x00,0x00,0x4f,0xff,0xf8,0x6c,0x10,0x10,0x6e,0xf8,0xff,0x4d,0x00,0x00,0x00,0x00,0x00,0x00,0x00,0x00,0x00,0x00,0x00,
    0x00,0x00,0x00,0x00,0x00,0x00,0x00,0x00,0x00,0x00,0x00,0xbf,0xff,0x6c,0x00,0x00,0x00,0x00,0x6e,0xff,0xbe,0x00,0x00,0x00,0x00,0x00,0x00,0x00,0x00,0x00,0x00,0x00,
    0x00,0x00,0x00,0x00,0x00,0x00,0x00,0x00,0x00,0x00,0x00,0xf3,0xff,0x10,0x00,0x00,0x00,0x00,0x12,0xff,0xf2,0x00,0x00,0x00,0x00,0x00,0x00,0x00,0x00,0x00,0x00,0x00,
    0x00,0x00,0x00,0x00,0x00,0x00,0x00,0x00,0x00,0x00,0x00,0xff,0xff,0x00,0x00,0x00,0x00,0x00,0x00,0xff,0xff,0x00,0x00,0x00,0x00,0x00,0x00,0x00,0x00,0x00,0x00,0x00,
    0x00,0x00,0x00,0x00,0x00,0x00,0x00,0x00,0x00,0x00,0x00,0xff,0xff,0x00,0x00,0x00,0x00,0x00,0x00,0xff,0xff,0x00,0x00,0x00,0x00,0x00,0x00,0x00,0x00,0x00,0x00,0x00,
    0x00,0x00,0x00,0x00,0x00,0x00,0x00,0x00,0x00,0x00,0x00,0xff,0xff,0x00,0x00,0x00,0x00,0x00,0x00,0xff,0xff,0x00,0x00,0x00,0x00,0x00,0x00,0x00,0x00,0x00,0x00,0x00,
    0x00,0x00,0x00,0x00,0x00,0x00,0x00,0x00,0x00,0x00,0x00,0xff,0xff,0x00,0x00,0x00,0x00,0x00,0x00,0xff,0xff,0x00,0x00,0x00,0x00,0x00,0x00,0x00,0x00,0x00,0x00,0x00,
    0x00,0x00,0x00,0x00,0x00,0x00,0x00,0x00,0x00,0x00,0x00,0xff,0xff,0x00,0x00,0x00,0x00,0x00,0x00,0xff,0xff,0x00,0x00,0x00,0x00,0x00,0x00,0x00,0x00,0x00,0x00,0x00,
    0x00,0x00,0x00,0x00,0x00,0x00,0x00,0x55,0x55,0x00,0x00,0xff,0xff,0x00,0x00,0x00,0x00,0x00,0x00,0xff,0xff,0x00,0x00,0x55,0x55,0x00,0x00,0x00,0x00,0x00,0x00,0x00,
    0x00,0x00,0x00,0x00,0x00,0x00,0x00,0xff,0xff,0x00,0x00,0xff,0xff,0x00,0x00,0x00,0x00,0x00,0x00,0xff,0xff,0x00,0x00,0xff,0xff,0x00,0x00,0x00,0x00,0x00,0x00,0x00,
    0x00,0x00,0x00,0x00,0x00,0x00,0x00,0xff,0xff,0x00,0x00,0xff,0xff,0x00,0x00,0x00,0x00,0x00,0x00,0xff,0xff,0x00,0x00,0xff,0xff,0x00,0x00,0x00,0x00,0x00,0x00,0x00,
    0x00,0x00,0x00,0x00,0x00,0x00,0x00,0xf3,0xff,0x0d,0x00,0xf2,0xff,0x10,0x00,0x00,0x00,0x00,0x12,0xff,0xf1,0x00,0x0e,0xff,0xf1,0x00,0x00,0x00,0x00,0x00,0x00,0x00,
    0x00,0x00,0x00,0x00,0x00,0x00,0x00,0xd8,0xff,0x30,0x00,0xbf,0xff,0x6e,0x00,0x00,0x00,0x00,0x77,0xff,0xbd,0x00,0x32,0xff,0xd7,0x00,0x00,0x00,0x00,0x00,0x00,0x00,
    0x00,0x00,0x00,0x00,0x00,0x00,0x00,0x9a,0xff,0x7d,0x00,0x4e,0xff,0xf8,0x6e,0x11,0x12,0x77,0xf9,0xfd,0x3d,0x00,0x7f,0xff,0x99,0x00,0x00,0x00,0x00,0x00,0x00,0x00,
    0x00,0x00,0x00,0x00,0x00,0x00,0x00,0x44,0xff,0xea,0x0e,0x00,0x86,0xff,0xff,0xff,0xff,0xff,0xfd,0x7a,0x00,0x10,0xeb,0xff,0x42,0x00,0x00,0x00,0x00,0x00,0x00,0x00,
    0x00,0x00,0x00,0x00,0x00,0x00,0x00,0x00,0xc0,0xff,0xac,0x01,0x00,0x4d,0xbd,0xf3,0xf2,0xbd,0x3d,0x00,0x02,0xaf,0xff,0xbd,0x00,0x00,0x00,0x00,0x00,0x00,0x00,0x00,
    0x00,0x00,0x00,0x00,0x00,0x00,0x00,0x00,0x25,0xee,0xff,0xad,0x0f,0x00,0x00,0x00,0x00,0x00,0x00,0x10,0xae,0xff,0xed,0x23,0x00,0x00,0x00,0x00,0x00,0x00,0x00,0x00,
    0x00,0x00,0x00,0x00,0x00,0x00,0x00,0x00,0x00,0x3e,0xed,0xff,0xeb,0x7e,0x32,0x0c,0x0c,0x32,0x7e,0xeb,0xff,0xec,0x3c,0x00,0x00,0x00,0x00,0x00,0x00,0x00,0x00,0x00,
    0x00,0x00,0x00,0x00,0x00,0x00,0x00,0x00,0x00,0x00,0x25,0xbf,0xff,0xff,0xff,0xff,0xff,0xff,0xff,0xff,0xbd,0x23,0x00,0x00,0x00,0x00,0x00,0x00,0x00,0x00,0x00,0x00,
    0x00,0x00,0x00,0x00,0x00,0x00,0x00,0x00,0x00,0x00,0x00,0x00,0x43,0x99,0xd6,0xff,0xff,0xd5,0x99,0x42,0x00,0x00,0x00,0x00,0x00,0x00,0x00,0x00,0x00,0x00,0x00,0x00,
    0x00,0x00,0x00,0x00,0x00,0x00,0x00,0x00,0x00,0x00,0x00,0x00,0x00,0x00,0x00,0xff,0xff,0x00,0x00,0x00,0x00,0x00,0x00,0x00,0x00,0x00,0x00,0x00,0x00,0x00,0x00,0x00,
    0x00,0x00,0x00,0x00,0x00,0x00,0x00,0x00,0x00,0x00,0x00,0x00,0x00,0x00,0x00,0xff,0xff,0x00,0x00,0x00,0x00,0x00,0x00,0x00,0x00,0x00,0x00,0x00,0x00,0x00,0x00,0x00,
    0x00,0x00,0x00,0x00,0x00,0x00,0x00,0x00,0x00,0x55,0xff,0xff,0xff,0xff,0xff,0xff,0xff,0xff,0xff,0xff,0xff,0xff,0x55,0x00,0x00,0x00,0x00,0x00,0x00,0x00,0x00,0x00,
    0x00,0x00,0x00,0x00,0x00,0x00,0x00,0x00,0x00,0x55,0xff,0xff,0xff,0xff,0xff,0xff,0xff,0xff,0xff,0xff,0xff,0xff,0x55,0x00,0x00,0x00,0x00,0x00,0x00,0x00,0x00,0x00,
    0x00,0x00,0x00,0x00,0x00,0x00,0x00,0x00,0x00,0x00,0x00,0x00,0x00,0x00,0x00,0x00,0x00,0x00,0x00,0x00,0x00,0x00,0x00,0x00,0x00,0x00,0x00,0x00,0x00,0x00,0x00,0x00,
    0x00,0x00,0x00,0x00,0x00,0x00,0x00,0x00,0x00,0x00,0x00,0x00,0x00,0x00,0x00,0x00,0x00,0x00,0x00,0x00,0x00,0x00,0x00,0x00,0x00,0x00,0x00,0x00,0x00,0x00,0x00,0x00,
    0x00,0x00,0x00,0x00,0x00,0x00,0x00,0x00,0x00,0x00,0x00,0x00,0x00,0x00,0x00,0x00,0x00,0x00,0x00,0x00,0x00,0x00,0x00,0x00,0x00,0x00,0x00,0x00,0x00,0x00,0x00,0x00,
};

const lv_image_dsc_t pos_app_icon_recorder = {
    .header.magic = LV_IMAGE_HEADER_MAGIC,
    .header.cf = LV_COLOR_FORMAT_A8,
    .header.flags = 0,
    .header.w = 32,
    .header.h = 32,
    .header.stride = 32,
    .data_size = sizeof(pos_app_icon_recorder_map),
    .data = pos_app_icon_recorder_map,
};

static const uint8_t pos_app_icon_settings_map[] LV_ATTRIBUTE_MEM_ALIGN = {
    0x00,0x00,0x00,0x00,0x00,0x00,0x00,0x00,0x00,0x00,0x00,0x00,0x00,0x00,0x00,0x00,0x00,0x00,0x00,0x00,0x00,0x00,0x00,0x00,0x00,0x00,0x00,0x00,0x00,0x00,0x00,0x00,
    0x00,0x00,0x00,0x00,0x00,0x00,0x00,0x00,0x00,0x00,0x00,0x00,0x00,0x00,0x00,0x00,0x00,0x00,0x00,0x00,0x00,0x00,0x00,0x00,0x00,0x00,0x00,0x00,0x00,0x00,0x00,0x00,
    0x00,0x00,0x00,0x00,0x00,0x00,0x00,0x00,0x00,0x00,0x00,0x00,0x00,0x00,0x00,0x00,0x00,0x00,0x00,0x00,0x00,0x00,0x00,0x00,0x00,0x00,0x00,0x00,0x00,0x00,0x00,0x00,
    0x00,0x00,0x00,0x00,0x00,0x55,0xff,0xab,0x00,0x00,0x00,0x00,0x00,0x00,0x00,0xff,0xff,0x00,0x00,0x00,0x00,0x00,0x00,0x00,0xab,0xff,0x55,0x00,0x00,0x00,0x00,0x00,
    0x00,0x00,0x00,0x00,0x00,0x55,0xff,0xab,0x00,0x00,0x00,0x00,0x00,0x00,0x00,0xff,0xff,0x00,0x00,0x00,0x00,0x00,0x00,0x00,0xab,0xff,0x55,0x00,0x00,0x00,0x00,0x00,
    0x00,0x00,0x00,0x00,0x00,0x55,0xff,0xab,0x00,0x00,0x00,0x00,0x00,0x00,0x00,0xff,0xff,0x00,0x00,0x00,0x00,0x00,0x00,0x00,0xab,0xff,0x55,0x00,0x00,0x00,0x00,0x00,
    0x00,0x00,0x00,0x00,0x00,0x55,0xff,0xab,0x00,0x00,0x00,0x00,0x00,0x00,0x00,0xff,0xff,0x00,0x00,0x00,0x00,0x00,0x00,0x00,0xab,0xff,0x55,0x00,0x00,0x00,0x00,0x00,
    0x00,0x00,0x00,0x00,0x00,0x55,0xff,0xab,0x00,0x00,0x00,0x00,0x00,0x00,0x00,0xff,0xff,0x00,0x00,0x00,0x00,0x55,0xff,0xff,0xff,0xff,0xff,0xff,0xff,0x00,0x00,0x00,
    0x00,0x00,0x00,0xab,0xab,0xc7,0xff,0xe3,0xab,0xab,0x38,0x00,0x00,0x00,0x00,0xff,0xff,0x00,0x00,0x00,0x00,0x55,0xff,0xff,0xff,0xff,0xff,0xff,0xff,0x00,0x00,0x00,
    0x00,0x00,0x00,0xff,0xff,0xff,0xff,0xff,0xff,0xff,0x55,0x00,0x00,0x00,0x00,0xff,0xff,0x00,0x00,0x00,0x00,0x55,0xff,0xab,0x00,0x00,0x00,0xff,0xff,0x00,0x00,0x00,
    0x00,0x00,0x00,0xff,0xff,0x68,0x8e,0x7a,0xc7,0xff,0x55,0x00,0x00,0x00,0x00,0xff,0xff,0x00,0x00,0x00,0x00,0x55,0xff,0xab,0x00,0x00,0x00,0xff,0xff,0x00,0x00,0x00,
    0x00,0x00,0x00,0xff,0xff,0x00,0x00,0x00,0xab,0xff,0x55,0x00,0x00,0x00,0x00,0xff,0xff,0x00,0x00,0x00,0x00,0x55,0xff,0xab,0x00,0x00,0x00,0xff,0xff,0x00,0x00,0x00,
    0x00,0x00,0x00,0xff,0xff,0x00,0x00,0x00,0xab,0xff,0x55,0x00,0x00,0x00,0x00,0xff,0xff,0x00,0x00,0x00,0x00,0x55,0xff,0xe3,0xd1,0xe3,0xbd,0xff,0xff,0x00,0x00,0x00,
    0x00,0x00,0x00,0xff,0xff,0x68,0x8e,0x7a,0xc7,0xff,0x55,0x00,0x00,0x00,0x00,0xff,0xff,0x00,0x00,0x00,0x00,0x55,0xff,0xff,0xff,0xff,0xff,0xff,0xff,0x00,0x00,0x00,
    0x00,0x00,0x00,0xff,0xff,0xff,0xff,0xff,0xff,0xff,0x55,0x00,0x00,0x00,0x00,0xff,0xff,0x00,0x00,0x00,0x00,0x1c,0x55,0x55,0xc7,0xff,0x8e,0x55,0x55,0x00,0x00,0x00,
    0x00,0x00,0x00,0xab,0xab,0xc7,0xff,0xe3,0xab,0xab,0x38,0x00,0x00,0x00,0x00,0xff,0xff,0x00,0x00,0x00,0x00,0x00,0x00,0x00,0xab,0xff,0x55,0x00,0x00,0x00,0x00,0x00,
    0x00,0x00,0x00,0x00,0x00,0x55,0xff,0xab,0x00,0x00,0x00,0x00,0x00,0x00,0x00,0xff,0xff,0x00,0x00,0x00,0x00,0x00,0x00,0x00,0xab,0xff,0x55,0x00,0x00,0x00,0x00,0x00,
    0x00,0x00,0x00,0x00,0x00,0x55,0xff,0xab,0x00,0x00,0x00,0x00,0x38,0x55,0x55,0xff,0xff,0x55,0x55,0x38,0x00,0x00,0x00,0x00,0xab,0xff,0x55,0x00,0x00,0x00,0x00,0x00,
    0x00,0x00,0x00,0x00,0x00,0x55,0xff,0xab,0x00,0x00,0x00,0x00,0xab,0xff,0xff,0xff,0xff,0xff,0xff,0xab,0x00,0x00,0x00,0x00,0xab,0xff,0x55,0x00,0x00,0x00,0x00,0x00,
    0x00,0x00,0x00,0x00,0x00,0x55,0xff,0xab,0x00,0x00,0x00,0x00,0xab,0xff,0xc7,0xe3,0xe3,0xc7,0xff,0xab,0x00,0x00,0x00,0x00,0xab,0xff,0x55,0x00,0x00,0x00,0x00,0x00,
    0x00,0x00,0x00,0x00,0x00,0x55,0xff,0xab,0x00,0x00,0x00,0x00,0xab,0xff,0x55,0x00,0x00,0x55,0xff,0xab,0x00,0x00,0x00,0x00,0xab,0xff,0x55,0x00,0x00,0x00,0x00,0x00,
    0x00,0x00,0x00,0x00,0x00,0x55,0xff,0xab,0x00,0x00,0x00,0x00,0xab,0xff,0x55,0x00,0x00,0x55,0xff,0xab,0x00,0x00,0x00,0x00,0xab,0xff,0x55,0x00,0x00,0x00,0x00,0x00,
    0x00,0x00,0x00,0x00,0x00,0x55,0xff,0xab,0x00,0x00,0x00,0x00,0xab,0xff,0x55,0x00,0x00,0x55,0xff,0xab,0x00,0x00,0x00,0x00,0xab,0xff,0x55,0x00,0x00,0x00,0x00,0x00,
    0x00,0x00,0x00,0x00,0x00,0x55,0xff,0xab,0x00,0x00,0x00,0x00,0xab,0xff,0xff,0xff,0xff,0xff,0xff,0xab,0x00,0x00,0x00,0x00,0xab,0xff,0x55,0x00,0x00,0x00,0x00,0x00,
    0x00,0x00,0x00,0x00,0x00,0x55,0xff,0xab,0x00,0x00,0x00,0x00,0xab,0xff,0xff,0xff,0xff,0xff,0xff,0xab,0x00,0x00,0x00,0x00,0xab,0xff,0x55,0x00,0x00,0x00,0x00,0x00,
    0x00,0x00,0x00,0x00,0x00,0x55,0xff,0xab,0x00,0x00,0x00,0x00,0x00,0x00,0x00,0xff,0xff,0x00,0x00,0x00,0x00,0x00,0x00,0x00,0xab,0xff,0x55,0x00,0x00,0x00,0x00,0x00,
    0x00,0x00,0x00,0x00,0x00,0x55,0xff,0xab,0x00,0x00,0x00,0x00,0x00,0x00,0x00,0xff,0xff,0x00,0x00,0x00,0x00,0x00,0x00,0x00,0xab,0xff,0x55,0x00,0x00,0x00,0x00,0x00,
    0x00,0x00,0x00,0x00,0x00,0x55,0xff,0xab,0x00,0x00,0x00,0x00,0x00,0x00,0x00,0xff,0xff,0x00,0x00,0x00,0x00,0x00,0x00,0x00,0xab,0xff,0x55,0x00,0x00,0x00,0x00,0x00,
    0x00,0x00,0x00,0x00,0x00,0x55,0xff,0xab,0x00,0x00,0x00,0x00,0x00,0x00,0x00,0xff,0xff,0x00,0x00,0x00,0x00,0x00,0x00,0x00,0xab,0xff,0x55,0x00,0x00,0x00,0x00,0x00,
    0x00,0x00,0x00,0x00,0x00,0x00,0x00,0x00,0x00,0x00,0x00,0x00,0x00,0x00,0x00,0x00,0x00,0x00,0x00,0x00,0x00,0x00,0x00,0x00,0x00,0x00,0x00,0x00,0x00,0x00,0x00,0x00,
    0x00,0x00,0x00,0x00,0x00,0x00,0x00,0x00,0x00,0x00,0x00,0x00,0x00,0x00,0x00,0x00,0x00,0x00,0x00,0x00,0x00,0x00,0x00,0x00,0x00,0x00,0x00,0x00,0x00,0x00,0x00,0x00,
    0x00,0x00,0x00,0x00,0x00,0x00,0x00,0x00,0x00,0x00,0x00,0x00,0x00,0x00,0x00,0x00,0x00,0x00,0x00,0x00,0x00,0x00,0x00,0x00,0x00,0x00,0x00,0x00,0x00,0x00,0x00,0x00,
};

const lv_image_dsc_t pos_app_icon_settings = {
    .header.magic = LV_IMAGE_HEADER_MAGIC,
    .header.cf = LV_COLOR_FORMAT_A8,
    .header.flags = 0,
    .header.w = 32,
    .header.h = 32,
    .header.stride = 32,
    .data_size = sizeof(pos_app_icon_settings_map),
    .data = pos_app_icon_settings_map,
};

static const uint8_t pos_app_icon_solitaire_map[] LV_ATTRIBUTE_MEM_ALIGN = {
    0x00,0x00,0x00,0x00,0x00,0x00,0x00,0x00,0x00,0x00,0x00,0x00,0x00,0x00,0x00,0x00,0x00,0x00,0x00,0x00,0x00,0x00,0x00,0x00,0x00,0x00,0x00,0x00,0x00,0x00,0x00,0x00,
    0x00,0x00,0x00,0x00,0x00,0x00,0x00,0x00,0x00,0x00,0x00,0x00,0x00,0x00,0x00,0x00,0x00,0x00,0x00,0x00,0x00,0x00,0x00,0x00,0x00,0x00,0x00,0x00,0x00,0x00,0x00,0x00,
    0x00,0x00,0x00,0x00,0x00,0x00,0x00,0x00,0x00,0x00,0x00,0x00,0x00,0x00,0x00,0x00,0x00,0x00,0x00,0x00,0x00,0x00,0x00,0x00,0x00,0x00,0x00,0x00,0x00,0x00,0x00,0x00,
    0x00,0x00,0x00,0x00,0x00,0x00,0x00,0xcf,0xff,0xff,0xff,0xff,0xff,0xff,0xff,0xff,0xff,0xff,0xff,0xff,0xff,0xff,0xff,0xff,0xcf,0x00,0x00,0x00,0x00,0x00,0x00,0x00,
    0x00,0x00,0x00,0x00,0x00,0x00,0x00,0xff,0xff,0xff,0xff,0xff,0xff,0xff,0xff,0xff,0xff,0xff,0xff,0xff,0xff,0xff,0xff,0xff,0xff,0x00,0x00,0x00,0x00,0x00,0x00,0x00,
    0x00,0x00,0x00,0x00,0x00,0x00,0x00,0xff,0xff,0x00,0x00,0x00,0x00,0x00,0x00,0x00,0x00,0x00,0x00,0x00,0x00,0x00,0x00,0xff,0xff,0x00,0x00,0x00,0x00,0x00,0x00,0x00,
    0x00,0x00,0x00,0x00,0x00,0x00,0x00,0xff,0xff,0x00,0x00,0x00,0x00,0x00,0x00,0x00,0x00,0x00,0x00,0x00,0x00,0x00,0x00,0xff,0xff,0x00,0x00,0x00,0x00,0x00,0x00,0x00,
    0x00,0x00,0x00,0x00,0x00,0x00,0x00,0xff,0xff,0xff,0xff,0xff,0xff,0xff,0xff,0xff,0xff,0xff,0xff,0xff,0xff,0xff,0xff,0xff,0xff,0x00,0x00,0x00,0x00,0x00,0x00,0x00,
    0x00,0x00,0x00,0x00,0x00,0x00,0x00,0xff,0xff,0xff,0xff,0xff,0xff,0xff,0xff,0xff,0xff,0xff,0xff,0xff,0xff,0xff,0xff,0xff,0xff,0x00,0x00,0x00,0x00,0x00,0x00,0x00,
    0x00,0x00,0x00,0x00,0x00,0x00,0x00,0xff,0xff,0x00,0x00,0x00,0x00,0x00,0x00,0x00,0x00,0x00,0x00,0x00,0x00,0x00,0x00,0xff,0xff,0x00,0x00,0x00,0x00,0x00,0x00,0x00,
    0x00,0x00,0x00,0x00,0x00,0x00,0x00,0xff,0xff,0x00,0x00,0x00,0x00,0x00,0x00,0x00,0x00,0x00,0x00,0x00,0x00,0x00,0x00,0xff,0xff,0x00,0x00,0x00,0x00,0x00,0x00,0x00,
    0x00,0x00,0x00,0x00,0x00,0x00,0x00,0xff,0xff,0xff,0xff,0xff,0xff,0xff,0xff,0xff,0xff,0xff,0xff,0xff,0xff,0xff,0xff,0xff,0xff,0x00,0x00,0x00,0x00,0x00,0x00,0x00,
    0x00,0x00,0x00,0x00,0x00,0x00,0x00,0xff,0xff,0xff,0xff,0xff,0xff,0xff,0xff,0xff,0xff,0xff,0xff,0xff,0xff,0xff,0xff,0xff,0xff,0x00,0x00,0x00,0x00,0x00,0x00,0x00,
    0x00,0x00,0x00,0x00,0x00,0x00,0x00,0xff,0xff,0x00,0x00,0x00,0x00,0x00,0x00,0x00,0x00,0x00,0x00,0x00,0x00,0x00,0x00,0xff,0xff,0x00,0x00,0x00,0x00,0x00,0x00,0x00,
    0x00,0x00,0x00,0x00,0x00,0x00,0x00,0xff,0xff,0x00,0x00,0x00,0x00,0x00,0x00,0x00,0x00,0x00,0x00,0x00,0x00,0x00,0x00,0xff,0xff,0x00,0x00,0x00,0x00,0x00,0x00,0x00,
    0x00,0x00,0x00,0x00,0x00,0x00,0x00,0xff,0xff,0x00,0x00,0x00,0x00,0x00,0x10,0xcf,0xcf,0x10,0x00,0x00,0x00,0x00,0x00,0xff,0xff,0x00,0x00,0x00,0x00,0x00,0x00,0x00,
    0x00,0x00,0x00,0x00,0x00,0x00,0x00,0xff,0xff,0x00,0x00,0x00,0x00,0x00,0xaf,0xff,0xff,0xaf,0x00,0x00,0x00,0x00,0x00,0xff,0xff,0x00,0x00,0x00,0x00,0x00,0x00,0x00,
    0x00,0x00,0x00,0x00,0x00,0x00,0x00,0xff,0xff,0x00,0x00,0x00,0x00,0x8f,0xff,0xef,0xef,0xff,0x8f,0x00,0x00,0x00,0x00,0xff,0xff,0x00,0x00,0x00,0x00,0x00,0x00,0x00,
    0x00,0x00,0x00,0x00,0x00,0x00,0x00,0xff,0xff,0x00,0x00,0x00,0x60,0xff,0xff,0x30,0x30,0xff,0xff,0x60,0x00,0x00,0x00,0xff,0xff,0x00,0x00,0x00,0x00,0x00,0x00,0x00,
    0x00,0x00,0x00,0x00,0x00,0x00,0x00,0xff,0xff,0x00,0x00,0x20,0xff,0xff,0x60,0x00,0x00,0x60,0xff,0xff,0x20,0x00,0x00,0xff,0xff,0x00,0x00,0x00,0x00,0x00,0x00,0x00,
    0x00,0x00,0x00,0x00,0x00,0x00,0x00,0xff,0xff,0x00,0x00,0x20,0xff,0xff,0x60,0x00,0x00,0x60,0xff,0xff,0x20,0x00,0x00,0xff,0xff,0x00,0x00,0x00,0x00,0x00,0x00,0x00,
    0x00,0x00,0x00,0x00,0x00,0x00,0x00,0xff,0xff,0x00,0x00,0x00,0x60,0xff,0xff,0x30,0x30,0xff,0xff,0x60,0x00,0x00,0x00,0xff,0xff,0x00,0x00,0x00,0x00,0x00,0x00,0x00,
    0x00,0x00,0x00,0x00,0x00,0x00,0x00,0xff,0xff,0x00,0x00,0x00,0x00,0x8f,0xff,0xef,0xef,0xff,0x8f,0x00,0x00,0x00,0x00,0xff,0xff,0x00,0x00,0x00,0x00,0x00,0x00,0x00,
    0x00,0x00,0x00,0x00,0x00,0x00,0x00,0xff,0xff,0x00,0x00,0x00,0x00,0x00,0xaf,0xff,0xff,0xaf,0x00,0x00,0x00,0x00,0x00,0xff,0xff,0x00,0x00,0x00,0x00,0x00,0x00,0x00,
    0x00,0x00,0x00,0x00,0x00,0x00,0x00,0xff,0xff,0x00,0x00,0x00,0x00,0x00,0x10,0xcf,0xcf,0x10,0x00,0x00,0x00,0x00,0x00,0xff,0xff,0x00,0x00,0x00,0x00,0x00,0x00,0x00,
    0x00,0x00,0x00,0x00,0x00,0x00,0x00,0xff,0xff,0x00,0x00,0x00,0x00,0x00,0x00,0x00,0x00,0x00,0x00,0x00,0x00,0x00,0x00,0xff,0xff,0x00,0x00,0x00,0x00,0x00,0x00,0x00,
    0x00,0x00,0x00,0x00,0x00,0x00,0x00,0xff,0xff,0x00,0x00,0x00,0x00,0x00,0x00,0x00,0x00,0x00,0x00,0x00,0x00,0x00,0x00,0xff,0xff,0x00,0x00,0x00,0x00,0x00,0x00,0x00,
    0x00,0x00,0x00,0x00,0x00,0x00,0x00,0xff,0xff,0xff,0xff,0xff,0xff,0xff,0xff,0xff,0xff,0xff,0xff,0xff,0xff,0xff,0xff,0xff,0xff,0x00,0x00,0x00,0x00,0x00,0x00,0x00,
    0x00,0x00,0x00,0x00,0x00,0x00,0x00,0xcf,0xff,0xff,0xff,0xff,0xff,0xff,0xff,0xff,0xff,0xff,0xff,0xff,0xff,0xff,0xff,0xff,0xcf,0x00,0x00,0x00,0x00,0x00,0x00,0x00,
    0x00,0x00,0x00,0x00,0x00,0x00,0x00,0x00,0x00,0x00,0x00,0x00,0x00,0x00,0x00,0x00,0x00,0x00,0x00,0x00,0x00,0x00,0x00,0x00,0x00,0x00,0x00,0x00,0x00,0x00,0x00,0x00,
    0x00,0x00,0x00,0x00,0x00,0x00,0x00,0x00,0x00,0x00,0x00,0x00,0x00,0x00,0x00,0x00,0x00,0x00,0x00,0x00,0x00,0x00,0x00,0x00,0x00,0x00,0x00,0x00,0x00,0x00,0x00,0x00,
    0x00,0x00,0x00,0x00,0x00,0x00,0x00,0x00,0x00,0x00,0x00,0x00,0x00,0x00,0x00,0x00,0x00,0x00,0x00,0x00,0x00,0x00,0x00,0x00,0x00,0x00,0x00,0x00,0x00,0x00,0x00,0x00,
};

const lv_image_dsc_t pos_app_icon_solitaire = {
    .header.magic = LV_IMAGE_HEADER_MAGIC,
    .header.cf = LV_COLOR_FORMAT_A8,
    .header.flags = 0,
    .header.w = 32,
    .header.h = 32,
    .header.stride = 32,
    .data_size = sizeof(pos_app_icon_solitaire_map),
    .data = pos_app_icon_solitaire_map,
};

static const uint8_t pos_app_icon_system_map[] LV_ATTRIBUTE_MEM_ALIGN = {
    0x00,0x00,0x00,0x00,0x00,0x00,0x00,0x00,0x00,0x00,0x00,0x00,0x00,0x00,0x00,0x00,0x00,0x00,0x00,0x00,0x00,0x00,0x00,0x00,0x00,0x00,0x00,0x00,0x00,0x00,0x00,0x00,
    0x00,0x00,0x00,0x00,0x00,0x00,0x00,0x00,0x00,0x00,0x00,0x00,0x00,0x00,0x00,0x00,0x00,0x00,0x00,0x00,0x00,0x00,0x00,0x00,0x00,0x00,0x00,0x00,0x00,0x00,0x00,0x00,
    0x00,0x00,0x00,0x00,0x00,0x00,0x00,0x00,0x00,0x00,0x00,0x00,0x00,0x00,0x00,0x00,0x00,0x00,0x00,0x00,0x00,0x00,0x00,0x00,0x00,0x00,0x00,0x00,0x00,0x00,0x00,0x00,
    0x00,0x00,0x00,0x00,0x00,0x00,0x00,0x00,0x00,0x55,0xff,0xab,0x00,0x00,0x00,0xff,0xff,0x00,0x00,0x00,0xab,0xff,0x55,0x00,0x00,0x00,0x00,0x00,0x00,0x00,0x00,0x00,
    0x00,0x00,0x00,0x00,0x00,0x00,0x00,0x00,0x00,0x55,0xff,0xab,0x00,0x00,0x00,0xff,0xff,0x00,0x00,0x00,0xab,0xff,0x55,0x00,0x00,0x00,0x00,0x00,0x00,0x00,0x00,0x00,
    0x00,0x00,0x00,0x00,0x00,0x00,0x00,0x00,0x00,0x55,0xff,0xab,0x00,0x00,0x00,0xff,0xff,0x00,0x00,0x00,0xab,0xff,0x55,0x00,0x00,0x00,0x00,0x00,0x00,0x00,0x00,0x00,
    0x00,0x00,0x00,0x00,0x00,0x00,0x00,0x00,0x00,0x55,0xff,0xab,0x00,0x00,0x00,0xff,0xff,0x00,0x00,0x00,0xab,0xff,0x55,0x00,0x00,0x00,0x00,0x00,0x00,0x00,0x00,0x00,
    0x00,0x00,0x00,0x00,0x00,0x00,0x00,0xff,0xff,0xff,0xff,0xff,0xff,0xff,0xff,0xff,0xff,0xff,0xff,0xff,0xff,0xff,0xff,0xff,0xff,0x00,0x00,0x00,0x00,0x00,0x00,0x00,
    0x00,0x00,0x00,0x00,0x00,0x00,0x00,0xff,0xff,0xff,0xff,0xff,0xff,0xff,0xff,0xff,0xff,0xff,0xff,0xff,0xff,0xff,0xff,0xff,0xff,0x00,0x00,0x00,0x00,0x00,0x00,0x00,
    0x00,0x00,0x00,0x55,0x55,0x55,0x55,0xff,0xff,0x00,0x00,0x00,0x00,0x00,0x00,0x00,0x00,0x00,0x00,0x00,0x00,0x00,0x00,0xff,0xff,0x55,0x55,0x55,0x55,0x00,0x00,0x00,
    0x00,0x00,0x00,0xff,0xff,0xff,0xff,0xff,0xff,0x00,0x00,0x00,0x00,0x00,0x00,0x00,0x00,0x00,0x00,0x00,0x00,0x00,0x00,0xff,0xff,0xff,0xff,0xff,0xff,0x00,0x00,0x00,
    0x00,0x00,0x00,0xab,0xab,0xab,0xab,0xff,0xff,0x00,0x00,0x00,0x00,0x00,0x00,0x00,0x00,0x00,0x00,0x00,0x00,0x00,0x00,0xff,0xff,0xab,0xab,0xab,0xab,0x00,0x00,0x00,
    0x00,0x00,0x00,0x00,0x00,0x00,0x00,0xff,0xff,0x00,0x00,0x00,0x00,0x00,0x00,0x00,0x00,0x00,0x00,0x00,0x00,0x00,0x00,0xff,0xff,0x00,0x00,0x00,0x00,0x00,0x00,0x00,
    0x00,0x00,0x00,0x00,0x00,0x00,0x00,0xff,0xff,0x00,0x00,0x00,0x00,0x00,0x00,0x00,0x00,0x00,0x00,0x00,0x00,0x00,0x00,0xff,0xff,0x00,0x00,0x00,0x00,0x00,0x00,0x00,
    0x00,0x00,0x00,0x00,0x00,0x00,0x00,0xff,0xff,0x00,0x00,0x00,0x00,0x00,0x00,0x00,0x00,0x00,0x00,0x00,0x00,0x00,0x00,0xff,0xff,0x00,0x00,0x00,0x00,0x00,0x00,0x00,
    0x00,0x00,0x00,0xff,0xff,0xff,0xff,0xff,0xff,0x00,0x00,0xff,0xff,0xff,0xff,0xff,0xff,0xff,0xff,0xff,0xff,0x00,0x00,0xff,0xff,0xff,0xff,0xff,0xff,0x00,0x00,0x00,
    0x00,0x00,0x00,0xff,0xff,0xff,0xff,0xff,0xff,0x00,0x00,0xff,0xff,0xff,0xff,0xff,0xff,0xff,0xff,0xff,0xff,0x00,0x00,0xff,0xff,0xff,0xff,0xff,0xff,0x00,0x00,0x00,
    0x00,0x00,0x00,0x00,0x00,0x00,0x00,0xff,0xff,0x00,0x00,0x00,0x00,0x00,0x00,0x00,0x00,0x00,0x00,0x00,0x00,0x00,0x00,0xff,0xff,0x00,0x00,0x00,0x00,0x00,0x00,0x00,
    0x00,0x00,0x00,0x00,0x00,0x00,0x00,0xff,0xff,0x00,0x00,0x00,0x00,0x00,0x00,0x00,0x00,0x00,0x00,0x00,0x00,0x00,0x00,0xff,0xff,0x00,0x00,0x00,0x00,0x00,0x00,0x00,
    0x00,0x00,0x00,0x00,0x00,0x00,0x00,0xff,0xff,0x00,0x00,0x00,0x00,0x00,0x00,0x00,0x00,0x00,0x00,0x00,0x00,0x00,0x00,0xff,0xff,0x00,0x00,0x00,0x00,0x00,0x00,0x00,
    0x00,0x00,0x00,0xab,0xab,0xab,0xab,0xff,0xff,0x00,0x00,0x00,0x00,0x00,0x00,0x00,0x00,0x00,0x00,0x00,0x00,0x00,0x00,0xff,0xff,0xab,0xab,0xab,0xab,0x00,0x00,0x00,
    0x00,0x00,0x00,0xff,0xff,0xff,0xff,0xff,0xff,0x00,0x00,0x00,0x00,0x00,0x00,0x00,0x00,0x00,0x00,0x00,0x00,0x00,0x00,0xff,0xff,0xff,0xff,0xff,0xff,0x00,0x00,0x00,
    0x00,0x00,0x00,0x55,0x55,0x55,0x55,0xff,0xff,0x00,0x00,0x00,0x00,0x00,0x00,0x00,0x00,0x00,0x00,0x00,0x00,0x00,0x00,0xff,0xff,0x55,0x55,0x55,0x55,0x00,0x00,0x00,
    0x00,0x00,0x00,0x00,0x00,0x00,0x00,0xff,0xff,0xff,0xff,0xff,0xff,0xff,0xff,0xff,0xff,0xff,0xff,0xff,0xff,0xff,0xff,0xff,0xff,0x00,0x00,0x00,0x00,0x00,0x00,0x00,
    0x00,0x00,0x00,0x00,0x00,0x00,0x00,0xff,0xff,0xff,0xff,0xff,0xff,0xff,0xff,0xff,0xff,0xff,0xff,0xff,0xff,0xff,0xff,0xff,0xff,0x00,0x00,0x00,0x00,0x00,0x00,0x00,
    0x00,0x00,0x00,0x00,0x00,0x00,0x00,0x00,0x00,0x55,0xff,0xab,0x00,0x00,0x00,0xff,0xff,0x00,0x00,0x00,0xab,0xff,0x55,0x00,0x00,0x00,0x00,0x00,0x00,0x00,0x00,0x00,
    0x00,0x00,0x00,0x00,0x00,0x00,0x00,0x00,0x00,0x55,0xff,0xab,0x00,0x00,0x00,0xff,0xff,0x00,0x00,0x00,0xab,0xff,0x55,0x00,0x00,0x00,0x00,0x00,0x00,0x00,0x00,0x00,
    0x00,0x00,0x00,0x00,0x00,0x00,0x00,0x00,0x00,0x55,0xff,0xab,0x00,0x00,0x00,0xff,0xff,0x00,0x00,0x00,0xab,0xff,0x55,0x00,0x00,0x00,0x00,0x00,0x00,0x00,0x00,0x00,
    0x00,0x00,0x00,0x00,0x00,0x00,0x00,0x00,0x00,0x55,0xff,0xab,0x00,0x00,0x00,0xff,0xff,0x00,0x00,0x00,0xab,0xff,0x55,0x00,0x00,0x00,0x00,0x00,0x00,0x00,0x00,0x00,
    0x00,0x00,0x00,0x00,0x00,0x00,0x00,0x00,0x00,0x00,0x00,0x00,0x00,0x00,0x00,0x00,0x00,0x00,0x00,0x00,0x00,0x00,0x00,0x00,0x00,0x00,0x00,0x00,0x00,0x00,0x00,0x00,
    0x00,0x00,0x00,0x00,0x00,0x00,0x00,0x00,0x00,0x00,0x00,0x00,0x00,0x00,0x00,0x00,0x00,0x00,0x00,0x00,0x00,0x00,0x00,0x00,0x00,0x00,0x00,0x00,0x00,0x00,0x00,0x00,
    0x00,0x00,0x00,0x00,0x00,0x00,0x00,0x00,0x00,0x00,0x00,0x00,0x00,0x00,0x00,0x00,0x00,0x00,0x00,0x00,0x00,0x00,0x00,0x00,0x00,0x00,0x00,0x00,0x00,0x00,0x00,0x00,
};

const lv_image_dsc_t pos_app_icon_system = {
    .header.magic = LV_IMAGE_HEADER_MAGIC,
    .header.cf = LV_COLOR_FORMAT_A8,
    .header.flags = 0,
    .header.w = 32,
    .header.h = 32,
    .header.stride = 32,
    .data_size = sizeof(pos_app_icon_system_map),
    .data = pos_app_icon_system_map,
};

static const uint8_t pos_app_icon_timber_map[] LV_ATTRIBUTE_MEM_ALIGN = {
    0x00,0x00,0x00,0x00,0x00,0x00,0x00,0x00,0x00,0x00,0x00,0x00,0x00,0x00,0x00,0x00,0x00,0x00,0x00,0x00,0x00,0x00,0x00,0x00,0x00,0x00,0x00,0x00,0x00,0x00,0x00,0x00,
    0x00,0x00,0x00,0x00,0x00,0x00,0x00,0x00,0x00,0x00,0x00,0x00,0x00,0x00,0x00,0x00,0x00,0x00,0x00,0x00,0x00,0x00,0x00,0x00,0x00,0x00,0x00,0x00,0x00,0x00,0x00,0x00,
    0x00,0x00,0x00,0x00,0x00,0x00,0x00,0x00,0x00,0x00,0x00,0x00,0x00,0x00,0x00,0x00,0x00,0x00,0x00,0x00,0x00,0x00,0x00,0x00,0x00,0x00,0x00,0x00,0x00,0x00,0x00,0x00,
    0x00,0x00,0x00,0x00,0x00,0x55,0xff,0xff,0xff,0xff,0xff,0xff,0xff,0xff,0xff,0xff,0xff,0xff,0xff,0xff,0xff,0xff,0xff,0xff,0xff,0xff,0xff,0xab,0x00,0x00,0x00,0x00,
    0x00,0x00,0x00,0x00,0x00,0x55,0xff,0xff,0xff,0xff,0xff,0xff,0xff,0xff,0xff,0xff,0xff,0xff,0xff,0xff,0xff,0xff,0xff,0xff,0xff,0xff,0xff,0xab,0x00,0x00,0x00,0x00,
    0x00,0x00,0x00,0x00,0x00,0x55,0xff,0xab,0x00,0x00,0x00,0x00,0x00,0x00,0x00,0x00,0x00,0x00,0x00,0x00,0x00,0x00,0x00,0x00,0x00,0x55,0xff,0xab,0x00,0x00,0x00,0x00,
    0x00,0x00,0x00,0x00,0x00,0x55,0xff,0xab,0x00,0x00,0x00,0x00,0x00,0x00,0x00,0x00,0x00,0x00,0x00,0x00,0x00,0x00,0x00,0x00,0x00,0x55,0xff,0xab,0x00,0x00,0x00,0x00,
    0x00,0x00,0x00,0x00,0x00,0x55,0xff,0xab,0x00,0x00,0x00,0x00,0x00,0x00,0x00,0x00,0x00,0x00,0x00,0x00,0x00,0x00,0x00,0x00,0x00,0x55,0xff,0xab,0x00,0x00,0x00,0x00,
    0x00,0x00,0x00,0x00,0x00,0x55,0xff,0xab,0x00,0x00,0x00,0x00,0x00,0x00,0x00,0x00,0x00,0x00,0x00,0x00,0x00,0x00,0x00,0x00,0x00,0x55,0xff,0xab,0x00,0x00,0x00,0x00,
    0x00,0x00,0x00,0x00,0x00,0x55,0xff,0xab,0x00,0x00,0x00,0x00,0x00,0x00,0x00,0x00,0x00,0x00,0x00,0x00,0x00,0x00,0x00,0x00,0x00,0x55,0xff,0xab,0x00,0x00,0x00,0x00,
    0x00,0x00,0x00,0x00,0x00,0x55,0xff,0xab,0x00,0x00,0x00,0x00,0x00,0x00,0x00,0x00,0x00,0x00,0x00,0x00,0x00,0x00,0x00,0x00,0x00,0x55,0xff,0xab,0x00,0x00,0x00,0x00,
    0x00,0x55,0xff,0xff,0xff,0xff,0xff,0xff,0xff,0xff,0xff,0xff,0xff,0xff,0xff,0xff,0xff,0xff,0xff,0xff,0xff,0xff,0xff,0xff,0xff,0xff,0xff,0xab,0x00,0x00,0x00,0x00,
    0x00,0x55,0xff,0xff,0xff,0xff,0xff,0xff,0xff,0xff,0xff,0xff,0xff,0xff,0xff,0xff,0xff,0xff,0xff,0xff,0xff,0xff,0xff,0xff,0xff,0xff,0xff,0xab,0x00,0x00,0x00,0x00,
    0x00,0x55,0xff,0xab,0x00,0x00,0x00,0x00,0x00,0x00,0x00,0x00,0x00,0x00,0x00,0x00,0x00,0x00,0x00,0x00,0x00,0x55,0xff,0xab,0x00,0x00,0x00,0x00,0x00,0x00,0x00,0x00,
    0x00,0x55,0xff,0xab,0x00,0x00,0x00,0x00,0x00,0x00,0x00,0x00,0x00,0x00,0x00,0x00,0x00,0x00,0x00,0x00,0x00,0x55,0xff,0xab,0x00,0x00,0x00,0x00,0x00,0x00,0x00,0x00,
    0x00,0x55,0xff,0xab,0x00,0x00,0x00,0x00,0x00,0x00,0x00,0x00,0x00,0x00,0x00,0x00,0x00,0x00,0x00,0x00,0x00,0x55,0xff,0xab,0x00,0x00,0x00,0x00,0x00,0x00,0x00,0x00,
    0x00,0x55,0xff,0xab,0x00,0x00,0x00,0x00,0x00,0x00,0x00,0x00,0x00,0x00,0x00,0x00,0x00,0x00,0x00,0x00,0x00,0x55,0xff,0xab,0x00,0x00,0x00,0x00,0x00,0x00,0x00,0x00,
    0x00,0x55,0xff,0xab,0x00,0x00,0x00,0x00,0x00,0x00,0x00,0x00,0x00,0x00,0x00,0x00,0x00,0x00,0x00,0x00,0x00,0x55,0xff,0xab,0x00,0x00,0x00,0x00,0x00,0x00,0x00,0x00,
    0x00,0x55,0xff,0xab,0x00,0x00,0x00,0x00,0x00,0x00,0x00,0x00,0x00,0x00,0x00,0x00,0x00,0x00,0x00,0x00,0x00,0x55,0xff,0xab,0x00,0x00,0x00,0x00,0x00,0x00,0x00,0x00,
    0x00,0x55,0xff,0xff,0xff,0xff,0xff,0xff,0xff,0xff,0xff,0xff,0xff,0xff,0xff,0xff,0xff,0xff,0xff,0xff,0xff,0xff,0xff,0xff,0xff,0xff,0xff,0xab,0x00,0x00,0x00,0x00,
    0x00,0x55,0xff,0xff,0xff,0xff,0xff,0xff,0xff,0xff,0xff,0xff,0xff,0xff,0xff,0xff,0xff,0xff,0xff,0xff,0xff,0xff,0xff,0xff,0xff,0xff,0xff,0xab,0x00,0x00,0x00,0x00,
    0x00,0x00,0x00,0x00,0x00,0x55,0xff,0xab,0x00,0x00,0x00,0x00,0x00,0x00,0x00,0x00,0x00,0x00,0x00,0x00,0x00,0x00,0x00,0x00,0x00,0x55,0xff,0xab,0x00,0x00,0x00,0x00,
    0x00,0x00,0x00,0x00,0x00,0x55,0xff,0xab,0x00,0x00,0x00,0x00,0x00,0x00,0x00,0x00,0x00,0x00,0x00,0x00,0x00,0x00,0x00,0x00,0x00,0x55,0xff,0xab,0x00,0x00,0x00,0x00,
    0x00,0x00,0x00,0x00,0x00,0x55,0xff,0xab,0x00,0x00,0x00,0x00,0x00,0x00,0x00,0x00,0x00,0x00,0x00,0x00,0x00,0x00,0x00,0x00,0x00,0x55,0xff,0xab,0x00,0x00,0x00,0x00,
    0x00,0x00,0x00,0x00,0x00,0x55,0xff,0xab,0x00,0x00,0x00,0x00,0x00,0x00,0x00,0x00,0x00,0x00,0x00,0x00,0x00,0x00,0x00,0x00,0x00,0x55,0xff,0xab,0x00,0x00,0x00,0x00,
    0x00,0x00,0x00,0x00,0x00,0x55,0xff,0xab,0x00,0x00,0x00,0x00,0x00,0x00,0x00,0x00,0x00,0x00,0x00,0x00,0x00,0x00,0x00,0x00,0x00,0x55,0xff,0xab,0x00,0x00,0x00,0x00,
    0x00,0x00,0x00,0x00,0x00,0x55,0xff,0xab,0x00,0x00,0x00,0x00,0x00,0x00,0x00,0x00,0x00,0x00,0x00,0x00,0x00,0x00,0x00,0x00,0x00,0x55,0xff,0xab,0x00,0x00,0x00,0x00,
    0x00,0x00,0x00,0x00,0x00,0x55,0xff,0xff,0xff,0xff,0xff,0xff,0xff,0xff,0xff,0xff,0xff,0xff,0xff,0xff,0xff,0xff,0xff,0xff,0xff,0xff,0xff,0xab,0x00,0x00,0x00,0x00,
    0x00,0x00,0x00,0x00,0x00,0x55,0xff,0xff,0xff,0xff,0xff,0xff,0xff,0xff,0xff,0xff,0xff,0xff,0xff,0xff,0xff,0xff,0xff,0xff,0xff,0xff,0xff,0xab,0x00,0x00,0x00,0x00,
    0x00,0x00,0x00,0x00,0x00,0x00,0x00,0x00,0x00,0x00,0x00,0x00,0x00,0x00,0x00,0x00,0x00,0x00,0x00,0x00,0x00,0x00,0x00,0x00,0x00,0x00,0x00,0x00,0x00,0x00,0x00,0x00,
    0x00,0x00,0x00,0x00,0x00,0x00,0x00,0x00,0x00,0x00,0x00,0x00,0x00,0x00,0x00,0x00,0x00,0x00,0x00,0x00,0x00,0x00,0x00,0x00,0x00,0x00,0x00,0x00,0x00,0x00,0x00,0x00,
    0x00,0x00,0x00,0x00,0x00,0x00,0x00,0x00,0x00,0x00,0x00,0x00,0x00,0x00,0x00,0x00,0x00,0x00,0x00,0x00,0x00,0x00,0x00,0x00,0x00,0x00,0x00,0x00,0x00,0x00,0x00,0x00,
};

const lv_image_dsc_t pos_app_icon_timber = {
    .header.magic = LV_IMAGE_HEADER_MAGIC,
    .header.cf = LV_COLOR_FORMAT_A8,
    .header.flags = 0,
    .header.w = 32,
    .header.h = 32,
    .header.stride = 32,
    .data_size = sizeof(pos_app_icon_timber_map),
    .data = pos_app_icon_timber_map,
};

static const uint8_t pos_app_icon_video_map[] LV_ATTRIBUTE_MEM_ALIGN = {
    0x00,0x00,0x00,0x00,0x00,0x00,0x00,0x00,0x00,0x00,0x00,0x00,0x00,0x00,0x00,0x00,0x00,0x00,0x00,0x00,0x00,0x00,0x00,0x00,0x00,0x00,0x00,0x00,0x00,0x00,0x00,0x00,
    0x00,0x00,0x00,0x00,0x00,0x00,0x00,0x00,0x00,0x00,0x00,0x00,0x00,0x00,0x00,0x00,0x00,0x00,0x00,0x00,0x00,0x00,0x00,0x00,0x00,0x00,0x00,0x00,0x00,0x00,0x00,0x00,
    0x00,0x00,0x00,0x00,0x00,0x00,0x00,0x00,0x00,0x00,0x00,0x00,0x00,0x00,0x00,0x00,0x00,0x00,0x00,0x00,0x00,0x00,0x00,0x00,0x00,0x00,0x00,0x00,0x00,0x00,0x00,0x00,
    0x00,0x00,0x00,0x00,0x00,0x00,0x00,0x00,0x00,0x00,0x00,0x00,0x00,0x00,0x00,0x00,0x00,0x00,0x00,0x00,0x00,0x00,0x00,0x00,0x00,0x00,0x00,0x00,0x00,0x00,0x00,0x00,
    0x00,0x00,0x00,0x00,0x00,0x00,0x00,0x00,0x00,0x00,0x00,0x00,0x00,0x00,0x00,0x00,0x00,0x00,0x00,0x00,0x00,0x00,0x00,0x00,0x00,0x00,0x00,0x00,0x00,0x00,0x00,0x00,
    0x00,0x00,0x00,0x20,0x40,0x40,0x40,0x40,0x40,0x40,0x40,0x40,0x40,0x40,0x40,0x40,0x40,0x40,0x40,0x40,0x40,0x40,0x40,0x40,0x40,0x40,0x40,0x40,0x20,0x00,0x00,0x00,
    0x00,0x00,0x00,0xef,0xff,0xff,0xff,0xff,0xff,0xff,0xff,0xff,0xff,0xff,0xff,0xff,0xff,0xff,0xff,0xff,0xff,0xff,0xff,0xff,0xff,0xff,0xff,0xff,0xef,0x00,0x00,0x00,
    0x00,0x00,0x00,0xff,0xff,0xbf,0xbf,0xbf,0xbf,0xbf,0xbf,0xbf,0xbf,0xbf,0xbf,0xbf,0xbf,0xbf,0xbf,0xbf,0xbf,0xbf,0xbf,0xbf,0xbf,0xbf,0xbf,0xff,0xff,0x00,0x00,0x00,
    0x00,0x00,0x00,0xff,0xff,0x00,0x00,0x00,0x00,0x00,0x00,0x00,0x00,0x00,0x00,0x00,0x00,0x00,0x00,0x00,0x00,0x00,0x00,0x00,0x00,0x00,0x00,0xff,0xff,0x00,0x00,0x00,
    0x00,0x00,0x00,0xff,0xff,0x00,0x00,0x00,0x00,0x00,0x00,0x00,0x00,0x00,0x00,0x00,0x00,0x00,0x00,0x00,0x00,0x00,0x00,0x00,0x00,0x00,0x00,0xff,0xff,0x00,0x00,0x00,
    0x00,0x00,0x00,0xff,0xff,0x00,0x00,0x00,0x00,0x00,0x00,0x00,0x30,0x9f,0x20,0x00,0x00,0x00,0x00,0x00,0x00,0x00,0x00,0x00,0x00,0x00,0x00,0xff,0xff,0x00,0x00,0x00,
    0x00,0x00,0x00,0xff,0xff,0x00,0x00,0x00,0x00,0x00,0x00,0x00,0xbf,0xff,0xef,0x80,0x00,0x00,0x00,0x00,0x00,0x00,0x00,0x00,0x00,0x00,0x00,0xff,0xff,0x00,0x00,0x00,
    0x00,0x00,0x00,0xff,0xff,0x00,0x00,0x00,0x00,0x00,0x00,0x00,0xbf,0xff,0xff,0xff,0xcf,0x30,0x00,0x00,0x00,0x00,0x00,0x00,0x00,0x00,0x00,0xff,0xff,0x00,0x00,0x00,
    0x00,0x00,0x00,0xff,0xff,0x00,0x00,0x00,0x00,0x00,0x00,0x00,0xbf,0xff,0x80,0xdf,0xff,0xff,0x8f,0x10,0x00,0x00,0x00,0x00,0x00,0x00,0x00,0xff,0xff,0x00,0x00,0x00,
    0x00,0x00,0x00,0xff,0xff,0x00,0x00,0x00,0x00,0x00,0x00,0x00,0xbf,0xff,0x40,0x10,0x80,0xff,0xff,0xdf,0x40,0x00,0x00,0x00,0x00,0x00,0x00,0xff,0xff,0x00,0x00,0x00,
    0x00,0x00,0x00,0xff,0xff,0x00,0x00,0x00,0x00,0x00,0x00,0x00,0xbf,0xff,0x40,0x00,0x00,0x30,0xcf,0xff,0xff,0x80,0x00,0x00,0x00,0x00,0x00,0xff,0xff,0x00,0x00,0x00,
    0x00,0x00,0x00,0xff,0xff,0x00,0x00,0x00,0x00,0x00,0x00,0x00,0xbf,0xff,0x40,0x00,0x00,0x30,0xcf,0xff,0xff,0x80,0x00,0x00,0x00,0x00,0x00,0xff,0xff,0x00,0x00,0x00,
    0x00,0x00,0x00,0xff,0xff,0x00,0x00,0x00,0x00,0x00,0x00,0x00,0xbf,0xff,0x40,0x10,0x80,0xff,0xff,0xdf,0x40,0x00,0x00,0x00,0x00,0x00,0x00,0xff,0xff,0x00,0x00,0x00,
    0x00,0x00,0x00,0xff,0xff,0x00,0x00,0x00,0x00,0x00,0x00,0x00,0xbf,0xff,0x80,0xdf,0xff,0xff,0x8f,0x10,0x00,0x00,0x00,0x00,0x00,0x00,0x00,0xff,0xff,0x00,0x00,0x00,
    0x00,0x00,0x00,0xff,0xff,0x00,0x00,0x00,0x00,0x00,0x00,0x00,0xbf,0xff,0xff,0xff,0xcf,0x30,0x00,0x00,0x00,0x00,0x00,0x00,0x00,0x00,0x00,0xff,0xff,0x00,0x00,0x00,
    0x00,0x00,0x00,0xff,0xff,0x00,0x00,0x00,0x00,0x00,0x00,0x00,0xbf,0xff,0xef,0x80,0x00,0x00,0x00,0x00,0x00,0x00,0x00,0x00,0x00,0x00,0x00,0xff,0xff,0x00,0x00,0x00,
    0x00,0x00,0x00,0xff,0xff,0x00,0x00,0x00,0x00,0x00,0x00,0x00,0x30,0x9f,0x20,0x00,0x00,0x00,0x00,0x00,0x00,0x00,0x00,0x00,0x00,0x00,0x00,0xff,0xff,0x00,0x00,0x00,
    0x00,0x00,0x00,0xff,0xff,0x00,0x00,0x00,0x00,0x00,0x00,0x00,0x00,0x00,0x00,0x00,0x00,0x00,0x00,0x00,0x00,0x00,0x00,0x00,0x00,0x00,0x00,0xff,0xff,0x00,0x00,0x00,
    0x00,0x00,0x00,0xff,0xff,0x00,0x00,0x00,0x00,0x00,0x00,0x00,0x00,0x00,0x00,0x00,0x00,0x00,0x00,0x00,0x00,0x00,0x00,0x00,0x00,0x00,0x00,0xff,0xff,0x00,0x00,0x00,
    0x00,0x00,0x00,0xff,0xff,0xbf,0xbf,0xbf,0xbf,0xbf,0xbf,0xbf,0xbf,0xbf,0xbf,0xbf,0xbf,0xbf,0xbf,0xbf,0xbf,0xbf,0xbf,0xbf,0xbf,0xbf,0xbf,0xff,0xff,0x00,0x00,0x00,
    0x00,0x00,0x00,0xef,0xff,0xff,0xff,0xff,0xff,0xff,0xff,0xff,0xff,0xff,0xff,0xff,0xff,0xff,0xff,0xff,0xff,0xff,0xff,0xff,0xff,0xff,0xff,0xff,0xef,0x00,0x00,0x00,
    0x00,0x00,0x00,0x20,0x40,0x40,0x40,0x40,0x40,0x40,0x40,0x40,0x40,0x40,0x40,0x40,0x40,0x40,0x40,0x40,0x40,0x40,0x40,0x40,0x40,0x40,0x40,0x40,0x20,0x00,0x00,0x00,
    0x00,0x00,0x00,0x00,0x00,0x00,0x00,0x00,0x00,0x00,0x00,0x00,0x00,0x00,0x00,0x00,0x00,0x00,0x00,0x00,0x00,0x00,0x00,0x00,0x00,0x00,0x00,0x00,0x00,0x00,0x00,0x00,
    0x00,0x00,0x00,0x00,0x00,0x00,0x00,0x00,0x00,0x00,0x00,0x00,0x00,0x00,0x00,0x00,0x00,0x00,0x00,0x00,0x00,0x00,0x00,0x00,0x00,0x00,0x00,0x00,0x00,0x00,0x00,0x00,
    0x00,0x00,0x00,0x00,0x00,0x00,0x00,0x00,0x00,0x00,0x00,0x00,0x00,0x00,0x00,0x00,0x00,0x00,0x00,0x00,0x00,0x00,0x00,0x00,0x00,0x00,0x00,0x00,0x00,0x00,0x00,0x00,
    0x00,0x00,0x00,0x00,0x00,0x00,0x00,0x00,0x00,0x00,0x00,0x00,0x00,0x00,0x00,0x00,0x00,0x00,0x00,0x00,0x00,0x00,0x00,0x00,0x00,0x00,0x00,0x00,0x00,0x00,0x00,0x00,
    0x00,0x00,0x00,0x00,0x00,0x00,0x00,0x00,0x00,0x00,0x00,0x00,0x00,0x00,0x00,0x00,0x00,0x00,0x00,0x00,0x00,0x00,0x00,0x00,0x00,0x00,0x00,0x00,0x00,0x00,0x00,0x00,
};

const lv_image_dsc_t pos_app_icon_video = {
    .header.magic = LV_IMAGE_HEADER_MAGIC,
    .header.cf = LV_COLOR_FORMAT_A8,
    .header.flags = 0,
    .header.w = 32,
    .header.h = 32,
    .header.stride = 32,
    .data_size = sizeof(pos_app_icon_video_map),
    .data = pos_app_icon_video_map,
};

static const uint8_t pos_app_icon_vision_map[] LV_ATTRIBUTE_MEM_ALIGN = {
    0x00,0x00,0x00,0x00,0x00,0x00,0x00,0x00,0x00,0x00,0x00,0x00,0x00,0x00,0x00,0x00,0x00,0x00,0x00,0x00,0x00,0x00,0x00,0x00,0x00,0x00,0x00,0x00,0x00,0x00,0x00,0x00,
    0x00,0x00,0x00,0x00,0x00,0x00,0x00,0x00,0x00,0x00,0x00,0x00,0x00,0x00,0x00,0x00,0x00,0x00,0x00,0x00,0x00,0x00,0x00,0x00,0x00,0x00,0x00,0x00,0x00,0x00,0x00,0x00,
    0x00,0x00,0x00,0x00,0x00,0x00,0x00,0x00,0x00,0x00,0x00,0x00,0x00,0x00,0x00,0x00,0x00,0x00,0x00,0x00,0x00,0x00,0x00,0x00,0x00,0x00,0x00,0x00,0x00,0x00,0x00,0x00,
    0x00,0x00,0x00,0x00,0x00,0x00,0x00,0x00,0x00,0x00,0x00,0x00,0x00,0x00,0x00,0x00,0x00,0x00,0x00,0x00,0x00,0x00,0x00,0x00,0x00,0x00,0x00,0x00,0x00,0x00,0x00,0x00,
    0x00,0x00,0x00,0x00,0x00,0x00,0x00,0x00,0x00,0x00,0x00,0x00,0x00,0x00,0x00,0x00,0x00,0x00,0x00,0x00,0x00,0x00,0x00,0x00,0x00,0x00,0x00,0x00,0x00,0x00,0x00,0x00,
    0x00,0x00,0x00,0x00,0x00,0x00,0x00,0x00,0x00,0x00,0x00,0x20,0x80,0xbf,0xef,0xff,0xff,0xef,0xbf,0x80,0x20,0x00,0x00,0x00,0x00,0x00,0x00,0x00,0x00,0x00,0x00,0x00,
    0x00,0x00,0x00,0x00,0x00,0x00,0x00,0x00,0x00,0x40,0xbf,0xff,0xff,0xff,0xff,0xff,0xff,0xff,0xff,0xff,0xff,0xbf,0x40,0x00,0x00,0x00,0x00,0x00,0x00,0x00,0x00,0x00,
    0x00,0x00,0x00,0x00,0x00,0x00,0x00,0x00,0x8f,0xff,0xff,0xef,0x9f,0x50,0x20,0x00,0x00,0x20,0x50,0x9f,0xef,0xff,0xff,0x8f,0x00,0x00,0x00,0x00,0x00,0x00,0x00,0x00,
    0x00,0x00,0x00,0x00,0x00,0x00,0x10,0xcf,0xff,0xff,0x80,0x10,0x00,0x00,0x00,0x00,0x00,0x00,0x00,0x00,0x10,0x80,0xff,0xff,0xcf,0x10,0x00,0x00,0x00,0x00,0x00,0x00,
    0x00,0x00,0x00,0x00,0x00,0x10,0xcf,0xff,0xef,0x30,0x00,0x00,0x00,0x00,0x00,0x00,0x00,0x00,0x00,0x00,0x00,0x00,0x30,0xef,0xff,0xcf,0x10,0x00,0x00,0x00,0x00,0x00,
    0x00,0x00,0x00,0x00,0x00,0xcf,0xff,0xcf,0x10,0x00,0x00,0x00,0x00,0x00,0x00,0x00,0x00,0x00,0x00,0x00,0x00,0x00,0x00,0x10,0xcf,0xff,0xcf,0x00,0x00,0x00,0x00,0x00,
    0x00,0x00,0x00,0x00,0x9f,0xff,0xdf,0x10,0x00,0x00,0x00,0x00,0x00,0x50,0xbf,0xff,0xff,0xbf,0x50,0x00,0x00,0x00,0x00,0x00,0x10,0xdf,0xff,0x9f,0x00,0x00,0x00,0x00,
    0x00,0x00,0x00,0x50,0xff,0xef,0x30,0x00,0x00,0x00,0x00,0x00,0x9f,0xff,0xff,0xff,0xff,0xff,0xff,0x9f,0x00,0x00,0x00,0x00,0x00,0x30,0xef,0xff,0x50,0x00,0x00,0x00,
    0x00,0x00,0x10,0xef,0xff,0x70,0x00,0x00,0x00,0x00,0x00,0x50,0xff,0xff,0x70,0x10,0x10,0x70,0xff,0xff,0x50,0x00,0x00,0x00,0x00,0x00,0x70,0xff,0xef,0x10,0x00,0x00,
    0x00,0x00,0x9f,0xff,0xbf,0x00,0x00,0x00,0x00,0x00,0x00,0xbf,0xff,0x70,0x00,0x00,0x00,0x00,0x70,0xff,0xbf,0x00,0x00,0x00,0x00,0x00,0x00,0xbf,0xff,0x9f,0x00,0x00,
    0x00,0x30,0xff,0xff,0x20,0x00,0x00,0x00,0x00,0x00,0x00,0xff,0xff,0x10,0x00,0x00,0x00,0x00,0x10,0xff,0xff,0x00,0x00,0x00,0x00,0x00,0x00,0x20,0xff,0xff,0x30,0x00,
    0x00,0x30,0xff,0xff,0x20,0x00,0x00,0x00,0x00,0x00,0x00,0xff,0xff,0x10,0x00,0x00,0x00,0x00,0x10,0xff,0xff,0x00,0x00,0x00,0x00,0x00,0x00,0x20,0xff,0xff,0x30,0x00,
    0x00,0x00,0x9f,0xff,0xbf,0x00,0x00,0x00,0x00,0x00,0x00,0xbf,0xff,0x70,0x00,0x00,0x00,0x00,0x70,0xff,0xbf,0x00,0x00,0x00,0x00,0x00,0x00,0xbf,0xff,0x9f,0x00,0x00,
    0x00,0x00,0x10,0xef,0xff,0x70,0x00,0x00,0x00,0x00,0x00,0x50,0xff,0xff,0x70,0x10,0x10,0x70,0xff,0xff,0x50,0x00,0x00,0x00,0x00,0x00,0x70,0xff,0xef,0x10,0x00,0x00,
    0x00,0x00,0x00,0x50,0xff,0xef,0x30,0x00,0x00,0x00,0x00,0x00,0x9f,0xff,0xff,0xff,0xff,0xff,0xff,0x9f,0x00,0x00,0x00,0x00,0x00,0x30,0xef,0xff,0x50,0x00,0x00,0x00,
    0x00,0x00,0x00,0x00,0x9f,0xff,0xdf,0x10,0x00,0x00,0x00,0x00,0x00,0x50,0xbf,0xff,0xff,0xbf,0x50,0x00,0x00,0x00,0x00,0x00,0x10,0xdf,0xff,0x9f,0x00,0x00,0x00,0x00,
    0x00,0x00,0x00,0x00,0x00,0xcf,0xff,0xcf,0x10,0x00,0x00,0x00,0x00,0x00,0x00,0x00,0x00,0x00,0x00,0x00,0x00,0x00,0x00,0x10,0xcf,0xff,0xcf,0x00,0x00,0x00,0x00,0x00,
    0x00,0x00,0x00,0x00,0x00,0x10,0xcf,0xff,0xef,0x30,0x00,0x00,0x00,0x00,0x00,0x00,0x00,0x00,0x00,0x00,0x00,0x00,0x30,0xef,0xff,0xcf,0x10,0x00,0x00,0x00,0x00,0x00,
    0x00,0x00,0x00,0x00,0x00,0x00,0x10,0xcf,0xff,0xff,0x80,0x10,0x00,0x00,0x00,0x00,0x00,0x00,0x00,0x00,0x10,0x80,0xff,0xff,0xcf,0x10,0x00,0x00,0x00,0x00,0x00,0x00,
    0x00,0x00,0x00,0x00,0x00,0x00,0x00,0x00,0x8f,0xff,0xff,0xef,0x9f,0x50,0x20,0x00,0x00,0x20,0x50,0x9f,0xef,0xff,0xff,0x8f,0x00,0x00,0x00,0x00,0x00,0x00,0x00,0x00,
    0x00,0x00,0x00,0x00,0x00,0x00,0x00,0x00,0x00,0x40,0xbf,0xff,0xff,0xff,0xff,0xff,0xff,0xff,0xff,0xff,0xff,0xbf,0x40,0x00,0x00,0x00,0x00,0x00,0x00,0x00,0x00,0x00,
    0x00,0x00,0x00,0x00,0x00,0x00,0x00,0x00,0x00,0x00,0x00,0x20,0x80,0xbf,0xef,0xff,0xff,0xef,0xbf,0x80,0x20,0x00,0x00,0x00,0x00,0x00,0x00,0x00,0x00,0x00,0x00,0x00,
    0x00,0x00,0x00,0x00,0x00,0x00,0x00,0x00,0x00,0x00,0x00,0x00,0x00,0x00,0x00,0x00,0x00,0x00,0x00,0x00,0x00,0x00,0x00,0x00,0x00,0x00,0x00,0x00,0x00,0x00,0x00,0x00,
    0x00,0x00,0x00,0x00,0x00,0x00,0x00,0x00,0x00,0x00,0x00,0x00,0x00,0x00,0x00,0x00,0x00,0x00,0x00,0x00,0x00,0x00,0x00,0x00,0x00,0x00,0x00,0x00,0x00,0x00,0x00,0x00,
    0x00,0x00,0x00,0x00,0x00,0x00,0x00,0x00,0x00,0x00,0x00,0x00,0x00,0x00,0x00,0x00,0x00,0x00,0x00,0x00,0x00,0x00,0x00,0x00,0x00,0x00,0x00,0x00,0x00,0x00,0x00,0x00,
    0x00,0x00,0x00,0x00,0x00,0x00,0x00,0x00,0x00,0x00,0x00,0x00,0x00,0x00,0x00,0x00,0x00,0x00,0x00,0x00,0x00,0x00,0x00,0x00,0x00,0x00,0x00,0x00,0x00,0x00,0x00,0x00,
    0x00,0x00,0x00,0x00,0x00,0x00,0x00,0x00,0x00,0x00,0x00,0x00,0x00,0x00,0x00,0x00,0x00,0x00,0x00,0x00,0x00,0x00,0x00,0x00,0x00,0x00,0x00,0x00,0x00,0x00,0x00,0x00,
};

const lv_image_dsc_t pos_app_icon_vision = {
    .header.magic = LV_IMAGE_HEADER_MAGIC,
    .header.cf = LV_COLOR_FORMAT_A8,
    .header.flags = 0,
    .header.w = 32,
    .header.h = 32,
    .header.stride = 32,
    .data_size = sizeof(pos_app_icon_vision_map),
    .data = pos_app_icon_vision_map,
};

static const uint8_t pos_app_icon_wave_map[] LV_ATTRIBUTE_MEM_ALIGN = {
    0x00,0x00,0x00,0x00,0x00,0x00,0x00,0x00,0x00,0x00,0x00,0x00,0x00,0x00,0x00,0x00,0x00,0x00,0x00,0x00,0x00,0x00,0x00,0x00,0x00,0x00,0x00,0x00,0x00,0x00,0x00,0x00,
    0x00,0x00,0x00,0x00,0x00,0x00,0x00,0x00,0x00,0x00,0x00,0x00,0x00,0x00,0x00,0x00,0x00,0x00,0x00,0x00,0x00,0x00,0x00,0x00,0x00,0x00,0x00,0x00,0x00,0x00,0x00,0x00,
    0x00,0x00,0x00,0x00,0x00,0x00,0x00,0x00,0x00,0x00,0x00,0x00,0x00,0x00,0x00,0x00,0x00,0x00,0x00,0x00,0x00,0x00,0x00,0x00,0x00,0x00,0x00,0x00,0x00,0x00,0x00,0x00,
    0x00,0x00,0x00,0x00,0x00,0x00,0x00,0x00,0x00,0x00,0x00,0x00,0x00,0x00,0x00,0x00,0x00,0x00,0x00,0x00,0x00,0x00,0x00,0x00,0x00,0x00,0x00,0x00,0x00,0x00,0x00,0x00,
    0x00,0x00,0x00,0x00,0x00,0x00,0x00,0x00,0x00,0x00,0x00,0x00,0x00,0x00,0x00,0x00,0x00,0x00,0x00,0x00,0x00,0x00,0x00,0x00,0x00,0x00,0x00,0x00,0x00,0x00,0x00,0x00,
    0x00,0x00,0x00,0x00,0x00,0x00,0x00,0x00,0x00,0x00,0x00,0x00,0x00,0x00,0x00,0x00,0x00,0x00,0x00,0x00,0x00,0x00,0x00,0x00,0x00,0x00,0x00,0x00,0x00,0x00,0x00,0x00,
    0x00,0x00,0x00,0x00,0x00,0x00,0x00,0x00,0x00,0x00,0x00,0x00,0x00,0x00,0x00,0x00,0x00,0x00,0x00,0x00,0x00,0x00,0x00,0x00,0x00,0x00,0x00,0x00,0x00,0x00,0x00,0x00,
    0x00,0x00,0x00,0x00,0x00,0x00,0x00,0x00,0x00,0x00,0x00,0x00,0x00,0x00,0x00,0x00,0x00,0x00,0x00,0x00,0x00,0x00,0x00,0x00,0x00,0x00,0x00,0x00,0x00,0x00,0x00,0x00,
    0x00,0x00,0x00,0xa5,0x89,0x0c,0x00,0x00,0x00,0x00,0x00,0x00,0x00,0x29,0x00,0x00,0x00,0x00,0x00,0x00,0x00,0x00,0x00,0x00,0x00,0x00,0x0c,0x89,0xa5,0x00,0x00,0x00,
    0x00,0x00,0x38,0xff,0xf4,0x1d,0x00,0x00,0x00,0x00,0x00,0x00,0x34,0xd9,0x03,0x00,0x00,0x00,0x00,0x00,0x00,0x00,0x00,0x00,0x00,0x00,0x1d,0xf4,0xff,0x37,0x00,0x00,
    0x00,0x00,0xbb,0xff,0x82,0x00,0x00,0x00,0x00,0x00,0x00,0x00,0xb3,0xff,0x5e,0x00,0x00,0x00,0x00,0x00,0x00,0x00,0x00,0x00,0x00,0x00,0x00,0x83,0xff,0xb9,0x00,0x00,
    0x00,0x24,0xfe,0xf2,0x0e,0x00,0x00,0x00,0x00,0x00,0x00,0x34,0xfe,0xff,0xda,0x03,0x00,0x00,0x00,0x00,0x00,0x00,0x00,0x00,0x00,0x00,0x00,0x0f,0xf4,0xfe,0x21,0x00,
    0x00,0x7b,0xff,0x9e,0x00,0x00,0x00,0x00,0x00,0x00,0x00,0xb3,0xff,0xfe,0xff,0x5e,0x00,0x00,0x00,0x00,0x00,0x00,0x00,0x00,0x00,0x00,0x00,0x00,0xa1,0xff,0x78,0x00,
    0x00,0xb8,0xff,0x52,0x00,0x00,0x00,0x00,0x00,0x00,0x32,0xfe,0xf4,0x74,0xff,0xdb,0x04,0x00,0x00,0x00,0x00,0x00,0x00,0x00,0x00,0x00,0x00,0x00,0x56,0xff,0xb4,0x00,
    0x00,0xe3,0xff,0x1f,0x00,0x00,0x00,0x00,0x00,0x00,0xb3,0xff,0x88,0x04,0xda,0xff,0x5e,0x00,0x00,0x00,0x00,0x00,0x00,0x00,0x00,0x00,0x00,0x00,0x22,0xff,0xe1,0x00,
    0x00,0xf7,0xff,0x08,0x00,0x00,0x00,0xff,0xff,0xff,0xff,0xf3,0x15,0x00,0x5e,0xff,0xda,0x04,0x00,0x00,0x88,0xff,0xff,0xff,0xff,0x00,0x00,0x00,0x0a,0xff,0xf5,0x00,
    0x00,0xf7,0xff,0x08,0x00,0x00,0x00,0xff,0xff,0xff,0xff,0x88,0x00,0x00,0x04,0xda,0xff,0x5e,0x00,0x15,0xf3,0xff,0xff,0xff,0xff,0x00,0x00,0x00,0x0a,0xff,0xf5,0x00,
    0x00,0xe3,0xff,0x1f,0x00,0x00,0x00,0x00,0x00,0x00,0x00,0x00,0x00,0x00,0x00,0x5e,0xff,0xda,0x04,0x88,0xff,0xb3,0x00,0x00,0x00,0x00,0x00,0x00,0x22,0xff,0xe1,0x00,
    0x00,0xb6,0xff,0x54,0x00,0x00,0x00,0x00,0x00,0x00,0x00,0x00,0x00,0x00,0x00,0x03,0xd8,0xff,0x71,0xf2,0xff,0x35,0x00,0x00,0x00,0x00,0x00,0x00,0x58,0xff,0xb2,0x00,
    0x00,0x7a,0xff,0x9f,0x00,0x00,0x00,0x00,0x00,0x00,0x00,0x00,0x00,0x00,0x00,0x00,0x5e,0xff,0xfe,0xff,0xb3,0x00,0x00,0x00,0x00,0x00,0x00,0x00,0xa2,0xff,0x78,0x00,
    0x00,0x23,0xfe,0xf3,0x0f,0x00,0x00,0x00,0x00,0x00,0x00,0x00,0x00,0x00,0x00,0x00,0x03,0xda,0xff,0xfe,0x34,0x00,0x00,0x00,0x00,0x00,0x00,0x11,0xf4,0xfe,0x21,0x00,
    0x00,0x00,0xba,0xff,0x83,0x00,0x00,0x00,0x00,0x00,0x00,0x00,0x00,0x00,0x00,0x00,0x00,0x5e,0xff,0xb3,0x00,0x00,0x00,0x00,0x00,0x00,0x00,0x85,0xff,0xb8,0x00,0x00,
    0x00,0x00,0x38,0xff,0xf4,0x1d,0x00,0x00,0x00,0x00,0x00,0x00,0x00,0x00,0x00,0x00,0x00,0x03,0xd9,0x34,0x00,0x00,0x00,0x00,0x00,0x00,0x1d,0xf4,0xff,0x37,0x00,0x00,
    0x00,0x00,0x00,0xa5,0x89,0x0c,0x00,0x00,0x00,0x00,0x00,0x00,0x00,0x00,0x00,0x00,0x00,0x00,0x29,0x00,0x00,0x00,0x00,0x00,0x00,0x00,0x0c,0x89,0xa5,0x00,0x00,0x00,
    0x00,0x00,0x00,0x00,0x00,0x00,0x00,0x00,0x00,0x00,0x00,0x00,0x00,0x00,0x00,0x00,0x00,0x00,0x00,0x00,0x00,0x00,0x00,0x00,0x00,0x00,0x00,0x00,0x00,0x00,0x00,0x00,
    0x00,0x00,0x00,0x00,0x00,0x00,0x00,0x00,0x00,0x00,0x00,0x00,0x00,0x00,0x00,0x00,0x00,0x00,0x00,0x00,0x00,0x00,0x00,0x00,0x00,0x00,0x00,0x00,0x00,0x00,0x00,0x00,
    0x00,0x00,0x00,0x00,0x00,0x00,0x00,0x00,0x00,0x00,0x00,0x00,0x00,0x00,0x00,0x00,0x00,0x00,0x00,0x00,0x00,0x00,0x00,0x00,0x00,0x00,0x00,0x00,0x00,0x00,0x00,0x00,
    0x00,0x00,0x00,0x00,0x00,0x00,0x00,0x00,0x00,0x00,0x00,0x00,0x00,0x00,0x00,0x00,0x00,0x00,0x00,0x00,0x00,0x00,0x00,0x00,0x00,0x00,0x00,0x00,0x00,0x00,0x00,0x00,
    0x00,0x00,0x00,0x00,0x00,0x00,0x00,0x00,0x00,0x00,0x00,0x00,0x00,0x00,0x00,0x00,0x00,0x00,0x00,0x00,0x00,0x00,0x00,0x00,0x00,0x00,0x00,0x00,0x00,0x00,0x00,0x00,
    0x00,0x00,0x00,0x00,0x00,0x00,0x00,0x00,0x00,0x00,0x00,0x00,0x00,0x00,0x00,0x00,0x00,0x00,0x00,0x00,0x00,0x00,0x00,0x00,0x00,0x00,0x00,0x00,0x00,0x00,0x00,0x00,
    0x00,0x00,0x00,0x00,0x00,0x00,0x00,0x00,0x00,0x00,0x00,0x00,0x00,0x00,0x00,0x00,0x00,0x00,0x00,0x00,0x00,0x00,0x00,0x00,0x00,0x00,0x00,0x00,0x00,0x00,0x00,0x00,
    0x00,0x00,0x00,0x00,0x00,0x00,0x00,0x00,0x00,0x00,0x00,0x00,0x00,0x00,0x00,0x00,0x00,0x00,0x00,0x00,0x00,0x00,0x00,0x00,0x00,0x00,0x00,0x00,0x00,0x00,0x00,0x00,
};

const lv_image_dsc_t pos_app_icon_wave = {
    .header.magic = LV_IMAGE_HEADER_MAGIC,
    .header.cf = LV_COLOR_FORMAT_A8,
    .header.flags = 0,
    .header.w = 32,
    .header.h = 32,
    .header.stride = 32,
    .data_size = sizeof(pos_app_icon_wave_map),
    .data = pos_app_icon_wave_map,
};

static const uint8_t pos_app_icon_zabbix_map[] LV_ATTRIBUTE_MEM_ALIGN = {
    0x00,0x00,0x00,0x00,0x00,0x00,0x00,0x00,0x00,0x00,0x00,0x00,0x00,0x00,0x00,0x00,0x00,0x00,0x00,0x00,0x00,0x00,0x00,0x00,0x00,0x00,0x00,0x00,0x00,0x00,0x00,0x00,
    0x00,0x00,0x00,0x00,0x00,0x00,0x00,0x00,0x00,0x00,0x00,0x00,0x00,0x00,0x00,0x00,0x00,0x00,0x00,0x00,0x00,0x00,0x00,0x00,0x00,0x00,0x00,0x00,0x00,0x00,0x00,0x00,
    0x00,0x00,0x00,0x00,0x00,0x00,0x00,0x00,0x00,0x00,0x00,0x00,0x00,0x00,0x00,0x00,0x00,0x00,0x00,0x00,0x00,0x00,0x00,0x00,0x00,0x00,0x00,0x00,0x00,0x00,0x00,0x00,
    0x00,0x00,0x00,0x00,0x00,0x00,0x00,0x00,0x00,0x00,0x00,0x00,0x00,0x00,0x00,0x00,0x00,0x00,0x00,0x00,0x00,0x00,0x00,0x00,0x00,0x00,0x00,0x00,0x00,0x00,0x00,0x00,
    0x00,0x00,0x00,0x80,0xbf,0xbf,0xbf,0xbf,0xbf,0xbf,0xbf,0xbf,0xbf,0xbf,0xbf,0xbf,0xbf,0xbf,0xbf,0xbf,0xbf,0xbf,0xbf,0xbf,0xbf,0xbf,0xbf,0xbf,0x80,0x00,0x00,0x00,
    0x00,0x00,0x00,0xff,0xff,0xff,0xff,0xff,0xff,0xff,0xff,0xff,0xff,0xff,0xff,0xff,0xff,0xff,0xff,0xff,0xff,0xff,0xff,0xff,0xff,0xff,0xff,0xff,0xff,0x00,0x00,0x00,
    0x00,0x00,0x00,0xff,0xff,0x40,0x40,0x40,0x40,0x40,0x40,0x40,0x40,0x40,0x40,0x40,0x40,0x40,0x40,0x40,0x40,0x40,0x40,0x40,0x40,0x40,0x40,0xff,0xff,0x00,0x00,0x00,
    0x00,0x00,0x00,0xff,0xff,0x00,0x00,0x00,0x00,0x00,0x00,0x00,0x00,0x00,0x00,0x00,0x00,0x20,0xef,0x80,0x00,0x00,0x00,0x00,0x00,0x00,0x00,0xff,0xff,0x00,0x00,0x00,
    0x00,0x00,0x00,0xff,0xff,0x00,0x00,0x00,0x00,0x00,0x00,0x00,0x00,0x00,0x00,0x00,0x00,0x80,0xff,0xdf,0x00,0x00,0x00,0x00,0x00,0x00,0x00,0xff,0xff,0x00,0x00,0x00,
    0x00,0x00,0x00,0xff,0xff,0x00,0x00,0x00,0x00,0x00,0x00,0x00,0x00,0x00,0x00,0x00,0x00,0xbf,0xff,0xff,0x20,0x00,0x00,0x00,0x00,0x00,0x00,0xff,0xff,0x00,0x00,0x00,
    0x00,0x00,0x00,0xff,0xff,0x00,0x00,0x00,0x00,0x00,0x00,0x00,0x30,0x9f,0x10,0x00,0x00,0xff,0xff,0xff,0x70,0x00,0x00,0x00,0x00,0x00,0x00,0xff,0xff,0x00,0x00,0x00,
    0x00,0x00,0x00,0xff,0xff,0x00,0x00,0x00,0x00,0x00,0x00,0x10,0xdf,0xff,0x70,0x00,0x40,0xff,0xff,0xff,0xbf,0x00,0x00,0x00,0x00,0x00,0x00,0xff,0xff,0x00,0x00,0x00,
    0x00,0x00,0x00,0xff,0xff,0x00,0x00,0x00,0x00,0x00,0x00,0x80,0xff,0xff,0xcf,0x00,0x80,0xff,0x9f,0xff,0xff,0x10,0x00,0x00,0x00,0x00,0x00,0xff,0xff,0x00,0x00,0x00,
    0x00,0x00,0x00,0xff,0xff,0x00,0x00,0x20,0x40,0x40,0x50,0xff,0xff,0xef,0xff,0x30,0xbf,0xff,0x50,0xaf,0xff,0x80,0x40,0x40,0x20,0x00,0x00,0xff,0xff,0x00,0x00,0x00,
    0x00,0x00,0x00,0xff,0xff,0x00,0x00,0xef,0xff,0xff,0xff,0xff,0x8f,0x8f,0xff,0x8f,0xff,0xff,0x10,0x70,0xff,0xff,0xff,0xff,0xef,0x00,0x00,0xff,0xff,0x00,0x00,0x00,
    0x00,0x00,0x00,0xff,0xff,0x00,0x00,0x80,0xbf,0xbf,0xbf,0x9f,0x10,0x30,0xff,0xff,0xff,0xcf,0x00,0x10,0x9f,0xbf,0xbf,0xbf,0x80,0x00,0x00,0xff,0xff,0x00,0x00,0x00,
    0x00,0x00,0x00,0xff,0xff,0x00,0x00,0x00,0x00,0x00,0x00,0x00,0x00,0x00,0xdf,0xff,0xff,0x8f,0x00,0x00,0x00,0x00,0x00,0x00,0x00,0x00,0x00,0xff,0xff,0x00,0x00,0x00,
    0x00,0x00,0x00,0xff,0xff,0x00,0x00,0x00,0x00,0x00,0x00,0x00,0x00,0x00,0x70,0xff,0xff,0x50,0x00,0x00,0x00,0x00,0x00,0x00,0x00,0x00,0x00,0xff,0xff,0x00,0x00,0x00,
    0x00,0x00,0x00,0xff,0xff,0x00,0x00,0x00,0x00,0x00,0x00,0x00,0x00,0x00,0x20,0xff,0xff,0x10,0x00,0x00,0x00,0x00,0x00,0x00,0x00,0x00,0x00,0xff,0xff,0x00,0x00,0x00,
    0x00,0x00,0x00,0xff,0xff,0x00,0x00,0x00,0x00,0x00,0x00,0x00,0x00,0x00,0x00,0x80,0x80,0x00,0x00,0x00,0x00,0x00,0x00,0x00,0x00,0x00,0x00,0xff,0xff,0x00,0x00,0x00,
    0x00,0x00,0x00,0xff,0xff,0x00,0x00,0x00,0x00,0x00,0x00,0x00,0x00,0x00,0x00,0x00,0x00,0x00,0x00,0x00,0x00,0x00,0x00,0x00,0x00,0x00,0x00,0xff,0xff,0x00,0x00,0x00,
    0x00,0x00,0x00,0xff,0xff,0x40,0x40,0x40,0x40,0x40,0x40,0x40,0x40,0x40,0x40,0x40,0x40,0x40,0x40,0x40,0x40,0x40,0x40,0x40,0x40,0x40,0x40,0xff,0xff,0x00,0x00,0x00,
    0x00,0x00,0x00,0xff,0xff,0xff,0xff,0xff,0xff,0xff,0xff,0xff,0xff,0xff,0xff,0xff,0xff,0xff,0xff,0xff,0xff,0xff,0xff,0xff,0xff,0xff,0xff,0xff,0xff,0x00,0x00,0x00,
    0x00,0x00,0x00,0x80,0xbf,0xbf,0xbf,0xbf,0xbf,0xbf,0xbf,0xbf,0xbf,0xbf,0xbf,0xff,0xff,0xbf,0xbf,0xbf,0xbf,0xbf,0xbf,0xbf,0xbf,0xbf,0xbf,0xbf,0x80,0x00,0x00,0x00,
    0x00,0x00,0x00,0x00,0x00,0x00,0x00,0x00,0x00,0x00,0x00,0x00,0x00,0x00,0x00,0xff,0xff,0x00,0x00,0x00,0x00,0x00,0x00,0x00,0x00,0x00,0x00,0x00,0x00,0x00,0x00,0x00,
    0x00,0x00,0x00,0x00,0x00,0x00,0x00,0x00,0x00,0x00,0x00,0x20,0x40,0x40,0x40,0xff,0xff,0x40,0x40,0x40,0x20,0x00,0x00,0x00,0x00,0x00,0x00,0x00,0x00,0x00,0x00,0x00,
    0x00,0x00,0x00,0x00,0x00,0x00,0x00,0x00,0x00,0x00,0x00,0xef,0xff,0xff,0xff,0xff,0xff,0xff,0xff,0xff,0xef,0x00,0x00,0x00,0x00,0x00,0x00,0x00,0x00,0x00,0x00,0x00,
    0x00,0x00,0x00,0x00,0x00,0x00,0x00,0x00,0x00,0x00,0x00,0x80,0xbf,0xbf,0xbf,0xbf,0xbf,0xbf,0xbf,0xbf,0x80,0x00,0x00,0x00,0x00,0x00,0x00,0x00,0x00,0x00,0x00,0x00,
    0x00,0x00,0x00,0x00,0x00,0x00,0x00,0x00,0x00,0x00,0x00,0x00,0x00,0x00,0x00,0x00,0x00,0x00,0x00,0x00,0x00,0x00,0x00,0x00,0x00,0x00,0x00,0x00,0x00,0x00,0x00,0x00,
    0x00,0x00,0x00,0x00,0x00,0x00,0x00,0x00,0x00,0x00,0x00,0x00,0x00,0x00,0x00,0x00,0x00,0x00,0x00,0x00,0x00,0x00,0x00,0x00,0x00,0x00,0x00,0x00,0x00,0x00,0x00,0x00,
    0x00,0x00,0x00,0x00,0x00,0x00,0x00,0x00,0x00,0x00,0x00,0x00,0x00,0x00,0x00,0x00,0x00,0x00,0x00,0x00,0x00,0x00,0x00,0x00,0x00,0x00,0x00,0x00,0x00,0x00,0x00,0x00,
    0x00,0x00,0x00,0x00,0x00,0x00,0x00,0x00,0x00,0x00,0x00,0x00,0x00,0x00,0x00,0x00,0x00,0x00,0x00,0x00,0x00,0x00,0x00,0x00,0x00,0x00,0x00,0x00,0x00,0x00,0x00,0x00,
};

const lv_image_dsc_t pos_app_icon_zabbix = {
    .header.magic = LV_IMAGE_HEADER_MAGIC,
    .header.cf = LV_COLOR_FORMAT_A8,
    .header.flags = 0,
    .header.w = 32,
    .header.h = 32,
    .header.stride = 32,
    .data_size = sizeof(pos_app_icon_zabbix_map),
    .data = pos_app_icon_zabbix_map,
};
