/*******************************************************************************
 * Size: 20 px
 * Bpp: 4
 * Opts: --font /home/dolby/work/fonts/IBMPlexSans-Regular.ttf --range 0x20-0x7E,0xA0-0xFF,0x2013-0x2026,0x2039-0x203A,0x2190-0x2212 --size 20 --bpp 4 --format lvgl --no-compress --lv-font-name pos_font_sans_20 -o /mnt/c/K230/ui/pocketui/fonts/pos_font_sans_20.c
 ******************************************************************************/

#ifdef LV_LVGL_H_INCLUDE_SIMPLE
#include "lvgl.h"
#else
#include "lvgl/lvgl.h"
#endif

#ifndef POS_FONT_SANS_20
#define POS_FONT_SANS_20 1
#endif

#if POS_FONT_SANS_20

/*-----------------
 *    BITMAPS
 *----------------*/

/*Store the image of the glyphs*/
static LV_ATTRIBUTE_LARGE_CONST const uint8_t glyph_bitmap[] = {
    /* U+0020 " " */

    /* U+0021 "!" */
    0xf, 0xb0, 0xf, 0xb0, 0xf, 0xb0, 0xf, 0xb0,
    0xf, 0xb0, 0xf, 0x90, 0xe, 0x80, 0xc, 0x70,
    0xb, 0x60, 0xa, 0x50, 0x6, 0x20, 0x0, 0x0,
    0x19, 0x70, 0x5f, 0xf0, 0x2e, 0xc0,

    /* U+0022 "\"" */
    0x4f, 0x20, 0xcb, 0x4f, 0x20, 0xcb, 0x4f, 0x20,
    0xcb, 0x4f, 0x20, 0xcb, 0x4f, 0x20, 0xcb, 0x3d,
    0x10, 0xa9,

    /* U+0023 "#" */
    0x0, 0x0, 0xaa, 0x0, 0x4f, 0x0, 0x0, 0x0,
    0xd7, 0x0, 0x7c, 0x0, 0x0, 0x0, 0xf4, 0x0,
    0xaa, 0x0, 0x0, 0x2, 0xf1, 0x0, 0xd7, 0x0,
    0xf, 0xff, 0xff, 0xff, 0xff, 0xff, 0x4, 0x4a,
    0xd4, 0x46, 0xf5, 0x43, 0x0, 0xa, 0xa0, 0x4,
    0xf0, 0x0, 0x0, 0xc, 0x80, 0x6, 0xe0, 0x0,
    0x0, 0xd, 0x60, 0x8, 0xc0, 0x0, 0x0, 0xf,
    0x50, 0xa, 0xa0, 0x0, 0xcf, 0xff, 0xff, 0xff,
    0xff, 0xf2, 0x23, 0x7f, 0x33, 0x3f, 0x73, 0x30,
    0x0, 0x7c, 0x0, 0x1f, 0x20, 0x0, 0x0, 0xa9,
    0x0, 0x4f, 0x0, 0x0, 0x0, 0xd6, 0x0, 0x8c,
    0x0, 0x0,

    /* U+0024 "$" */
    0x0, 0x0, 0x9a, 0x0, 0x0, 0x0, 0x1, 0xbb,
    0x20, 0x0, 0x2, 0xcf, 0xff, 0xfd, 0x40, 0x1e,
    0xe6, 0xab, 0x6e, 0xf4, 0x6f, 0x40, 0x9a, 0x1,
    0xb2, 0x8f, 0x10, 0x9a, 0x0, 0x0, 0x5f, 0x60,
    0x9a, 0x0, 0x0, 0xd, 0xfa, 0xba, 0x0, 0x0,
    0x1, 0xaf, 0xff, 0xc7, 0x0, 0x0, 0x0, 0xad,
    0xdf, 0xd0, 0x0, 0x0, 0x9a, 0x6, 0xf7, 0x0,
    0x0, 0x9a, 0x0, 0xeb, 0x3, 0x0, 0x9a, 0x0,
    0xeb, 0xbe, 0x30, 0x9a, 0x5, 0xf7, 0x3e, 0xfa,
    0xcc, 0xaf, 0xd0, 0x2, 0x9e, 0xff, 0xd8, 0x0,
    0x0, 0x0, 0x9a, 0x0, 0x0, 0x0, 0x0, 0x45,
    0x0, 0x0,

    /* U+0025 "%" */
    0x5, 0xdf, 0xd4, 0x0, 0x0, 0x1, 0xe8, 0x0,
    0x2, 0xf7, 0x28, 0xf1, 0x0, 0x0, 0xad, 0x0,
    0x0, 0x8d, 0x0, 0xe, 0x60, 0x0, 0x4f, 0x40,
    0x0, 0xa, 0xb0, 0x0, 0xd8, 0x0, 0xd, 0x90,
    0x0, 0x0, 0xab, 0x0, 0xd, 0x90, 0x9, 0xe1,
    0x0, 0x0, 0x8, 0xd0, 0x0, 0xe7, 0x3, 0xf5,
    0x0, 0x0, 0x0, 0x2f, 0x40, 0x6f, 0x10, 0xda,
    0x0, 0x0, 0x0, 0x0, 0x7f, 0xfe, 0x50, 0x8f,
    0x10, 0x8d, 0xe9, 0x0, 0x0, 0x1, 0x0, 0x2f,
    0x60, 0x7e, 0x43, 0xd9, 0x0, 0x0, 0x0, 0xc,
    0xb0, 0xe, 0x70, 0x5, 0xf0, 0x0, 0x0, 0x7,
    0xf2, 0x0, 0xf5, 0x0, 0x3f, 0x20, 0x0, 0x2,
    0xf7, 0x0, 0xf, 0x50, 0x3, 0xf2, 0x0, 0x0,
    0xbc, 0x0, 0x0, 0xe7, 0x0, 0x5f, 0x0, 0x0,
    0x6f, 0x30, 0x0, 0x8, 0xe3, 0x2c, 0xa0, 0x0,
    0x1e, 0x80, 0x0, 0x0, 0x9, 0xef, 0xa1, 0x0,

    /* U+0026 "&" */
    0x0, 0x8, 0xef, 0xc4, 0x0, 0x0, 0x0, 0xa,
    0xf9, 0x7c, 0xf3, 0x0, 0x0, 0x1, 0xf8, 0x0,
    0xf, 0x90, 0x0, 0x0, 0x3f, 0x50, 0x0, 0xe9,
    0x0, 0x0, 0x1, 0xf9, 0x0, 0x6f, 0x40, 0x0,
    0x0, 0x9, 0xf4, 0x8f, 0x70, 0x0, 0x0, 0x0,
    0xe, 0xfe, 0x40, 0x1, 0x11, 0x0, 0x1c, 0xee,
    0xe1, 0x0, 0xcf, 0xf0, 0xc, 0xd1, 0x2f, 0xd1,
    0xe, 0xa4, 0x4, 0xf5, 0x0, 0x4f, 0xb1, 0xf5,
    0x0, 0x8f, 0x20, 0x0, 0x6f, 0xdf, 0x10, 0x8,
    0xf2, 0x0, 0x0, 0x8f, 0xc0, 0x0, 0x3f, 0x90,
    0x0, 0x9, 0xff, 0x50, 0x0, 0xaf, 0xc8, 0x8d,
    0xfa, 0xef, 0x20, 0x0, 0x6d, 0xff, 0xd6, 0x3,
    0xfd, 0x10,

    /* U+0027 "'" */
    0x4f, 0x24, 0xf2, 0x4f, 0x24, 0xf2, 0x4f, 0x23,
    0xd1,

    /* U+0028 "(" */
    0x0, 0x3, 0xf5, 0x0, 0x1e, 0x80, 0x0, 0x9d,
    0x0, 0x2, 0xf5, 0x0, 0x8, 0xe0, 0x0, 0xc,
    0xa0, 0x0, 0x1f, 0x50, 0x0, 0x3f, 0x30, 0x0,
    0x4f, 0x20, 0x0, 0x5f, 0x20, 0x0, 0x4f, 0x20,
    0x0, 0x2f, 0x40, 0x0, 0xe, 0x70, 0x0, 0xa,
    0xc0, 0x0, 0x5, 0xf1, 0x0, 0x0, 0xd9, 0x0,
    0x0, 0x5f, 0x20, 0x0, 0xa, 0xd1, 0x0, 0x0,
    0x74,

    /* U+0029 ")" */
    0xa, 0xd1, 0x0, 0x0, 0xc, 0xb0, 0x0, 0x0,
    0x3f, 0x40, 0x0, 0x0, 0xad, 0x0, 0x0, 0x4,
    0xf3, 0x0, 0x0, 0xe, 0x70, 0x0, 0x0, 0xac,
    0x0, 0x0, 0x8, 0xe0, 0x0, 0x0, 0x7f, 0x0,
    0x0, 0x7, 0xf0, 0x0, 0x0, 0x7f, 0x0, 0x0,
    0x9, 0xd0, 0x0, 0x0, 0xca, 0x0, 0x0, 0x1f,
    0x50, 0x0, 0x6, 0xf0, 0x0, 0x0, 0xe8, 0x0,
    0x0, 0x7f, 0x10, 0x0, 0x4f, 0x50, 0x0, 0x6,
    0x50, 0x0, 0x0,

    /* U+002A "*" */
    0x0, 0x2, 0xf2, 0x0, 0x0, 0x0, 0x2f, 0x20,
    0x0, 0xd, 0x73, 0xf3, 0x7d, 0x1, 0xae, 0xff,
    0xfe, 0xa1, 0x0, 0xb, 0xfb, 0x0, 0x0, 0x6,
    0xf5, 0xf6, 0x0, 0x1, 0xf7, 0x7, 0xf1, 0x0,
    0x3, 0x0, 0x3, 0x0,

    /* U+002B "+" */
    0x0, 0x0, 0x11, 0x0, 0x0, 0x0, 0x0, 0xcc,
    0x0, 0x0, 0x0, 0x0, 0xcc, 0x0, 0x0, 0x0,
    0x0, 0xcc, 0x0, 0x0, 0x11, 0x11, 0xcc, 0x11,
    0x11, 0xaf, 0xff, 0xff, 0xff, 0xfa, 0x34, 0x44,
    0xdd, 0x44, 0x43, 0x0, 0x0, 0xcc, 0x0, 0x0,
    0x0, 0x0, 0xcc, 0x0, 0x0, 0x0, 0x0, 0xcc,
    0x0, 0x0, 0x0, 0x0, 0xcc, 0x0, 0x0,

    /* U+002C "," */
    0x4, 0xfa, 0x7, 0xfe, 0x1, 0xeb, 0x2, 0xf4,
    0xc, 0x90,

    /* U+002D "-" */
    0x7c, 0xcc, 0xc7, 0xaf, 0xff, 0xf9,

    /* U+002E "." */
    0x1a, 0x67, 0xfe, 0x4f, 0xa0,

    /* U+002F "/" */
    0x0, 0x0, 0xb, 0xb0, 0x0, 0x0, 0xf6, 0x0,
    0x0, 0x4f, 0x20, 0x0, 0x9, 0xd0, 0x0, 0x0,
    0xd9, 0x0, 0x0, 0x2f, 0x40, 0x0, 0x6, 0xf0,
    0x0, 0x0, 0xbb, 0x0, 0x0, 0xf, 0x70, 0x0,
    0x4, 0xf2, 0x0, 0x0, 0x8e, 0x0, 0x0, 0xd,
    0x90, 0x0, 0x1, 0xf5, 0x0, 0x0, 0x6f, 0x0,
    0x0, 0xb, 0xc0, 0x0, 0x0, 0xf7, 0x0, 0x0,
    0x4f, 0x30, 0x0, 0x8, 0xe0, 0x0, 0x0, 0x55,
    0x0, 0x0, 0x0,

    /* U+0030 "0" */
    0x0, 0x4b, 0xff, 0xb4, 0x0, 0x4, 0xfe, 0x99,
    0xef, 0x40, 0xe, 0xd1, 0x0, 0x1d, 0xd0, 0x4f,
    0x60, 0x0, 0x7, 0xf4, 0x8f, 0x20, 0x0, 0x2,
    0xf8, 0xaf, 0x0, 0x0, 0x0, 0xfa, 0xcf, 0x0,
    0x0, 0x0, 0xfc, 0xcf, 0x0, 0x0, 0x0, 0xfc,
    0xcf, 0x0, 0x0, 0x0, 0xfc, 0xaf, 0x0, 0x0,
    0x0, 0xfa, 0x8f, 0x20, 0x0, 0x2, 0xf8, 0x4f,
    0x60, 0x0, 0x7, 0xf4, 0xe, 0xd1, 0x0, 0x1d,
    0xd0, 0x4, 0xfe, 0x99, 0xef, 0x40, 0x0, 0x4c,
    0xff, 0xc4, 0x0,

    /* U+0031 "1" */
    0x0, 0xb, 0xff, 0x50, 0x0, 0x0, 0xbf, 0xbf,
    0x50, 0x0, 0xb, 0xf5, 0x5f, 0x50, 0x0, 0xbf,
    0x60, 0x5f, 0x50, 0x0, 0x56, 0x0, 0x5f, 0x50,
    0x0, 0x0, 0x0, 0x5f, 0x50, 0x0, 0x0, 0x0,
    0x5f, 0x50, 0x0, 0x0, 0x0, 0x5f, 0x50, 0x0,
    0x0, 0x0, 0x5f, 0x50, 0x0, 0x0, 0x0, 0x5f,
    0x50, 0x0, 0x0, 0x0, 0x5f, 0x50, 0x0, 0x0,
    0x0, 0x5f, 0x50, 0x0, 0x0, 0x0, 0x5f, 0x50,
    0x0, 0x28, 0x88, 0xbf, 0xb8, 0x88, 0x3f, 0xff,
    0xff, 0xff, 0xff,

    /* U+0032 "2" */
    0x0, 0x5c, 0xff, 0xb3, 0x0, 0x8, 0xfd, 0x9a,
    0xff, 0x30, 0x3f, 0xa0, 0x0, 0x3f, 0xc0, 0x5e,
    0x10, 0x0, 0xc, 0xf1, 0x0, 0x0, 0x0, 0xa,
    0xf1, 0x0, 0x0, 0x0, 0xc, 0xf0, 0x0, 0x0,
    0x0, 0x3f, 0xa0, 0x0, 0x0, 0x0, 0xdf, 0x20,
    0x0, 0x0, 0xb, 0xf5, 0x0, 0x0, 0x0, 0xaf,
    0x70, 0x0, 0x0, 0xb, 0xf6, 0x0, 0x0, 0x0,
    0xbf, 0x60, 0x0, 0x0, 0xb, 0xf5, 0x0, 0x0,
    0x0, 0x7f, 0xc8, 0x88, 0x88, 0x85, 0x8f, 0xff,
    0xff, 0xff, 0xfa,

    /* U+0033 "3" */
    0x0, 0x8, 0xdf, 0xda, 0x20, 0x0, 0xd, 0xfc,
    0x9b, 0xfe, 0x10, 0x4, 0xf5, 0x0, 0x6, 0xfa,
    0x0, 0x2, 0x0, 0x0, 0xf, 0xc0, 0x0, 0x0,
    0x0, 0x0, 0xfb, 0x0, 0x0, 0x0, 0x0, 0x7f,
    0x50, 0x0, 0x2, 0x88, 0xcf, 0x60, 0x0, 0x0,
    0x4f, 0xff, 0xb3, 0x0, 0x0, 0x0, 0x0, 0x2b,
    0xf4, 0x0, 0x0, 0x0, 0x0, 0xe, 0xd0, 0x0,
    0x0, 0x0, 0x0, 0xbf, 0x0, 0x11, 0x0, 0x0,
    0xc, 0xf0, 0xd, 0xc1, 0x0, 0x4, 0xfb, 0x0,
    0x5f, 0xfa, 0x9b, 0xfe, 0x20, 0x0, 0x3a, 0xef,
    0xe9, 0x10, 0x0,

    /* U+0034 "4" */
    0x0, 0x0, 0x0, 0xaf, 0xf1, 0x0, 0x0, 0x0,
    0x3, 0xfd, 0xf1, 0x0, 0x0, 0x0, 0xc, 0xd8,
    0xf1, 0x0, 0x0, 0x0, 0x4f, 0x48, 0xf1, 0x0,
    0x0, 0x0, 0xdc, 0x8, 0xf1, 0x0, 0x0, 0x6,
    0xf3, 0x8, 0xf1, 0x0, 0x0, 0xe, 0xb0, 0x8,
    0xf1, 0x0, 0x0, 0x7f, 0x20, 0x8, 0xf1, 0x0,
    0x1, 0xe9, 0x0, 0x8, 0xf1, 0x0, 0x8, 0xf1,
    0x0, 0x8, 0xf1, 0x0, 0x1f, 0xa2, 0x22, 0x29,
    0xf3, 0x20, 0x3f, 0xff, 0xff, 0xff, 0xff, 0xf2,
    0x15, 0x55, 0x55, 0x5a, 0xf6, 0x50, 0x0, 0x0,
    0x0, 0x8, 0xf1, 0x0, 0x0, 0x0, 0x0, 0x8,
    0xf1, 0x0,

    /* U+0035 "5" */
    0x8, 0xff, 0xff, 0xff, 0xf0, 0x9, 0xe8, 0x88,
    0x88, 0x80, 0xa, 0xc0, 0x0, 0x0, 0x0, 0xb,
    0xb0, 0x0, 0x0, 0x0, 0xc, 0xa0, 0x0, 0x0,
    0x0, 0xd, 0x80, 0x57, 0x50, 0x0, 0xe, 0x8d,
    0xff, 0xfe, 0x30, 0xf, 0xf5, 0x1, 0x6f, 0xe0,
    0x2, 0x20, 0x0, 0x8, 0xf5, 0x0, 0x0, 0x0,
    0x4, 0xf8, 0x0, 0x0, 0x0, 0x3, 0xf8, 0x3,
    0x0, 0x0, 0x6, 0xf6, 0x3f, 0x90, 0x0, 0x1d,
    0xf1, 0xa, 0xfd, 0x9a, 0xef, 0x60, 0x0, 0x6c,
    0xff, 0xb4, 0x0,

    /* U+0036 "6" */
    0x0, 0x0, 0x5f, 0xc1, 0x0, 0x0, 0x6, 0xfb,
    0x0, 0x0, 0x0, 0x4f, 0xc0, 0x0, 0x0, 0x0,
    0xee, 0x10, 0x0, 0x0, 0x7, 0xf5, 0x0, 0x0,
    0x0, 0xe, 0xd0, 0x1, 0x0, 0x0, 0x4f, 0x78,
    0xff, 0xfa, 0x10, 0x7f, 0xbb, 0x66, 0xbf, 0xc0,
    0x9f, 0x90, 0x0, 0x9, 0xf5, 0xaf, 0x30, 0x0,
    0x3, 0xf9, 0x9f, 0x10, 0x0, 0x1, 0xfa, 0x6f,
    0x30, 0x0, 0x3, 0xf8, 0xf, 0xb0, 0x0, 0xb,
    0xf2, 0x5, 0xfd, 0x99, 0xdf, 0x80, 0x0, 0x4b,
    0xff, 0xc5, 0x0,

    /* U+0037 "7" */
    0xaf, 0xff, 0xff, 0xff, 0xf8, 0xaf, 0x88, 0x88,
    0x8a, 0xf8, 0xae, 0x0, 0x0, 0x8, 0xf2, 0xae,
    0x0, 0x0, 0xe, 0xc0, 0x24, 0x0, 0x0, 0x5f,
    0x60, 0x0, 0x0, 0x0, 0xbf, 0x0, 0x0, 0x0,
    0x2, 0xf9, 0x0, 0x0, 0x0, 0x8, 0xf3, 0x0,
    0x0, 0x0, 0xe, 0xd0, 0x0, 0x0, 0x0, 0x5f,
    0x70, 0x0, 0x0, 0x0, 0xbf, 0x10, 0x0, 0x0,
    0x1, 0xfa, 0x0, 0x0, 0x0, 0x8, 0xf4, 0x0,
    0x0, 0x0, 0xe, 0xd0, 0x0, 0x0, 0x0, 0x4f,
    0x70, 0x0, 0x0,

    /* U+0038 "8" */
    0x0, 0x7d, 0xff, 0xd6, 0x0, 0xa, 0xfd, 0x99,
    0xdf, 0xa0, 0x3f, 0xc0, 0x0, 0xc, 0xf2, 0x6f,
    0x60, 0x0, 0x6, 0xf6, 0x5f, 0x50, 0x0, 0x5,
    0xf5, 0x1f, 0x90, 0x0, 0x9, 0xf1, 0x6, 0xf7,
    0x33, 0x7f, 0x70, 0x0, 0x5f, 0xff, 0xf6, 0x0,
    0x9, 0xf9, 0x66, 0x9f, 0x90, 0x7f, 0x50, 0x0,
    0x5, 0xf7, 0xcf, 0x0, 0x0, 0x0, 0xfc, 0xcf,
    0x0, 0x0, 0x0, 0xfc, 0x8f, 0x70, 0x0, 0x7,
    0xf8, 0x1d, 0xfc, 0x99, 0xcf, 0xd1, 0x1, 0x8d,
    0xff, 0xd8, 0x10,

    /* U+0039 "9" */
    0x0, 0x5c, 0xff, 0xb4, 0x0, 0x7, 0xfd, 0x99,
    0xdf, 0x50, 0x2f, 0xb0, 0x0, 0xc, 0xf0, 0x7f,
    0x40, 0x0, 0x4, 0xf5, 0xaf, 0x10, 0x0, 0x1,
    0xf9, 0x9f, 0x20, 0x0, 0x3, 0xfa, 0x6f, 0x80,
    0x0, 0x8, 0xf9, 0xd, 0xf8, 0x33, 0x8c, 0xf7,
    0x2, 0xdf, 0xff, 0xb7, 0xf3, 0x0, 0x3, 0x42,
    0xc, 0xe0, 0x0, 0x0, 0x0, 0x5f, 0x70, 0x0,
    0x0, 0x0, 0xde, 0x0, 0x0, 0x0, 0xb, 0xf4,
    0x0, 0x0, 0x0, 0xbf, 0x60, 0x0, 0x0, 0x1c,
    0xf5, 0x0, 0x0,

    /* U+003A ":" */
    0x1e, 0xd0, 0x4f, 0xf1, 0x9, 0x80, 0x0, 0x0,
    0x0, 0x0, 0x0, 0x0, 0x0, 0x0, 0x0, 0x0,
    0x9, 0x80, 0x4f, 0xf1, 0x1e, 0xd0,

    /* U+003B ";" */
    0x1, 0xed, 0x0, 0x4f, 0xf1, 0x0, 0x98, 0x0,
    0x0, 0x0, 0x0, 0x0, 0x0, 0x0, 0x0, 0x0,
    0x0, 0x0, 0x0, 0x0, 0x0, 0x64, 0x0, 0x3f,
    0xf1, 0x2, 0xff, 0x10, 0xa, 0xc0, 0x2, 0xf4,
    0x0, 0x86, 0x0,

    /* U+003C "<" */
    0x0, 0x0, 0x0, 0x0, 0x52, 0x0, 0x0, 0x0,
    0x2b, 0xf3, 0x0, 0x0, 0x8, 0xfe, 0x60, 0x0,
    0x4, 0xdf, 0x91, 0x0, 0x1, 0xaf, 0xc3, 0x0,
    0x0, 0x2f, 0xe6, 0x0, 0x0, 0x0, 0x3f, 0xa0,
    0x0, 0x0, 0x0, 0x8, 0xfe, 0x50, 0x0, 0x0,
    0x0, 0x2b, 0xfb, 0x20, 0x0, 0x0, 0x0, 0x5e,
    0xf8, 0x0, 0x0, 0x0, 0x0, 0x9f, 0xe1, 0x0,
    0x0, 0x0, 0x3, 0xc3, 0x0, 0x0, 0x0, 0x0,
    0x0,

    /* U+003D "=" */
    0x11, 0x11, 0x11, 0x11, 0x11, 0xaf, 0xff, 0xff,
    0xff, 0xfa, 0x34, 0x44, 0x44, 0x44, 0x43, 0x0,
    0x0, 0x0, 0x0, 0x0, 0x12, 0x22, 0x22, 0x22,
    0x21, 0xaf, 0xff, 0xff, 0xff, 0xfa, 0x34, 0x44,
    0x44, 0x44, 0x43,

    /* U+003E ">" */
    0x25, 0x0, 0x0, 0x0, 0x0, 0x3f, 0xb2, 0x0,
    0x0, 0x0, 0x6, 0xef, 0x80, 0x0, 0x0, 0x0,
    0x19, 0xfd, 0x40, 0x0, 0x0, 0x0, 0x3c, 0xfa,
    0x10, 0x0, 0x0, 0x0, 0x6e, 0xf2, 0x0, 0x0,
    0x0, 0xa, 0xf3, 0x0, 0x0, 0x5, 0xef, 0x80,
    0x0, 0x2, 0xbf, 0xb2, 0x0, 0x0, 0x8f, 0xe5,
    0x0, 0x0, 0x1e, 0xf9, 0x0, 0x0, 0x0, 0x3c,
    0x30, 0x0, 0x0, 0x0, 0x0, 0x0, 0x0, 0x0,
    0x0,

    /* U+003F "?" */
    0x0, 0x5d, 0xfe, 0xa2, 0x0, 0x8f, 0xd9, 0xaf,
    0xe1, 0x2f, 0xa0, 0x0, 0x5f, 0x93, 0xc1, 0x0,
    0x0, 0xfc, 0x0, 0x0, 0x0, 0xf, 0xb0, 0x0,
    0x0, 0x5, 0xf8, 0x0, 0x0, 0x16, 0xed, 0x0,
    0x0, 0x6f, 0xfb, 0x10, 0x0, 0x6, 0xf3, 0x0,
    0x0, 0x0, 0x6f, 0x20, 0x0, 0x0, 0x3, 0x70,
    0x0, 0x0, 0x0, 0x0, 0x0, 0x0, 0x0, 0x5,
    0xa2, 0x0, 0x0, 0x0, 0xdf, 0x80, 0x0, 0x0,
    0x9, 0xf5, 0x0, 0x0,

    /* U+0040 "@" */
    0x0, 0x0, 0x28, 0xdf, 0xfd, 0xa4, 0x0, 0x0,
    0x0, 0x7, 0xfc, 0x74, 0x46, 0xbf, 0xa0, 0x0,
    0x0, 0x8f, 0x50, 0x0, 0x0, 0x3, 0xec, 0x0,
    0x4, 0xf3, 0x0, 0x0, 0x0, 0x0, 0x2e, 0x70,
    0xd, 0x80, 0x4, 0xdf, 0xb4, 0xf3, 0x7, 0xe0,
    0x3f, 0x10, 0x3f, 0xc6, 0x8c, 0xf3, 0x1, 0xf3,
    0x7c, 0x0, 0xae, 0x0, 0x6, 0xf3, 0x0, 0xd6,
    0x9a, 0x0, 0xeb, 0x0, 0x3, 0xf3, 0x0, 0xc7,
    0xaa, 0x0, 0xfa, 0x0, 0x3, 0xf3, 0x0, 0xd7,
    0xaa, 0x0, 0xfa, 0x0, 0x3, 0xf3, 0x0, 0xe5,
    0x8b, 0x0, 0xcd, 0x0, 0x4, 0xf3, 0x2, 0xf2,
    0x5f, 0x0, 0x5f, 0x71, 0x2a, 0xf7, 0x1b, 0xc0,
    0x1f, 0x50, 0x8, 0xff, 0xe3, 0x8f, 0xfd, 0x20,
    0x8, 0xd1, 0x0, 0x13, 0x0, 0x2, 0x20, 0x0,
    0x0, 0xdc, 0x10, 0x0, 0x0, 0x0, 0x0, 0x0,
    0x0, 0x1d, 0xe7, 0x31, 0x0, 0x0, 0x0, 0x0,
    0x0, 0x0, 0x7d, 0xff, 0xff, 0xff, 0x90, 0x0,
    0x0, 0x0, 0x0, 0x12, 0x33, 0x33, 0x20, 0x0,

    /* U+0041 "A" */
    0x0, 0x0, 0xd, 0xfa, 0x0, 0x0, 0x0, 0x0,
    0x2, 0xff, 0xf0, 0x0, 0x0, 0x0, 0x0, 0x7f,
    0x8f, 0x40, 0x0, 0x0, 0x0, 0xc, 0xc1, 0xf9,
    0x0, 0x0, 0x0, 0x2, 0xf7, 0xb, 0xe0, 0x0,
    0x0, 0x0, 0x7f, 0x10, 0x6f, 0x40, 0x0, 0x0,
    0xc, 0xc0, 0x1, 0xf9, 0x0, 0x0, 0x1, 0xf7,
    0x0, 0xb, 0xe0, 0x0, 0x0, 0x6f, 0x10, 0x0,
    0x6f, 0x30, 0x0, 0xc, 0xff, 0xff, 0xff, 0xf9,
    0x0, 0x1, 0xfc, 0x88, 0x88, 0x8d, 0xe0, 0x0,
    0x6f, 0x40, 0x0, 0x0, 0x7f, 0x30, 0xb, 0xe0,
    0x0, 0x0, 0x2, 0xf8, 0x1, 0xfa, 0x0, 0x0,
    0x0, 0xd, 0xd0, 0x6f, 0x50, 0x0, 0x0, 0x0,
    0x9f, 0x30,

    /* U+0042 "B" */
    0x2f, 0xff, 0xff, 0xfe, 0x80, 0x2, 0xfc, 0x88,
    0x89, 0xdf, 0x80, 0x2f, 0x80, 0x0, 0x0, 0xdf,
    0x12, 0xf8, 0x0, 0x0, 0x8, 0xf3, 0x2f, 0x80,
    0x0, 0x0, 0x7f, 0x42, 0xf8, 0x0, 0x0, 0xa,
    0xf1, 0x2f, 0x80, 0x0, 0x4, 0xf9, 0x2, 0xff,
    0xff, 0xff, 0xf9, 0x0, 0x2f, 0xc8, 0x88, 0x8a,
    0xfb, 0x2, 0xf8, 0x0, 0x0, 0x5, 0xf7, 0x2f,
    0x80, 0x0, 0x0, 0xf, 0xc2, 0xf8, 0x0, 0x0,
    0x0, 0xfb, 0x2f, 0x80, 0x0, 0x0, 0x5f, 0x82,
    0xfc, 0x88, 0x88, 0xaf, 0xe0, 0x2f, 0xff, 0xff,
    0xff, 0xb1, 0x0,

    /* U+0043 "C" */
    0x0, 0x8, 0xdf, 0xeb, 0x40, 0x0, 0x1d, 0xfc,
    0x9a, 0xff, 0x60, 0xb, 0xf6, 0x0, 0x1, 0xcf,
    0x32, 0xfb, 0x0, 0x0, 0x1, 0xc3, 0x7f, 0x30,
    0x0, 0x0, 0x0, 0xb, 0xf0, 0x0, 0x0, 0x0,
    0x0, 0xcf, 0x0, 0x0, 0x0, 0x0, 0xd, 0xf0,
    0x0, 0x0, 0x0, 0x0, 0xcf, 0x0, 0x0, 0x0,
    0x0, 0xb, 0xf0, 0x0, 0x0, 0x0, 0x0, 0x8f,
    0x30, 0x0, 0x0, 0x0, 0x3, 0xf9, 0x0, 0x0,
    0x1, 0xe5, 0xb, 0xf5, 0x0, 0x0, 0xbf, 0x30,
    0x1d, 0xfc, 0x9a, 0xef, 0x60, 0x0, 0x18, 0xdf,
    0xeb, 0x40, 0x0,

    /* U+0044 "D" */
    0x2f, 0xff, 0xff, 0xea, 0x20, 0x0, 0x2f, 0xc8,
    0x88, 0xaf, 0xf5, 0x0, 0x2f, 0x80, 0x0, 0x1,
    0xdf, 0x20, 0x2f, 0x80, 0x0, 0x0, 0x3f, 0x90,
    0x2f, 0x80, 0x0, 0x0, 0xc, 0xe0, 0x2f, 0x80,
    0x0, 0x0, 0x9, 0xf1, 0x2f, 0x80, 0x0, 0x0,
    0x8, 0xf3, 0x2f, 0x80, 0x0, 0x0, 0x8, 0xf4,
    0x2f, 0x80, 0x0, 0x0, 0x8, 0xf3, 0x2f, 0x80,
    0x0, 0x0, 0x9, 0xf1, 0x2f, 0x80, 0x0, 0x0,
    0xc, 0xe0, 0x2f, 0x80, 0x0, 0x0, 0x3f, 0x90,
    0x2f, 0x80, 0x0, 0x1, 0xdf, 0x20, 0x2f, 0xc8,
    0x88, 0xaf, 0xf5, 0x0, 0x2f, 0xff, 0xff, 0xea,
    0x20, 0x0,

    /* U+0045 "E" */
    0x2f, 0xff, 0xff, 0xff, 0xf6, 0x2f, 0xc8, 0x88,
    0x88, 0x83, 0x2f, 0x80, 0x0, 0x0, 0x0, 0x2f,
    0x80, 0x0, 0x0, 0x0, 0x2f, 0x80, 0x0, 0x0,
    0x0, 0x2f, 0x80, 0x0, 0x0, 0x0, 0x2f, 0x80,
    0x0, 0x0, 0x0, 0x2f, 0xff, 0xff, 0xff, 0xf0,
    0x2f, 0xc8, 0x88, 0x88, 0x80, 0x2f, 0x80, 0x0,
    0x0, 0x0, 0x2f, 0x80, 0x0, 0x0, 0x0, 0x2f,
    0x80, 0x0, 0x0, 0x0, 0x2f, 0x80, 0x0, 0x0,
    0x0, 0x2f, 0xc8, 0x88, 0x88, 0x83, 0x2f, 0xff,
    0xff, 0xff, 0xf6,

    /* U+0046 "F" */
    0x2f, 0xff, 0xff, 0xff, 0xf3, 0x2f, 0xc8, 0x88,
    0x88, 0x81, 0x2f, 0x80, 0x0, 0x0, 0x0, 0x2f,
    0x80, 0x0, 0x0, 0x0, 0x2f, 0x80, 0x0, 0x0,
    0x0, 0x2f, 0x80, 0x0, 0x0, 0x0, 0x2f, 0x80,
    0x0, 0x0, 0x0, 0x2f, 0xff, 0xff, 0xff, 0x90,
    0x2f, 0xc8, 0x88, 0x88, 0x50, 0x2f, 0x80, 0x0,
    0x0, 0x0, 0x2f, 0x80, 0x0, 0x0, 0x0, 0x2f,
    0x80, 0x0, 0x0, 0x0, 0x2f, 0x80, 0x0, 0x0,
    0x0, 0x2f, 0x80, 0x0, 0x0, 0x0, 0x2f, 0x80,
    0x0, 0x0, 0x0,

    /* U+0047 "G" */
    0x0, 0x6, 0xcf, 0xfd, 0x70, 0x0, 0x0, 0xbf,
    0xea, 0x9d, 0xfc, 0x10, 0x9, 0xf8, 0x0, 0x0,
    0x6f, 0xb0, 0x1f, 0xb0, 0x0, 0x0, 0x8, 0xa0,
    0x7f, 0x30, 0x0, 0x0, 0x0, 0x0, 0xaf, 0x0,
    0x0, 0x0, 0x0, 0x0, 0xcf, 0x0, 0x0, 0x0,
    0x0, 0x0, 0xdf, 0x0, 0x0, 0x28, 0x88, 0x83,
    0xcf, 0x0, 0x0, 0x4f, 0xff, 0xf7, 0xaf, 0x0,
    0x0, 0x0, 0x3, 0xf7, 0x7f, 0x30, 0x0, 0x0,
    0x3, 0xf7, 0x1f, 0xb0, 0x0, 0x0, 0x6, 0xf7,
    0x9, 0xf8, 0x0, 0x0, 0x3e, 0xf7, 0x0, 0xbf,
    0xea, 0x9c, 0xf7, 0xf7, 0x0, 0x6, 0xcf, 0xfc,
    0x51, 0xf7,

    /* U+0048 "H" */
    0x2f, 0x80, 0x0, 0x0, 0x6, 0xf4, 0x2f, 0x80,
    0x0, 0x0, 0x6, 0xf4, 0x2f, 0x80, 0x0, 0x0,
    0x6, 0xf4, 0x2f, 0x80, 0x0, 0x0, 0x6, 0xf4,
    0x2f, 0x80, 0x0, 0x0, 0x6, 0xf4, 0x2f, 0x80,
    0x0, 0x0, 0x6, 0xf4, 0x2f, 0x80, 0x0, 0x0,
    0x6, 0xf4, 0x2f, 0xff, 0xff, 0xff, 0xff, 0xf4,
    0x2f, 0xc8, 0x88, 0x88, 0x8b, 0xf4, 0x2f, 0x80,
    0x0, 0x0, 0x6, 0xf4, 0x2f, 0x80, 0x0, 0x0,
    0x6, 0xf4, 0x2f, 0x80, 0x0, 0x0, 0x6, 0xf4,
    0x2f, 0x80, 0x0, 0x0, 0x6, 0xf4, 0x2f, 0x80,
    0x0, 0x0, 0x6, 0xf4, 0x2f, 0x80, 0x0, 0x0,
    0x6, 0xf4,

    /* U+0049 "I" */
    0xcf, 0xff, 0xfc, 0x57, 0xee, 0x75, 0x0, 0xdd,
    0x0, 0x0, 0xdd, 0x0, 0x0, 0xdd, 0x0, 0x0,
    0xdd, 0x0, 0x0, 0xdd, 0x0, 0x0, 0xdd, 0x0,
    0x0, 0xdd, 0x0, 0x0, 0xdd, 0x0, 0x0, 0xdd,
    0x0, 0x0, 0xdd, 0x0, 0x0, 0xdd, 0x0, 0x57,
    0xee, 0x75, 0xcf, 0xff, 0xfc,

    /* U+004A "J" */
    0x0, 0xff, 0xff, 0xff, 0x70, 0x8, 0x88, 0x8a,
    0xf7, 0x0, 0x0, 0x0, 0x3f, 0x70, 0x0, 0x0,
    0x3, 0xf7, 0x0, 0x0, 0x0, 0x3f, 0x70, 0x0,
    0x0, 0x3, 0xf7, 0x0, 0x0, 0x0, 0x3f, 0x70,
    0x0, 0x0, 0x3, 0xf7, 0x0, 0x0, 0x0, 0x3f,
    0x70, 0x0, 0x0, 0x3, 0xf7, 0x0, 0x0, 0x0,
    0x3f, 0x62, 0x92, 0x0, 0x5, 0xf6, 0x2f, 0xa0,
    0x0, 0xbf, 0x20, 0x9f, 0xc9, 0xdf, 0x90, 0x0,
    0x7d, 0xfd, 0x60, 0x0,

    /* U+004B "K" */
    0x2f, 0x80, 0x0, 0x0, 0x9f, 0x70, 0x2f, 0x80,
    0x0, 0x5, 0xfa, 0x0, 0x2f, 0x80, 0x0, 0x2f,
    0xd0, 0x0, 0x2f, 0x80, 0x1, 0xde, 0x20, 0x0,
    0x2f, 0x80, 0xb, 0xf4, 0x0, 0x0, 0x2f, 0x80,
    0x8f, 0x60, 0x0, 0x0, 0x2f, 0x84, 0xfd, 0x0,
    0x0, 0x0, 0x2f, 0xae, 0xff, 0x60, 0x0, 0x0,
    0x2f, 0xfc, 0x1e, 0xe1, 0x0, 0x0, 0x2f, 0xe1,
    0x5, 0xfa, 0x0, 0x0, 0x2f, 0x80, 0x0, 0xbf,
    0x50, 0x0, 0x2f, 0x80, 0x0, 0x1f, 0xe1, 0x0,
    0x2f, 0x80, 0x0, 0x7, 0xf9, 0x0, 0x2f, 0x80,
    0x0, 0x0, 0xcf, 0x40, 0x2f, 0x80, 0x0, 0x0,
    0x2f, 0xd0,

    /* U+004C "L" */
    0x2f, 0x80, 0x0, 0x0, 0x2, 0xf8, 0x0, 0x0,
    0x0, 0x2f, 0x80, 0x0, 0x0, 0x2, 0xf8, 0x0,
    0x0, 0x0, 0x2f, 0x80, 0x0, 0x0, 0x2, 0xf8,
    0x0, 0x0, 0x0, 0x2f, 0x80, 0x0, 0x0, 0x2,
    0xf8, 0x0, 0x0, 0x0, 0x2f, 0x80, 0x0, 0x0,
    0x2, 0xf8, 0x0, 0x0, 0x0, 0x2f, 0x80, 0x0,
    0x0, 0x2, 0xf8, 0x0, 0x0, 0x0, 0x2f, 0x80,
    0x0, 0x0, 0x2, 0xfc, 0x88, 0x88, 0x84, 0x2f,
    0xff, 0xff, 0xff, 0x70,

    /* U+004D "M" */
    0x2f, 0xf5, 0x0, 0x0, 0x0, 0x1f, 0xf6, 0x2f,
    0xfd, 0x0, 0x0, 0x0, 0x8f, 0xf6, 0x2f, 0xdf,
    0x50, 0x0, 0x1, 0xfd, 0xf6, 0x2f, 0x8d, 0xd0,
    0x0, 0x8, 0xf6, 0xf6, 0x2f, 0x86, 0xf5, 0x0,
    0x1f, 0xa4, 0xf6, 0x2f, 0x80, 0xec, 0x0, 0x8f,
    0x24, 0xf6, 0x2f, 0x80, 0x6f, 0x41, 0xf9, 0x4,
    0xf6, 0x2f, 0x80, 0xd, 0xc8, 0xf2, 0x4, 0xf6,
    0x2f, 0x80, 0x5, 0xff, 0x90, 0x4, 0xf6, 0x2f,
    0x80, 0x0, 0xdf, 0x10, 0x4, 0xf6, 0x2f, 0x80,
    0x0, 0x59, 0x0, 0x4, 0xf6, 0x2f, 0x80, 0x0,
    0x1, 0x0, 0x4, 0xf6, 0x2f, 0x80, 0x0, 0x0,
    0x0, 0x4, 0xf6, 0x2f, 0x80, 0x0, 0x0, 0x0,
    0x4, 0xf6, 0x2f, 0x80, 0x0, 0x0, 0x0, 0x4,
    0xf6,

    /* U+004E "N" */
    0x2f, 0xf1, 0x0, 0x0, 0x5, 0xf4, 0x2f, 0xfa,
    0x0, 0x0, 0x5, 0xf4, 0x2f, 0xef, 0x30, 0x0,
    0x5, 0xf4, 0x2f, 0x8e, 0xc0, 0x0, 0x5, 0xf4,
    0x2f, 0x87, 0xf4, 0x0, 0x5, 0xf4, 0x2f, 0x80,
    0xed, 0x0, 0x5, 0xf4, 0x2f, 0x80, 0x6f, 0x60,
    0x5, 0xf4, 0x2f, 0x80, 0xd, 0xe1, 0x5, 0xf4,
    0x2f, 0x80, 0x4, 0xf8, 0x5, 0xf4, 0x2f, 0x80,
    0x0, 0xbf, 0x15, 0xf4, 0x2f, 0x80, 0x0, 0x2f,
    0x95, 0xf4, 0x2f, 0x80, 0x0, 0x9, 0xf7, 0xf4,
    0x2f, 0x80, 0x0, 0x1, 0xfe, 0xf4, 0x2f, 0x80,
    0x0, 0x0, 0x7f, 0xf4, 0x2f, 0x80, 0x0, 0x0,
    0xe, 0xf4,

    /* U+004F "O" */
    0x0, 0x6, 0xcf, 0xfd, 0x70, 0x0, 0x0, 0xbf,
    0xe9, 0x9d, 0xfd, 0x10, 0x9, 0xf8, 0x0, 0x0,
    0x6f, 0xb0, 0x1f, 0xb0, 0x0, 0x0, 0x9, 0xf4,
    0x7f, 0x30, 0x0, 0x0, 0x1, 0xf9, 0xaf, 0x0,
    0x0, 0x0, 0x0, 0xdd, 0xcf, 0x0, 0x0, 0x0,
    0x0, 0xcf, 0xdf, 0x0, 0x0, 0x0, 0x0, 0xcf,
    0xcf, 0x0, 0x0, 0x0, 0x0, 0xcf, 0xaf, 0x0,
    0x0, 0x0, 0x0, 0xdd, 0x7f, 0x30, 0x0, 0x0,
    0x1, 0xf9, 0x2f, 0xb0, 0x0, 0x0, 0x9, 0xf4,
    0x9, 0xf8, 0x0, 0x0, 0x6f, 0xc0, 0x0, 0xbf,
    0xd9, 0x9d, 0xfd, 0x10, 0x0, 0x6, 0xcf, 0xfd,
    0x70, 0x0,

    /* U+0050 "P" */
    0x2f, 0xff, 0xff, 0xfd, 0x70, 0x2, 0xfc, 0x88,
    0x88, 0xdf, 0x70, 0x2f, 0x80, 0x0, 0x0, 0xdf,
    0x2, 0xf8, 0x0, 0x0, 0x8, 0xf3, 0x2f, 0x80,
    0x0, 0x0, 0x7f, 0x42, 0xf8, 0x0, 0x0, 0x8,
    0xf3, 0x2f, 0x80, 0x0, 0x0, 0xdf, 0x2, 0xfc,
    0x88, 0x89, 0xdf, 0x70, 0x2f, 0xff, 0xff, 0xfd,
    0x70, 0x2, 0xf8, 0x0, 0x0, 0x0, 0x0, 0x2f,
    0x80, 0x0, 0x0, 0x0, 0x2, 0xf8, 0x0, 0x0,
    0x0, 0x0, 0x2f, 0x80, 0x0, 0x0, 0x0, 0x2,
    0xf8, 0x0, 0x0, 0x0, 0x0, 0x2f, 0x80, 0x0,
    0x0, 0x0, 0x0,

    /* U+0051 "Q" */
    0x0, 0x6, 0xcf, 0xfd, 0x70, 0x0, 0x0, 0xbf,
    0xe9, 0x9d, 0xfd, 0x10, 0x9, 0xf8, 0x0, 0x0,
    0x6f, 0xb0, 0x1f, 0xa0, 0x0, 0x0, 0x8, 0xf4,
    0x7f, 0x30, 0x0, 0x0, 0x1, 0xf9, 0xaf, 0x0,
    0x0, 0x0, 0x0, 0xdd, 0xcf, 0x0, 0x0, 0x0,
    0x0, 0xce, 0xdf, 0x0, 0x0, 0x0, 0x0, 0xcf,
    0xcf, 0x0, 0x0, 0x0, 0x0, 0xcf, 0xbf, 0x0,
    0x0, 0x0, 0x0, 0xdd, 0x7f, 0x30, 0x0, 0x0,
    0x1, 0xfa, 0x2f, 0xa0, 0x0, 0x0, 0x8, 0xf5,
    0xa, 0xf6, 0x0, 0x0, 0x4f, 0xd0, 0x1, 0xdf,
    0xc7, 0x7b, 0xfe, 0x20, 0x0, 0x8, 0xef, 0xff,
    0xa1, 0x0, 0x0, 0x0, 0x9, 0xf0, 0x0, 0x0,
    0x0, 0x0, 0x9, 0xf2, 0x20, 0x0, 0x0, 0x0,
    0x5, 0xff, 0xf2, 0x0, 0x0, 0x0, 0x0, 0x35,
    0x50, 0x0,

    /* U+0052 "R" */
    0x2f, 0xff, 0xff, 0xfd, 0x70, 0x2, 0xfc, 0x88,
    0x88, 0xdf, 0x90, 0x2f, 0x80, 0x0, 0x0, 0xcf,
    0x12, 0xf8, 0x0, 0x0, 0x8, 0xf4, 0x2f, 0x80,
    0x0, 0x0, 0x7f, 0x42, 0xf8, 0x0, 0x0, 0x9,
    0xf2, 0x2f, 0x80, 0x0, 0x4, 0xfc, 0x2, 0xff,
    0xff, 0xff, 0xfd, 0x20, 0x2f, 0xc8, 0x88, 0xfb,
    0x0, 0x2, 0xf8, 0x0, 0xb, 0xf1, 0x0, 0x2f,
    0x80, 0x0, 0x4f, 0x80, 0x2, 0xf8, 0x0, 0x0,
    0xcf, 0x10, 0x2f, 0x80, 0x0, 0x5, 0xf8, 0x2,
    0xf8, 0x0, 0x0, 0xd, 0xf0, 0x2f, 0x80, 0x0,
    0x0, 0x6f, 0x70,

    /* U+0053 "S" */
    0x0, 0x7, 0xdf, 0xec, 0x60, 0x0, 0xd, 0xfc,
    0x99, 0xef, 0xb0, 0x7, 0xf6, 0x0, 0x0, 0x8f,
    0x30, 0xbf, 0x0, 0x0, 0x0, 0x10, 0xa, 0xf0,
    0x0, 0x0, 0x0, 0x0, 0x6f, 0xa1, 0x0, 0x0,
    0x0, 0x0, 0xbf, 0xfb, 0x72, 0x0, 0x0, 0x0,
    0x5b, 0xff, 0xfc, 0x20, 0x0, 0x0, 0x0, 0x4a,
    0xfe, 0x0, 0x0, 0x0, 0x0, 0x7, 0xf6, 0x0,
    0x0, 0x0, 0x0, 0x2f, 0x80, 0x23, 0x0, 0x0,
    0x3, 0xf7, 0xe, 0xe4, 0x0, 0x0, 0xbf, 0x30,
    0x4e, 0xfc, 0x9a, 0xef, 0x80, 0x0, 0x19, 0xdf,
    0xfc, 0x50, 0x0,

    /* U+0054 "T" */
    0x9f, 0xff, 0xff, 0xff, 0xff, 0xf4, 0x88, 0x89,
    0xfc, 0x88, 0x88, 0x0, 0x0, 0x2f, 0x90, 0x0,
    0x0, 0x0, 0x2, 0xf9, 0x0, 0x0, 0x0, 0x0,
    0x2f, 0x90, 0x0, 0x0, 0x0, 0x2, 0xf9, 0x0,
    0x0, 0x0, 0x0, 0x2f, 0x90, 0x0, 0x0, 0x0,
    0x2, 0xf9, 0x0, 0x0, 0x0, 0x0, 0x2f, 0x90,
    0x0, 0x0, 0x0, 0x2, 0xf9, 0x0, 0x0, 0x0,
    0x0, 0x2f, 0x90, 0x0, 0x0, 0x0, 0x2, 0xf9,
    0x0, 0x0, 0x0, 0x0, 0x2f, 0x90, 0x0, 0x0,
    0x0, 0x2, 0xf9, 0x0, 0x0, 0x0, 0x0, 0x2f,
    0x90, 0x0, 0x0,

    /* U+0055 "U" */
    0x3f, 0x70, 0x0, 0x0, 0xe, 0xc3, 0xf7, 0x0,
    0x0, 0x0, 0xec, 0x3f, 0x70, 0x0, 0x0, 0xe,
    0xc3, 0xf7, 0x0, 0x0, 0x0, 0xec, 0x3f, 0x70,
    0x0, 0x0, 0xe, 0xc3, 0xf7, 0x0, 0x0, 0x0,
    0xec, 0x3f, 0x70, 0x0, 0x0, 0xe, 0xc3, 0xf7,
    0x0, 0x0, 0x0, 0xec, 0x3f, 0x70, 0x0, 0x0,
    0xe, 0xc3, 0xf7, 0x0, 0x0, 0x0, 0xec, 0x2f,
    0x80, 0x0, 0x0, 0xf, 0xa0, 0xfc, 0x0, 0x0,
    0x3, 0xf8, 0xa, 0xf5, 0x0, 0x0, 0xcf, 0x20,
    0x2e, 0xfc, 0x9a, 0xef, 0x90, 0x0, 0x2a, 0xef,
    0xfc, 0x60, 0x0,

    /* U+0056 "V" */
    0x7f, 0x50, 0x0, 0x0, 0x1, 0xf9, 0x2f, 0xa0,
    0x0, 0x0, 0x6, 0xf4, 0xd, 0xf0, 0x0, 0x0,
    0xb, 0xf0, 0x8, 0xf4, 0x0, 0x0, 0xf, 0xa0,
    0x3, 0xf9, 0x0, 0x0, 0x5f, 0x50, 0x0, 0xed,
    0x0, 0x0, 0xaf, 0x10, 0x0, 0x9f, 0x20, 0x0,
    0xeb, 0x0, 0x0, 0x4f, 0x70, 0x4, 0xf6, 0x0,
    0x0, 0xf, 0xc0, 0x8, 0xf1, 0x0, 0x0, 0xa,
    0xf0, 0xd, 0xc0, 0x0, 0x0, 0x5, 0xf4, 0x1f,
    0x70, 0x0, 0x0, 0x0, 0xf9, 0x6f, 0x20, 0x0,
    0x0, 0x0, 0xbd, 0xad, 0x0, 0x0, 0x0, 0x0,
    0x6f, 0xf8, 0x0, 0x0, 0x0, 0x0, 0x1f, 0xf3,
    0x0, 0x0,

    /* U+0057 "W" */
    0x7f, 0x40, 0x0, 0x3, 0xff, 0x0, 0x0, 0x6,
    0xf4, 0x4f, 0x70, 0x0, 0x6, 0xff, 0x30, 0x0,
    0xa, 0xf1, 0xf, 0xb0, 0x0, 0xa, 0xcf, 0x70,
    0x0, 0xd, 0xd0, 0xc, 0xe0, 0x0, 0xe, 0x7c,
    0xa0, 0x0, 0x1f, 0x90, 0x9, 0xf1, 0x0, 0x2f,
    0x38, 0xe0, 0x0, 0x4f, 0x50, 0x5, 0xf5, 0x0,
    0x6f, 0x5, 0xf2, 0x0, 0x8f, 0x10, 0x2, 0xf8,
    0x0, 0xac, 0x1, 0xf6, 0x0, 0xbd, 0x0, 0x0,
    0xeb, 0x0, 0xe8, 0x0, 0xda, 0x0, 0xea, 0x0,
    0x0, 0xaf, 0x1, 0xf4, 0x0, 0x9d, 0x2, 0xf6,
    0x0, 0x0, 0x7f, 0x25, 0xf0, 0x0, 0x5f, 0x15,
    0xf2, 0x0, 0x0, 0x3f, 0x59, 0xc0, 0x0, 0x1f,
    0x59, 0xe0, 0x0, 0x0, 0xf, 0x9d, 0x80, 0x0,
    0xd, 0x8c, 0xa0, 0x0, 0x0, 0xc, 0xdf, 0x40,
    0x0, 0xa, 0xdf, 0x70, 0x0, 0x0, 0x8, 0xff,
    0x0, 0x0, 0x6, 0xff, 0x30, 0x0, 0x0, 0x5,
    0xfc, 0x0, 0x0, 0x2, 0xff, 0x0, 0x0,

    /* U+0058 "X" */
    0x2f, 0xe0, 0x0, 0x0, 0x9, 0xf5, 0x8, 0xf8,
    0x0, 0x0, 0x2f, 0xb0, 0x0, 0xdf, 0x10, 0x0,
    0xcf, 0x20, 0x0, 0x4f, 0xa0, 0x5, 0xf8, 0x0,
    0x0, 0xb, 0xf4, 0xe, 0xd0, 0x0, 0x0, 0x2,
    0xfd, 0x9f, 0x40, 0x0, 0x0, 0x0, 0x7f, 0xfa,
    0x0, 0x0, 0x0, 0x0, 0x1f, 0xf5, 0x0, 0x0,
    0x0, 0x0, 0xaf, 0xfd, 0x0, 0x0, 0x0, 0x3,
    0xf9, 0x7f, 0x70, 0x0, 0x0, 0xc, 0xe1, 0xd,
    0xf2, 0x0, 0x0, 0x6f, 0x60, 0x4, 0xfb, 0x0,
    0x1, 0xed, 0x0, 0x0, 0xbf, 0x40, 0x9, 0xf4,
    0x0, 0x0, 0x2f, 0xd0, 0x3f, 0xb0, 0x0, 0x0,
    0x8, 0xf7,

    /* U+0059 "Y" */
    0x7f, 0x70, 0x0, 0x0, 0x9, 0xf5, 0xe, 0xe0,
    0x0, 0x0, 0x1f, 0xc0, 0x6, 0xf7, 0x0, 0x0,
    0x9f, 0x30, 0x0, 0xde, 0x0, 0x2, 0xfb, 0x0,
    0x0, 0x5f, 0x80, 0xa, 0xf2, 0x0, 0x0, 0xd,
    0xf1, 0x2f, 0x90, 0x0, 0x0, 0x4, 0xf8, 0xaf,
    0x10, 0x0, 0x0, 0x0, 0xcf, 0xf8, 0x0, 0x0,
    0x0, 0x0, 0x3f, 0xe1, 0x0, 0x0, 0x0, 0x0,
    0xf, 0xb0, 0x0, 0x0, 0x0, 0x0, 0xf, 0xb0,
    0x0, 0x0, 0x0, 0x0, 0xf, 0xb0, 0x0, 0x0,
    0x0, 0x0, 0xf, 0xb0, 0x0, 0x0, 0x0, 0x0,
    0xf, 0xb0, 0x0, 0x0, 0x0, 0x0, 0xf, 0xb0,
    0x0, 0x0,

    /* U+005A "Z" */
    0xd, 0xff, 0xff, 0xff, 0xff, 0x90, 0x78, 0x88,
    0x88, 0x8b, 0xf8, 0x0, 0x0, 0x0, 0x0, 0xde,
    0x10, 0x0, 0x0, 0x0, 0x8f, 0x40, 0x0, 0x0,
    0x0, 0x3f, 0x90, 0x0, 0x0, 0x0, 0xd, 0xd0,
    0x0, 0x0, 0x0, 0x9, 0xf4, 0x0, 0x0, 0x0,
    0x4, 0xf9, 0x0, 0x0, 0x0, 0x0, 0xed, 0x0,
    0x0, 0x0, 0x0, 0xaf, 0x30, 0x0, 0x0, 0x0,
    0x4f, 0x80, 0x0, 0x0, 0x0, 0x1e, 0xd0, 0x0,
    0x0, 0x0, 0xa, 0xf2, 0x0, 0x0, 0x0, 0x3,
    0xfd, 0x88, 0x88, 0x88, 0x87, 0x4f, 0xff, 0xff,
    0xff, 0xff, 0xe0,

    /* U+005B "[" */
    0x2f, 0xff, 0x22, 0xf7, 0x50, 0x2f, 0x30, 0x2,
    0xf3, 0x0, 0x2f, 0x30, 0x2, 0xf3, 0x0, 0x2f,
    0x30, 0x2, 0xf3, 0x0, 0x2f, 0x30, 0x2, 0xf3,
    0x0, 0x2f, 0x30, 0x2, 0xf3, 0x0, 0x2f, 0x30,
    0x2, 0xf3, 0x0, 0x2f, 0x30, 0x2, 0xf3, 0x0,
    0x2f, 0x41, 0x2, 0xff, 0xf2, 0x4, 0x44, 0x0,

    /* U+005C "\\" */
    0x1f, 0x50, 0x0, 0x0, 0xc, 0xa0, 0x0, 0x0,
    0x8, 0xe0, 0x0, 0x0, 0x3, 0xf3, 0x0, 0x0,
    0x0, 0xe7, 0x0, 0x0, 0x0, 0xac, 0x0, 0x0,
    0x0, 0x6f, 0x10, 0x0, 0x0, 0x1f, 0x50, 0x0,
    0x0, 0xd, 0x90, 0x0, 0x0, 0x8, 0xe0, 0x0,
    0x0, 0x4, 0xf2, 0x0, 0x0, 0x0, 0xf7, 0x0,
    0x0, 0x0, 0xbb, 0x0, 0x0, 0x0, 0x6f, 0x0,
    0x0, 0x0, 0x2f, 0x40, 0x0, 0x0, 0xd, 0x90,
    0x0, 0x0, 0x9, 0xd0, 0x0, 0x0, 0x4, 0xf2,
    0x0, 0x0, 0x0, 0x82,

    /* U+005D "]" */
    0xcf, 0xf7, 0x35, 0xe7, 0x0, 0xe7, 0x0, 0xe7,
    0x0, 0xe7, 0x0, 0xe7, 0x0, 0xe7, 0x0, 0xe7,
    0x0, 0xe7, 0x0, 0xe7, 0x0, 0xe7, 0x0, 0xe7,
    0x0, 0xe7, 0x0, 0xe7, 0x0, 0xe7, 0x0, 0xe7,
    0x1, 0xe7, 0xcf, 0xf7, 0x34, 0x41,

    /* U+005E "^" */
    0x0, 0x2, 0xff, 0x20, 0x0, 0x0, 0xa, 0xee,
    0xa0, 0x0, 0x0, 0x3f, 0x66, 0xf3, 0x0, 0x0,
    0xbd, 0x0, 0xdb, 0x0, 0x4, 0xf5, 0x0, 0x5f,
    0x40, 0xc, 0xc0, 0x0, 0xc, 0xc0, 0x5f, 0x30,
    0x0, 0x3, 0xf5, 0xcb, 0x0, 0x0, 0x0, 0xbc,
    0x1, 0x0, 0x0, 0x0, 0x10,

    /* U+005F "_" */
    0x2, 0x22, 0x22, 0x22, 0x22, 0x16, 0xff, 0xff,
    0xff, 0xff, 0xfb, 0x25, 0x55, 0x55, 0x55, 0x55,
    0x30,

    /* U+0060 "`" */
    0x0, 0x0, 0x1d, 0x80, 0xa, 0xf1, 0x1, 0xe8,
    0x0, 0x57,

    /* U+0061 "a" */
    0x0, 0x3b, 0xfe, 0xb3, 0x0, 0x0, 0x4f, 0xc7,
    0x8e, 0xf4, 0x0, 0x5, 0xa0, 0x0, 0x1f, 0xc0,
    0x0, 0x0, 0x0, 0x0, 0xbe, 0x0, 0x0, 0x0,
    0x0, 0xb, 0xe0, 0x0, 0x8, 0xdf, 0xff, 0xfe,
    0x0, 0xb, 0xf7, 0x43, 0x3c, 0xe0, 0x1, 0xf9,
    0x0, 0x0, 0xbe, 0x0, 0xf, 0xa0, 0x0, 0x1e,
    0xe0, 0x0, 0xaf, 0xa7, 0x8d, 0xbf, 0x70, 0x0,
    0x9e, 0xfd, 0x52, 0xdf, 0x10,

    /* U+0062 "b" */
    0x4f, 0x40, 0x0, 0x0, 0x0, 0x4f, 0x40, 0x0,
    0x0, 0x0, 0x4f, 0x40, 0x0, 0x0, 0x0, 0x4f,
    0x40, 0x0, 0x0, 0x0, 0x4f, 0x46, 0xdf, 0xd5,
    0x0, 0x4f, 0xad, 0x99, 0xef, 0x60, 0x4f, 0xb0,
    0x0, 0x1d, 0xf0, 0x4f, 0x50, 0x0, 0x5, 0xf5,
    0x4f, 0x40, 0x0, 0x2, 0xf8, 0x4f, 0x40, 0x0,
    0x2, 0xf9, 0x4f, 0x40, 0x0, 0x2, 0xf8, 0x4f,
    0x50, 0x0, 0x5, 0xf5, 0x4f, 0xb0, 0x0, 0xd,
    0xf1, 0x4f, 0x9d, 0x89, 0xef, 0x60, 0x4f, 0x46,
    0xdf, 0xd5, 0x0,

    /* U+0063 "c" */
    0x0, 0x8, 0xdf, 0xe8, 0x0, 0x0, 0xcf, 0xb8,
    0xaf, 0xc0, 0x7, 0xf5, 0x0, 0x5, 0xe2, 0xc,
    0xd0, 0x0, 0x0, 0x0, 0xf, 0xa0, 0x0, 0x0,
    0x0, 0xf, 0xa0, 0x0, 0x0, 0x0, 0xf, 0xa0,
    0x0, 0x0, 0x0, 0xc, 0xd0, 0x0, 0x0, 0x10,
    0x7, 0xf5, 0x0, 0x3, 0xf4, 0x0, 0xcf, 0xb8,
    0xaf, 0xc0, 0x0, 0x8, 0xdf, 0xe8, 0x0,

    /* U+0064 "d" */
    0x0, 0x0, 0x0, 0xb, 0xe0, 0x0, 0x0, 0x0,
    0xbe, 0x0, 0x0, 0x0, 0xb, 0xe0, 0x0, 0x0,
    0x0, 0xbe, 0x1, 0x9e, 0xfb, 0x2b, 0xe0, 0xcf,
    0xb8, 0xad, 0xbe, 0x6f, 0x70, 0x0, 0x2f, 0xec,
    0xe0, 0x0, 0x0, 0xbe, 0xeb, 0x0, 0x0, 0xb,
    0xef, 0xb0, 0x0, 0x0, 0xbe, 0xeb, 0x0, 0x0,
    0xb, 0xec, 0xe0, 0x0, 0x0, 0xce, 0x6f, 0x70,
    0x0, 0x2f, 0xe0, 0xcf, 0xb8, 0xad, 0xbe, 0x1,
    0x9e, 0xfb, 0x2b, 0xe0,

    /* U+0065 "e" */
    0x0, 0x7, 0xdf, 0xe8, 0x0, 0x0, 0xb, 0xfa,
    0x69, 0xfb, 0x0, 0x6, 0xf7, 0x0, 0x5, 0xf6,
    0x0, 0xce, 0x0, 0x0, 0xd, 0xc0, 0xf, 0xb1,
    0x11, 0x11, 0xbf, 0x0, 0xff, 0xff, 0xff, 0xff,
    0xf0, 0xf, 0xb4, 0x44, 0x44, 0x44, 0x0, 0xcc,
    0x0, 0x0, 0x0, 0x0, 0x6, 0xf4, 0x0, 0x1,
    0xc5, 0x0, 0xb, 0xfa, 0x79, 0xee, 0x20, 0x0,
    0x7, 0xdf, 0xe9, 0x10, 0x0,

    /* U+0066 "f" */
    0x0, 0x2c, 0xff, 0x10, 0x9, 0xe7, 0x70, 0x0,
    0xbd, 0x0, 0x0, 0xb, 0xd0, 0x0, 0x6f, 0xff,
    0xff, 0x13, 0x7d, 0xe7, 0x70, 0x0, 0xbd, 0x0,
    0x0, 0xb, 0xd0, 0x0, 0x0, 0xbd, 0x0, 0x0,
    0xb, 0xd0, 0x0, 0x0, 0xbd, 0x0, 0x0, 0xb,
    0xd0, 0x0, 0x0, 0xbd, 0x0, 0x0, 0xb, 0xd0,
    0x0, 0x0, 0xbd, 0x0, 0x0,

    /* U+0067 "g" */
    0x0, 0x0, 0x0, 0x0, 0x12, 0x0, 0x0, 0x0,
    0x0, 0x8f, 0xf0, 0x0, 0x19, 0xef, 0xce, 0x55,
    0x0, 0xd, 0xe7, 0x59, 0xf7, 0x0, 0x6, 0xf4,
    0x0, 0xa, 0xf0, 0x0, 0x8f, 0x10, 0x0, 0x7f,
    0x30, 0x7, 0xf3, 0x0, 0x9, 0xf1, 0x0, 0x1f,
    0xc3, 0x15, 0xfa, 0x0, 0x0, 0x3e, 0xff, 0xfa,
    0x10, 0x0, 0xa, 0x93, 0x31, 0x0, 0x0, 0x5,
    0xf0, 0x0, 0x0, 0x0, 0x0, 0x4f, 0xc9, 0x98,
    0x85, 0x0, 0x0, 0xbf, 0xff, 0xff, 0xfc, 0x0,
    0xab, 0x0, 0x0, 0x17, 0xf4, 0x1f, 0x70, 0x0,
    0x0, 0x3f, 0x50, 0xef, 0x86, 0x56, 0x8e, 0xe1,
    0x2, 0x9d, 0xff, 0xfd, 0x91, 0x0,

    /* U+0068 "h" */
    0x4f, 0x40, 0x0, 0x0, 0x4, 0xf4, 0x0, 0x0,
    0x0, 0x4f, 0x40, 0x0, 0x0, 0x4, 0xf4, 0x0,
    0x0, 0x0, 0x4f, 0x46, 0xef, 0xc3, 0x4, 0xfa,
    0xc8, 0xaf, 0xf1, 0x4f, 0xa0, 0x0, 0x5f, 0x84,
    0xf5, 0x0, 0x0, 0xfa, 0x4f, 0x40, 0x0, 0xd,
    0xc4, 0xf4, 0x0, 0x0, 0xdc, 0x4f, 0x40, 0x0,
    0xd, 0xc4, 0xf4, 0x0, 0x0, 0xdc, 0x4f, 0x40,
    0x0, 0xd, 0xc4, 0xf4, 0x0, 0x0, 0xdc, 0x4f,
    0x40, 0x0, 0xd, 0xc0,

    /* U+0069 "i" */
    0x4f, 0x45, 0xf5, 0x1, 0x0, 0x0, 0x4f, 0x44,
    0xf4, 0x4f, 0x44, 0xf4, 0x4f, 0x44, 0xf4, 0x4f,
    0x44, 0xf4, 0x4f, 0x44, 0xf4, 0x4f, 0x40,

    /* U+006A "j" */
    0x4, 0xf4, 0x5, 0xf5, 0x0, 0x10, 0x0, 0x0,
    0x4, 0xf4, 0x4, 0xf4, 0x4, 0xf4, 0x4, 0xf4,
    0x4, 0xf4, 0x4, 0xf4, 0x4, 0xf4, 0x4, 0xf4,
    0x4, 0xf4, 0x4, 0xf4, 0x4, 0xf4, 0x4, 0xf4,
    0x4, 0xf4, 0x7a, 0xf1, 0xfe, 0x70,

    /* U+006B "k" */
    0x4f, 0x40, 0x0, 0x0, 0x0, 0x4f, 0x40, 0x0,
    0x0, 0x0, 0x4f, 0x40, 0x0, 0x0, 0x0, 0x4f,
    0x40, 0x0, 0x0, 0x0, 0x4f, 0x40, 0x0, 0x9f,
    0x50, 0x4f, 0x40, 0x7, 0xf7, 0x0, 0x4f, 0x40,
    0x5f, 0x90, 0x0, 0x4f, 0x43, 0xfb, 0x0, 0x0,
    0x4f, 0x6e, 0xf3, 0x0, 0x0, 0x4f, 0xfc, 0xfb,
    0x0, 0x0, 0x4f, 0xc0, 0x7f, 0x50, 0x0, 0x4f,
    0x40, 0xd, 0xe1, 0x0, 0x4f, 0x40, 0x4, 0xf9,
    0x0, 0x4f, 0x40, 0x0, 0xaf, 0x40, 0x4f, 0x40,
    0x0, 0x1f, 0xd0,

    /* U+006C "l" */
    0x4f, 0x40, 0x4f, 0x40, 0x4f, 0x40, 0x4f, 0x40,
    0x4f, 0x40, 0x4f, 0x40, 0x4f, 0x40, 0x4f, 0x40,
    0x4f, 0x40, 0x4f, 0x40, 0x4f, 0x40, 0x4f, 0x40,
    0x4f, 0x40, 0x4f, 0x95, 0xb, 0xfd,

    /* U+006D "m" */
    0x4f, 0x47, 0xef, 0xb2, 0x5, 0xdf, 0xd5, 0x4,
    0xfa, 0xc8, 0xaf, 0xe5, 0xe9, 0x9e, 0xf3, 0x4f,
    0xa0, 0x0, 0x7f, 0xd0, 0x0, 0x3f, 0xa4, 0xf5,
    0x0, 0x1, 0xf9, 0x0, 0x0, 0xdc, 0x4f, 0x40,
    0x0, 0xf, 0x90, 0x0, 0xb, 0xd4, 0xf4, 0x0,
    0x0, 0xf9, 0x0, 0x0, 0xbd, 0x4f, 0x40, 0x0,
    0xf, 0x90, 0x0, 0xb, 0xd4, 0xf4, 0x0, 0x0,
    0xf9, 0x0, 0x0, 0xbd, 0x4f, 0x40, 0x0, 0xf,
    0x90, 0x0, 0xb, 0xd4, 0xf4, 0x0, 0x0, 0xf9,
    0x0, 0x0, 0xbd, 0x4f, 0x40, 0x0, 0xf, 0x90,
    0x0, 0xb, 0xd0,

    /* U+006E "n" */
    0x4f, 0x46, 0xef, 0xc3, 0x4, 0xfa, 0xc8, 0xaf,
    0xf1, 0x4f, 0xa0, 0x0, 0x5f, 0x84, 0xf5, 0x0,
    0x0, 0xfa, 0x4f, 0x40, 0x0, 0xd, 0xc4, 0xf4,
    0x0, 0x0, 0xdc, 0x4f, 0x40, 0x0, 0xd, 0xc4,
    0xf4, 0x0, 0x0, 0xdc, 0x4f, 0x40, 0x0, 0xd,
    0xc4, 0xf4, 0x0, 0x0, 0xdc, 0x4f, 0x40, 0x0,
    0xd, 0xc0,

    /* U+006F "o" */
    0x0, 0x7, 0xdf, 0xe9, 0x10, 0x0, 0xb, 0xfb,
    0x8a, 0xfd, 0x10, 0x6, 0xf6, 0x0, 0x3, 0xf9,
    0x0, 0xcd, 0x0, 0x0, 0xa, 0xf0, 0xf, 0xb0,
    0x0, 0x0, 0x7f, 0x20, 0xfa, 0x0, 0x0, 0x7,
    0xf3, 0xf, 0xb0, 0x0, 0x0, 0x7f, 0x20, 0xcd,
    0x0, 0x0, 0xa, 0xf0, 0x6, 0xf6, 0x0, 0x3,
    0xf9, 0x0, 0xb, 0xfb, 0x8a, 0xfd, 0x10, 0x0,
    0x7, 0xdf, 0xe9, 0x10, 0x0,

    /* U+0070 "p" */
    0x4f, 0x46, 0xdf, 0xd5, 0x0, 0x4f, 0xad, 0x99,
    0xef, 0x60, 0x4f, 0xb0, 0x0, 0x1d, 0xf0, 0x4f,
    0x50, 0x0, 0x5, 0xf5, 0x4f, 0x40, 0x0, 0x2,
    0xf8, 0x4f, 0x40, 0x0, 0x2, 0xf9, 0x4f, 0x40,
    0x0, 0x2, 0xf8, 0x4f, 0x50, 0x0, 0x5, 0xf5,
    0x4f, 0xb0, 0x0, 0xd, 0xf1, 0x4f, 0x9d, 0x89,
    0xef, 0x60, 0x4f, 0x46, 0xdf, 0xd5, 0x0, 0x4f,
    0x40, 0x0, 0x0, 0x0, 0x4f, 0x40, 0x0, 0x0,
    0x0, 0x4f, 0x40, 0x0, 0x0, 0x0, 0x4f, 0x40,
    0x0, 0x0, 0x0,

    /* U+0071 "q" */
    0x1, 0x9e, 0xfb, 0x2b, 0xe0, 0xcf, 0xb8, 0xad,
    0xbe, 0x6f, 0x70, 0x0, 0x2f, 0xec, 0xe0, 0x0,
    0x0, 0xbe, 0xeb, 0x0, 0x0, 0xb, 0xef, 0xb0,
    0x0, 0x0, 0xbe, 0xeb, 0x0, 0x0, 0xb, 0xec,
    0xe0, 0x0, 0x0, 0xce, 0x6f, 0x70, 0x0, 0x2f,
    0xe0, 0xcf, 0xb8, 0xad, 0xbe, 0x1, 0x9e, 0xfb,
    0x2b, 0xe0, 0x0, 0x0, 0x0, 0xbe, 0x0, 0x0,
    0x0, 0xb, 0xe0, 0x0, 0x0, 0x0, 0xbe, 0x0,
    0x0, 0x0, 0xb, 0xe0,

    /* U+0072 "r" */
    0x4f, 0x46, 0xdf, 0x4f, 0x9f, 0xba, 0x4f, 0xb0,
    0x0, 0x4f, 0x50, 0x0, 0x4f, 0x40, 0x0, 0x4f,
    0x40, 0x0, 0x4f, 0x40, 0x0, 0x4f, 0x40, 0x0,
    0x4f, 0x40, 0x0, 0x4f, 0x40, 0x0, 0x4f, 0x40,
    0x0,

    /* U+0073 "s" */
    0x0, 0x5c, 0xfe, 0xb2, 0x0, 0x6f, 0xb7, 0x8e,
    0xf2, 0xc, 0xd0, 0x0, 0x6, 0x0, 0xcc, 0x0,
    0x0, 0x0, 0x7, 0xfb, 0x53, 0x0, 0x0, 0x7,
    0xef, 0xff, 0x70, 0x0, 0x0, 0x14, 0xbf, 0x50,
    0x0, 0x0, 0x0, 0xf9, 0xb, 0x50, 0x0, 0x1f,
    0x80, 0xbf, 0xb7, 0x7d, 0xf2, 0x0, 0x7d, 0xfe,
    0xb2, 0x0,

    /* U+0074 "t" */
    0x0, 0x47, 0x0, 0x0, 0x9, 0xe0, 0x0, 0x0,
    0xae, 0x0, 0x6, 0xff, 0xff, 0xf2, 0x37, 0xde,
    0x77, 0x10, 0xb, 0xe0, 0x0, 0x0, 0xbe, 0x0,
    0x0, 0xb, 0xe0, 0x0, 0x0, 0xbe, 0x0, 0x0,
    0xb, 0xe0, 0x0, 0x0, 0xbe, 0x0, 0x0, 0xb,
    0xe0, 0x0, 0x0, 0xae, 0x77, 0x0, 0x3, 0xef,
    0xf0,

    /* U+0075 "u" */
    0x6f, 0x30, 0x0, 0xf, 0xa6, 0xf3, 0x0, 0x0,
    0xfa, 0x6f, 0x30, 0x0, 0xf, 0xa6, 0xf3, 0x0,
    0x0, 0xfa, 0x6f, 0x30, 0x0, 0xf, 0xa6, 0xf3,
    0x0, 0x0, 0xfa, 0x6f, 0x30, 0x0, 0xf, 0xa5,
    0xf4, 0x0, 0x0, 0xfa, 0x2f, 0xa0, 0x0, 0x5f,
    0xa0, 0xbf, 0xc8, 0xaa, 0xfa, 0x1, 0xaf, 0xfa,
    0x1f, 0xa0,

    /* U+0076 "v" */
    0x7f, 0x10, 0x0, 0x3, 0xf5, 0x2f, 0x70, 0x0,
    0x9, 0xf0, 0xd, 0xc0, 0x0, 0xe, 0xa0, 0x7,
    0xf1, 0x0, 0x3f, 0x50, 0x2, 0xf7, 0x0, 0x9f,
    0x0, 0x0, 0xdc, 0x0, 0xea, 0x0, 0x0, 0x8f,
    0x13, 0xf5, 0x0, 0x0, 0x2f, 0x58, 0xf0, 0x0,
    0x0, 0xd, 0xac, 0xa0, 0x0, 0x0, 0x8, 0xff,
    0x50, 0x0, 0x0, 0x2, 0xff, 0x0, 0x0,

    /* U+0077 "w" */
    0x4f, 0x40, 0x0, 0x2f, 0x80, 0x0, 0xe, 0x90,
    0xf8, 0x0, 0x6, 0xfd, 0x0, 0x1, 0xf5, 0xc,
    0xc0, 0x0, 0xbd, 0xf1, 0x0, 0x5f, 0x10, 0x8f,
    0x0, 0xf, 0x6f, 0x60, 0x9, 0xd0, 0x4, 0xf3,
    0x3, 0xf1, 0xba, 0x0, 0xd9, 0x0, 0xf, 0x70,
    0x8d, 0x7, 0xe0, 0xf, 0x50, 0x0, 0xca, 0xc,
    0x80, 0x3f, 0x34, 0xf1, 0x0, 0x8, 0xe0, 0xf4,
    0x0, 0xe7, 0x7d, 0x0, 0x0, 0x4f, 0x6f, 0x0,
    0xa, 0xbb, 0x90, 0x0, 0x0, 0xfe, 0xb0, 0x0,
    0x6f, 0xe5, 0x0, 0x0, 0xc, 0xf7, 0x0, 0x1,
    0xff, 0x10, 0x0,

    /* U+0078 "x" */
    0x2f, 0xc0, 0x0, 0x7, 0xf4, 0x6, 0xf6, 0x0,
    0x2f, 0x90, 0x0, 0xbf, 0x10, 0xce, 0x0, 0x0,
    0x2f, 0xb7, 0xf4, 0x0, 0x0, 0x6, 0xff, 0x90,
    0x0, 0x0, 0x0, 0xef, 0x20, 0x0, 0x0, 0x7,
    0xfe, 0xc0, 0x0, 0x0, 0x3f, 0x85, 0xf6, 0x0,
    0x0, 0xdd, 0x0, 0xbf, 0x20, 0x8, 0xf3, 0x0,
    0x2f, 0xb0, 0x3f, 0x80, 0x0, 0x7, 0xf6,

    /* U+0079 "y" */
    0x7f, 0x10, 0x0, 0x1, 0xf7, 0x2f, 0x70, 0x0,
    0x7, 0xf1, 0xc, 0xc0, 0x0, 0xc, 0xc0, 0x7,
    0xf1, 0x0, 0x2f, 0x60, 0x1, 0xf7, 0x0, 0x7f,
    0x10, 0x0, 0xcc, 0x0, 0xcb, 0x0, 0x0, 0x6f,
    0x22, 0xf6, 0x0, 0x0, 0x1f, 0x77, 0xf0, 0x0,
    0x0, 0xb, 0xbc, 0xa0, 0x0, 0x0, 0x6, 0xff,
    0x50, 0x0, 0x0, 0x1, 0xff, 0x0, 0x0, 0x0,
    0x0, 0xea, 0x0, 0x0, 0x0, 0x3, 0xf4, 0x0,
    0x0, 0x1, 0x7b, 0xe0, 0x0, 0x0, 0x3, 0xfe,
    0x50, 0x0, 0x0,

    /* U+007A "z" */
    0x2f, 0xff, 0xff, 0xff, 0x71, 0x77, 0x77, 0x7d,
    0xf4, 0x0, 0x0, 0x3, 0xf8, 0x0, 0x0, 0x1,
    0xec, 0x0, 0x0, 0x0, 0xaf, 0x20, 0x0, 0x0,
    0x6f, 0x60, 0x0, 0x0, 0x2f, 0xa0, 0x0, 0x0,
    0xc, 0xe1, 0x0, 0x0, 0x8, 0xf3, 0x0, 0x0,
    0x3, 0xfd, 0x77, 0x77, 0x74, 0x5f, 0xff, 0xff,
    0xff, 0xa0,

    /* U+007B "{" */
    0x0, 0x3e, 0xfa, 0x0, 0x9d, 0x53, 0x0, 0xac,
    0x0, 0x0, 0xac, 0x0, 0x0, 0xac, 0x0, 0x0,
    0xac, 0x0, 0x0, 0xab, 0x0, 0x0, 0xd8, 0x0,
    0x5e, 0xb0, 0x0, 0x9f, 0x50, 0x0, 0x4, 0xf5,
    0x0, 0x0, 0xab, 0x0, 0x0, 0xac, 0x0, 0x0,
    0xac, 0x0, 0x0, 0xac, 0x0, 0x0, 0xac, 0x0,
    0x0, 0x9c, 0x10, 0x0, 0x5f, 0xfa, 0x0, 0x2,
    0x42,

    /* U+007C "|" */
    0x8d, 0x8d, 0x8d, 0x8d, 0x8d, 0x8d, 0x8d, 0x8d,
    0x8d, 0x8d, 0x8d, 0x8d, 0x8d, 0x8d, 0x8d, 0x8d,
    0x8d, 0x8d, 0x46,

    /* U+007D "}" */
    0xcf, 0xd1, 0x0, 0x35, 0xe7, 0x0, 0x0, 0xe7,
    0x0, 0x0, 0xe7, 0x0, 0x0, 0xe7, 0x0, 0x0,
    0xe7, 0x0, 0x0, 0xe8, 0x0, 0x0, 0xac, 0x0,
    0x0, 0x1c, 0xd4, 0x0, 0x6, 0xf6, 0x0, 0x7e,
    0x30, 0x0, 0xd8, 0x0, 0x0, 0xe7, 0x0, 0x0,
    0xe7, 0x0, 0x0, 0xe7, 0x0, 0x0, 0xe7, 0x0,
    0x1, 0xe7, 0x0, 0xcf, 0xf3, 0x0, 0x33, 0x10,
    0x0,

    /* U+007E "~" */
    0x0, 0x10, 0x0, 0x0, 0x0, 0x5f, 0xef, 0xc7,
    0x32, 0x43, 0x22, 0x1, 0x6d, 0xff, 0xf5, 0x0,
    0x0, 0x0, 0x24, 0x10,

    /* U+00A0 " " */

    /* U+00A1 "¡" */
    0x2e, 0xc0, 0x5f, 0xf0, 0x19, 0x70, 0x0, 0x0,
    0x6, 0x20, 0xa, 0x40, 0xb, 0x60, 0xd, 0x70,
    0xe, 0x80, 0xf, 0x90, 0xf, 0xa0, 0x1f, 0xb0,
    0x1f, 0xb0, 0x1f, 0xb0, 0x1f, 0xb0,

    /* U+00A2 "¢" */
    0x0, 0x0, 0x28, 0x0, 0x0, 0x0, 0x0, 0x4f,
    0x10, 0x0, 0x0, 0x0, 0x7f, 0x50, 0x0, 0x0,
    0x4e, 0xff, 0xfe, 0x30, 0x1, 0xfd, 0x8f, 0x5d,
    0xf1, 0x8, 0xf1, 0x4f, 0x11, 0x91, 0xd, 0xc0,
    0x4f, 0x10, 0x0, 0xf, 0xa0, 0x4f, 0x10, 0x0,
    0xf, 0xa0, 0x4f, 0x10, 0x0, 0xe, 0xb0, 0x4f,
    0x10, 0x0, 0xb, 0xe0, 0x4f, 0x10, 0x30, 0x5,
    0xf7, 0x4f, 0x14, 0xf4, 0x0, 0xbf, 0xef, 0xcf,
    0xc0, 0x0, 0x6, 0xcf, 0xc7, 0x0, 0x0, 0x0,
    0x4f, 0x10, 0x0, 0x0, 0x0, 0x4f, 0x10, 0x0,

    /* U+00A3 "£" */
    0x0, 0x18, 0xdf, 0xea, 0x20, 0x1, 0xdf, 0xb9,
    0xbf, 0xe3, 0x8, 0xf7, 0x0, 0x3, 0xf9, 0xd,
    0xe0, 0x0, 0x0, 0x30, 0xf, 0xc0, 0x0, 0x0,
    0x0, 0xe, 0xc0, 0x0, 0x0, 0x0, 0xc, 0xe0,
    0x0, 0x0, 0x0, 0x19, 0xf4, 0x22, 0x21, 0x0,
    0xcf, 0xff, 0xff, 0xfa, 0x0, 0x45, 0xfc, 0x55,
    0x53, 0x0, 0x0, 0xfa, 0x0, 0x0, 0x0, 0x1,
    0xf7, 0x0, 0x0, 0x0, 0xb, 0xe1, 0x0, 0x0,
    0x0, 0x5f, 0xc9, 0x99, 0x99, 0x94, 0x5f, 0xff,
    0xff, 0xff, 0xf8,

    /* U+00A4 "¤" */
    0x1, 0x0, 0x0, 0x0, 0x0, 0x0, 0x5e, 0x20,
    0x0, 0x0, 0x0, 0xc9, 0x1c, 0xe5, 0xcf, 0xfd,
    0x6c, 0xe2, 0x1, 0xdf, 0xc6, 0x5a, 0xff, 0x30,
    0x0, 0xcd, 0x0, 0x0, 0xaf, 0x0, 0x0, 0xf9,
    0x0, 0x0, 0x5f, 0x40, 0x2, 0xf8, 0x0, 0x0,
    0x4f, 0x60, 0x0, 0xf9, 0x0, 0x0, 0x5f, 0x40,
    0x0, 0xdd, 0x0, 0x0, 0x9f, 0x10, 0x0, 0xcf,
    0xa3, 0x27, 0xfe, 0x10, 0xa, 0xf8, 0xef, 0xff,
    0x9d, 0xd1, 0x6f, 0x40, 0x3, 0x31, 0x2, 0xea,
    0x3, 0x0, 0x0, 0x0, 0x0, 0x21,

    /* U+00A5 "¥" */
    0x1f, 0xd0, 0x0, 0x0, 0xb, 0xf2, 0x8, 0xf5,
    0x0, 0x0, 0x3f, 0x90, 0x0, 0xed, 0x0, 0x0,
    0xbf, 0x10, 0x0, 0x6f, 0x60, 0x3, 0xf8, 0x0,
    0x0, 0xd, 0xe0, 0xb, 0xe0, 0x0, 0x0, 0x5,
    0xf6, 0x3f, 0x70, 0x0, 0x0, 0x11, 0xde, 0xce,
    0x11, 0x0, 0x4, 0xff, 0xff, 0xff, 0xff, 0x60,
    0x1, 0x44, 0x4d, 0xe4, 0x44, 0x10, 0x0, 0x0,
    0xc, 0xe0, 0x0, 0x0, 0x0, 0x11, 0x1c, 0xe1,
    0x11, 0x0, 0x4, 0xff, 0xff, 0xff, 0xff, 0x60,
    0x1, 0x44, 0x4d, 0xe4, 0x44, 0x10, 0x0, 0x0,
    0xc, 0xe0, 0x0, 0x0, 0x0, 0x0, 0xc, 0xe0,
    0x0, 0x0,

    /* U+00A6 "¦" */
    0x8d, 0x8d, 0x8d, 0x8d, 0x8d, 0x8d, 0x8d, 0x34,
    0x0, 0x0, 0x0, 0x34, 0x8d, 0x8d, 0x8d, 0x8d,
    0x8d, 0x8d, 0x8d,

    /* U+00A7 "§" */
    0x0, 0x3b, 0xef, 0xd7, 0x0, 0x3, 0xfd, 0x88,
    0xbf, 0x30, 0xa, 0xf1, 0x0, 0x2, 0x0, 0xc,
    0xd0, 0x0, 0x0, 0x0, 0x8, 0xf5, 0x0, 0x0,
    0x0, 0x0, 0xcf, 0xc6, 0x10, 0x0, 0x1, 0xaa,
    0xdf, 0xf9, 0x0, 0xd, 0x80, 0x2, 0xaf, 0xb0,
    0x5f, 0x20, 0x0, 0xa, 0xf1, 0x6f, 0x30, 0x0,
    0x6, 0xf2, 0x2f, 0xd2, 0x0, 0x9, 0xc0, 0x6,
    0xff, 0xb7, 0x7c, 0x10, 0x0, 0x18, 0xdf, 0xf6,
    0x0, 0x0, 0x0, 0x3, 0xdf, 0x20, 0x0, 0x0,
    0x0, 0x3f, 0x70, 0x0, 0x0, 0x0, 0x3f, 0x60,
    0x4, 0xc5, 0x24, 0xcf, 0x10, 0x5, 0xef, 0xff,
    0xd4, 0x0, 0x0, 0x3, 0x42, 0x0, 0x0,

    /* U+00A8 "¨" */
    0x1, 0x0, 0x10, 0xbf, 0x0, 0xfb, 0xae, 0x0,
    0xea,

    /* U+00A9 "©" */
    0x0, 0x0, 0x0, 0x0, 0x0, 0x0, 0x0, 0x0,
    0x2, 0x9e, 0xff, 0xc6, 0x0, 0x0, 0x0, 0x6f,
    0xb6, 0x34, 0x8e, 0xc1, 0x0, 0x5, 0xf5, 0x0,
    0x0, 0x1, 0xcd, 0x0, 0xe, 0x70, 0x0, 0x0,
    0x0, 0x1e, 0x70, 0x6e, 0x0, 0x1b, 0xff, 0x80,
    0x6, 0xe0, 0xa9, 0x0, 0xbd, 0x56, 0xf5, 0x1,
    0xf3, 0xd7, 0x2, 0xf4, 0x0, 0x30, 0x0, 0xf5,
    0xe7, 0x4, 0xf2, 0x0, 0x0, 0x0, 0xe6, 0xd7,
    0x5, 0xf2, 0x0, 0x0, 0x0, 0xf5, 0xb9, 0x3,
    0xf4, 0x0, 0x10, 0x0, 0xf3, 0x7d, 0x0, 0xcc,
    0x23, 0xe7, 0x5, 0xf0, 0x1f, 0x50, 0x3e, 0xff,
    0xc1, 0xc, 0x90, 0x7, 0xe3, 0x0, 0x32, 0x0,
    0x9e, 0x10, 0x0, 0x9f, 0x83, 0x1, 0x5c, 0xe3,
    0x0, 0x0, 0x5, 0xcf, 0xff, 0xf9, 0x10, 0x0,
    0x0, 0x0, 0x1, 0x32, 0x0, 0x0, 0x0,

    /* U+00AA "ª" */
    0x3, 0xcf, 0xe7, 0x0, 0xa, 0x61, 0x4f, 0x30,
    0x0, 0x0, 0xd, 0x60, 0x5, 0xce, 0xef, 0x70,
    0x1f, 0x40, 0xc, 0x70, 0x1f, 0x30, 0x3f, 0x80,
    0x8, 0xee, 0x97, 0xf3,

    /* U+00AB "«" */
    0x0, 0x0, 0x0, 0x0, 0x0, 0x0, 0x3, 0xc0,
    0x2, 0xd1, 0x0, 0x5f, 0x90, 0x3e, 0xb0, 0x6,
    0xfa, 0x4, 0xfd, 0x0, 0x3f, 0xc0, 0x1f, 0xe1,
    0x0, 0x4f, 0xa0, 0x1f, 0xc0, 0x0, 0x9, 0xf8,
    0x6, 0xfb, 0x0, 0x0, 0x7f, 0x60, 0x5f, 0x90,
    0x0, 0x6, 0xd0, 0x3, 0xe1, 0x0, 0x0, 0x10,
    0x0, 0x10,

    /* U+00AC "¬" */
    0x12, 0x22, 0x22, 0x22, 0x21, 0xaf, 0xff, 0xff,
    0xff, 0xfa, 0x34, 0x44, 0x44, 0x44, 0xca, 0x0,
    0x0, 0x0, 0x0, 0xba, 0x0, 0x0, 0x0, 0x0,
    0xba, 0x0, 0x0, 0x0, 0x0, 0xba, 0x0, 0x0,
    0x0, 0x0, 0x33,

    /* U+00AD "­" */

    /* U+00AE "®" */
    0x0, 0x2a, 0xdc, 0x60, 0x0, 0x2d, 0x30, 0x9,
    0x90, 0xb, 0x39, 0xbb, 0x1a, 0x31, 0xc0, 0xb1,
    0x84, 0x49, 0x2a, 0xb, 0xbc, 0x2, 0xb1, 0xc0,
    0xb1, 0xc0, 0x49, 0xb, 0x38, 0x6, 0x4a, 0x30,
    0x2d, 0x30, 0x9, 0x90, 0x0, 0x2a, 0xdc, 0x60,
    0x0,

    /* U+00AF "¯" */
    0x12, 0x22, 0x21, 0xcf, 0xff, 0xfc, 0x34, 0x44,
    0x43,

    /* U+00B0 "°" */
    0x0, 0x0, 0x0, 0x0, 0x3, 0xcf, 0xe6, 0x0,
    0x1f, 0xb4, 0x8f, 0x60, 0x8e, 0x0, 0x9, 0xe0,
    0xac, 0x0, 0x6, 0xf0, 0x9e, 0x0, 0x8, 0xe0,
    0x2f, 0x92, 0x5f, 0x70, 0x5, 0xff, 0xf9, 0x0,
    0x0, 0x3, 0x10, 0x0,

    /* U+00B1 "±" */
    0x0, 0x0, 0xcc, 0x0, 0x0, 0x0, 0x0, 0xcc,
    0x0, 0x0, 0x0, 0x0, 0xcc, 0x0, 0x0, 0x11,
    0x11, 0xcc, 0x11, 0x11, 0xaf, 0xff, 0xff, 0xff,
    0xfa, 0x34, 0x44, 0xdd, 0x44, 0x43, 0x0, 0x0,
    0xcc, 0x0, 0x0, 0x0, 0x0, 0xcc, 0x0, 0x0,
    0x0, 0x0, 0xcc, 0x0, 0x0, 0x0, 0x0, 0x88,
    0x0, 0x0, 0x0, 0x0, 0x0, 0x0, 0x0, 0x46,
    0x66, 0x66, 0x66, 0x64, 0xaf, 0xff, 0xff, 0xff,
    0xfa,

    /* U+00B2 "²" */
    0x5, 0xdf, 0xc3, 0x1, 0xe4, 0x1a, 0xd0, 0x0,
    0x0, 0x7d, 0x0, 0x0, 0x3e, 0x50, 0x0, 0x6e,
    0x40, 0x0, 0xab, 0x10, 0x0, 0x3f, 0xff, 0xff,
    0x30,

    /* U+00B3 "³" */
    0x7, 0xef, 0xd6, 0x0, 0x51, 0x9, 0xd0, 0x0,
    0xae, 0xd2, 0x0, 0x1, 0x2a, 0xb0, 0x0, 0x0,
    0x4f, 0x3, 0xd2, 0xa, 0xd0, 0x8, 0xef, 0xb2,
    0x0,

    /* U+00B4 "´" */
    0x0, 0x0, 0x8, 0xd1, 0x1f, 0x90, 0x8e, 0x10,
    0x75, 0x0,

    /* U+00B5 "µ" */
    0x4f, 0x40, 0x0, 0xd, 0xc4, 0xf4, 0x0, 0x0,
    0xdc, 0x4f, 0x40, 0x0, 0xd, 0xc4, 0xf4, 0x0,
    0x0, 0xdc, 0x4f, 0x40, 0x0, 0xd, 0xc4, 0xf4,
    0x0, 0x0, 0xdc, 0x4f, 0x40, 0x0, 0xd, 0xc4,
    0xf6, 0x0, 0x0, 0xec, 0x4f, 0xc0, 0x0, 0x3f,
    0xc4, 0xff, 0xc8, 0xac, 0xdc, 0x4f, 0x7d, 0xfb,
    0x1d, 0xc4, 0xf4, 0x0, 0x0, 0x0, 0x4f, 0x40,
    0x0, 0x0, 0x4, 0xf4, 0x0, 0x0, 0x0, 0x4f,
    0x40, 0x0, 0x0, 0x0,

    /* U+00B6 "¶" */
    0x1, 0xaf, 0xff, 0xff, 0xff, 0x61, 0xef, 0xff,
    0xa6, 0xaf, 0x72, 0x9f, 0xff, 0xf6, 0x6, 0xf1,
    0xe, 0xff, 0xff, 0x60, 0x6f, 0x10, 0xef, 0xff,
    0xf6, 0x6, 0xf1, 0xb, 0xff, 0xff, 0x60, 0x6f,
    0x10, 0x2f, 0xff, 0xf6, 0x6, 0xf1, 0x0, 0x3d,
    0xff, 0x60, 0x6f, 0x10, 0x0, 0x3, 0xf6, 0x6,
    0xf1, 0x0, 0x0, 0x1f, 0x60, 0x6f, 0x10, 0x0,
    0x1, 0xf6, 0x6, 0xf1, 0x0, 0x0, 0x1f, 0x60,
    0x6f, 0x10, 0x0, 0x1, 0xf6, 0x6, 0xf1, 0x0,
    0x0, 0x1f, 0x60, 0x6f, 0x10, 0x0, 0x1, 0xf6,
    0x6, 0xf1, 0x0, 0x0, 0x1f, 0x60, 0x6f, 0x10,
    0x0, 0x1, 0xf6, 0x6, 0xf1, 0x0, 0x0, 0x6,
    0x20, 0x26, 0x0,

    /* U+00B7 "·" */
    0x6a, 0x1e, 0xf7, 0xaf, 0x30,

    /* U+00B8 "¸" */
    0x2, 0x20, 0x0, 0x96, 0x0, 0x7, 0xab, 0x11,
    0x30, 0xf6, 0x6f, 0xfd, 0x10, 0x11, 0x0,

    /* U+00B9 "¹" */
    0x1, 0xcf, 0x80, 0x1, 0xc9, 0xb8, 0x0, 0x6,
    0xb, 0x80, 0x0, 0x0, 0xb8, 0x0, 0x0, 0xb,
    0x80, 0x0, 0x0, 0xb8, 0x0, 0xe, 0xff, 0xff,
    0x80,

    /* U+00BA "º" */
    0x0, 0x9e, 0xe9, 0x0, 0xa, 0xc2, 0x2c, 0x90,
    0xf, 0x40, 0x5, 0xe0, 0x1f, 0x30, 0x4, 0xf0,
    0xf, 0x40, 0x5, 0xe0, 0xa, 0xc2, 0x2c, 0x90,
    0x0, 0x9e, 0xe9, 0x0,

    /* U+00BB "»" */
    0x0, 0x0, 0x0, 0x0, 0xb, 0x40, 0x9, 0x70,
    0x0, 0x7f, 0x60, 0x5f, 0x80, 0x0, 0x9f, 0x70,
    0x6f, 0xa0, 0x0, 0xbf, 0x40, 0x8f, 0x70, 0x9,
    0xf5, 0x6, 0xf8, 0x7, 0xfa, 0x4, 0xfc, 0x15,
    0xf8, 0x3, 0xfb, 0x0, 0xc7, 0x0, 0xa9, 0x0,
    0x1, 0x0, 0x1, 0x0, 0x0,

    /* U+00BC "¼" */
    0x0, 0xbf, 0x80, 0x0, 0x0, 0x0, 0x3f, 0x20,
    0x0, 0xac, 0xc8, 0x0, 0x0, 0x0, 0xd, 0x70,
    0x0, 0x2c, 0x1b, 0x80, 0x0, 0x0, 0x8, 0xc0,
    0x0, 0x0, 0x0, 0xb8, 0x0, 0x0, 0x3, 0xf2,
    0x0, 0x0, 0x0, 0xb, 0x80, 0x0, 0x0, 0xd7,
    0x0, 0x0, 0x0, 0x0, 0xb8, 0x0, 0x0, 0x8c,
    0x0, 0x0, 0x0, 0x0, 0xb, 0x80, 0x0, 0x3f,
    0x20, 0x0, 0x0, 0x0, 0xde, 0xff, 0xe7, 0xd,
    0x70, 0x0, 0x8e, 0x50, 0x1, 0x11, 0x11, 0x8,
    0xc0, 0x0, 0x4e, 0xe6, 0x0, 0x0, 0x0, 0x3,
    0xf2, 0x0, 0xe, 0x5c, 0x60, 0x0, 0x0, 0x0,
    0xd7, 0x0, 0x9, 0x90, 0xc6, 0x0, 0x0, 0x0,
    0x9c, 0x0, 0x4, 0xd0, 0xc, 0x60, 0x0, 0x0,
    0x3f, 0x20, 0x0, 0x9f, 0xff, 0xff, 0x80, 0x0,
    0xd, 0x60, 0x0, 0x0, 0x0, 0xc, 0x60, 0x0,
    0x3, 0x70, 0x0, 0x0, 0x0, 0x0, 0x63, 0x0,

    /* U+00BD "½" */
    0x0, 0x36, 0x30, 0x0, 0x0, 0x0, 0x6, 0x20,
    0x0, 0x3e, 0xe8, 0x0, 0x0, 0x0, 0x7, 0xd0,
    0x0, 0x2e, 0x5b, 0x80, 0x0, 0x0, 0x2, 0xf3,
    0x0, 0x0, 0x30, 0xb8, 0x0, 0x0, 0x0, 0xc8,
    0x0, 0x0, 0x0, 0xb, 0x80, 0x0, 0x0, 0x7d,
    0x0, 0x0, 0x0, 0x0, 0xb8, 0x0, 0x0, 0x2f,
    0x30, 0x0, 0x0, 0x0, 0xb, 0x80, 0x0, 0xc,
    0x80, 0x0, 0x0, 0x0, 0xde, 0xff, 0xe7, 0x7,
    0xd0, 0x8, 0xdd, 0x70, 0x1, 0x11, 0x11, 0x2,
    0xf3, 0x8, 0xd2, 0x4f, 0x40, 0x0, 0x0, 0x0,
    0xc8, 0x0, 0x22, 0x0, 0xe7, 0x0, 0x0, 0x0,
    0x7d, 0x0, 0x0, 0x0, 0x3f, 0x30, 0x0, 0x0,
    0x2f, 0x30, 0x0, 0x0, 0x1e, 0x90, 0x0, 0x0,
    0xc, 0x80, 0x0, 0x0, 0x3e, 0x80, 0x0, 0x0,
    0x8, 0xd0, 0x0, 0x0, 0x4e, 0x50, 0x0, 0x0,
    0x3, 0xf3, 0x0, 0x0, 0xb, 0xff, 0xff, 0xb0,
    0x0, 0x1, 0x0, 0x0, 0x0, 0x11, 0x11, 0x11,

    /* U+00BE "¾" */
    0x5, 0xce, 0xb3, 0x0, 0x0, 0x0, 0x9a, 0x0,
    0x0, 0xb5, 0x2a, 0xd0, 0x0, 0x0, 0x4f, 0x10,
    0x0, 0x0, 0x0, 0x9c, 0x0, 0x0, 0xe, 0x60,
    0x0, 0x0, 0xa, 0xfd, 0x10, 0x0, 0x9, 0xb0,
    0x0, 0x0, 0x0, 0x12, 0xab, 0x0, 0x4, 0xe1,
    0x0, 0x0, 0x0, 0x0, 0x4, 0xf0, 0x1, 0xe5,
    0x0, 0x0, 0x0, 0x3d, 0x10, 0x9d, 0x0, 0xaa,
    0x0, 0x0, 0x0, 0x0, 0xaf, 0xfd, 0x30, 0x5e,
    0x10, 0x1, 0xed, 0x0, 0x0, 0x0, 0x0, 0x1e,
    0x50, 0x0, 0xbc, 0xf0, 0x0, 0x0, 0x0, 0xa,
    0xa0, 0x0, 0x6c, 0x4f, 0x0, 0x0, 0x0, 0x5,
    0xe1, 0x0, 0x2e, 0x24, 0xf0, 0x0, 0x0, 0x1,
    0xe5, 0x0, 0xc, 0x60, 0x4f, 0x0, 0x0, 0x0,
    0xba, 0x0, 0x0, 0xff, 0xff, 0xff, 0x10, 0x0,
    0x5e, 0x10, 0x0, 0x0, 0x0, 0x4f, 0x0, 0x0,
    0x6, 0x30, 0x0, 0x0, 0x0, 0x2, 0x70, 0x0,

    /* U+00BF "¿" */
    0x0, 0x0, 0xbe, 0x30, 0x0, 0x0, 0x0, 0xff,
    0x60, 0x0, 0x0, 0x0, 0x6a, 0x10, 0x0, 0x0,
    0x0, 0x0, 0x0, 0x0, 0x0, 0x0, 0x47, 0x0,
    0x0, 0x0, 0x0, 0x9f, 0x0, 0x0, 0x0, 0x0,
    0xaf, 0x0, 0x0, 0x0, 0x5e, 0xff, 0x0, 0x0,
    0x5, 0xfb, 0x30, 0x0, 0x0, 0xe, 0xd0, 0x0,
    0x0, 0x0, 0x3f, 0x80, 0x0, 0x0, 0x0, 0x3f,
    0x80, 0x0, 0x8, 0x90, 0xf, 0xd0, 0x0, 0x2f,
    0xb0, 0x8, 0xfd, 0x9a, 0xfe, 0x20, 0x0, 0x6d,
    0xfe, 0xa2, 0x0,

    /* U+00C0 "À" */
    0x0, 0x0, 0x1, 0x0, 0x0, 0x0, 0x0, 0x0,
    0x7, 0xe0, 0x0, 0x0, 0x0, 0x0, 0x0, 0x3f,
    0x70, 0x0, 0x0, 0x0, 0x0, 0x0, 0x8e, 0x0,
    0x0, 0x0, 0x0, 0x0, 0x0, 0xa1, 0x0, 0x0,
    0x0, 0x0, 0x0, 0x0, 0x0, 0x0, 0x0, 0x0,
    0x0, 0xd, 0xfa, 0x0, 0x0, 0x0, 0x0, 0x2,
    0xff, 0xf0, 0x0, 0x0, 0x0, 0x0, 0x7f, 0x8f,
    0x40, 0x0, 0x0, 0x0, 0xc, 0xc1, 0xf9, 0x0,
    0x0, 0x0, 0x2, 0xf7, 0xb, 0xe0, 0x0, 0x0,
    0x0, 0x7f, 0x10, 0x6f, 0x40, 0x0, 0x0, 0xc,
    0xc0, 0x1, 0xf9, 0x0, 0x0, 0x1, 0xf7, 0x0,
    0xb, 0xe0, 0x0, 0x0, 0x6f, 0x10, 0x0, 0x6f,
    0x30, 0x0, 0xc, 0xff, 0xff, 0xff, 0xf9, 0x0,
    0x1, 0xfc, 0x88, 0x88, 0x8d, 0xe0, 0x0, 0x6f,
    0x40, 0x0, 0x0, 0x7f, 0x30, 0xb, 0xe0, 0x0,
    0x0, 0x2, 0xf8, 0x1, 0xfa, 0x0, 0x0, 0x0,
    0xd, 0xd0, 0x6f, 0x50, 0x0, 0x0, 0x0, 0x9f,
    0x30,

    /* U+00C1 "Á" */
    0x0, 0x0, 0x0, 0x1, 0x0, 0x0, 0x0, 0x0,
    0x0, 0x2, 0xf6, 0x0, 0x0, 0x0, 0x0, 0x0,
    0x9f, 0x10, 0x0, 0x0, 0x0, 0x0, 0x1f, 0x60,
    0x0, 0x0, 0x0, 0x0, 0x2, 0x90, 0x0, 0x0,
    0x0, 0x0, 0x0, 0x0, 0x0, 0x0, 0x0, 0x0,
    0x0, 0xd, 0xfa, 0x0, 0x0, 0x0, 0x0, 0x2,
    0xff, 0xf0, 0x0, 0x0, 0x0, 0x0, 0x7f, 0x8f,
    0x40, 0x0, 0x0, 0x0, 0xc, 0xc1, 0xf9, 0x0,
    0x0, 0x0, 0x2, 0xf7, 0xb, 0xe0, 0x0, 0x0,
    0x0, 0x7f, 0x10, 0x6f, 0x40, 0x0, 0x0, 0xc,
    0xc0, 0x1, 0xf9, 0x0, 0x0, 0x1, 0xf7, 0x0,
    0xb, 0xe0, 0x0, 0x0, 0x6f, 0x10, 0x0, 0x6f,
    0x30, 0x0, 0xc, 0xff, 0xff, 0xff, 0xf9, 0x0,
    0x1, 0xfc, 0x88, 0x88, 0x8d, 0xe0, 0x0, 0x6f,
    0x40, 0x0, 0x0, 0x7f, 0x30, 0xb, 0xe0, 0x0,
    0x0, 0x2, 0xf8, 0x1, 0xfa, 0x0, 0x0, 0x0,
    0xd, 0xd0, 0x6f, 0x50, 0x0, 0x0, 0x0, 0x9f,
    0x30,

    /* U+00C2 "Â" */
    0x0, 0x0, 0x6, 0x85, 0x0, 0x0, 0x0, 0x0,
    0x6, 0xfd, 0xf4, 0x0, 0x0, 0x0, 0x3, 0xf7,
    0x9, 0xe2, 0x0, 0x0, 0x0, 0x56, 0x0, 0x7,
    0x40, 0x0, 0x0, 0x0, 0x0, 0x0, 0x0, 0x0,
    0x0, 0x0, 0x0, 0xdf, 0xa0, 0x0, 0x0, 0x0,
    0x0, 0x2f, 0xff, 0x0, 0x0, 0x0, 0x0, 0x7,
    0xf8, 0xf4, 0x0, 0x0, 0x0, 0x0, 0xcc, 0x1f,
    0x90, 0x0, 0x0, 0x0, 0x2f, 0x70, 0xbe, 0x0,
    0x0, 0x0, 0x7, 0xf1, 0x6, 0xf4, 0x0, 0x0,
    0x0, 0xcc, 0x0, 0x1f, 0x90, 0x0, 0x0, 0x1f,
    0x70, 0x0, 0xbe, 0x0, 0x0, 0x6, 0xf1, 0x0,
    0x6, 0xf3, 0x0, 0x0, 0xcf, 0xff, 0xff, 0xff,
    0x90, 0x0, 0x1f, 0xc8, 0x88, 0x88, 0xde, 0x0,
    0x6, 0xf4, 0x0, 0x0, 0x7, 0xf3, 0x0, 0xbe,
    0x0, 0x0, 0x0, 0x2f, 0x80, 0x1f, 0xa0, 0x0,
    0x0, 0x0, 0xdd, 0x6, 0xf5, 0x0, 0x0, 0x0,
    0x9, 0xf3,

    /* U+00C3 "Ã" */
    0x0, 0x0, 0x0, 0x0, 0x0, 0x0, 0x0, 0x0,
    0x7f, 0xf9, 0x34, 0x30, 0x0, 0x0, 0x7, 0x66,
    0xdf, 0xf7, 0x0, 0x0, 0x0, 0x0, 0x0, 0x32,
    0x0, 0x0, 0x0, 0x0, 0x0, 0x0, 0x0, 0x0,
    0x0, 0x0, 0x0, 0xdf, 0xa0, 0x0, 0x0, 0x0,
    0x0, 0x2f, 0xff, 0x0, 0x0, 0x0, 0x0, 0x7,
    0xf8, 0xf4, 0x0, 0x0, 0x0, 0x0, 0xcc, 0x1f,
    0x90, 0x0, 0x0, 0x0, 0x2f, 0x70, 0xbe, 0x0,
    0x0, 0x0, 0x7, 0xf1, 0x6, 0xf4, 0x0, 0x0,
    0x0, 0xcc, 0x0, 0x1f, 0x90, 0x0, 0x0, 0x1f,
    0x70, 0x0, 0xbe, 0x0, 0x0, 0x6, 0xf1, 0x0,
    0x6, 0xf3, 0x0, 0x0, 0xcf, 0xff, 0xff, 0xff,
    0x90, 0x0, 0x1f, 0xc8, 0x88, 0x88, 0xde, 0x0,
    0x6, 0xf4, 0x0, 0x0, 0x7, 0xf3, 0x0, 0xbe,
    0x0, 0x0, 0x0, 0x2f, 0x80, 0x1f, 0xa0, 0x0,
    0x0, 0x0, 0xdd, 0x6, 0xf5, 0x0, 0x0, 0x0,
    0x9, 0xf3,

    /* U+00C4 "Ä" */
    0x0, 0x3, 0xf5, 0x7, 0xe2, 0x0, 0x0, 0x0,
    0x5f, 0x70, 0x9f, 0x30, 0x0, 0x0, 0x0, 0x20,
    0x0, 0x20, 0x0, 0x0, 0x0, 0x0, 0x0, 0x0,
    0x0, 0x0, 0x0, 0x0, 0xd, 0xfa, 0x0, 0x0,
    0x0, 0x0, 0x2, 0xff, 0xf0, 0x0, 0x0, 0x0,
    0x0, 0x7f, 0x8f, 0x40, 0x0, 0x0, 0x0, 0xc,
    0xc1, 0xf9, 0x0, 0x0, 0x0, 0x2, 0xf7, 0xb,
    0xe0, 0x0, 0x0, 0x0, 0x7f, 0x10, 0x6f, 0x40,
    0x0, 0x0, 0xc, 0xc0, 0x1, 0xf9, 0x0, 0x0,
    0x1, 0xf7, 0x0, 0xb, 0xe0, 0x0, 0x0, 0x6f,
    0x10, 0x0, 0x6f, 0x30, 0x0, 0xc, 0xff, 0xff,
    0xff, 0xf9, 0x0, 0x1, 0xfc, 0x88, 0x88, 0x8d,
    0xe0, 0x0, 0x6f, 0x40, 0x0, 0x0, 0x7f, 0x30,
    0xb, 0xe0, 0x0, 0x0, 0x2, 0xf8, 0x1, 0xfa,
    0x0, 0x0, 0x0, 0xd, 0xd0, 0x6f, 0x50, 0x0,
    0x0, 0x0, 0x9f, 0x30,

    /* U+00C5 "Å" */
    0x0, 0x0, 0x2b, 0xda, 0x10, 0x0, 0x0, 0x0,
    0xb, 0x82, 0xa9, 0x0, 0x0, 0x0, 0x0, 0xc6,
    0x8, 0xa0, 0x0, 0x0, 0x0, 0x3, 0xef, 0xd2,
    0x0, 0x0, 0x0, 0x0, 0x0, 0x10, 0x0, 0x0,
    0x0, 0x0, 0x0, 0xdf, 0xa0, 0x0, 0x0, 0x0,
    0x0, 0x2f, 0xff, 0x0, 0x0, 0x0, 0x0, 0x7,
    0xf8, 0xf4, 0x0, 0x0, 0x0, 0x0, 0xcc, 0x1f,
    0x90, 0x0, 0x0, 0x0, 0x2f, 0x70, 0xbe, 0x0,
    0x0, 0x0, 0x7, 0xf1, 0x6, 0xf4, 0x0, 0x0,
    0x0, 0xcc, 0x0, 0x1f, 0x90, 0x0, 0x0, 0x1f,
    0x70, 0x0, 0xbe, 0x0, 0x0, 0x6, 0xf1, 0x0,
    0x6, 0xf3, 0x0, 0x0, 0xcf, 0xff, 0xff, 0xff,
    0x90, 0x0, 0x1f, 0xc8, 0x88, 0x88, 0xde, 0x0,
    0x6, 0xf4, 0x0, 0x0, 0x7, 0xf3, 0x0, 0xbe,
    0x0, 0x0, 0x0, 0x2f, 0x80, 0x1f, 0xa0, 0x0,
    0x0, 0x0, 0xdd, 0x6, 0xf5, 0x0, 0x0, 0x0,
    0x9, 0xf3,

    /* U+00C6 "Æ" */
    0x0, 0x0, 0x0, 0x1f, 0xff, 0xff, 0xff, 0xff,
    0xd0, 0x0, 0x0, 0x7, 0xfd, 0xf8, 0x88, 0x88,
    0x87, 0x0, 0x0, 0x0, 0xe9, 0xaf, 0x0, 0x0,
    0x0, 0x0, 0x0, 0x0, 0x7f, 0x2a, 0xf0, 0x0,
    0x0, 0x0, 0x0, 0x0, 0xe, 0xa0, 0xaf, 0x0,
    0x0, 0x0, 0x0, 0x0, 0x6, 0xf3, 0xa, 0xf0,
    0x0, 0x0, 0x0, 0x0, 0x0, 0xdb, 0x0, 0xaf,
    0x0, 0x0, 0x0, 0x0, 0x0, 0x5f, 0x40, 0xa,
    0xff, 0xff, 0xff, 0xf7, 0x0, 0xd, 0xc0, 0x0,
    0xaf, 0x88, 0x88, 0x88, 0x30, 0x4, 0xff, 0xff,
    0xff, 0xf0, 0x0, 0x0, 0x0, 0x0, 0xce, 0x88,
    0x88, 0xdf, 0x0, 0x0, 0x0, 0x0, 0x4f, 0x60,
    0x0, 0xa, 0xf0, 0x0, 0x0, 0x0, 0xb, 0xe0,
    0x0, 0x0, 0xaf, 0x0, 0x0, 0x0, 0x3, 0xf7,
    0x0, 0x0, 0xa, 0xf8, 0x88, 0x88, 0x87, 0xaf,
    0x10, 0x0, 0x0, 0xaf, 0xff, 0xff, 0xff, 0xd0,

    /* U+00C7 "Ç" */
    0x0, 0x8, 0xdf, 0xeb, 0x40, 0x0, 0x1d, 0xfc,
    0x9a, 0xff, 0x60, 0xa, 0xf6, 0x0, 0x1, 0xcf,
    0x32, 0xfa, 0x0, 0x0, 0x1, 0xc3, 0x7f, 0x30,
    0x0, 0x0, 0x0, 0xa, 0xf0, 0x0, 0x0, 0x0,
    0x0, 0xcf, 0x0, 0x0, 0x0, 0x0, 0xd, 0xf0,
    0x0, 0x0, 0x0, 0x0, 0xcf, 0x0, 0x0, 0x0,
    0x0, 0xb, 0xf0, 0x0, 0x0, 0x0, 0x0, 0x8f,
    0x30, 0x0, 0x0, 0x0, 0x3, 0xf9, 0x0, 0x0,
    0x0, 0xd4, 0xc, 0xf4, 0x0, 0x0, 0xbf, 0x40,
    0x2e, 0xfb, 0x89, 0xef, 0x80, 0x0, 0x19, 0xef,
    0xfc, 0x50, 0x0, 0x0, 0x0, 0xe1, 0x0, 0x0,
    0x0, 0x0, 0x6, 0xbd, 0x0, 0x0, 0x0, 0x5,
    0x46, 0xf2, 0x0, 0x0, 0x0, 0x8f, 0xf8, 0x0,
    0x0,

    /* U+00C8 "È" */
    0x0, 0x0, 0x0, 0x0, 0x0, 0x0, 0xd, 0xa0,
    0x0, 0x0, 0x0, 0x8, 0xf2, 0x0, 0x0, 0x0,
    0x0, 0xd9, 0x0, 0x0, 0x0, 0x0, 0x48, 0x0,
    0x0, 0x0, 0x0, 0x0, 0x0, 0x0, 0x2f, 0xff,
    0xff, 0xff, 0xf6, 0x2f, 0xc8, 0x88, 0x88, 0x83,
    0x2f, 0x80, 0x0, 0x0, 0x0, 0x2f, 0x80, 0x0,
    0x0, 0x0, 0x2f, 0x80, 0x0, 0x0, 0x0, 0x2f,
    0x80, 0x0, 0x0, 0x0, 0x2f, 0x80, 0x0, 0x0,
    0x0, 0x2f, 0xff, 0xff, 0xff, 0xf0, 0x2f, 0xc8,
    0x88, 0x88, 0x80, 0x2f, 0x80, 0x0, 0x0, 0x0,
    0x2f, 0x80, 0x0, 0x0, 0x0, 0x2f, 0x80, 0x0,
    0x0, 0x0, 0x2f, 0x80, 0x0, 0x0, 0x0, 0x2f,
    0xc8, 0x88, 0x88, 0x83, 0x2f, 0xff, 0xff, 0xff,
    0xf6,

    /* U+00C9 "É" */
    0x0, 0x0, 0x0, 0x0, 0x0, 0x0, 0x0, 0x7,
    0xe1, 0x0, 0x0, 0x0, 0xe, 0xb0, 0x0, 0x0,
    0x0, 0x6f, 0x10, 0x0, 0x0, 0x0, 0x66, 0x0,
    0x0, 0x0, 0x0, 0x0, 0x0, 0x0, 0x2f, 0xff,
    0xff, 0xff, 0xf6, 0x2f, 0xc8, 0x88, 0x88, 0x83,
    0x2f, 0x80, 0x0, 0x0, 0x0, 0x2f, 0x80, 0x0,
    0x0, 0x0, 0x2f, 0x80, 0x0, 0x0, 0x0, 0x2f,
    0x80, 0x0, 0x0, 0x0, 0x2f, 0x80, 0x0, 0x0,
    0x0, 0x2f, 0xff, 0xff, 0xff, 0xf0, 0x2f, 0xc8,
    0x88, 0x88, 0x80, 0x2f, 0x80, 0x0, 0x0, 0x0,
    0x2f, 0x80, 0x0, 0x0, 0x0, 0x2f, 0x80, 0x0,
    0x0, 0x0, 0x2f, 0x80, 0x0, 0x0, 0x0, 0x2f,
    0xc8, 0x88, 0x88, 0x83, 0x2f, 0xff, 0xff, 0xff,
    0xf6,

    /* U+00CA "Ê" */
    0x0, 0x1, 0x78, 0x20, 0x0, 0x0, 0xb, 0xee,
    0xd0, 0x0, 0x0, 0x8e, 0x31, 0xdb, 0x0, 0x0,
    0x92, 0x0, 0x19, 0x10, 0x0, 0x0, 0x0, 0x0,
    0x0, 0x2f, 0xff, 0xff, 0xff, 0xf6, 0x2f, 0xc8,
    0x88, 0x88, 0x83, 0x2f, 0x80, 0x0, 0x0, 0x0,
    0x2f, 0x80, 0x0, 0x0, 0x0, 0x2f, 0x80, 0x0,
    0x0, 0x0, 0x2f, 0x80, 0x0, 0x0, 0x0, 0x2f,
    0x80, 0x0, 0x0, 0x0, 0x2f, 0xff, 0xff, 0xff,
    0xf0, 0x2f, 0xc8, 0x88, 0x88, 0x80, 0x2f, 0x80,
    0x0, 0x0, 0x0, 0x2f, 0x80, 0x0, 0x0, 0x0,
    0x2f, 0x80, 0x0, 0x0, 0x0, 0x2f, 0x80, 0x0,
    0x0, 0x0, 0x2f, 0xc8, 0x88, 0x88, 0x83, 0x2f,
    0xff, 0xff, 0xff, 0xf6,

    /* U+00CB "Ë" */
    0x0, 0x9e, 0x10, 0xdb, 0x0, 0x0, 0xaf, 0x10,
    0xfd, 0x0, 0x0, 0x2, 0x0, 0x11, 0x0, 0x0,
    0x0, 0x0, 0x0, 0x0, 0x2f, 0xff, 0xff, 0xff,
    0xf6, 0x2f, 0xc8, 0x88, 0x88, 0x83, 0x2f, 0x80,
    0x0, 0x0, 0x0, 0x2f, 0x80, 0x0, 0x0, 0x0,
    0x2f, 0x80, 0x0, 0x0, 0x0, 0x2f, 0x80, 0x0,
    0x0, 0x0, 0x2f, 0x80, 0x0, 0x0, 0x0, 0x2f,
    0xff, 0xff, 0xff, 0xf0, 0x2f, 0xc8, 0x88, 0x88,
    0x80, 0x2f, 0x80, 0x0, 0x0, 0x0, 0x2f, 0x80,
    0x0, 0x0, 0x0, 0x2f, 0x80, 0x0, 0x0, 0x0,
    0x2f, 0x80, 0x0, 0x0, 0x0, 0x2f, 0xc8, 0x88,
    0x88, 0x83, 0x2f, 0xff, 0xff, 0xff, 0xf6,

    /* U+00CC "Ì" */
    0x0, 0x0, 0x0, 0xd, 0x90, 0x0, 0x9, 0xf1,
    0x0, 0x0, 0xe8, 0x0, 0x0, 0x47, 0x0, 0x0,
    0x0, 0x0, 0xcf, 0xff, 0xfc, 0x57, 0xee, 0x75,
    0x0, 0xdd, 0x0, 0x0, 0xdd, 0x0, 0x0, 0xdd,
    0x0, 0x0, 0xdd, 0x0, 0x0, 0xdd, 0x0, 0x0,
    0xdd, 0x0, 0x0, 0xdd, 0x0, 0x0, 0xdd, 0x0,
    0x0, 0xdd, 0x0, 0x0, 0xdd, 0x0, 0x0, 0xdd,
    0x0, 0x57, 0xee, 0x75, 0xcf, 0xff, 0xfc,

    /* U+00CD "Í" */
    0x0, 0x0, 0x0, 0x0, 0x8, 0xd1, 0x0, 0x1f,
    0xa0, 0x0, 0x7e, 0x10, 0x0, 0x65, 0x0, 0x0,
    0x0, 0x0, 0xcf, 0xff, 0xfc, 0x57, 0xee, 0x75,
    0x0, 0xdd, 0x0, 0x0, 0xdd, 0x0, 0x0, 0xdd,
    0x0, 0x0, 0xdd, 0x0, 0x0, 0xdd, 0x0, 0x0,
    0xdd, 0x0, 0x0, 0xdd, 0x0, 0x0, 0xdd, 0x0,
    0x0, 0xdd, 0x0, 0x0, 0xdd, 0x0, 0x0, 0xdd,
    0x0, 0x57, 0xee, 0x75, 0xcf, 0xff, 0xfc,

    /* U+00CE "Î" */
    0x0, 0x17, 0x81, 0x0, 0x0, 0xce, 0xec, 0x0,
    0x9, 0xe2, 0x2d, 0xa0, 0x9, 0x20, 0x1, 0x90,
    0x0, 0x0, 0x0, 0x0, 0xc, 0xff, 0xff, 0xc0,
    0x5, 0x7e, 0xe7, 0x50, 0x0, 0xd, 0xd0, 0x0,
    0x0, 0xd, 0xd0, 0x0, 0x0, 0xd, 0xd0, 0x0,
    0x0, 0xd, 0xd0, 0x0, 0x0, 0xd, 0xd0, 0x0,
    0x0, 0xd, 0xd0, 0x0, 0x0, 0xd, 0xd0, 0x0,
    0x0, 0xd, 0xd0, 0x0, 0x0, 0xd, 0xd0, 0x0,
    0x0, 0xd, 0xd0, 0x0, 0x0, 0xd, 0xd0, 0x0,
    0x5, 0x7e, 0xe7, 0x50, 0xc, 0xff, 0xff, 0xc0,

    /* U+00CF "Ï" */
    0xae, 0x0, 0xea, 0xbf, 0x10, 0xfc, 0x12, 0x0,
    0x21, 0x0, 0x0, 0x0, 0xcf, 0xff, 0xfc, 0x57,
    0xee, 0x75, 0x0, 0xdd, 0x0, 0x0, 0xdd, 0x0,
    0x0, 0xdd, 0x0, 0x0, 0xdd, 0x0, 0x0, 0xdd,
    0x0, 0x0, 0xdd, 0x0, 0x0, 0xdd, 0x0, 0x0,
    0xdd, 0x0, 0x0, 0xdd, 0x0, 0x0, 0xdd, 0x0,
    0x0, 0xdd, 0x0, 0x57, 0xee, 0x75, 0xcf, 0xff,
    0xfc,

    /* U+00D0 "Ð" */
    0x1, 0xff, 0xff, 0xfe, 0xa3, 0x0, 0x0, 0x1f,
    0xc8, 0x88, 0xaf, 0xf6, 0x0, 0x1, 0xf9, 0x0,
    0x0, 0x1c, 0xf2, 0x0, 0x1f, 0x90, 0x0, 0x0,
    0x2f, 0xa0, 0x1, 0xf9, 0x0, 0x0, 0x0, 0xbf,
    0x0, 0x1f, 0x90, 0x0, 0x0, 0x8, 0xf2, 0x2,
    0xfa, 0x11, 0x0, 0x0, 0x7f, 0x4a, 0xff, 0xff,
    0xf5, 0x0, 0x7, 0xf4, 0x25, 0xfb, 0x44, 0x10,
    0x0, 0x7f, 0x40, 0x1f, 0x90, 0x0, 0x0, 0x8,
    0xf2, 0x1, 0xf9, 0x0, 0x0, 0x0, 0xbf, 0x0,
    0x1f, 0x90, 0x0, 0x0, 0x2f, 0xa0, 0x1, 0xf9,
    0x0, 0x0, 0x1c, 0xf2, 0x0, 0x1f, 0xd8, 0x88,
    0xaf, 0xf6, 0x0, 0x1, 0xff, 0xff, 0xfe, 0xa3,
    0x0, 0x0,

    /* U+00D1 "Ñ" */
    0x0, 0x0, 0x0, 0x0, 0x0, 0x0, 0x0, 0xb,
    0xfd, 0x72, 0x60, 0x0, 0x0, 0x9, 0x59, 0xff,
    0xe2, 0x0, 0x0, 0x0, 0x0, 0x13, 0x10, 0x0,
    0x0, 0x0, 0x0, 0x0, 0x0, 0x0, 0x2f, 0xf1,
    0x0, 0x0, 0x5, 0xf4, 0x2f, 0xfa, 0x0, 0x0,
    0x5, 0xf4, 0x2f, 0xef, 0x30, 0x0, 0x5, 0xf4,
    0x2f, 0x8e, 0xc0, 0x0, 0x5, 0xf4, 0x2f, 0x87,
    0xf4, 0x0, 0x5, 0xf4, 0x2f, 0x80, 0xed, 0x0,
    0x5, 0xf4, 0x2f, 0x80, 0x6f, 0x60, 0x5, 0xf4,
    0x2f, 0x80, 0xd, 0xe1, 0x5, 0xf4, 0x2f, 0x80,
    0x4, 0xf8, 0x5, 0xf4, 0x2f, 0x80, 0x0, 0xbf,
    0x15, 0xf4, 0x2f, 0x80, 0x0, 0x2f, 0x95, 0xf4,
    0x2f, 0x80, 0x0, 0x9, 0xf7, 0xf4, 0x2f, 0x80,
    0x0, 0x1, 0xfe, 0xf4, 0x2f, 0x80, 0x0, 0x0,
    0x7f, 0xf4, 0x2f, 0x80, 0x0, 0x0, 0xe, 0xf4,

    /* U+00D2 "Ò" */
    0x0, 0x0, 0x97, 0x0, 0x0, 0x0, 0x0, 0x0,
    0xbe, 0x0, 0x0, 0x0, 0x0, 0x0, 0x1f, 0x70,
    0x0, 0x0, 0x0, 0x0, 0x6, 0xb0, 0x0, 0x0,
    0x0, 0x0, 0x0, 0x0, 0x0, 0x0, 0x0, 0x6,
    0xcf, 0xfd, 0x70, 0x0, 0x0, 0xbf, 0xe9, 0x9d,
    0xfd, 0x10, 0x9, 0xf8, 0x0, 0x0, 0x6f, 0xb0,
    0x1f, 0xb0, 0x0, 0x0, 0x9, 0xf4, 0x7f, 0x30,
    0x0, 0x0, 0x1, 0xf9, 0xaf, 0x0, 0x0, 0x0,
    0x0, 0xdd, 0xcf, 0x0, 0x0, 0x0, 0x0, 0xcf,
    0xdf, 0x0, 0x0, 0x0, 0x0, 0xcf, 0xcf, 0x0,
    0x0, 0x0, 0x0, 0xcf, 0xaf, 0x0, 0x0, 0x0,
    0x0, 0xdd, 0x7f, 0x30, 0x0, 0x0, 0x1, 0xf9,
    0x2f, 0xb0, 0x0, 0x0, 0x9, 0xf4, 0x9, 0xf8,
    0x0, 0x0, 0x6f, 0xc0, 0x0, 0xbf, 0xd9, 0x9d,
    0xfd, 0x10, 0x0, 0x6, 0xcf, 0xfd, 0x70, 0x0,

    /* U+00D3 "Ó" */
    0x0, 0x0, 0x0, 0x5a, 0x10, 0x0, 0x0, 0x0,
    0x0, 0xdd, 0x0, 0x0, 0x0, 0x0, 0x4, 0xf3,
    0x0, 0x0, 0x0, 0x0, 0x8, 0x90, 0x0, 0x0,
    0x0, 0x0, 0x0, 0x0, 0x0, 0x0, 0x0, 0x6,
    0xcf, 0xfd, 0x70, 0x0, 0x0, 0xbf, 0xe9, 0x9d,
    0xfd, 0x10, 0x9, 0xf8, 0x0, 0x0, 0x6f, 0xb0,
    0x1f, 0xb0, 0x0, 0x0, 0x9, 0xf4, 0x7f, 0x30,
    0x0, 0x0, 0x1, 0xf9, 0xaf, 0x0, 0x0, 0x0,
    0x0, 0xdd, 0xcf, 0x0, 0x0, 0x0, 0x0, 0xcf,
    0xdf, 0x0, 0x0, 0x0, 0x0, 0xcf, 0xcf, 0x0,
    0x0, 0x0, 0x0, 0xcf, 0xaf, 0x0, 0x0, 0x0,
    0x0, 0xdd, 0x7f, 0x30, 0x0, 0x0, 0x1, 0xf9,
    0x2f, 0xb0, 0x0, 0x0, 0x9, 0xf4, 0x9, 0xf8,
    0x0, 0x0, 0x6f, 0xc0, 0x0, 0xbf, 0xd9, 0x9d,
    0xfd, 0x10, 0x0, 0x6, 0xcf, 0xfd, 0x70, 0x0,

    /* U+00D4 "Ô" */
    0x0, 0x0, 0x7, 0x82, 0x0, 0x0, 0x0, 0x0,
    0xbf, 0xed, 0x0, 0x0, 0x0, 0x7, 0xf4, 0x2e,
    0xa0, 0x0, 0x0, 0xb, 0x40, 0x2, 0xc1, 0x0,
    0x0, 0x0, 0x0, 0x0, 0x0, 0x0, 0x0, 0x6,
    0xcf, 0xfd, 0x70, 0x0, 0x0, 0xbf, 0xe9, 0x9d,
    0xfd, 0x10, 0x9, 0xf8, 0x0, 0x0, 0x6f, 0xb0,
    0x1f, 0xb0, 0x0, 0x0, 0x9, 0xf4, 0x7f, 0x30,
    0x0, 0x0, 0x1, 0xf9, 0xaf, 0x0, 0x0, 0x0,
    0x0, 0xdd, 0xcf, 0x0, 0x0, 0x0, 0x0, 0xcf,
    0xdf, 0x0, 0x0, 0x0, 0x0, 0xcf, 0xcf, 0x0,
    0x0, 0x0, 0x0, 0xcf, 0xaf, 0x0, 0x0, 0x0,
    0x0, 0xdd, 0x7f, 0x30, 0x0, 0x0, 0x1, 0xf9,
    0x2f, 0xb0, 0x0, 0x0, 0x9, 0xf4, 0x9, 0xf8,
    0x0, 0x0, 0x6f, 0xc0, 0x0, 0xbf, 0xd9, 0x9d,
    0xfd, 0x10, 0x0, 0x6, 0xcf, 0xfd, 0x70, 0x0,

    /* U+00D5 "Õ" */
    0x0, 0x0, 0x0, 0x0, 0x0, 0x0, 0x0, 0xb,
    0xfe, 0x72, 0x60, 0x0, 0x0, 0x9, 0x59, 0xff,
    0xe2, 0x0, 0x0, 0x0, 0x0, 0x13, 0x10, 0x0,
    0x0, 0x0, 0x0, 0x0, 0x0, 0x0, 0x0, 0x6,
    0xcf, 0xfd, 0x70, 0x0, 0x0, 0xbf, 0xe9, 0x9d,
    0xfd, 0x10, 0x9, 0xf8, 0x0, 0x0, 0x6f, 0xb0,
    0x1f, 0xb0, 0x0, 0x0, 0x9, 0xf4, 0x7f, 0x30,
    0x0, 0x0, 0x1, 0xf9, 0xaf, 0x0, 0x0, 0x0,
    0x0, 0xdd, 0xcf, 0x0, 0x0, 0x0, 0x0, 0xcf,
    0xdf, 0x0, 0x0, 0x0, 0x0, 0xcf, 0xcf, 0x0,
    0x0, 0x0, 0x0, 0xcf, 0xaf, 0x0, 0x0, 0x0,
    0x0, 0xdd, 0x7f, 0x30, 0x0, 0x0, 0x1, 0xf9,
    0x2f, 0xb0, 0x0, 0x0, 0x9, 0xf4, 0x9, 0xf8,
    0x0, 0x0, 0x6f, 0xc0, 0x0, 0xbf, 0xd9, 0x9d,
    0xfd, 0x10, 0x0, 0x6, 0xcf, 0xfd, 0x70, 0x0,

    /* U+00D6 "Ö" */
    0x0, 0x9, 0xe1, 0xd, 0xb0, 0x0, 0x0, 0xa,
    0xf1, 0xf, 0xd0, 0x0, 0x0, 0x0, 0x20, 0x1,
    0x10, 0x0, 0x0, 0x0, 0x0, 0x0, 0x0, 0x0,
    0x0, 0x6, 0xcf, 0xfd, 0x70, 0x0, 0x0, 0xbf,
    0xe9, 0x9d, 0xfd, 0x10, 0x9, 0xf8, 0x0, 0x0,
    0x6f, 0xb0, 0x1f, 0xb0, 0x0, 0x0, 0x9, 0xf4,
    0x7f, 0x30, 0x0, 0x0, 0x1, 0xf9, 0xaf, 0x0,
    0x0, 0x0, 0x0, 0xdd, 0xcf, 0x0, 0x0, 0x0,
    0x0, 0xcf, 0xdf, 0x0, 0x0, 0x0, 0x0, 0xcf,
    0xcf, 0x0, 0x0, 0x0, 0x0, 0xcf, 0xaf, 0x0,
    0x0, 0x0, 0x0, 0xdd, 0x7f, 0x30, 0x0, 0x0,
    0x1, 0xf9, 0x2f, 0xb0, 0x0, 0x0, 0x9, 0xf4,
    0x9, 0xf8, 0x0, 0x0, 0x6f, 0xc0, 0x0, 0xbf,
    0xd9, 0x9d, 0xfd, 0x10, 0x0, 0x6, 0xcf, 0xfd,
    0x70, 0x0,

    /* U+00D7 "×" */
    0x6, 0x20, 0x0, 0x2, 0x60, 0xd, 0xe1, 0x0,
    0x1e, 0xd0, 0x1, 0xed, 0x11, 0xde, 0x10, 0x0,
    0x2e, 0xdd, 0xe2, 0x0, 0x0, 0x3, 0xff, 0x30,
    0x0, 0x0, 0xc, 0xff, 0xb0, 0x0, 0x0, 0xbf,
    0x44, 0xfb, 0x0, 0xa, 0xf4, 0x0, 0x4f, 0xa0,
    0xb, 0x50, 0x0, 0x5, 0xb0, 0x0, 0x0, 0x0,
    0x0, 0x0,

    /* U+00D8 "Ø" */
    0x0, 0x0, 0x0, 0x0, 0x0, 0x53, 0x0, 0x6,
    0xcf, 0xfd, 0x72, 0xf9, 0x0, 0xbf, 0xe9, 0xad,
    0xff, 0xd0, 0x9, 0xf8, 0x0, 0x0, 0xaf, 0xc0,
    0x1f, 0xb0, 0x0, 0x1, 0xfe, 0xf4, 0x7f, 0x30,
    0x0, 0xb, 0xe2, 0xf9, 0xaf, 0x0, 0x0, 0x6f,
    0x40, 0xed, 0xcf, 0x0, 0x2, 0xf9, 0x0, 0xcf,
    0xdf, 0x0, 0xc, 0xd0, 0x0, 0xcf, 0xcf, 0x0,
    0x7f, 0x30, 0x0, 0xcf, 0xaf, 0x2, 0xf9, 0x0,
    0x0, 0xdd, 0x7f, 0x4c, 0xd0, 0x0, 0x1, 0xf9,
    0x2f, 0xef, 0x30, 0x0, 0x9, 0xf4, 0x9, 0xfc,
    0x0, 0x0, 0x6f, 0xc0, 0xc, 0xff, 0xea, 0x9d,
    0xfd, 0x10, 0x6f, 0x36, 0xcf, 0xfd, 0x70, 0x0,
    0x16, 0x0, 0x0, 0x0, 0x0, 0x0,

    /* U+00D9 "Ù" */
    0x0, 0x0, 0x10, 0x0, 0x0, 0x0, 0x0, 0x3f,
    0x40, 0x0, 0x0, 0x0, 0x0, 0xdc, 0x0, 0x0,
    0x0, 0x0, 0x3, 0xf3, 0x0, 0x0, 0x0, 0x0,
    0x8, 0x40, 0x0, 0x0, 0x0, 0x0, 0x0, 0x0,
    0x0, 0x3f, 0x70, 0x0, 0x0, 0xe, 0xc3, 0xf7,
    0x0, 0x0, 0x0, 0xec, 0x3f, 0x70, 0x0, 0x0,
    0xe, 0xc3, 0xf7, 0x0, 0x0, 0x0, 0xec, 0x3f,
    0x70, 0x0, 0x0, 0xe, 0xc3, 0xf7, 0x0, 0x0,
    0x0, 0xec, 0x3f, 0x70, 0x0, 0x0, 0xe, 0xc3,
    0xf7, 0x0, 0x0, 0x0, 0xec, 0x3f, 0x70, 0x0,
    0x0, 0xe, 0xc3, 0xf7, 0x0, 0x0, 0x0, 0xec,
    0x2f, 0x80, 0x0, 0x0, 0xf, 0xa0, 0xfc, 0x0,
    0x0, 0x3, 0xf8, 0xa, 0xf5, 0x0, 0x0, 0xcf,
    0x20, 0x2e, 0xfc, 0x9a, 0xef, 0x90, 0x0, 0x2a,
    0xef, 0xfc, 0x60, 0x0,

    /* U+00DA "Ú" */
    0x0, 0x0, 0x0, 0x10, 0x0, 0x0, 0x0, 0x0,
    0xc, 0xa0, 0x0, 0x0, 0x0, 0x4, 0xf5, 0x0,
    0x0, 0x0, 0x0, 0xcb, 0x0, 0x0, 0x0, 0x0,
    0x9, 0x10, 0x0, 0x0, 0x0, 0x0, 0x0, 0x0,
    0x0, 0x3f, 0x70, 0x0, 0x0, 0xe, 0xc3, 0xf7,
    0x0, 0x0, 0x0, 0xec, 0x3f, 0x70, 0x0, 0x0,
    0xe, 0xc3, 0xf7, 0x0, 0x0, 0x0, 0xec, 0x3f,
    0x70, 0x0, 0x0, 0xe, 0xc3, 0xf7, 0x0, 0x0,
    0x0, 0xec, 0x3f, 0x70, 0x0, 0x0, 0xe, 0xc3,
    0xf7, 0x0, 0x0, 0x0, 0xec, 0x3f, 0x70, 0x0,
    0x0, 0xe, 0xc3, 0xf7, 0x0, 0x0, 0x0, 0xec,
    0x2f, 0x80, 0x0, 0x0, 0xf, 0xa0, 0xfc, 0x0,
    0x0, 0x3, 0xf8, 0xa, 0xf5, 0x0, 0x0, 0xcf,
    0x20, 0x2e, 0xfc, 0x9a, 0xef, 0x90, 0x0, 0x2a,
    0xef, 0xfc, 0x60, 0x0,

    /* U+00DB "Û" */
    0x0, 0x0, 0x38, 0x70, 0x0, 0x0, 0x0, 0x2e,
    0xdf, 0x80, 0x0, 0x0, 0xd, 0xb0, 0x5f, 0x50,
    0x0, 0x2, 0x90, 0x0, 0x47, 0x0, 0x0, 0x0,
    0x0, 0x0, 0x0, 0x3, 0xf7, 0x0, 0x0, 0x0,
    0xec, 0x3f, 0x70, 0x0, 0x0, 0xe, 0xc3, 0xf7,
    0x0, 0x0, 0x0, 0xec, 0x3f, 0x70, 0x0, 0x0,
    0xe, 0xc3, 0xf7, 0x0, 0x0, 0x0, 0xec, 0x3f,
    0x70, 0x0, 0x0, 0xe, 0xc3, 0xf7, 0x0, 0x0,
    0x0, 0xec, 0x3f, 0x70, 0x0, 0x0, 0xe, 0xc3,
    0xf7, 0x0, 0x0, 0x0, 0xec, 0x3f, 0x70, 0x0,
    0x0, 0xe, 0xc2, 0xf8, 0x0, 0x0, 0x0, 0xfa,
    0xf, 0xc0, 0x0, 0x0, 0x3f, 0x80, 0xaf, 0x50,
    0x0, 0xc, 0xf2, 0x2, 0xef, 0xc9, 0xae, 0xf9,
    0x0, 0x2, 0xae, 0xff, 0xc6, 0x0,

    /* U+00DC "Ü" */
    0x0, 0xe, 0xa0, 0x3f, 0x60, 0x0, 0x0, 0xfc,
    0x4, 0xf7, 0x0, 0x0, 0x2, 0x10, 0x2, 0x0,
    0x0, 0x0, 0x0, 0x0, 0x0, 0x0, 0x3f, 0x70,
    0x0, 0x0, 0xe, 0xc3, 0xf7, 0x0, 0x0, 0x0,
    0xec, 0x3f, 0x70, 0x0, 0x0, 0xe, 0xc3, 0xf7,
    0x0, 0x0, 0x0, 0xec, 0x3f, 0x70, 0x0, 0x0,
    0xe, 0xc3, 0xf7, 0x0, 0x0, 0x0, 0xec, 0x3f,
    0x70, 0x0, 0x0, 0xe, 0xc3, 0xf7, 0x0, 0x0,
    0x0, 0xec, 0x3f, 0x70, 0x0, 0x0, 0xe, 0xc3,
    0xf7, 0x0, 0x0, 0x0, 0xec, 0x2f, 0x80, 0x0,
    0x0, 0xf, 0xa0, 0xfc, 0x0, 0x0, 0x3, 0xf8,
    0xa, 0xf5, 0x0, 0x0, 0xcf, 0x20, 0x2e, 0xfc,
    0x9a, 0xef, 0x90, 0x0, 0x2a, 0xef, 0xfc, 0x60,
    0x0,

    /* U+00DD "Ý" */
    0x0, 0x0, 0x0, 0x0, 0x0, 0x0, 0x0, 0x0,
    0x0, 0x9d, 0x0, 0x0, 0x0, 0x0, 0x1, 0xf9,
    0x0, 0x0, 0x0, 0x0, 0x8, 0xe0, 0x0, 0x0,
    0x0, 0x0, 0x7, 0x40, 0x0, 0x0, 0x0, 0x0,
    0x0, 0x0, 0x0, 0x0, 0x7f, 0x70, 0x0, 0x0,
    0x9, 0xf5, 0xe, 0xe0, 0x0, 0x0, 0x1f, 0xc0,
    0x6, 0xf7, 0x0, 0x0, 0x9f, 0x30, 0x0, 0xde,
    0x0, 0x2, 0xfb, 0x0, 0x0, 0x5f, 0x80, 0xa,
    0xf2, 0x0, 0x0, 0xd, 0xf1, 0x2f, 0x90, 0x0,
    0x0, 0x4, 0xf8, 0xaf, 0x10, 0x0, 0x0, 0x0,
    0xcf, 0xf8, 0x0, 0x0, 0x0, 0x0, 0x3f, 0xe1,
    0x0, 0x0, 0x0, 0x0, 0xf, 0xb0, 0x0, 0x0,
    0x0, 0x0, 0xf, 0xb0, 0x0, 0x0, 0x0, 0x0,
    0xf, 0xb0, 0x0, 0x0, 0x0, 0x0, 0xf, 0xb0,
    0x0, 0x0, 0x0, 0x0, 0xf, 0xb0, 0x0, 0x0,
    0x0, 0x0, 0xf, 0xb0, 0x0, 0x0,

    /* U+00DE "Þ" */
    0x2f, 0x80, 0x0, 0x0, 0x0, 0x2, 0xf8, 0x0,
    0x0, 0x0, 0x0, 0x2f, 0x80, 0x0, 0x0, 0x0,
    0x2, 0xfc, 0x88, 0x88, 0x61, 0x0, 0x2f, 0xff,
    0xff, 0xff, 0xe3, 0x2, 0xf8, 0x0, 0x0, 0x4f,
    0xd0, 0x2f, 0x80, 0x0, 0x0, 0x9f, 0x22, 0xf8,
    0x0, 0x0, 0x7, 0xf4, 0x2f, 0x80, 0x0, 0x0,
    0x8f, 0x32, 0xf8, 0x0, 0x0, 0xc, 0xf0, 0x2f,
    0xc9, 0x99, 0x9d, 0xf8, 0x2, 0xff, 0xff, 0xff,
    0xd7, 0x0, 0x2f, 0x80, 0x0, 0x0, 0x0, 0x2,
    0xf8, 0x0, 0x0, 0x0, 0x0, 0x2f, 0x80, 0x0,
    0x0, 0x0, 0x0,

    /* U+00DF "ß" */
    0x0, 0x1, 0x9e, 0xfe, 0xa2, 0x0, 0x0, 0x0,
    0xdf, 0x97, 0x8e, 0xe1, 0x0, 0x0, 0x7f, 0x50,
    0x0, 0x1f, 0x90, 0x0, 0xb, 0xf0, 0x0, 0x0,
    0xbd, 0x0, 0x6f, 0xfd, 0x0, 0x19, 0xef, 0xe0,
    0x3, 0x9e, 0xd0, 0xc, 0xf7, 0x54, 0x0, 0x0,
    0xbd, 0x2, 0xf6, 0x0, 0x0, 0x0, 0xb, 0xd0,
    0x2f, 0x70, 0x0, 0x0, 0x0, 0xbd, 0x0, 0xcf,
    0x83, 0x0, 0x0, 0xb, 0xd0, 0x1, 0x9f, 0xfe,
    0x40, 0x0, 0xbd, 0x0, 0x0, 0x3, 0xdf, 0x10,
    0xb, 0xd0, 0x0, 0x0, 0x5, 0xf3, 0x0, 0xbd,
    0x2, 0x60, 0x0, 0x7f, 0x10, 0xb, 0xd0, 0x9f,
    0xb7, 0x8f, 0xb0, 0x0, 0xbd, 0x0, 0x7d, 0xfe,
    0x91, 0x0,

    /* U+00E0 "à" */
    0x0, 0x0, 0x0, 0x0, 0x0, 0x0, 0x0, 0xd9,
    0x0, 0x0, 0x0, 0x0, 0x9, 0xf1, 0x0, 0x0,
    0x0, 0x0, 0xe, 0x90, 0x0, 0x0, 0x0, 0x0,
    0x47, 0x0, 0x0, 0x0, 0x0, 0x0, 0x0, 0x0,
    0x0, 0x0, 0x3b, 0xfe, 0xb3, 0x0, 0x0, 0x4f,
    0xc7, 0x8e, 0xf4, 0x0, 0x5, 0xa0, 0x0, 0x1f,
    0xc0, 0x0, 0x0, 0x0, 0x0, 0xbe, 0x0, 0x0,
    0x0, 0x0, 0xb, 0xe0, 0x0, 0x8, 0xdf, 0xff,
    0xfe, 0x0, 0xb, 0xf7, 0x43, 0x3c, 0xe0, 0x1,
    0xf9, 0x0, 0x0, 0xbe, 0x0, 0xf, 0xa0, 0x0,
    0x1e, 0xe0, 0x0, 0xaf, 0xa7, 0x8d, 0xbf, 0x70,
    0x0, 0x9e, 0xfd, 0x52, 0xdf, 0x10,

    /* U+00E1 "á" */
    0x0, 0x0, 0x0, 0x0, 0x0, 0x0, 0x0, 0x0,
    0x7e, 0x10, 0x0, 0x0, 0x0, 0xe, 0xa0, 0x0,
    0x0, 0x0, 0x7, 0xf1, 0x0, 0x0, 0x0, 0x0,
    0x65, 0x0, 0x0, 0x0, 0x0, 0x0, 0x0, 0x0,
    0x0, 0x0, 0x3b, 0xfe, 0xb3, 0x0, 0x0, 0x4f,
    0xc7, 0x8e, 0xf4, 0x0, 0x5, 0xa0, 0x0, 0x1f,
    0xc0, 0x0, 0x0, 0x0, 0x0, 0xbe, 0x0, 0x0,
    0x0, 0x0, 0xb, 0xe0, 0x0, 0x8, 0xdf, 0xff,
    0xfe, 0x0, 0xb, 0xf7, 0x43, 0x3c, 0xe0, 0x1,
    0xf9, 0x0, 0x0, 0xbe, 0x0, 0xf, 0xa0, 0x0,
    0x1e, 0xe0, 0x0, 0xaf, 0xa7, 0x8d, 0xbf, 0x70,
    0x0, 0x9e, 0xfd, 0x52, 0xdf, 0x10,

    /* U+00E2 "â" */
    0x0, 0x4, 0xff, 0x60, 0x0, 0x0, 0x1, 0xeb,
    0xaf, 0x30, 0x0, 0x0, 0xcc, 0x0, 0xbd, 0x0,
    0x0, 0x7, 0x10, 0x0, 0x70, 0x0, 0x0, 0x0,
    0x0, 0x0, 0x0, 0x0, 0x3, 0xbf, 0xeb, 0x30,
    0x0, 0x4, 0xfc, 0x78, 0xef, 0x40, 0x0, 0x5a,
    0x0, 0x1, 0xfc, 0x0, 0x0, 0x0, 0x0, 0xb,
    0xe0, 0x0, 0x0, 0x0, 0x0, 0xbe, 0x0, 0x0,
    0x8d, 0xff, 0xff, 0xe0, 0x0, 0xbf, 0x74, 0x33,
    0xce, 0x0, 0x1f, 0x90, 0x0, 0xb, 0xe0, 0x0,
    0xfa, 0x0, 0x1, 0xee, 0x0, 0xa, 0xfa, 0x78,
    0xdb, 0xf7, 0x0, 0x9, 0xef, 0xd5, 0x2d, 0xf1,

    /* U+00E3 "ã" */
    0x1, 0xef, 0xff, 0xff, 0x10, 0x0, 0x4, 0x66,
    0x65, 0x41, 0x0, 0x0, 0x0, 0x0, 0x0, 0x0,
    0x0, 0x0, 0x0, 0x0, 0x0, 0x0, 0x0, 0x3b,
    0xfe, 0xb3, 0x0, 0x0, 0x4f, 0xc7, 0x8e, 0xf4,
    0x0, 0x5, 0xa0, 0x0, 0x1f, 0xc0, 0x0, 0x0,
    0x0, 0x0, 0xbe, 0x0, 0x0, 0x0, 0x0, 0xb,
    0xe0, 0x0, 0x8, 0xdf, 0xff, 0xfe, 0x0, 0xb,
    0xf7, 0x43, 0x3c, 0xe0, 0x1, 0xf9, 0x0, 0x0,
    0xbe, 0x0, 0xf, 0xa0, 0x0, 0x1e, 0xe0, 0x0,
    0xaf, 0xa7, 0x8d, 0xbf, 0x70, 0x0, 0x9e, 0xfd,
    0x52, 0xdf, 0x10,

    /* U+00E4 "ä" */
    0x0, 0x9e, 0x0, 0xdb, 0x0, 0x0, 0xa, 0xf1,
    0xe, 0xc0, 0x0, 0x0, 0x1, 0x0, 0x10, 0x0,
    0x0, 0x0, 0x0, 0x0, 0x0, 0x0, 0x0, 0x3b,
    0xfe, 0xb3, 0x0, 0x0, 0x4f, 0xc7, 0x8e, 0xf4,
    0x0, 0x5, 0xa0, 0x0, 0x1f, 0xc0, 0x0, 0x0,
    0x0, 0x0, 0xbe, 0x0, 0x0, 0x0, 0x0, 0xb,
    0xe0, 0x0, 0x8, 0xdf, 0xff, 0xfe, 0x0, 0xb,
    0xf7, 0x43, 0x3c, 0xe0, 0x1, 0xf9, 0x0, 0x0,
    0xbe, 0x0, 0xf, 0xa0, 0x0, 0x1e, 0xe0, 0x0,
    0xaf, 0xa7, 0x8d, 0xbf, 0x70, 0x0, 0x9e, 0xfd,
    0x52, 0xdf, 0x10,

    /* U+00E5 "å" */
    0x0, 0x4, 0xcd, 0x50, 0x0, 0x0, 0x0, 0xe4,
    0x3e, 0x10, 0x0, 0x0, 0x3e, 0x0, 0xc5, 0x0,
    0x0, 0x1, 0xf2, 0x1e, 0x20, 0x0, 0x0, 0x6,
    0xff, 0x80, 0x0, 0x0, 0x0, 0x0, 0x0, 0x0,
    0x0, 0x0, 0x3b, 0xfe, 0xb3, 0x0, 0x0, 0x4f,
    0xc7, 0x8e, 0xf4, 0x0, 0x5, 0xa0, 0x0, 0x1f,
    0xc0, 0x0, 0x0, 0x0, 0x0, 0xbe, 0x0, 0x0,
    0x0, 0x0, 0xb, 0xe0, 0x0, 0x8, 0xdf, 0xff,
    0xfe, 0x0, 0xb, 0xf7, 0x43, 0x3c, 0xe0, 0x1,
    0xf9, 0x0, 0x0, 0xbe, 0x0, 0xf, 0xa0, 0x0,
    0x1e, 0xe0, 0x0, 0xaf, 0xa7, 0x8d, 0xbf, 0x70,
    0x0, 0x9e, 0xfd, 0x52, 0xdf, 0x10,

    /* U+00E6 "æ" */
    0x0, 0x3b, 0xff, 0xa1, 0x2, 0xae, 0xfb, 0x20,
    0x0, 0x4f, 0xc7, 0x7d, 0xc2, 0xec, 0x78, 0xee,
    0x20, 0x5, 0xa0, 0x0, 0x1f, 0xdb, 0x0, 0x1,
    0xfb, 0x0, 0x0, 0x0, 0x0, 0xbf, 0x30, 0x0,
    0x9, 0xf1, 0x0, 0x0, 0x0, 0x1b, 0xf1, 0x11,
    0x11, 0x7f, 0x40, 0x8, 0xef, 0xff, 0xff, 0xff,
    0xff, 0xff, 0xf5, 0xb, 0xf8, 0x44, 0x4c, 0xf4,
    0x44, 0x44, 0x44, 0x11, 0xfa, 0x0, 0x0, 0xbf,
    0x10, 0x0, 0x0, 0x0, 0xf, 0xa0, 0x0, 0xe,
    0xe9, 0x0, 0x0, 0x99, 0x0, 0xaf, 0xa7, 0x8e,
    0xa4, 0xfc, 0x87, 0xcf, 0x50, 0x0, 0x9e, 0xfc,
    0x70, 0x3, 0xbe, 0xfc, 0x40, 0x0,

    /* U+00E7 "ç" */
    0x0, 0x8, 0xdf, 0xe8, 0x0, 0x0, 0xcf, 0xb8,
    0xaf, 0xc0, 0x7, 0xf5, 0x0, 0x5, 0xe2, 0xc,
    0xd0, 0x0, 0x0, 0x0, 0xf, 0xa0, 0x0, 0x0,
    0x0, 0xf, 0xa0, 0x0, 0x0, 0x0, 0xf, 0xa0,
    0x0, 0x0, 0x0, 0xd, 0xd0, 0x0, 0x0, 0x10,
    0x7, 0xf5, 0x0, 0x3, 0xf4, 0x0, 0xcf, 0xa7,
    0x9f, 0xd0, 0x0, 0x8, 0xef, 0xe9, 0x10, 0x0,
    0x0, 0x1e, 0x0, 0x0, 0x0, 0x0, 0x17, 0xda,
    0x0, 0x0, 0x0, 0x73, 0x9e, 0x0, 0x0, 0x0,
    0xaf, 0xe5, 0x0,

    /* U+00E8 "è" */
    0x0, 0x0, 0x0, 0x0, 0x0, 0x0, 0x0, 0x5f,
    0x20, 0x0, 0x0, 0x0, 0x1, 0xe9, 0x0, 0x0,
    0x0, 0x0, 0x6, 0xf2, 0x0, 0x0, 0x0, 0x0,
    0x9, 0x30, 0x0, 0x0, 0x0, 0x0, 0x0, 0x0,
    0x0, 0x0, 0x7, 0xdf, 0xe8, 0x0, 0x0, 0xb,
    0xfa, 0x69, 0xfb, 0x0, 0x6, 0xf7, 0x0, 0x5,
    0xf6, 0x0, 0xce, 0x0, 0x0, 0xd, 0xc0, 0xf,
    0xb1, 0x11, 0x11, 0xbf, 0x0, 0xff, 0xff, 0xff,
    0xff, 0xf0, 0xf, 0xb4, 0x44, 0x44, 0x44, 0x0,
    0xcc, 0x0, 0x0, 0x0, 0x0, 0x6, 0xf4, 0x0,
    0x1, 0xc5, 0x0, 0xb, 0xfa, 0x79, 0xee, 0x20,
    0x0, 0x7, 0xdf, 0xe9, 0x10, 0x0,

    /* U+00E9 "é" */
    0x0, 0x0, 0x0, 0x0, 0x0, 0x0, 0x0, 0x0,
    0xe, 0x80, 0x0, 0x0, 0x0, 0x6, 0xf3, 0x0,
    0x0, 0x0, 0x0, 0xe9, 0x0, 0x0, 0x0, 0x0,
    0x1a, 0x0, 0x0, 0x0, 0x0, 0x0, 0x0, 0x0,
    0x0, 0x0, 0x7, 0xdf, 0xe8, 0x0, 0x0, 0xb,
    0xfa, 0x69, 0xfb, 0x0, 0x6, 0xf7, 0x0, 0x5,
    0xf6, 0x0, 0xce, 0x0, 0x0, 0xd, 0xc0, 0xf,
    0xb1, 0x11, 0x11, 0xbf, 0x0, 0xff, 0xff, 0xff,
    0xff, 0xf0, 0xf, 0xb4, 0x44, 0x44, 0x44, 0x0,
    0xcc, 0x0, 0x0, 0x0, 0x0, 0x6, 0xf4, 0x0,
    0x1, 0xc5, 0x0, 0xb, 0xfa, 0x79, 0xee, 0x20,
    0x0, 0x7, 0xdf, 0xe9, 0x10, 0x0,

    /* U+00EA "ê" */
    0x0, 0x0, 0xcf, 0xe1, 0x0, 0x0, 0x0, 0x8f,
    0x7e, 0xb0, 0x0, 0x0, 0x4f, 0x60, 0x3f, 0x60,
    0x0, 0x2, 0x50, 0x0, 0x44, 0x0, 0x0, 0x0,
    0x0, 0x0, 0x0, 0x0, 0x0, 0x7d, 0xfe, 0x80,
    0x0, 0x0, 0xbf, 0xa6, 0x9f, 0xb0, 0x0, 0x6f,
    0x70, 0x0, 0x5f, 0x60, 0xc, 0xe0, 0x0, 0x0,
    0xdc, 0x0, 0xfb, 0x11, 0x11, 0x1b, 0xf0, 0xf,
    0xff, 0xff, 0xff, 0xff, 0x0, 0xfb, 0x44, 0x44,
    0x44, 0x40, 0xc, 0xc0, 0x0, 0x0, 0x0, 0x0,
    0x6f, 0x40, 0x0, 0x1c, 0x50, 0x0, 0xbf, 0xa7,
    0x9e, 0xe2, 0x0, 0x0, 0x7d, 0xfe, 0x91, 0x0,

    /* U+00EB "ë" */
    0x0, 0x1e, 0x80, 0x5f, 0x40, 0x0, 0x2, 0xf9,
    0x6, 0xf5, 0x0, 0x0, 0x1, 0x0, 0x1, 0x0,
    0x0, 0x0, 0x0, 0x0, 0x0, 0x0, 0x0, 0x7,
    0xdf, 0xe8, 0x0, 0x0, 0xb, 0xfa, 0x69, 0xfb,
    0x0, 0x6, 0xf7, 0x0, 0x5, 0xf6, 0x0, 0xce,
    0x0, 0x0, 0xd, 0xc0, 0xf, 0xb1, 0x11, 0x11,
    0xbf, 0x0, 0xff, 0xff, 0xff, 0xff, 0xf0, 0xf,
    0xb4, 0x44, 0x44, 0x44, 0x0, 0xcc, 0x0, 0x0,
    0x0, 0x0, 0x6, 0xf4, 0x0, 0x1, 0xc5, 0x0,
    0xb, 0xfa, 0x79, 0xee, 0x20, 0x0, 0x7, 0xdf,
    0xe9, 0x10, 0x0,

    /* U+00EC "ì" */
    0x4, 0x0, 0x7f, 0x30, 0xe, 0xa0, 0x4, 0xf2,
    0x0, 0x51, 0x0, 0x0, 0x4, 0xf4, 0x4, 0xf4,
    0x4, 0xf4, 0x4, 0xf4, 0x4, 0xf4, 0x4, 0xf4,
    0x4, 0xf4, 0x4, 0xf4, 0x4, 0xf4, 0x4, 0xf4,
    0x4, 0xf4,

    /* U+00ED "í" */
    0x0, 0x40, 0x2, 0xf8, 0xa, 0xe1, 0x1f, 0x50,
    0x5, 0x0, 0x0, 0x0, 0x4f, 0x40, 0x4f, 0x40,
    0x4f, 0x40, 0x4f, 0x40, 0x4f, 0x40, 0x4f, 0x40,
    0x4f, 0x40, 0x4f, 0x40, 0x4f, 0x40, 0x4f, 0x40,
    0x4f, 0x40,

    /* U+00EE "î" */
    0x0, 0xdf, 0xd0, 0x0, 0xaf, 0x6e, 0xa0, 0x6f,
    0x30, 0x3e, 0x61, 0x30, 0x0, 0x31, 0x0, 0x0,
    0x0, 0x0, 0x4, 0xf4, 0x0, 0x0, 0x4f, 0x40,
    0x0, 0x4, 0xf4, 0x0, 0x0, 0x4f, 0x40, 0x0,
    0x4, 0xf4, 0x0, 0x0, 0x4f, 0x40, 0x0, 0x4,
    0xf4, 0x0, 0x0, 0x4f, 0x40, 0x0, 0x4, 0xf4,
    0x0, 0x0, 0x4f, 0x40, 0x0, 0x4, 0xf4, 0x0,

    /* U+00EF "ï" */
    0x2f, 0x70, 0x6f, 0x33, 0xf8, 0x7, 0xf3, 0x1,
    0x0, 0x1, 0x0, 0x0, 0x0, 0x0, 0x0, 0x4f,
    0x40, 0x0, 0x4, 0xf4, 0x0, 0x0, 0x4f, 0x40,
    0x0, 0x4, 0xf4, 0x0, 0x0, 0x4f, 0x40, 0x0,
    0x4, 0xf4, 0x0, 0x0, 0x4f, 0x40, 0x0, 0x4,
    0xf4, 0x0, 0x0, 0x4f, 0x40, 0x0, 0x4, 0xf4,
    0x0, 0x0, 0x4f, 0x40, 0x0,

    /* U+00F0 "ð" */
    0x0, 0x0, 0x0, 0x1, 0x0, 0x0, 0x2, 0xbf,
    0x88, 0xe1, 0x0, 0x0, 0x0, 0x9f, 0xf1, 0x0,
    0x0, 0x0, 0x4c, 0x4d, 0xb0, 0x0, 0x0, 0x0,
    0x0, 0x2f, 0x60, 0x0, 0x0, 0x8d, 0xfc, 0x9e,
    0x0, 0x0, 0xbf, 0xa7, 0xad, 0xf6, 0x0, 0x6f,
    0x60, 0x0, 0x5f, 0xb0, 0xc, 0xd0, 0x0, 0x0,
    0xdf, 0x0, 0xfb, 0x0, 0x0, 0xa, 0xf0, 0xf,
    0xa0, 0x0, 0x0, 0xaf, 0x10, 0xfb, 0x0, 0x0,
    0xa, 0xf0, 0xc, 0xd0, 0x0, 0x0, 0xdc, 0x0,
    0x6f, 0x60, 0x0, 0x5f, 0x60, 0x0, 0xbf, 0xa7,
    0xaf, 0xc0, 0x0, 0x0, 0x8d, 0xfe, 0x80, 0x0,

    /* U+00F1 "ñ" */
    0x4, 0xff, 0xff, 0xfc, 0x0, 0x5, 0x66, 0x65,
    0x40, 0x0, 0x0, 0x0, 0x0, 0x0, 0x0, 0x0,
    0x0, 0x0, 0x4f, 0x46, 0xef, 0xc3, 0x4, 0xfa,
    0xc8, 0xaf, 0xf1, 0x4f, 0xa0, 0x0, 0x5f, 0x84,
    0xf5, 0x0, 0x0, 0xfa, 0x4f, 0x40, 0x0, 0xd,
    0xc4, 0xf4, 0x0, 0x0, 0xdc, 0x4f, 0x40, 0x0,
    0xd, 0xc4, 0xf4, 0x0, 0x0, 0xdc, 0x4f, 0x40,
    0x0, 0xd, 0xc4, 0xf4, 0x0, 0x0, 0xdc, 0x4f,
    0x40, 0x0, 0xd, 0xc0,

    /* U+00F2 "ò" */
    0x0, 0x0, 0x0, 0x0, 0x0, 0x0, 0x0, 0x5f,
    0x20, 0x0, 0x0, 0x0, 0x1, 0xea, 0x0, 0x0,
    0x0, 0x0, 0x5, 0xf2, 0x0, 0x0, 0x0, 0x0,
    0x9, 0x30, 0x0, 0x0, 0x0, 0x0, 0x0, 0x0,
    0x0, 0x0, 0x7, 0xdf, 0xe9, 0x10, 0x0, 0xb,
    0xfb, 0x8a, 0xfd, 0x10, 0x6, 0xf6, 0x0, 0x3,
    0xf9, 0x0, 0xcd, 0x0, 0x0, 0xa, 0xf0, 0xf,
    0xb0, 0x0, 0x0, 0x7f, 0x20, 0xfa, 0x0, 0x0,
    0x7, 0xf3, 0xf, 0xb0, 0x0, 0x0, 0x7f, 0x20,
    0xcd, 0x0, 0x0, 0xa, 0xf0, 0x6, 0xf6, 0x0,
    0x3, 0xf9, 0x0, 0xb, 0xfb, 0x8a, 0xfd, 0x10,
    0x0, 0x7, 0xdf, 0xe9, 0x10, 0x0,

    /* U+00F3 "ó" */
    0x0, 0x0, 0x0, 0x0, 0x0, 0x0, 0x0, 0x0,
    0xe, 0x80, 0x0, 0x0, 0x0, 0x6, 0xf3, 0x0,
    0x0, 0x0, 0x0, 0xd9, 0x0, 0x0, 0x0, 0x0,
    0x1a, 0x10, 0x0, 0x0, 0x0, 0x0, 0x0, 0x0,
    0x0, 0x0, 0x7, 0xdf, 0xe9, 0x10, 0x0, 0xb,
    0xfb, 0x8a, 0xfd, 0x10, 0x6, 0xf6, 0x0, 0x3,
    0xf9, 0x0, 0xcd, 0x0, 0x0, 0xa, 0xf0, 0xf,
    0xb0, 0x0, 0x0, 0x7f, 0x20, 0xfa, 0x0, 0x0,
    0x7, 0xf3, 0xf, 0xb0, 0x0, 0x0, 0x7f, 0x20,
    0xcd, 0x0, 0x0, 0xa, 0xf0, 0x6, 0xf6, 0x0,
    0x3, 0xf9, 0x0, 0xb, 0xfb, 0x8a, 0xfd, 0x10,
    0x0, 0x7, 0xdf, 0xe9, 0x10, 0x0,

    /* U+00F4 "ô" */
    0x0, 0x0, 0xbf, 0xe1, 0x0, 0x0, 0x0, 0x7f,
    0x7e, 0xb0, 0x0, 0x0, 0x3f, 0x60, 0x3f, 0x70,
    0x0, 0x2, 0x50, 0x0, 0x34, 0x0, 0x0, 0x0,
    0x0, 0x0, 0x0, 0x0, 0x0, 0x7d, 0xfe, 0x91,
    0x0, 0x0, 0xbf, 0xb8, 0xaf, 0xd1, 0x0, 0x6f,
    0x60, 0x0, 0x3f, 0x90, 0xc, 0xd0, 0x0, 0x0,
    0xaf, 0x0, 0xfb, 0x0, 0x0, 0x7, 0xf2, 0xf,
    0xa0, 0x0, 0x0, 0x7f, 0x30, 0xfb, 0x0, 0x0,
    0x7, 0xf2, 0xc, 0xd0, 0x0, 0x0, 0xaf, 0x0,
    0x6f, 0x60, 0x0, 0x3f, 0x90, 0x0, 0xbf, 0xb8,
    0xaf, 0xd1, 0x0, 0x0, 0x7d, 0xfe, 0x91, 0x0,

    /* U+00F5 "õ" */
    0x0, 0x7f, 0xff, 0xff, 0x90, 0x0, 0x1, 0x66,
    0x66, 0x53, 0x0, 0x0, 0x0, 0x0, 0x0, 0x0,
    0x0, 0x0, 0x0, 0x0, 0x0, 0x0, 0x0, 0x7,
    0xdf, 0xe9, 0x10, 0x0, 0xb, 0xfb, 0x8a, 0xfd,
    0x10, 0x6, 0xf6, 0x0, 0x3, 0xf9, 0x0, 0xcd,
    0x0, 0x0, 0xa, 0xf0, 0xf, 0xb0, 0x0, 0x0,
    0x7f, 0x20, 0xfa, 0x0, 0x0, 0x7, 0xf3, 0xf,
    0xb0, 0x0, 0x0, 0x7f, 0x20, 0xcd, 0x0, 0x0,
    0xa, 0xf0, 0x6, 0xf6, 0x0, 0x3, 0xf9, 0x0,
    0xb, 0xfb, 0x8a, 0xfd, 0x10, 0x0, 0x7, 0xdf,
    0xe9, 0x10, 0x0,

    /* U+00F6 "ö" */
    0x0, 0x1e, 0x80, 0x5f, 0x40, 0x0, 0x1, 0xf9,
    0x6, 0xf5, 0x0, 0x0, 0x1, 0x0, 0x1, 0x0,
    0x0, 0x0, 0x0, 0x0, 0x0, 0x0, 0x0, 0x7,
    0xdf, 0xe9, 0x10, 0x0, 0xb, 0xfb, 0x8a, 0xfd,
    0x10, 0x6, 0xf6, 0x0, 0x3, 0xf9, 0x0, 0xcd,
    0x0, 0x0, 0xa, 0xf0, 0xf, 0xb0, 0x0, 0x0,
    0x7f, 0x20, 0xfa, 0x0, 0x0, 0x7, 0xf3, 0xf,
    0xb0, 0x0, 0x0, 0x7f, 0x20, 0xcd, 0x0, 0x0,
    0xa, 0xf0, 0x6, 0xf6, 0x0, 0x3, 0xf9, 0x0,
    0xb, 0xfb, 0x8a, 0xfd, 0x10, 0x0, 0x7, 0xdf,
    0xe9, 0x10, 0x0,

    /* U+00F7 "÷" */
    0x0, 0x0, 0x55, 0x0, 0x0, 0x0, 0x3, 0xff,
    0x30, 0x0, 0x0, 0x1, 0xee, 0x10, 0x0, 0x0,
    0x0, 0x0, 0x0, 0x0, 0x11, 0x11, 0x11, 0x11,
    0x11, 0xaf, 0xff, 0xff, 0xff, 0xfa, 0x34, 0x44,
    0x44, 0x44, 0x43, 0x0, 0x0, 0x0, 0x0, 0x0,
    0x0, 0x0, 0x55, 0x0, 0x0, 0x0, 0x3, 0xff,
    0x30, 0x0, 0x0, 0x1, 0xee, 0x10, 0x0,

    /* U+00F8 "ø" */
    0x0, 0x0, 0x0, 0x0, 0x3, 0x10, 0x0, 0x6d,
    0xfe, 0x83, 0xe5, 0x0, 0xaf, 0xb8, 0x9f, 0xf9,
    0x0, 0x5f, 0x70, 0x0, 0xaf, 0x90, 0xb, 0xe0,
    0x0, 0x6e, 0xaf, 0x0, 0xec, 0x0, 0x3f, 0x36,
    0xf4, 0xf, 0xb0, 0x1e, 0x60, 0x6f, 0x50, 0xec,
    0xc, 0x90, 0x6, 0xf4, 0xb, 0xea, 0xc0, 0x0,
    0x9f, 0x10, 0x4f, 0xe1, 0x0, 0x2f, 0xa0, 0x4,
    0xff, 0xb8, 0xaf, 0xe1, 0x1, 0xe7, 0x6c, 0xfe,
    0x91, 0x0, 0x5, 0x0, 0x0, 0x0, 0x0, 0x0,

    /* U+00F9 "ù" */
    0x0, 0x4, 0x0, 0x0, 0x0, 0x5, 0xf5, 0x0,
    0x0, 0x0, 0xc, 0xc0, 0x0, 0x0, 0x0, 0x2f,
    0x40, 0x0, 0x0, 0x0, 0x51, 0x0, 0x0, 0x0,
    0x0, 0x0, 0x0, 0x6f, 0x30, 0x0, 0xf, 0xa6,
    0xf3, 0x0, 0x0, 0xfa, 0x6f, 0x30, 0x0, 0xf,
    0xa6, 0xf3, 0x0, 0x0, 0xfa, 0x6f, 0x30, 0x0,
    0xf, 0xa6, 0xf3, 0x0, 0x0, 0xfa, 0x6f, 0x30,
    0x0, 0xf, 0xa5, 0xf4, 0x0, 0x0, 0xfa, 0x2f,
    0xa0, 0x0, 0x5f, 0xa0, 0xbf, 0xc8, 0xaa, 0xfa,
    0x1, 0xaf, 0xfa, 0x1f, 0xa0,

    /* U+00FA "ú" */
    0x0, 0x0, 0x3, 0x0, 0x0, 0x0, 0x1, 0xfa,
    0x0, 0x0, 0x0, 0x7f, 0x20, 0x0, 0x0, 0xe,
    0x70, 0x0, 0x0, 0x0, 0x60, 0x0, 0x0, 0x0,
    0x0, 0x0, 0x0, 0x6f, 0x30, 0x0, 0xf, 0xa6,
    0xf3, 0x0, 0x0, 0xfa, 0x6f, 0x30, 0x0, 0xf,
    0xa6, 0xf3, 0x0, 0x0, 0xfa, 0x6f, 0x30, 0x0,
    0xf, 0xa6, 0xf3, 0x0, 0x0, 0xfa, 0x6f, 0x30,
    0x0, 0xf, 0xa5, 0xf4, 0x0, 0x0, 0xfa, 0x2f,
    0xa0, 0x0, 0x5f, 0xa0, 0xbf, 0xc8, 0xaa, 0xfa,
    0x1, 0xaf, 0xfa, 0x1f, 0xa0,

    /* U+00FB "û" */
    0x0, 0xb, 0xfe, 0x10, 0x0, 0x8, 0xf6, 0xdc,
    0x0, 0x4, 0xf5, 0x1, 0xd9, 0x0, 0x3, 0x0,
    0x2, 0x20, 0x0, 0x0, 0x0, 0x0, 0x6, 0xf3,
    0x0, 0x0, 0xfa, 0x6f, 0x30, 0x0, 0xf, 0xa6,
    0xf3, 0x0, 0x0, 0xfa, 0x6f, 0x30, 0x0, 0xf,
    0xa6, 0xf3, 0x0, 0x0, 0xfa, 0x6f, 0x30, 0x0,
    0xf, 0xa6, 0xf3, 0x0, 0x0, 0xfa, 0x5f, 0x40,
    0x0, 0xf, 0xa2, 0xfa, 0x0, 0x5, 0xfa, 0xb,
    0xfc, 0x8a, 0xaf, 0xa0, 0x1a, 0xff, 0xa1, 0xfa,

    /* U+00FC "ü" */
    0x0, 0xe9, 0x4, 0xf4, 0x0, 0x1f, 0xa0, 0x5f,
    0x60, 0x0, 0x10, 0x0, 0x10, 0x0, 0x0, 0x0,
    0x0, 0x0, 0x6f, 0x30, 0x0, 0xf, 0xa6, 0xf3,
    0x0, 0x0, 0xfa, 0x6f, 0x30, 0x0, 0xf, 0xa6,
    0xf3, 0x0, 0x0, 0xfa, 0x6f, 0x30, 0x0, 0xf,
    0xa6, 0xf3, 0x0, 0x0, 0xfa, 0x6f, 0x30, 0x0,
    0xf, 0xa5, 0xf4, 0x0, 0x0, 0xfa, 0x2f, 0xa0,
    0x0, 0x5f, 0xa0, 0xbf, 0xc8, 0xaa, 0xfa, 0x1,
    0xaf, 0xfa, 0x1f, 0xa0,

    /* U+00FD "ý" */
    0x0, 0x0, 0x2, 0x20, 0x0, 0x0, 0x0, 0xa,
    0xf1, 0x0, 0x0, 0x0, 0x2f, 0x70, 0x0, 0x0,
    0x0, 0x9d, 0x0, 0x0, 0x0, 0x0, 0x32, 0x0,
    0x0, 0x0, 0x0, 0x0, 0x0, 0x0, 0x7f, 0x10,
    0x0, 0x1, 0xf7, 0x2f, 0x70, 0x0, 0x7, 0xf1,
    0xc, 0xc0, 0x0, 0xc, 0xc0, 0x7, 0xf1, 0x0,
    0x2f, 0x60, 0x1, 0xf7, 0x0, 0x7f, 0x10, 0x0,
    0xcc, 0x0, 0xcb, 0x0, 0x0, 0x6f, 0x22, 0xf6,
    0x0, 0x0, 0x1f, 0x77, 0xf0, 0x0, 0x0, 0xb,
    0xbc, 0xa0, 0x0, 0x0, 0x6, 0xff, 0x50, 0x0,
    0x0, 0x1, 0xff, 0x0, 0x0, 0x0, 0x0, 0xea,
    0x0, 0x0, 0x0, 0x3, 0xf4, 0x0, 0x0, 0x1,
    0x7b, 0xe0, 0x0, 0x0, 0x3, 0xfe, 0x50, 0x0,
    0x0,

    /* U+00FE "þ" */
    0x4f, 0x40, 0x0, 0x0, 0x0, 0x4f, 0x40, 0x0,
    0x0, 0x0, 0x4f, 0x40, 0x0, 0x0, 0x0, 0x4f,
    0x40, 0x0, 0x0, 0x0, 0x4f, 0x46, 0xdf, 0xd5,
    0x0, 0x4f, 0xad, 0x99, 0xef, 0x60, 0x4f, 0xb0,
    0x0, 0x1d, 0xf0, 0x4f, 0x50, 0x0, 0x5, 0xf5,
    0x4f, 0x40, 0x0, 0x2, 0xf8, 0x4f, 0x40, 0x0,
    0x2, 0xf9, 0x4f, 0x40, 0x0, 0x2, 0xf8, 0x4f,
    0x50, 0x0, 0x5, 0xf5, 0x4f, 0xb0, 0x0, 0xd,
    0xf1, 0x4f, 0x9d, 0x89, 0xef, 0x60, 0x4f, 0x46,
    0xdf, 0xd5, 0x0, 0x4f, 0x40, 0x0, 0x0, 0x0,
    0x4f, 0x40, 0x0, 0x0, 0x0, 0x4f, 0x40, 0x0,
    0x0, 0x0, 0x4f, 0x40, 0x0, 0x0, 0x0,

    /* U+00FF "ÿ" */
    0x0, 0x9e, 0x0, 0xea, 0x0, 0x0, 0xbf, 0x0,
    0xfb, 0x0, 0x0, 0x1, 0x0, 0x10, 0x0, 0x0,
    0x0, 0x0, 0x0, 0x0, 0x7f, 0x10, 0x0, 0x1,
    0xf7, 0x2f, 0x70, 0x0, 0x7, 0xf1, 0xc, 0xc0,
    0x0, 0xc, 0xc0, 0x7, 0xf1, 0x0, 0x2f, 0x60,
    0x1, 0xf7, 0x0, 0x7f, 0x10, 0x0, 0xcc, 0x0,
    0xcb, 0x0, 0x0, 0x6f, 0x22, 0xf6, 0x0, 0x0,
    0x1f, 0x77, 0xf0, 0x0, 0x0, 0xb, 0xbc, 0xa0,
    0x0, 0x0, 0x6, 0xff, 0x50, 0x0, 0x0, 0x1,
    0xff, 0x0, 0x0, 0x0, 0x0, 0xea, 0x0, 0x0,
    0x0, 0x3, 0xf4, 0x0, 0x0, 0x1, 0x7b, 0xe0,
    0x0, 0x0, 0x3, 0xfe, 0x50, 0x0, 0x0,

    /* U+2013 "–" */
    0x29, 0x99, 0x99, 0x99, 0x99, 0x90, 0x4f, 0xff,
    0xff, 0xff, 0xff, 0xf0,

    /* U+2014 "—" */
    0x29, 0x99, 0x99, 0x99, 0x99, 0x99, 0x99, 0x84,
    0xff, 0xff, 0xff, 0xff, 0xff, 0xff, 0xfe,

    /* U+2015 "―" */
    0x99, 0x99, 0x99, 0x99, 0x99, 0x99, 0x99, 0x99,
    0x99, 0x99, 0xff, 0xff, 0xff, 0xff, 0xff, 0xff,
    0xff, 0xff, 0xff, 0xff,

    /* U+2018 "‘" */
    0x4, 0xf3, 0xe, 0x70, 0x6f, 0x50, 0x8f, 0xd0,
    0x5f, 0x90,

    /* U+2019 "’" */
    0x3, 0xec, 0x0, 0x5f, 0xf0, 0x0, 0xdd, 0x0,
    0x1f, 0x60, 0xb, 0xa0, 0x0,

    /* U+201A "‚" */
    0x5, 0xf9, 0x8, 0xfd, 0x1, 0xfa, 0x3, 0xf3,
    0xd, 0x80,

    /* U+201C "“" */
    0x4, 0xf3, 0x3, 0xe3, 0xe, 0x70, 0xe, 0x80,
    0x6f, 0x50, 0x5f, 0x50, 0x8f, 0xd0, 0x8f, 0xd0,
    0x5f, 0x90, 0x4f, 0xa0,

    /* U+201D "”" */
    0x3, 0xec, 0x2, 0xec, 0x0, 0x5f, 0xf0, 0x5f,
    0xf0, 0x0, 0xdd, 0x0, 0xcd, 0x0, 0x1f, 0x60,
    0x1f, 0x60, 0xb, 0xa0, 0xb, 0xb0, 0x0,

    /* U+201E "„" */
    0x5, 0xf9, 0x5, 0xf9, 0x8, 0xfd, 0x8, 0xfd,
    0x1, 0xfa, 0x1, 0xea, 0x3, 0xf3, 0x3, 0xf3,
    0xd, 0x80, 0xd, 0x80,

    /* U+2020 "†" */
    0x0, 0x3, 0xf3, 0x0, 0x0, 0x0, 0x3, 0xf3,
    0x0, 0x0, 0x0, 0x3, 0xf3, 0x0, 0x0, 0x0,
    0x3, 0xf3, 0x0, 0x0, 0xff, 0xff, 0xff, 0xff,
    0xf0, 0x55, 0x57, 0xf7, 0x55, 0x50, 0x0, 0x3,
    0xf3, 0x0, 0x0, 0x0, 0x3, 0xf3, 0x0, 0x0,
    0x0, 0x3, 0xf3, 0x0, 0x0, 0x0, 0x3, 0xf3,
    0x0, 0x0, 0x0, 0x3, 0xf3, 0x0, 0x0, 0x0,
    0x3, 0xf3, 0x0, 0x0, 0x0, 0x3, 0xf3, 0x0,
    0x0, 0x0, 0x3, 0xf3, 0x0, 0x0, 0x0, 0x3,
    0xf3, 0x0, 0x0, 0x0, 0x3, 0xf3, 0x0, 0x0,
    0x0, 0x3, 0xf3, 0x0, 0x0, 0x0, 0x3, 0xf3,
    0x0, 0x0, 0x0, 0x3, 0xf3, 0x0, 0x0,

    /* U+2021 "‡" */
    0x0, 0x3, 0xf3, 0x0, 0x0, 0x0, 0x3, 0xf3,
    0x0, 0x0, 0x0, 0x3, 0xf3, 0x0, 0x0, 0x0,
    0x3, 0xf3, 0x0, 0x0, 0xff, 0xff, 0xff, 0xff,
    0xf0, 0x55, 0x57, 0xf7, 0x55, 0x50, 0x0, 0x3,
    0xf3, 0x0, 0x0, 0x0, 0x3, 0xf3, 0x0, 0x0,
    0x0, 0x3, 0xf3, 0x0, 0x0, 0x0, 0x3, 0xf3,
    0x0, 0x0, 0x0, 0x3, 0xf3, 0x0, 0x0, 0x0,
    0x3, 0xf3, 0x0, 0x0, 0x11, 0x13, 0xf4, 0x11,
    0x10, 0xff, 0xff, 0xff, 0xff, 0xf0, 0x44, 0x46,
    0xf6, 0x44, 0x40, 0x0, 0x3, 0xf3, 0x0, 0x0,
    0x0, 0x3, 0xf3, 0x0, 0x0, 0x0, 0x3, 0xf3,
    0x0, 0x0, 0x0, 0x3, 0xf3, 0x0, 0x0,

    /* U+2022 "•" */
    0x8, 0xdd, 0x70, 0x5f, 0xff, 0xf3, 0x7f, 0xff,
    0xf6, 0x5f, 0xff, 0xf4, 0xa, 0xfe, 0x90,

    /* U+2026 "…" */
    0x1a, 0x60, 0x0, 0x88, 0x0, 0x5, 0xa2, 0x7f,
    0xe0, 0x2, 0xff, 0x30, 0xd, 0xf8, 0x4f, 0xa0,
    0x0, 0xde, 0x10, 0x9, 0xf5,

    /* U+2039 "‹" */
    0x0, 0x0, 0x0, 0x0, 0x3, 0xc0, 0x0, 0x5f,
    0x90, 0x6, 0xfa, 0x0, 0x3f, 0xc0, 0x0, 0x4f,
    0xa0, 0x0, 0x9, 0xf8, 0x0, 0x0, 0x7f, 0x60,
    0x0, 0x6, 0xd0, 0x0, 0x0, 0x10,

    /* U+203A "›" */
    0x0, 0x0, 0xb, 0x40, 0x0, 0x7f, 0x60, 0x0,
    0x9f, 0x70, 0x0, 0xbf, 0x40, 0x9, 0xf5, 0x7,
    0xfa, 0x5, 0xf8, 0x0, 0xc7, 0x0, 0x1, 0x0,
    0x0,

    /* U+2190 "←" */
    0x0, 0x3, 0x90, 0x0, 0x0, 0x0, 0x0, 0x0,
    0x3, 0xfb, 0x0, 0x0, 0x0, 0x0, 0x0, 0x3,
    0xfb, 0x0, 0x0, 0x0, 0x0, 0x0, 0x3, 0xfd,
    0x66, 0x77, 0x77, 0x77, 0x77, 0x72, 0x9f, 0xed,
    0xee, 0xee, 0xee, 0xee, 0xee, 0x40, 0xaf, 0x40,
    0x0, 0x0, 0x0, 0x0, 0x0, 0x0, 0xaf, 0x40,
    0x0, 0x0, 0x0, 0x0, 0x0, 0x0, 0xae, 0x0,
    0x0, 0x0, 0x0, 0x0, 0x0, 0x0, 0x20, 0x0,
    0x0, 0x0, 0x0, 0x0,

    /* U+2191 "↑" */
    0x0, 0x0, 0x0, 0x0, 0x0, 0x0, 0x6d, 0x20,
    0x0, 0x0, 0x6f, 0xfe, 0x20, 0x0, 0x6f, 0xbe,
    0xce, 0x20, 0x6f, 0x85, 0xf1, 0xde, 0x24, 0x80,
    0x5f, 0x1, 0xa1, 0x0, 0x6, 0xf0, 0x0, 0x0,
    0x0, 0x6f, 0x0, 0x0, 0x0, 0x6, 0xf0, 0x0,
    0x0, 0x0, 0x6f, 0x0, 0x0, 0x0, 0x6, 0xf0,
    0x0, 0x0, 0x0, 0x6f, 0x0, 0x0, 0x0, 0x6,
    0xf0, 0x0, 0x0, 0x0, 0x6f, 0x0, 0x0, 0x0,
    0x6, 0xf0, 0x0, 0x0,

    /* U+2192 "→" */
    0x0, 0x0, 0x0, 0x0, 0x4, 0x80, 0x0, 0x0,
    0x0, 0x0, 0x0, 0x0, 0x6f, 0x80, 0x0, 0x0,
    0x0, 0x0, 0x0, 0x0, 0x5f, 0x80, 0x6, 0x77,
    0x77, 0x77, 0x77, 0x66, 0xaf, 0x80, 0xde, 0xee,
    0xee, 0xee, 0xee, 0xed, 0xfe, 0x10, 0x0, 0x0,
    0x0, 0x0, 0x1, 0xce, 0x20, 0x0, 0x0, 0x0,
    0x0, 0x1, 0xce, 0x20, 0x0, 0x0, 0x0, 0x0,
    0x0, 0x8e, 0x20, 0x0, 0x0, 0x0, 0x0, 0x0,
    0x0, 0x10, 0x0, 0x0,

    /* U+2193 "↓" */
    0x0, 0x5, 0xf0, 0x0, 0x0, 0x0, 0x6f, 0x0,
    0x0, 0x0, 0x6, 0xf0, 0x0, 0x0, 0x0, 0x6f,
    0x0, 0x0, 0x0, 0x6, 0xf0, 0x0, 0x0, 0x0,
    0x6f, 0x0, 0x0, 0x0, 0x6, 0xf0, 0x0, 0x0,
    0x0, 0x6f, 0x0, 0x0, 0x0, 0x6, 0xf0, 0x0,
    0x4, 0x70, 0x5f, 0x1, 0x91, 0x6f, 0x75, 0xf1,
    0xce, 0x20, 0x6f, 0xae, 0xce, 0x20, 0x0, 0x6f,
    0xfe, 0x20, 0x0, 0x0, 0x6e, 0x20, 0x0, 0x0,
    0x0, 0x0, 0x0, 0x0,

    /* U+2194 "↔" */
    0x0, 0x3, 0x90, 0x0, 0x4, 0x80, 0x0, 0x0,
    0x3, 0xfb, 0x0, 0x0, 0x6f, 0x80, 0x0, 0x3,
    0xfb, 0x0, 0x0, 0x0, 0x5f, 0x80, 0x3, 0xfd,
    0x66, 0x77, 0x77, 0x66, 0xaf, 0x80, 0x9f, 0xed,
    0xee, 0xee, 0xee, 0xed, 0xfe, 0x10, 0xaf, 0x40,
    0x0, 0x0, 0x1, 0xce, 0x20, 0x0, 0xaf, 0x40,
    0x0, 0x1, 0xce, 0x20, 0x0, 0x0, 0xae, 0x0,
    0x0, 0x8e, 0x20, 0x0, 0x0, 0x0, 0x20, 0x0,
    0x0, 0x10, 0x0, 0x0,

    /* U+2195 "↕" */
    0x0, 0x0, 0x0, 0x0, 0x0, 0x0, 0x6d, 0x20,
    0x0, 0x0, 0x6f, 0xfe, 0x20, 0x0, 0x6f, 0xbe,
    0xce, 0x20, 0x6f, 0x85, 0xf1, 0xde, 0x24, 0x80,
    0x5f, 0x1, 0xa1, 0x0, 0x6, 0xf0, 0x0, 0x0,
    0x0, 0x6f, 0x0, 0x0, 0x0, 0x6, 0xf0, 0x0,
    0x0, 0x0, 0x6f, 0x0, 0x0, 0x47, 0x5, 0xf0,
    0x19, 0x16, 0xf7, 0x5f, 0x1c, 0xe2, 0x6, 0xfa,
    0xec, 0xe2, 0x0, 0x6, 0xff, 0xe2, 0x0, 0x0,
    0x6, 0xe2, 0x0, 0x0, 0x0, 0x0, 0x0, 0x0,

    /* U+2196 "↖" */
    0x14, 0x44, 0x44, 0x20, 0x0, 0x0, 0x6f, 0xff,
    0xff, 0x70, 0x0, 0x0, 0x6f, 0xf5, 0x11, 0x0,
    0x0, 0x0, 0x6e, 0x7f, 0x60, 0x0, 0x0, 0x0,
    0x6f, 0x8, 0xf6, 0x0, 0x0, 0x0, 0x6f, 0x0,
    0x9f, 0x60, 0x0, 0x0, 0x39, 0x0, 0x9, 0xf5,
    0x0, 0x0, 0x0, 0x0, 0x0, 0x9f, 0x50, 0x0,
    0x0, 0x0, 0x0, 0x9, 0xf5, 0x0, 0x0, 0x0,
    0x0, 0x0, 0x9f, 0x50, 0x0, 0x0, 0x0, 0x0,
    0x9, 0xd0, 0x0, 0x0, 0x0, 0x0, 0x0, 0x0,

    /* U+2197 "↗" */
    0x0, 0x0, 0x3, 0x44, 0x44, 0x40, 0x0, 0x0,
    0xdf, 0xff, 0xff, 0x0, 0x0, 0x1, 0x11, 0xaf,
    0xf0, 0x0, 0x0, 0x0, 0xbe, 0x7f, 0x0, 0x0,
    0x0, 0xbf, 0x35, 0xf0, 0x0, 0x0, 0xbf, 0x30,
    0x5f, 0x0, 0x0, 0xbf, 0x30, 0x3, 0x90, 0x0,
    0xbf, 0x30, 0x0, 0x0, 0x0, 0xbf, 0x30, 0x0,
    0x0, 0x0, 0xbf, 0x30, 0x0, 0x0, 0x0, 0x3e,
    0x30, 0x0, 0x0, 0x0, 0x0, 0x0, 0x0, 0x0,
    0x0, 0x0,

    /* U+2198 "↘" */
    0x4, 0x0, 0x0, 0x0, 0x0, 0x4, 0xf7, 0x0,
    0x0, 0x0, 0x0, 0x7, 0xf7, 0x0, 0x0, 0x0,
    0x0, 0x7, 0xf7, 0x0, 0x0, 0x0, 0x0, 0x7,
    0xf7, 0x0, 0x0, 0x0, 0x0, 0x7, 0xf7, 0x0,
    0x5e, 0x0, 0x0, 0x7, 0xf7, 0x5, 0xf0, 0x0,
    0x0, 0x7, 0xf7, 0x5f, 0x0, 0x0, 0x0, 0x7,
    0xfa, 0xf0, 0x0, 0x0, 0x56, 0x5a, 0xff, 0x0,
    0x0, 0xd, 0xff, 0xff, 0xf0,

    /* U+2199 "↙" */
    0x0, 0x0, 0x0, 0x0, 0x1, 0x30, 0x0, 0x0,
    0x0, 0x0, 0x1d, 0xd0, 0x0, 0x0, 0x0, 0x1,
    0xde, 0x10, 0x0, 0x0, 0x0, 0x1d, 0xe1, 0x0,
    0x0, 0x0, 0x1, 0xde, 0x10, 0x0, 0x6c, 0x0,
    0x1d, 0xe1, 0x0, 0x0, 0x7e, 0x1, 0xde, 0x10,
    0x0, 0x0, 0x7e, 0x1d, 0xe1, 0x0, 0x0, 0x0,
    0x7d, 0xcd, 0x10, 0x0, 0x0, 0x0, 0x7f, 0xe6,
    0x66, 0x20, 0x0, 0x0, 0x6f, 0xff, 0xff, 0x60,
    0x0, 0x0,

    /* U+21A9 "↩" */
    0x0, 0x0, 0x0, 0x0, 0x0, 0x43, 0x0, 0x0,
    0x0, 0x0, 0x0, 0x0, 0xc, 0xfc, 0x20, 0x0,
    0x0, 0x0, 0x0, 0x0, 0x3, 0xec, 0x0, 0x0,
    0x27, 0x0, 0x0, 0x0, 0x5, 0xf3, 0x0, 0x2e,
    0xc0, 0x0, 0x0, 0x0, 0x3f, 0x40, 0x2e, 0xc1,
    0x0, 0x0, 0x0, 0x8, 0xf1, 0x2e, 0xd5, 0x55,
    0x55, 0x55, 0x6a, 0xf8, 0xa, 0xff, 0xff, 0xff,
    0xff, 0xff, 0xd6, 0x0, 0xb, 0xe3, 0x0, 0x0,
    0x0, 0x0, 0x0, 0x0, 0xb, 0xf3, 0x0, 0x0,
    0x0, 0x0, 0x0, 0x0, 0xb, 0xe0, 0x0, 0x0,
    0x0, 0x0, 0x0, 0x0, 0x3, 0x0, 0x0, 0x0,
    0x0, 0x0,

    /* U+21AA "↪" */
    0x0, 0x15, 0x10, 0x0, 0x0, 0x0, 0x0, 0x0,
    0x9f, 0xf3, 0x0, 0x0, 0x0, 0x0, 0x0, 0x6f,
    0x70, 0x0, 0x0, 0x0, 0x0, 0x0, 0xd, 0xc0,
    0x0, 0x0, 0x0, 0x37, 0x0, 0x0, 0xea, 0x0,
    0x0, 0x0, 0x7, 0xf7, 0x0, 0xb, 0xe0, 0x0,
    0x0, 0x0, 0x7, 0xf7, 0x0, 0x2f, 0xd7, 0x55,
    0x55, 0x55, 0x49, 0xf7, 0x0, 0x3b, 0xef, 0xff,
    0xff, 0xff, 0xef, 0xe1, 0x0, 0x0, 0x0, 0x0,
    0x0, 0xa, 0xe3, 0x0, 0x0, 0x0, 0x0, 0x0,
    0xb, 0xe3, 0x0, 0x0, 0x0, 0x0, 0x0, 0x8,
    0xe3, 0x0, 0x0, 0x0, 0x0, 0x0, 0x0, 0x2,
    0x0, 0x0,

    /* U+21B0 "↰" */
    0x0, 0x0, 0x20, 0x0, 0x0, 0x0, 0x0, 0x5f,
    0x50, 0x0, 0x0, 0x0, 0x5f, 0xa0, 0x0, 0x0,
    0x0, 0x5f, 0x90, 0x0, 0x0, 0x0, 0x3f, 0xfe,
    0xef, 0xff, 0xff, 0x60, 0xbf, 0x86, 0x66, 0x66,
    0xf7, 0x0, 0xbf, 0x30, 0x0, 0xe, 0x70, 0x0,
    0xbf, 0x30, 0x0, 0xe7, 0x0, 0x0, 0x91, 0x0,
    0xe, 0x70, 0x0, 0x0, 0x0, 0x0, 0xe7, 0x0,
    0x0, 0x0, 0x0, 0xe, 0x70, 0x0, 0x0, 0x0,
    0x0, 0xe7, 0x0, 0x0, 0x0, 0x0, 0xe, 0x70,
    0x0, 0x0, 0x0, 0x0, 0xe7, 0x0, 0x0, 0x0,
    0x0, 0xb, 0x50,

    /* U+21B1 "↱" */
    0x0, 0x0, 0x0, 0x20, 0x0, 0x0, 0x0, 0x0,
    0x1f, 0x90, 0x0, 0x0, 0x0, 0x0, 0x5f, 0x90,
    0x0, 0x0, 0x0, 0x0, 0x5f, 0x90, 0x2f, 0xff,
    0xff, 0xfe, 0xff, 0x72, 0xf8, 0x66, 0x66, 0x6e,
    0xe2, 0x2f, 0x30, 0x0, 0x1c, 0xe2, 0x2, 0xf3,
    0x0, 0x1d, 0xe2, 0x0, 0x2f, 0x30, 0x0, 0x92,
    0x0, 0x2, 0xf3, 0x0, 0x0, 0x0, 0x0, 0x2f,
    0x30, 0x0, 0x0, 0x0, 0x2, 0xf3, 0x0, 0x0,
    0x0, 0x0, 0x2f, 0x30, 0x0, 0x0, 0x0, 0x2,
    0xf3, 0x0, 0x0, 0x0, 0x0, 0x1c, 0x20, 0x0,
    0x0, 0x0, 0x0,

    /* U+21B2 "↲" */
    0x0, 0x0, 0x0, 0x0, 0xa, 0x50, 0x0, 0x0,
    0x0, 0x0, 0xe7, 0x0, 0x0, 0x0, 0x0, 0xe,
    0x70, 0x0, 0x0, 0x0, 0x0, 0xe7, 0x0, 0x0,
    0x0, 0x0, 0xe, 0x70, 0x0, 0x0, 0x0, 0x0,
    0xe7, 0x0, 0x0, 0x81, 0x0, 0xe, 0x70, 0x0,
    0xaf, 0x40, 0x0, 0xe7, 0x0, 0xaf, 0x40, 0x0,
    0xe, 0x70, 0xaf, 0x75, 0x55, 0x55, 0xf7, 0x3f,
    0xfe, 0xff, 0xff, 0xff, 0x70, 0x5f, 0x80, 0x0,
    0x0, 0x0, 0x0, 0x5f, 0x90, 0x0, 0x0, 0x0,
    0x0, 0x5f, 0x50, 0x0, 0x0, 0x0, 0x0, 0x30,
    0x0, 0x0, 0x0,

    /* U+21B3 "↳" */
    0x1b, 0x20, 0x0, 0x0, 0x0, 0x2, 0xf3, 0x0,
    0x0, 0x0, 0x0, 0x2f, 0x30, 0x0, 0x0, 0x0,
    0x2, 0xf3, 0x0, 0x0, 0x0, 0x0, 0x2f, 0x30,
    0x0, 0x0, 0x0, 0x2, 0xf3, 0x0, 0x0, 0x0,
    0x0, 0x2f, 0x30, 0x0, 0x81, 0x0, 0x2, 0xf3,
    0x0, 0x1d, 0xd1, 0x0, 0x2f, 0x30, 0x0, 0x1d,
    0xd1, 0x2, 0xf7, 0x55, 0x55, 0x5e, 0xd1, 0x2f,
    0xff, 0xff, 0xfe, 0xff, 0x80, 0x0, 0x0, 0x0,
    0x4f, 0x90, 0x0, 0x0, 0x0, 0x5f, 0x90, 0x0,
    0x0, 0x0, 0x1f, 0x90, 0x0, 0x0, 0x0, 0x0,
    0x30, 0x0, 0x0,

    /* U+21B6 "↶" */
    0x0, 0x0, 0x0, 0x0, 0x2, 0x20, 0x0, 0x0,
    0x0, 0x0, 0x0, 0x3, 0xbf, 0xff, 0xfa, 0x20,
    0x0, 0x0, 0x0, 0x5, 0xfb, 0x41, 0x25, 0xcf,
    0x30, 0x0, 0x0, 0x2, 0xf7, 0x0, 0x0, 0x0,
    0xae, 0x10, 0x0, 0x0, 0xac, 0x0, 0x0, 0x0,
    0x0, 0xe8, 0x0, 0x0, 0xf, 0x60, 0x0, 0x0,
    0x0, 0x8, 0xd0, 0x0, 0x3, 0xf2, 0x0, 0x0,
    0x0, 0x0, 0x5f, 0x0, 0x0, 0x4f, 0x10, 0x0,
    0x0, 0x0, 0x2, 0xb1, 0x5b, 0x4, 0xf1, 0x1c,
    0x30, 0x0, 0x0, 0x0, 0x3, 0xfb, 0x4f, 0x1d,
    0xd1, 0x0, 0x0, 0x0, 0x0, 0x3, 0xfc, 0xfc,
    0xd1, 0x0, 0x0, 0x0, 0x0, 0x0, 0x3, 0xff,
    0xd1, 0x0, 0x0, 0x0, 0x0, 0x0, 0x0, 0x3,
    0xc1, 0x0, 0x0, 0x0, 0x0, 0x0, 0x0, 0x0,
    0x0, 0x0, 0x0, 0x0, 0x0, 0x0, 0x0,

    /* U+21B7 "↷" */
    0x0, 0x0, 0x1, 0x21, 0x0, 0x0, 0x0, 0x0,
    0x0, 0x8, 0xef, 0xff, 0xc5, 0x0, 0x0, 0x0,
    0x1, 0xce, 0x62, 0x13, 0x9f, 0x80, 0x0, 0x0,
    0xa, 0xd1, 0x0, 0x0, 0x5, 0xf5, 0x0, 0x0,
    0x2f, 0x40, 0x0, 0x0, 0x0, 0xad, 0x0, 0x0,
    0x7e, 0x0, 0x0, 0x0, 0x0, 0x4f, 0x20, 0x0,
    0xab, 0x0, 0x0, 0x0, 0x0, 0xf, 0x50, 0x0,
    0x86, 0x0, 0x0, 0x0, 0x0, 0xf, 0x60, 0x0,
    0x0, 0x0, 0x0, 0x1, 0xc3, 0xf, 0x60, 0xa7,
    0x0, 0x0, 0x0, 0x0, 0xbe, 0x2e, 0x59, 0xf5,
    0x0, 0x0, 0x0, 0x0, 0xc, 0xde, 0xcf, 0x50,
    0x0, 0x0, 0x0, 0x0, 0x0, 0xcf, 0xf5, 0x0,
    0x0, 0x0, 0x0, 0x0, 0x0, 0xc, 0x50, 0x0,
    0x0, 0x0, 0x0, 0x0, 0x0, 0x0, 0x0, 0x0,

    /* U+21BA "↺" */
    0x0, 0x0, 0x0, 0x1f, 0xff, 0xff, 0xb0, 0x0,
    0x0, 0x0, 0x1f, 0xfa, 0x66, 0x40, 0x0, 0x5,
    0x60, 0x1f, 0xaf, 0x70, 0x0, 0x0, 0x6f, 0x70,
    0x1f, 0x35, 0xf9, 0x0, 0x3, 0xf6, 0x0, 0x1f,
    0x40, 0x3f, 0x70, 0xb, 0xa0, 0x0, 0x1e, 0x30,
    0x6, 0xf1, 0x1f, 0x40, 0x0, 0x0, 0x0, 0x0,
    0xe8, 0x3f, 0x10, 0x0, 0x0, 0x0, 0x0, 0xbb,
    0x4f, 0x10, 0x0, 0x0, 0x0, 0x0, 0xab, 0x1f,
    0x40, 0x0, 0x0, 0x0, 0x0, 0xc9, 0xc, 0xb0,
    0x0, 0x0, 0x0, 0x3, 0xf4, 0x3, 0xf7, 0x0,
    0x0, 0x0, 0x2e, 0xa0, 0x0, 0x5f, 0xc5, 0x11,
    0x38, 0xfb, 0x0, 0x0, 0x2, 0xaf, 0xff, 0xfd,
    0x60, 0x0, 0x0, 0x0, 0x0, 0x23, 0x10, 0x0,
    0x0,

    /* U+21BB "↻" */
    0x6, 0xff, 0xff, 0xf6, 0x0, 0x0, 0x0, 0x2,
    0x66, 0x7f, 0xf7, 0x0, 0x0, 0x0, 0x0, 0x3,
    0xec, 0xe7, 0x1, 0x90, 0x0, 0x0, 0x3f, 0xa0,
    0xe7, 0x2, 0xec, 0x0, 0x1, 0xe9, 0x0, 0xe7,
    0x0, 0x1d, 0xa0, 0xa, 0xc0, 0x0, 0xd6, 0x0,
    0x3, 0xf2, 0x1f, 0x50, 0x0, 0x0, 0x0, 0x0,
    0xd8, 0x3f, 0x20, 0x0, 0x0, 0x0, 0x0, 0xab,
    0x4f, 0x10, 0x0, 0x0, 0x0, 0x0, 0xab, 0x1f,
    0x40, 0x0, 0x0, 0x0, 0x0, 0xd9, 0xc, 0xb0,
    0x0, 0x0, 0x0, 0x3, 0xf3, 0x3, 0xf7, 0x0,
    0x0, 0x0, 0x2e, 0xa0, 0x0, 0x5f, 0xb4, 0x11,
    0x38, 0xfb, 0x0, 0x0, 0x2, 0xaf, 0xff, 0xfd,
    0x60, 0x0, 0x0, 0x0, 0x0, 0x23, 0x10, 0x0,
    0x0,

    /* U+21C4 "⇄" */
    0x0, 0x0, 0x0, 0x0, 0x0, 0x20, 0x0, 0x0,
    0x0, 0x0, 0x0, 0x0, 0x9e, 0x20, 0x0, 0x0,
    0x0, 0x0, 0x0, 0x1, 0xce, 0x20, 0x0, 0x0,
    0x0, 0x0, 0x0, 0x1, 0xbe, 0x20, 0xdf, 0xff,
    0xff, 0xff, 0xff, 0xee, 0xfe, 0x15, 0x66, 0x66,
    0x66, 0x66, 0x65, 0x9f, 0x80, 0x0, 0x0, 0x0,
    0x0, 0x0, 0x5f, 0x90, 0x0, 0x0, 0x5c, 0x0,
    0x0, 0x4f, 0xa0, 0x0, 0x0, 0x4f, 0xa0, 0x0,
    0x6, 0xa0, 0x0, 0x0, 0x3f, 0xb0, 0x0, 0x0,
    0x0, 0x0, 0x0, 0x3f, 0xd5, 0x56, 0x66, 0x66,
    0x66, 0x66, 0x19, 0xff, 0xef, 0xff, 0xff, 0xff,
    0xff, 0xf4, 0xa, 0xe3, 0x0, 0x0, 0x0, 0x0,
    0x0, 0x0, 0xa, 0xf4, 0x0, 0x0, 0x0, 0x0,
    0x0, 0x0, 0xa, 0xe0, 0x0, 0x0, 0x0, 0x0,
    0x0, 0x0, 0x2, 0x0, 0x0, 0x0, 0x0, 0x0,

    /* U+21C6 "⇆" */
    0x0, 0x0, 0x20, 0x0, 0x0, 0x0, 0x0, 0x0,
    0x0, 0xae, 0x0, 0x0, 0x0, 0x0, 0x0, 0x0,
    0xaf, 0x40, 0x0, 0x0, 0x0, 0x0, 0x0, 0xae,
    0x40, 0x0, 0x0, 0x0, 0x0, 0x0, 0x9f, 0xee,
    0xff, 0xff, 0xff, 0xff, 0xff, 0x43, 0xfd, 0x56,
    0x66, 0x66, 0x66, 0x66, 0x61, 0x4, 0xfa, 0x0,
    0x0, 0x0, 0x0, 0x0, 0x0, 0x5, 0xfa, 0x0,
    0x0, 0x7b, 0x0, 0x0, 0x0, 0x6, 0xc0, 0x0,
    0x4, 0xfa, 0x0, 0x0, 0x0, 0x0, 0x0, 0x0,
    0x5, 0xf9, 0x0, 0x56, 0x66, 0x66, 0x66, 0x65,
    0x59, 0xf8, 0xe, 0xff, 0xff, 0xff, 0xff, 0xff,
    0xef, 0xe1, 0x0, 0x0, 0x0, 0x0, 0x0, 0xb,
    0xe2, 0x0, 0x0, 0x0, 0x0, 0x0, 0xc, 0xe2,
    0x0, 0x0, 0x0, 0x0, 0x0, 0x9, 0xe2, 0x0,
    0x0, 0x0, 0x0, 0x0, 0x0, 0x2, 0x0, 0x0,

    /* U+2202 "∂" */
    0x0, 0x6e, 0xc3, 0x0, 0x0, 0x0, 0x1, 0xcf,
    0x50, 0x0, 0x0, 0x0, 0x9, 0xf5, 0x0, 0x0,
    0x0, 0x0, 0xae, 0x10, 0x0, 0x8e, 0xff, 0x8f,
    0x90, 0xa, 0xf9, 0x56, 0xcf, 0xf0, 0x3f, 0x70,
    0x0, 0xc, 0xf3, 0x8f, 0x10, 0x0, 0x5, 0xf5,
    0xbf, 0x0, 0x0, 0x3, 0xf6, 0xbf, 0x0, 0x0,
    0x3, 0xf6, 0x9f, 0x0, 0x0, 0x5, 0xf4, 0x4f,
    0x60, 0x0, 0xa, 0xf0, 0xb, 0xf7, 0x33, 0x9f,
    0x70, 0x0, 0x9f, 0xff, 0xf7, 0x0, 0x0, 0x0,
    0x32, 0x0, 0x0,

    /* U+2206 "∆" */
    0x0, 0x0, 0xc, 0xfa, 0x0, 0x0, 0x0, 0x0,
    0x2f, 0xef, 0x0, 0x0, 0x0, 0x0, 0x8f, 0x4f,
    0x60, 0x0, 0x0, 0x0, 0xea, 0xe, 0xb0, 0x0,
    0x0, 0x3, 0xf5, 0x9, 0xf1, 0x0, 0x0, 0x9,
    0xf0, 0x3, 0xf7, 0x0, 0x0, 0xe, 0xa0, 0x0,
    0xdd, 0x0, 0x0, 0x5f, 0x40, 0x0, 0x8f, 0x20,
    0x0, 0xbe, 0x0, 0x0, 0x2f, 0x80, 0x1, 0xf9,
    0x0, 0x0, 0xd, 0xe0, 0x6, 0xf4, 0x0, 0x0,
    0x7, 0xf4, 0xc, 0xe0, 0x0, 0x0, 0x2, 0xf9,
    0x1f, 0xd7, 0x77, 0x77, 0x77, 0xff, 0x2f, 0xff,
    0xff, 0xff, 0xff, 0xff,

    /* U+220F "∏" */
    0xf, 0xff, 0xff, 0xff, 0xff, 0xff, 0xf2, 0x8,
    0xbf, 0xa8, 0x88, 0x89, 0xfc, 0x81, 0x0, 0x7f,
    0x30, 0x0, 0x2, 0xf9, 0x0, 0x0, 0x7f, 0x30,
    0x0, 0x2, 0xf9, 0x0, 0x0, 0x7f, 0x30, 0x0,
    0x2, 0xf9, 0x0, 0x0, 0x7f, 0x30, 0x0, 0x2,
    0xf9, 0x0, 0x0, 0x7f, 0x30, 0x0, 0x2, 0xf9,
    0x0, 0x0, 0x7f, 0x30, 0x0, 0x2, 0xf9, 0x0,
    0x0, 0x7f, 0x30, 0x0, 0x2, 0xf9, 0x0, 0x0,
    0x7f, 0x30, 0x0, 0x2, 0xf9, 0x0, 0x0, 0x7f,
    0x30, 0x0, 0x2, 0xf9, 0x0, 0x0, 0x7f, 0x30,
    0x0, 0x2, 0xf9, 0x0, 0x0, 0x7f, 0x30, 0x0,
    0x2, 0xf9, 0x0, 0x0, 0x7f, 0x30, 0x0, 0x2,
    0xf9, 0x0, 0x0, 0x7f, 0x30, 0x0, 0x2, 0xf9,
    0x0, 0x0, 0x7f, 0x30, 0x0, 0x2, 0xf9, 0x0,
    0x0, 0x7f, 0x30, 0x0, 0x2, 0xf9, 0x0, 0x0,
    0x7f, 0x30, 0x0, 0x2, 0xf9, 0x0,

    /* U+2211 "∑" */
    0xdf, 0xff, 0xff, 0xff, 0xf2, 0xcf, 0x98, 0x88,
    0x88, 0x81, 0x3f, 0xa0, 0x0, 0x0, 0x0, 0x7,
    0xf5, 0x0, 0x0, 0x0, 0x0, 0xcf, 0x10, 0x0,
    0x0, 0x0, 0x2f, 0xc0, 0x0, 0x0, 0x0, 0x6,
    0xf7, 0x0, 0x0, 0x0, 0x0, 0xaf, 0x30, 0x0,
    0x0, 0x0, 0x1e, 0xc0, 0x0, 0x0, 0x0, 0x1e,
    0xc0, 0x0, 0x0, 0x0, 0xaf, 0x30, 0x0, 0x0,
    0x5, 0xf7, 0x0, 0x0, 0x0, 0x1f, 0xc0, 0x0,
    0x0, 0x0, 0xcf, 0x20, 0x0, 0x0, 0x7, 0xf5,
    0x0, 0x0, 0x0, 0x3f, 0xa0, 0x0, 0x0, 0x0,
    0xcf, 0x98, 0x88, 0x88, 0x81, 0xdf, 0xff, 0xff,
    0xff, 0xf2,

    /* U+2212 "−" */
    0xdf, 0xff, 0xff, 0xff, 0xf6, 0x56, 0x66, 0x66,
    0x66, 0x62
};


/*---------------------
 *  GLYPH DESCRIPTION
 *--------------------*/

static const lv_font_fmt_txt_glyph_dsc_t glyph_dsc[] = {
    {.bitmap_index = 0, .adv_w = 0, .box_w = 0, .box_h = 0, .ofs_x = 0, .ofs_y = 0} /* id = 0 reserved */,
    {.bitmap_index = 0, .adv_w = 76, .box_w = 0, .box_h = 0, .ofs_x = 0, .ofs_y = 0},
    {.bitmap_index = 0, .adv_w = 91, .box_w = 4, .box_h = 15, .ofs_x = 1, .ofs_y = 0},
    {.bitmap_index = 30, .adv_w = 134, .box_w = 6, .box_h = 6, .ofs_x = 1, .ofs_y = 9},
    {.bitmap_index = 48, .adv_w = 228, .box_w = 12, .box_h = 15, .ofs_x = 1, .ofs_y = 0},
    {.bitmap_index = 138, .adv_w = 191, .box_w = 10, .box_h = 18, .ofs_x = 1, .ofs_y = -2},
    {.bitmap_index = 228, .adv_w = 297, .box_w = 17, .box_h = 15, .ofs_x = 1, .ofs_y = 0},
    {.bitmap_index = 356, .adv_w = 222, .box_w = 13, .box_h = 15, .ofs_x = 1, .ofs_y = 0},
    {.bitmap_index = 454, .adv_w = 77, .box_w = 3, .box_h = 6, .ofs_x = 1, .ofs_y = 9},
    {.bitmap_index = 463, .adv_w = 107, .box_w = 6, .box_h = 19, .ofs_x = 1, .ofs_y = -4},
    {.bitmap_index = 520, .adv_w = 107, .box_w = 7, .box_h = 19, .ofs_x = -1, .ofs_y = -4},
    {.bitmap_index = 587, .adv_w = 144, .box_w = 9, .box_h = 8, .ofs_x = 0, .ofs_y = 7},
    {.bitmap_index = 623, .adv_w = 192, .box_w = 10, .box_h = 11, .ofs_x = 1, .ofs_y = 1},
    {.bitmap_index = 678, .adv_w = 87, .box_w = 4, .box_h = 5, .ofs_x = 0, .ofs_y = -3},
    {.bitmap_index = 688, .adv_w = 128, .box_w = 6, .box_h = 2, .ofs_x = 1, .ofs_y = 5},
    {.bitmap_index = 694, .adv_w = 87, .box_w = 3, .box_h = 3, .ofs_x = 1, .ofs_y = 0},
    {.bitmap_index = 699, .adv_w = 123, .box_w = 7, .box_h = 19, .ofs_x = 0, .ofs_y = -4},
    {.bitmap_index = 766, .adv_w = 192, .box_w = 10, .box_h = 15, .ofs_x = 1, .ofs_y = 0},
    {.bitmap_index = 841, .adv_w = 192, .box_w = 10, .box_h = 15, .ofs_x = 1, .ofs_y = 0},
    {.bitmap_index = 916, .adv_w = 192, .box_w = 10, .box_h = 15, .ofs_x = 1, .ofs_y = 0},
    {.bitmap_index = 991, .adv_w = 192, .box_w = 11, .box_h = 15, .ofs_x = 0, .ofs_y = 0},
    {.bitmap_index = 1074, .adv_w = 192, .box_w = 12, .box_h = 15, .ofs_x = 0, .ofs_y = 0},
    {.bitmap_index = 1164, .adv_w = 192, .box_w = 10, .box_h = 15, .ofs_x = 1, .ofs_y = 0},
    {.bitmap_index = 1239, .adv_w = 192, .box_w = 10, .box_h = 15, .ofs_x = 1, .ofs_y = 0},
    {.bitmap_index = 1314, .adv_w = 192, .box_w = 10, .box_h = 15, .ofs_x = 1, .ofs_y = 0},
    {.bitmap_index = 1389, .adv_w = 192, .box_w = 10, .box_h = 15, .ofs_x = 1, .ofs_y = 0},
    {.bitmap_index = 1464, .adv_w = 192, .box_w = 10, .box_h = 15, .ofs_x = 1, .ofs_y = 0},
    {.bitmap_index = 1539, .adv_w = 93, .box_w = 4, .box_h = 11, .ofs_x = 1, .ofs_y = 0},
    {.bitmap_index = 1561, .adv_w = 93, .box_w = 5, .box_h = 14, .ofs_x = 0, .ofs_y = -3},
    {.bitmap_index = 1596, .adv_w = 192, .box_w = 10, .box_h = 13, .ofs_x = 1, .ofs_y = -1},
    {.bitmap_index = 1661, .adv_w = 192, .box_w = 10, .box_h = 7, .ofs_x = 1, .ofs_y = 3},
    {.bitmap_index = 1696, .adv_w = 192, .box_w = 10, .box_h = 13, .ofs_x = 1, .ofs_y = -1},
    {.bitmap_index = 1761, .adv_w = 153, .box_w = 9, .box_h = 15, .ofs_x = 0, .ofs_y = 0},
    {.bitmap_index = 1829, .adv_w = 285, .box_w = 16, .box_h = 18, .ofs_x = 1, .ofs_y = -3},
    {.bitmap_index = 1973, .adv_w = 205, .box_w = 13, .box_h = 15, .ofs_x = 0, .ofs_y = 0},
    {.bitmap_index = 2071, .adv_w = 209, .box_w = 11, .box_h = 15, .ofs_x = 1, .ofs_y = 0},
    {.bitmap_index = 2154, .adv_w = 199, .box_w = 11, .box_h = 15, .ofs_x = 1, .ofs_y = 0},
    {.bitmap_index = 2237, .adv_w = 215, .box_w = 12, .box_h = 15, .ofs_x = 1, .ofs_y = 0},
    {.bitmap_index = 2327, .adv_w = 187, .box_w = 10, .box_h = 15, .ofs_x = 1, .ofs_y = 0},
    {.bitmap_index = 2402, .adv_w = 179, .box_w = 10, .box_h = 15, .ofs_x = 1, .ofs_y = 0},
    {.bitmap_index = 2477, .adv_w = 222, .box_w = 12, .box_h = 15, .ofs_x = 1, .ofs_y = 0},
    {.bitmap_index = 2567, .adv_w = 226, .box_w = 12, .box_h = 15, .ofs_x = 1, .ofs_y = 0},
    {.bitmap_index = 2657, .adv_w = 128, .box_w = 6, .box_h = 15, .ofs_x = 1, .ofs_y = 0},
    {.bitmap_index = 2702, .adv_w = 163, .box_w = 9, .box_h = 15, .ofs_x = 0, .ofs_y = 0},
    {.bitmap_index = 2770, .adv_w = 203, .box_w = 12, .box_h = 15, .ofs_x = 1, .ofs_y = 0},
    {.bitmap_index = 2860, .adv_w = 160, .box_w = 9, .box_h = 15, .ofs_x = 1, .ofs_y = 0},
    {.bitmap_index = 2928, .adv_w = 260, .box_w = 14, .box_h = 15, .ofs_x = 1, .ofs_y = 0},
    {.bitmap_index = 3033, .adv_w = 226, .box_w = 12, .box_h = 15, .ofs_x = 1, .ofs_y = 0},
    {.bitmap_index = 3123, .adv_w = 227, .box_w = 12, .box_h = 15, .ofs_x = 1, .ofs_y = 0},
    {.bitmap_index = 3213, .adv_w = 194, .box_w = 11, .box_h = 15, .ofs_x = 1, .ofs_y = 0},
    {.bitmap_index = 3296, .adv_w = 227, .box_w = 12, .box_h = 19, .ofs_x = 1, .ofs_y = -4},
    {.bitmap_index = 3410, .adv_w = 205, .box_w = 11, .box_h = 15, .ofs_x = 1, .ofs_y = 0},
    {.bitmap_index = 3493, .adv_w = 186, .box_w = 11, .box_h = 15, .ofs_x = 0, .ofs_y = 0},
    {.bitmap_index = 3576, .adv_w = 183, .box_w = 11, .box_h = 15, .ofs_x = 0, .ofs_y = 0},
    {.bitmap_index = 3659, .adv_w = 217, .box_w = 11, .box_h = 15, .ofs_x = 1, .ofs_y = 0},
    {.bitmap_index = 3742, .adv_w = 195, .box_w = 12, .box_h = 15, .ofs_x = 0, .ofs_y = 0},
    {.bitmap_index = 3832, .adv_w = 285, .box_w = 18, .box_h = 15, .ofs_x = 0, .ofs_y = 0},
    {.bitmap_index = 3967, .adv_w = 196, .box_w = 12, .box_h = 15, .ofs_x = 0, .ofs_y = 0},
    {.bitmap_index = 4057, .adv_w = 190, .box_w = 12, .box_h = 15, .ofs_x = 0, .ofs_y = 0},
    {.bitmap_index = 4147, .adv_w = 186, .box_w = 11, .box_h = 15, .ofs_x = 0, .ofs_y = 0},
    {.bitmap_index = 4230, .adv_w = 101, .box_w = 5, .box_h = 19, .ofs_x = 1, .ofs_y = -4},
    {.bitmap_index = 4278, .adv_w = 123, .box_w = 8, .box_h = 19, .ofs_x = 0, .ofs_y = -4},
    {.bitmap_index = 4354, .adv_w = 101, .box_w = 4, .box_h = 19, .ofs_x = 1, .ofs_y = -4},
    {.bitmap_index = 4392, .adv_w = 192, .box_w = 10, .box_h = 9, .ofs_x = 1, .ofs_y = 6},
    {.bitmap_index = 4437, .adv_w = 181, .box_w = 11, .box_h = 3, .ofs_x = 0, .ofs_y = -4},
    {.bitmap_index = 4454, .adv_w = 192, .box_w = 4, .box_h = 5, .ofs_x = 3, .ofs_y = 12},
    {.bitmap_index = 4464, .adv_w = 171, .box_w = 11, .box_h = 11, .ofs_x = 0, .ofs_y = 0},
    {.bitmap_index = 4525, .adv_w = 186, .box_w = 10, .box_h = 15, .ofs_x = 1, .ofs_y = 0},
    {.bitmap_index = 4600, .adv_w = 161, .box_w = 10, .box_h = 11, .ofs_x = 0, .ofs_y = 0},
    {.bitmap_index = 4655, .adv_w = 186, .box_w = 9, .box_h = 15, .ofs_x = 1, .ofs_y = 0},
    {.bitmap_index = 4723, .adv_w = 176, .box_w = 11, .box_h = 11, .ofs_x = 0, .ofs_y = 0},
    {.bitmap_index = 4784, .adv_w = 104, .box_w = 7, .box_h = 15, .ofs_x = 0, .ofs_y = 0},
    {.bitmap_index = 4837, .adv_w = 169, .box_w = 11, .box_h = 17, .ofs_x = 0, .ofs_y = -4},
    {.bitmap_index = 4931, .adv_w = 182, .box_w = 9, .box_h = 15, .ofs_x = 1, .ofs_y = 0},
    {.bitmap_index = 4999, .adv_w = 80, .box_w = 3, .box_h = 15, .ofs_x = 1, .ofs_y = 0},
    {.bitmap_index = 5022, .adv_w = 80, .box_w = 4, .box_h = 19, .ofs_x = 0, .ofs_y = -4},
    {.bitmap_index = 5060, .adv_w = 169, .box_w = 10, .box_h = 15, .ofs_x = 1, .ofs_y = 0},
    {.bitmap_index = 5135, .adv_w = 87, .box_w = 4, .box_h = 15, .ofs_x = 1, .ofs_y = 0},
    {.bitmap_index = 5165, .adv_w = 279, .box_w = 15, .box_h = 11, .ofs_x = 1, .ofs_y = 0},
    {.bitmap_index = 5248, .adv_w = 182, .box_w = 9, .box_h = 11, .ofs_x = 1, .ofs_y = 0},
    {.bitmap_index = 5298, .adv_w = 179, .box_w = 11, .box_h = 11, .ofs_x = 0, .ofs_y = 0},
    {.bitmap_index = 5359, .adv_w = 186, .box_w = 10, .box_h = 15, .ofs_x = 1, .ofs_y = -4},
    {.bitmap_index = 5434, .adv_w = 186, .box_w = 9, .box_h = 15, .ofs_x = 1, .ofs_y = -4},
    {.bitmap_index = 5502, .adv_w = 117, .box_w = 6, .box_h = 11, .ofs_x = 1, .ofs_y = 0},
    {.bitmap_index = 5535, .adv_w = 156, .box_w = 9, .box_h = 11, .ofs_x = 0, .ofs_y = 0},
    {.bitmap_index = 5585, .adv_w = 112, .box_w = 7, .box_h = 14, .ofs_x = 0, .ofs_y = 0},
    {.bitmap_index = 5634, .adv_w = 182, .box_w = 9, .box_h = 11, .ofs_x = 1, .ofs_y = 0},
    {.bitmap_index = 5684, .adv_w = 157, .box_w = 10, .box_h = 11, .ofs_x = 0, .ofs_y = 0},
    {.bitmap_index = 5739, .adv_w = 246, .box_w = 15, .box_h = 11, .ofs_x = 0, .ofs_y = 0},
    {.bitmap_index = 5822, .adv_w = 162, .box_w = 10, .box_h = 11, .ofs_x = 0, .ofs_y = 0},
    {.bitmap_index = 5877, .adv_w = 160, .box_w = 10, .box_h = 15, .ofs_x = 0, .ofs_y = -4},
    {.bitmap_index = 5952, .adv_w = 148, .box_w = 9, .box_h = 11, .ofs_x = 0, .ofs_y = 0},
    {.bitmap_index = 6002, .adv_w = 110, .box_w = 6, .box_h = 19, .ofs_x = 0, .ofs_y = -4},
    {.bitmap_index = 6059, .adv_w = 100, .box_w = 2, .box_h = 19, .ofs_x = 2, .ofs_y = -4},
    {.bitmap_index = 6078, .adv_w = 110, .box_w = 6, .box_h = 19, .ofs_x = 1, .ofs_y = -4},
    {.bitmap_index = 6135, .adv_w = 192, .box_w = 10, .box_h = 4, .ofs_x = 1, .ofs_y = 4},
    {.bitmap_index = 6155, .adv_w = 76, .box_w = 0, .box_h = 0, .ofs_x = 0, .ofs_y = 0},
    {.bitmap_index = 6155, .adv_w = 91, .box_w = 4, .box_h = 15, .ofs_x = 1, .ofs_y = -4},
    {.bitmap_index = 6185, .adv_w = 164, .box_w = 10, .box_h = 16, .ofs_x = 0, .ofs_y = -2},
    {.bitmap_index = 6265, .adv_w = 190, .box_w = 10, .box_h = 15, .ofs_x = 1, .ofs_y = 0},
    {.bitmap_index = 6340, .adv_w = 196, .box_w = 12, .box_h = 13, .ofs_x = 0, .ofs_y = 1},
    {.bitmap_index = 6418, .adv_w = 194, .box_w = 12, .box_h = 15, .ofs_x = 0, .ofs_y = 0},
    {.bitmap_index = 6508, .adv_w = 100, .box_w = 2, .box_h = 19, .ofs_x = 2, .ofs_y = -4},
    {.bitmap_index = 6527, .adv_w = 188, .box_w = 10, .box_h = 19, .ofs_x = 1, .ofs_y = -4},
    {.bitmap_index = 6622, .adv_w = 192, .box_w = 6, .box_h = 3, .ofs_x = 3, .ofs_y = 13},
    {.bitmap_index = 6631, .adv_w = 248, .box_w = 14, .box_h = 17, .ofs_x = 1, .ofs_y = -1},
    {.bitmap_index = 6750, .adv_w = 128, .box_w = 8, .box_h = 7, .ofs_x = 0, .ofs_y = 7},
    {.bitmap_index = 6778, .adv_w = 164, .box_w = 10, .box_h = 10, .ofs_x = 0, .ofs_y = 1},
    {.bitmap_index = 6828, .adv_w = 192, .box_w = 10, .box_h = 7, .ofs_x = 1, .ofs_y = 1},
    {.bitmap_index = 6863, .adv_w = 0, .box_w = 0, .box_h = 0, .ofs_x = 0, .ofs_y = 0},
    {.bitmap_index = 6863, .adv_w = 152, .box_w = 9, .box_h = 9, .ofs_x = 0, .ofs_y = 6},
    {.bitmap_index = 6904, .adv_w = 192, .box_w = 6, .box_h = 3, .ofs_x = 3, .ofs_y = 13},
    {.bitmap_index = 6913, .adv_w = 150, .box_w = 8, .box_h = 9, .ofs_x = 1, .ofs_y = 7},
    {.bitmap_index = 6949, .adv_w = 192, .box_w = 10, .box_h = 13, .ofs_x = 1, .ofs_y = 0},
    {.bitmap_index = 7014, .adv_w = 111, .box_w = 7, .box_h = 7, .ofs_x = 0, .ofs_y = 7},
    {.bitmap_index = 7039, .adv_w = 111, .box_w = 7, .box_h = 7, .ofs_x = 0, .ofs_y = 7},
    {.bitmap_index = 7064, .adv_w = 192, .box_w = 4, .box_h = 5, .ofs_x = 5, .ofs_y = 12},
    {.bitmap_index = 7074, .adv_w = 183, .box_w = 9, .box_h = 15, .ofs_x = 1, .ofs_y = -4},
    {.bitmap_index = 7142, .adv_w = 209, .box_w = 11, .box_h = 18, .ofs_x = 1, .ofs_y = -3},
    {.bitmap_index = 7241, .adv_w = 104, .box_w = 3, .box_h = 3, .ofs_x = 2, .ofs_y = 5},
    {.bitmap_index = 7246, .adv_w = 192, .box_w = 5, .box_h = 6, .ofs_x = 4, .ofs_y = -5},
    {.bitmap_index = 7261, .adv_w = 115, .box_w = 7, .box_h = 7, .ofs_x = 0, .ofs_y = 7},
    {.bitmap_index = 7286, .adv_w = 127, .box_w = 8, .box_h = 7, .ofs_x = 0, .ofs_y = 7},
    {.bitmap_index = 7314, .adv_w = 164, .box_w = 9, .box_h = 10, .ofs_x = 1, .ofs_y = 1},
    {.bitmap_index = 7359, .adv_w = 271, .box_w = 17, .box_h = 15, .ofs_x = 0, .ofs_y = 0},
    {.bitmap_index = 7487, .adv_w = 279, .box_w = 17, .box_h = 16, .ofs_x = 0, .ofs_y = -1},
    {.bitmap_index = 7623, .adv_w = 264, .box_w = 17, .box_h = 15, .ofs_x = 0, .ofs_y = 0},
    {.bitmap_index = 7751, .adv_w = 149, .box_w = 10, .box_h = 15, .ofs_x = 0, .ofs_y = -4},
    {.bitmap_index = 7826, .adv_w = 205, .box_w = 13, .box_h = 21, .ofs_x = 0, .ofs_y = 0},
    {.bitmap_index = 7963, .adv_w = 205, .box_w = 13, .box_h = 21, .ofs_x = 0, .ofs_y = 0},
    {.bitmap_index = 8100, .adv_w = 205, .box_w = 13, .box_h = 20, .ofs_x = 0, .ofs_y = 0},
    {.bitmap_index = 8230, .adv_w = 205, .box_w = 13, .box_h = 20, .ofs_x = 0, .ofs_y = 0},
    {.bitmap_index = 8360, .adv_w = 205, .box_w = 13, .box_h = 19, .ofs_x = 0, .ofs_y = 0},
    {.bitmap_index = 8484, .adv_w = 205, .box_w = 13, .box_h = 20, .ofs_x = 0, .ofs_y = 0},
    {.bitmap_index = 8614, .adv_w = 290, .box_w = 17, .box_h = 15, .ofs_x = 0, .ofs_y = 0},
    {.bitmap_index = 8742, .adv_w = 199, .box_w = 11, .box_h = 19, .ofs_x = 1, .ofs_y = -4},
    {.bitmap_index = 8847, .adv_w = 187, .box_w = 10, .box_h = 21, .ofs_x = 1, .ofs_y = 0},
    {.bitmap_index = 8952, .adv_w = 187, .box_w = 10, .box_h = 21, .ofs_x = 1, .ofs_y = 0},
    {.bitmap_index = 9057, .adv_w = 187, .box_w = 10, .box_h = 20, .ofs_x = 1, .ofs_y = 0},
    {.bitmap_index = 9157, .adv_w = 187, .box_w = 10, .box_h = 19, .ofs_x = 1, .ofs_y = 0},
    {.bitmap_index = 9252, .adv_w = 128, .box_w = 6, .box_h = 21, .ofs_x = 1, .ofs_y = 0},
    {.bitmap_index = 9315, .adv_w = 128, .box_w = 6, .box_h = 21, .ofs_x = 1, .ofs_y = 0},
    {.bitmap_index = 9378, .adv_w = 128, .box_w = 8, .box_h = 20, .ofs_x = 0, .ofs_y = 0},
    {.bitmap_index = 9458, .adv_w = 128, .box_w = 6, .box_h = 19, .ofs_x = 1, .ofs_y = 0},
    {.bitmap_index = 9515, .adv_w = 216, .box_w = 13, .box_h = 15, .ofs_x = 0, .ofs_y = 0},
    {.bitmap_index = 9613, .adv_w = 226, .box_w = 12, .box_h = 20, .ofs_x = 1, .ofs_y = 0},
    {.bitmap_index = 9733, .adv_w = 227, .box_w = 12, .box_h = 20, .ofs_x = 1, .ofs_y = 0},
    {.bitmap_index = 9853, .adv_w = 227, .box_w = 12, .box_h = 20, .ofs_x = 1, .ofs_y = 0},
    {.bitmap_index = 9973, .adv_w = 227, .box_w = 12, .box_h = 20, .ofs_x = 1, .ofs_y = 0},
    {.bitmap_index = 10093, .adv_w = 227, .box_w = 12, .box_h = 20, .ofs_x = 1, .ofs_y = 0},
    {.bitmap_index = 10213, .adv_w = 227, .box_w = 12, .box_h = 19, .ofs_x = 1, .ofs_y = 0},
    {.bitmap_index = 10327, .adv_w = 192, .box_w = 10, .box_h = 10, .ofs_x = 1, .ofs_y = 1},
    {.bitmap_index = 10377, .adv_w = 227, .box_w = 12, .box_h = 17, .ofs_x = 1, .ofs_y = -1},
    {.bitmap_index = 10479, .adv_w = 217, .box_w = 11, .box_h = 21, .ofs_x = 1, .ofs_y = 0},
    {.bitmap_index = 10595, .adv_w = 217, .box_w = 11, .box_h = 21, .ofs_x = 1, .ofs_y = 0},
    {.bitmap_index = 10711, .adv_w = 217, .box_w = 11, .box_h = 20, .ofs_x = 1, .ofs_y = 0},
    {.bitmap_index = 10821, .adv_w = 217, .box_w = 11, .box_h = 19, .ofs_x = 1, .ofs_y = 0},
    {.bitmap_index = 10926, .adv_w = 190, .box_w = 12, .box_h = 21, .ofs_x = 0, .ofs_y = 0},
    {.bitmap_index = 11052, .adv_w = 194, .box_w = 11, .box_h = 15, .ofs_x = 1, .ofs_y = 0},
    {.bitmap_index = 11135, .adv_w = 205, .box_w = 13, .box_h = 15, .ofs_x = 0, .ofs_y = 0},
    {.bitmap_index = 11233, .adv_w = 171, .box_w = 11, .box_h = 17, .ofs_x = 0, .ofs_y = 0},
    {.bitmap_index = 11327, .adv_w = 171, .box_w = 11, .box_h = 17, .ofs_x = 0, .ofs_y = 0},
    {.bitmap_index = 11421, .adv_w = 171, .box_w = 11, .box_h = 16, .ofs_x = 0, .ofs_y = 0},
    {.bitmap_index = 11509, .adv_w = 171, .box_w = 11, .box_h = 15, .ofs_x = 0, .ofs_y = 0},
    {.bitmap_index = 11592, .adv_w = 171, .box_w = 11, .box_h = 15, .ofs_x = 0, .ofs_y = 0},
    {.bitmap_index = 11675, .adv_w = 171, .box_w = 11, .box_h = 17, .ofs_x = 0, .ofs_y = 0},
    {.bitmap_index = 11769, .adv_w = 276, .box_w = 17, .box_h = 11, .ofs_x = 0, .ofs_y = 0},
    {.bitmap_index = 11863, .adv_w = 161, .box_w = 10, .box_h = 15, .ofs_x = 0, .ofs_y = -4},
    {.bitmap_index = 11938, .adv_w = 176, .box_w = 11, .box_h = 17, .ofs_x = 0, .ofs_y = 0},
    {.bitmap_index = 12032, .adv_w = 176, .box_w = 11, .box_h = 17, .ofs_x = 0, .ofs_y = 0},
    {.bitmap_index = 12126, .adv_w = 176, .box_w = 11, .box_h = 16, .ofs_x = 0, .ofs_y = 0},
    {.bitmap_index = 12214, .adv_w = 176, .box_w = 11, .box_h = 15, .ofs_x = 0, .ofs_y = 0},
    {.bitmap_index = 12297, .adv_w = 80, .box_w = 4, .box_h = 17, .ofs_x = 0, .ofs_y = 0},
    {.bitmap_index = 12331, .adv_w = 80, .box_w = 4, .box_h = 17, .ofs_x = 1, .ofs_y = 0},
    {.bitmap_index = 12365, .adv_w = 80, .box_w = 7, .box_h = 16, .ofs_x = -1, .ofs_y = 0},
    {.bitmap_index = 12421, .adv_w = 80, .box_w = 7, .box_h = 15, .ofs_x = -1, .ofs_y = 0},
    {.bitmap_index = 12474, .adv_w = 178, .box_w = 11, .box_h = 16, .ofs_x = 0, .ofs_y = 0},
    {.bitmap_index = 12562, .adv_w = 182, .box_w = 9, .box_h = 15, .ofs_x = 1, .ofs_y = 0},
    {.bitmap_index = 12630, .adv_w = 179, .box_w = 11, .box_h = 17, .ofs_x = 0, .ofs_y = 0},
    {.bitmap_index = 12724, .adv_w = 179, .box_w = 11, .box_h = 17, .ofs_x = 0, .ofs_y = 0},
    {.bitmap_index = 12818, .adv_w = 179, .box_w = 11, .box_h = 16, .ofs_x = 0, .ofs_y = 0},
    {.bitmap_index = 12906, .adv_w = 179, .box_w = 11, .box_h = 15, .ofs_x = 0, .ofs_y = 0},
    {.bitmap_index = 12989, .adv_w = 179, .box_w = 11, .box_h = 15, .ofs_x = 0, .ofs_y = 0},
    {.bitmap_index = 13072, .adv_w = 192, .box_w = 10, .box_h = 11, .ofs_x = 1, .ofs_y = 1},
    {.bitmap_index = 13127, .adv_w = 182, .box_w = 11, .box_h = 13, .ofs_x = 0, .ofs_y = -1},
    {.bitmap_index = 13199, .adv_w = 182, .box_w = 9, .box_h = 17, .ofs_x = 1, .ofs_y = 0},
    {.bitmap_index = 13276, .adv_w = 182, .box_w = 9, .box_h = 17, .ofs_x = 1, .ofs_y = 0},
    {.bitmap_index = 13353, .adv_w = 182, .box_w = 9, .box_h = 16, .ofs_x = 1, .ofs_y = 0},
    {.bitmap_index = 13425, .adv_w = 182, .box_w = 9, .box_h = 15, .ofs_x = 1, .ofs_y = 0},
    {.bitmap_index = 13493, .adv_w = 160, .box_w = 10, .box_h = 21, .ofs_x = 0, .ofs_y = -4},
    {.bitmap_index = 13598, .adv_w = 186, .box_w = 10, .box_h = 19, .ofs_x = 1, .ofs_y = -4},
    {.bitmap_index = 13693, .adv_w = 160, .box_w = 10, .box_h = 19, .ofs_x = 0, .ofs_y = -4},
    {.bitmap_index = 13788, .adv_w = 188, .box_w = 12, .box_h = 2, .ofs_x = 0, .ofs_y = 6},
    {.bitmap_index = 13800, .adv_w = 250, .box_w = 15, .box_h = 2, .ofs_x = 0, .ofs_y = 6},
    {.bitmap_index = 13815, .adv_w = 320, .box_w = 20, .box_h = 2, .ofs_x = 0, .ofs_y = 6},
    {.bitmap_index = 13835, .adv_w = 87, .box_w = 4, .box_h = 5, .ofs_x = 1, .ofs_y = 10},
    {.bitmap_index = 13845, .adv_w = 87, .box_w = 5, .box_h = 5, .ofs_x = 0, .ofs_y = 10},
    {.bitmap_index = 13858, .adv_w = 88, .box_w = 4, .box_h = 5, .ofs_x = 0, .ofs_y = -2},
    {.bitmap_index = 13868, .adv_w = 152, .box_w = 8, .box_h = 5, .ofs_x = 1, .ofs_y = 10},
    {.bitmap_index = 13888, .adv_w = 152, .box_w = 9, .box_h = 5, .ofs_x = 0, .ofs_y = 10},
    {.bitmap_index = 13911, .adv_w = 152, .box_w = 8, .box_h = 5, .ofs_x = 0, .ofs_y = -2},
    {.bitmap_index = 13931, .adv_w = 177, .box_w = 10, .box_h = 19, .ofs_x = 1, .ofs_y = -4},
    {.bitmap_index = 14026, .adv_w = 177, .box_w = 10, .box_h = 19, .ofs_x = 1, .ofs_y = -4},
    {.bitmap_index = 14121, .adv_w = 127, .box_w = 6, .box_h = 5, .ofs_x = 1, .ofs_y = 4},
    {.bitmap_index = 14136, .adv_w = 257, .box_w = 14, .box_h = 3, .ofs_x = 1, .ofs_y = 0},
    {.bitmap_index = 14157, .adv_w = 97, .box_w = 6, .box_h = 10, .ofs_x = 0, .ofs_y = 1},
    {.bitmap_index = 14187, .adv_w = 97, .box_w = 5, .box_h = 10, .ofs_x = 1, .ofs_y = 1},
    {.bitmap_index = 14212, .adv_w = 262, .box_w = 15, .box_h = 9, .ofs_x = 1, .ofs_y = 2},
    {.bitmap_index = 14280, .adv_w = 262, .box_w = 9, .box_h = 15, .ofs_x = 4, .ofs_y = 0},
    {.bitmap_index = 14348, .adv_w = 262, .box_w = 15, .box_h = 9, .ofs_x = 1, .ofs_y = 2},
    {.bitmap_index = 14416, .adv_w = 262, .box_w = 9, .box_h = 15, .ofs_x = 4, .ofs_y = -1},
    {.bitmap_index = 14484, .adv_w = 262, .box_w = 15, .box_h = 9, .ofs_x = 1, .ofs_y = 2},
    {.bitmap_index = 14552, .adv_w = 262, .box_w = 9, .box_h = 16, .ofs_x = 4, .ofs_y = -1},
    {.bitmap_index = 14624, .adv_w = 262, .box_w = 12, .box_h = 12, .ofs_x = 3, .ofs_y = 1},
    {.bitmap_index = 14696, .adv_w = 262, .box_w = 11, .box_h = 12, .ofs_x = 2, .ofs_y = 1},
    {.bitmap_index = 14762, .adv_w = 262, .box_w = 11, .box_h = 11, .ofs_x = 2, .ofs_y = 2},
    {.bitmap_index = 14823, .adv_w = 262, .box_w = 12, .box_h = 11, .ofs_x = 3, .ofs_y = 2},
    {.bitmap_index = 14889, .adv_w = 262, .box_w = 15, .box_h = 12, .ofs_x = 1, .ofs_y = 1},
    {.bitmap_index = 14979, .adv_w = 262, .box_w = 15, .box_h = 12, .ofs_x = 1, .ofs_y = 1},
    {.bitmap_index = 15069, .adv_w = 262, .box_w = 11, .box_h = 15, .ofs_x = 2, .ofs_y = 0},
    {.bitmap_index = 15152, .adv_w = 262, .box_w = 11, .box_h = 15, .ofs_x = 3, .ofs_y = 0},
    {.bitmap_index = 15235, .adv_w = 262, .box_w = 11, .box_h = 15, .ofs_x = 2, .ofs_y = -1},
    {.bitmap_index = 15318, .adv_w = 262, .box_w = 11, .box_h = 15, .ofs_x = 3, .ofs_y = -1},
    {.bitmap_index = 15401, .adv_w = 262, .box_w = 17, .box_h = 14, .ofs_x = 0, .ofs_y = 0},
    {.bitmap_index = 15520, .adv_w = 262, .box_w = 16, .box_h = 14, .ofs_x = 0, .ofs_y = 0},
    {.bitmap_index = 15632, .adv_w = 262, .box_w = 14, .box_h = 15, .ofs_x = 1, .ofs_y = -1},
    {.bitmap_index = 15737, .adv_w = 262, .box_w = 14, .box_h = 15, .ofs_x = 1, .ofs_y = -1},
    {.bitmap_index = 15842, .adv_w = 262, .box_w = 15, .box_h = 16, .ofs_x = 1, .ofs_y = -1},
    {.bitmap_index = 15962, .adv_w = 262, .box_w = 15, .box_h = 16, .ofs_x = 1, .ofs_y = -1},
    {.bitmap_index = 16082, .adv_w = 189, .box_w = 10, .box_h = 15, .ofs_x = 1, .ofs_y = -1},
    {.bitmap_index = 16157, .adv_w = 206, .box_w = 12, .box_h = 14, .ofs_x = 0, .ofs_y = 0},
    {.bitmap_index = 16241, .adv_w = 226, .box_w = 14, .box_h = 18, .ofs_x = 0, .ofs_y = -4},
    {.bitmap_index = 16367, .adv_w = 161, .box_w = 10, .box_h = 18, .ofs_x = 0, .ofs_y = -4},
    {.bitmap_index = 16457, .adv_w = 192, .box_w = 10, .box_h = 2, .ofs_x = 1, .ofs_y = 5}
};

/*---------------------
 *  CHARACTER MAPPING
 *--------------------*/

static const uint16_t unicode_list_2[] = {
    0x0, 0x1, 0x2, 0x5, 0x6, 0x7, 0x9, 0xa,
    0xb, 0xd, 0xe, 0xf, 0x13, 0x26, 0x27, 0x17d,
    0x17e, 0x17f, 0x180, 0x181, 0x182, 0x183, 0x184, 0x185,
    0x186, 0x196, 0x197, 0x19d, 0x19e, 0x19f, 0x1a0, 0x1a3,
    0x1a4, 0x1a7, 0x1a8, 0x1b1, 0x1b3, 0x1ef, 0x1f3, 0x1fc,
    0x1fe, 0x1ff
};

/*Collect the unicode lists and glyph_id offsets*/
static const lv_font_fmt_txt_cmap_t cmaps[] =
{
    {
        .range_start = 32, .range_length = 95, .glyph_id_start = 1,
        .unicode_list = NULL, .glyph_id_ofs_list = NULL, .list_length = 0, .type = LV_FONT_FMT_TXT_CMAP_FORMAT0_TINY
    },
    {
        .range_start = 160, .range_length = 96, .glyph_id_start = 96,
        .unicode_list = NULL, .glyph_id_ofs_list = NULL, .list_length = 0, .type = LV_FONT_FMT_TXT_CMAP_FORMAT0_TINY
    },
    {
        .range_start = 8211, .range_length = 512, .glyph_id_start = 192,
        .unicode_list = unicode_list_2, .glyph_id_ofs_list = NULL, .list_length = 42, .type = LV_FONT_FMT_TXT_CMAP_SPARSE_TINY
    }
};

/*-----------------
 *    KERNING
 *----------------*/


/*Map glyph_ids to kern left classes*/
static const uint8_t kern_left_class_mapping[] =
{
    0, 0, 0, 0, 0, 0, 1, 0,
    0, 0, 0, 0, 0, 0, 0, 0,
    0, 0, 0, 0, 0, 0, 0, 0,
    0, 0, 0, 0, 0, 0, 0, 0,
    0, 0, 2, 3, 4, 5, 6, 7,
    8, 0, 9, 10, 11, 12, 0, 0,
    13, 14, 13, 15, 16, 17, 18, 19,
    20, 21, 17, 22, 0, 0, 0, 0,
    0, 0, 23, 24, 25, 0, 26, 27,
    28, 29, 30, 31, 32, 33, 29, 29,
    34, 24, 35, 36, 37, 38, 39, 40,
    41, 42, 43, 44, 0, 0, 0, 0,
    0, 0, 0, 0, 0, 0, 0, 0,
    0, 0, 0, 0, 0, 0, 0, 0,
    0, 0, 0, 0, 0, 0, 0, 0,
    0, 0, 0, 0, 0, 0, 0, 0,
    2, 2, 2, 2, 2, 2, 6, 4,
    6, 6, 6, 6, 9, 9, 9, 9,
    5, 0, 13, 13, 13, 13, 13, 0,
    13, 18, 18, 18, 18, 17, 45, 46,
    23, 23, 23, 23, 23, 23, 26, 25,
    26, 26, 26, 26, 30, 30, 47, 48,
    49, 29, 34, 34, 34, 34, 34, 0,
    34, 39, 39, 39, 39, 43, 24, 43,
    0, 0, 0, 0, 0, 0, 0, 0,
    0, 0, 0, 0, 0, 0, 0, 0,
    0, 0, 0, 0, 0, 0, 0, 0,
    0, 0, 0, 0, 0, 0, 0, 0,
    0, 0, 0, 0, 0, 0, 50, 0,
    0, 0
};

/*Map glyph_ids to kern right classes*/
static const uint8_t kern_right_class_mapping[] =
{
    0, 0, 1, 2, 0, 0, 0, 3,
    2, 0, 4, 2, 0, 5, 6, 5,
    7, 0, 0, 0, 0, 0, 0, 0,
    0, 0, 0, 8, 8, 0, 0, 0,
    9, 10, 11, 0, 12, 0, 0, 0,
    12, 0, 13, 14, 0, 0, 0, 0,
    12, 0, 12, 0, 15, 16, 17, 18,
    19, 20, 21, 22, 0, 0, 23, 0,
    24, 0, 25, 0, 26, 27, 26, 28,
    29, 0, 0, 30, 0, 31, 32, 32,
    26, 33, 27, 32, 34, 35, 36, 37,
    38, 39, 40, 41, 0, 0, 23, 0,
    0, 0, 0, 0, 0, 0, 0, 0,
    0, 0, 42, 43, 0, 0, 44, 0,
    0, 0, 45, 46, 0, 0, 0, 0,
    0, 47, 42, 48, 0, 0, 0, 49,
    11, 11, 11, 11, 11, 11, 50, 12,
    0, 0, 0, 0, 13, 13, 13, 13,
    0, 0, 12, 12, 12, 12, 12, 0,
    12, 17, 17, 17, 17, 21, 0, 28,
    25, 25, 25, 25, 25, 25, 25, 26,
    26, 26, 26, 26, 51, 0, 52, 53,
    27, 32, 26, 26, 26, 26, 26, 0,
    26, 36, 36, 36, 36, 40, 0, 40,
    6, 6, 6, 54, 55, 5, 54, 55,
    5, 0, 0, 0, 5, 43, 48, 0,
    0, 0, 0, 0, 0, 0, 0, 0,
    0, 0, 0, 0, 0, 0, 0, 0,
    0, 0, 0, 0, 0, 0, 56, 0,
    0, 0
};

/*Kern values between classes*/
static const int8_t kern_class_values[] =
{
    0, -19, 0, 0, 0, 0, 0, 0,
    0, 0, 0, 0, 0, 0, 0, 0,
    0, 0, 0, 0, 0, 0, 0, 0,
    0, 0, 0, 0, 0, 0, 0, 0,
    0, 0, 0, 0, 0, 0, 0, 0,
    0, 0, 0, 0, 0, 0, 0, 0,
    0, 0, 0, 0, 0, -19, -19, 0,
    0, -16, -3, 0, 5, -6, 0, 0,
    -3, -2, 5, -5, 0, 2, 0, -21,
    -4, -13, -1, 2, -18, 0, 0, 5,
    1, 0, 0, 0, 0, 0, 0, 0,
    0, 0, -1, 0, -6, -3, 0, -5,
    3, 0, 0, -19, -10, -13, -13, 0,
    0, 5, 0, 0, 0, -21, -16, 0,
    0, 0, 0, 0, -5, 0, -5, 0,
    0, 0, -3, 0, 0, -3, 0, -8,
    0, -6, -2, -6, -10, 0, 0, -19,
    0, 0, 0, -2, -2, 0, 0, 0,
    0, 0, -2, 0, -3, -2, -3, -3,
    0, 0, 0, -5, -3, -3, -3, 0,
    0, -3, 0, 0, 0, 0, 0, 0,
    0, 3, -2, 0, 0, -6, 0, 0,
    0, -3, 0, -4, 0, 0, 0, 0,
    0, 0, 2, 0, -2, 0, 0, -6,
    0, 0, 0, 0, 0, 0, 0, 0,
    0, 0, 0, 0, 0, 0, 0, 0,
    0, 0, 0, 2, 0, 0, 2, 0,
    0, 0, 0, 0, 0, 3, 3, 0,
    0, -3, 0, 0, -10, 5, -3, 0,
    0, 0, -4, 0, 0, -4, 0, -9,
    0, -4, 0, -5, -10, -5, 0, -26,
    0, 0, 0, 0, 0, 0, 0, 0,
    0, 0, 0, 0, 0, 0, 0, 0,
    0, 0, 6, -2, -2, -2, -2, 0,
    0, -7, 0, 0, 0, -3, -5, 0,
    0, 0, -3, 0, 0, 0, 0, 0,
    0, -3, 0, 0, 0, -5, 0, 0,
    0, -3, 0, 0, -6, 0, 0, 0,
    0, -3, -3, 0, -2, 0, 0, 0,
    0, 0, 0, 0, 0, 0, 0, 0,
    0, 0, 0, 0, 0, -2, -2, 0,
    0, 0, 0, 0, 0, 2, 0, 0,
    0, 2, -10, 5, -26, 0, -13, 0,
    5, -6, -14, -5, 0, -18, 0, 0,
    0, 0, 0, 0, 0, 0, 0, -42,
    -13, -8, -8, -2, -13, -3, 0, -6,
    -6, -6, -2, -8, -6, -3, -11, -6,
    -3, 0, 0, 0, 0, 0, 2, 0,
    0, -20, 0, 10, 10, 2, 2, 0,
    0, -3, 0, 0, 0, 3, 0, 0,
    0, 0, 0, 0, 0, 0, 0, -12,
    0, -5, -1, -2, -11, 0, 0, 0,
    0, 0, 0, 0, 0, 0, 0, 0,
    0, 0, 0, 0, 0, 0, 0, 0,
    0, 0, 0, -3, -2, -3, -3, 0,
    0, 0, 0, 0, 0, -3, -3, 0,
    0, 0, -3, 0, 0, -10, 0, 0,
    0, -5, 0, 0, 0, 0, 0, -2,
    0, 0, 0, 0, 0, 0, 0, 3,
    0, -2, -2, 0, 0, 0, 0, 0,
    0, 0, 0, 0, 0, 0, 0, 0,
    0, 0, 0, 0, 0, 0, 0, 0,
    0, 0, 0, 6, 6, 0, 0, 0,
    0, 0, 0, 0, -6, 0, -3, 0,
    0, 0, -2, 0, 0, -2, 0, 0,
    0, 0, 0, -5, 0, 0, 0, -19,
    0, 0, 0, 0, 0, 0, 0, 0,
    0, 0, 0, 0, 0, 0, 0, 0,
    0, 0, 0, 0, 0, 0, 0, 0,
    0, -8, 0, 0, 0, 0, 0, 0,
    0, -2, -8, 3, 3, -18, 0, 0,
    0, -13, 0, -8, 0, -5, -2, -6,
    0, -5, -3, 0, -5, 0, 0, 0,
    -5, -8, -8, -6, -3, 0, 0, -3,
    -3, 0, -6, -3, -3, -3, -3, -3,
    3, 0, -10, -10, -6, -6, -8, -6,
    0, 0, 0, 0, 0, -4, -3, 0,
    0, -22, -3, 0, 8, -13, 8, 0,
    -14, -6, 6, -10, 0, 0, 0, -22,
    -9, -20, -8, 0, -24, 0, 0, 10,
    0, -3, -3, 0, 0, 0, 0, 0,
    0, 0, -3, -3, -16, -10, 3, -13,
    5, 0, -8, -35, -22, -19, -22, 0,
    0, 6, 0, 0, 0, -22, -22, 0,
    0, -3, 0, 0, -10, 5, -3, 0,
    0, 0, -5, 0, 0, -4, 0, -6,
    0, -4, 0, -5, -10, -4, 0, -26,
    0, 0, 0, 0, 0, 0, 0, 0,
    0, 0, 0, 0, 0, 0, 0, 0,
    0, 0, 6, -2, -2, -2, -2, 0,
    0, -6, 0, 0, 0, -3, -5, 0,
    0, 2, -10, 0, -32, 0, -16, 0,
    0, -3, -14, 0, 0, -13, 0, 0,
    0, 0, 2, -5, 0, -8, 0, -42,
    -3, -6, -6, 0, -11, 0, 0, -3,
    -3, -3, 0, 0, 0, 2, -5, 0,
    0, 0, 0, 0, 3, 3, 3, 0,
    0, -23, 0, 0, 0, 6, 6, 0,
    0, 0, -8, 0, 0, -5, -3, 0,
    0, -6, 0, -3, 0, -6, 0, -8,
    -4, -8, -3, 0, -12, 0, 0, 0,
    -3, -5, -5, 0, -10, 0, 0, 0,
    0, 0, 0, 0, 0, 0, 0, -1,
    0, 0, 0, 0, -3, -3, -3, 0,
    0, 0, 0, 0, 0, 0, 0, 0,
    0, 0, 0, 0, 0, 3, -3, 0,
    0, 0, 0, 0, 0, 0, -3, -4,
    0, 0, 1, 0, -3, 0, 0, -13,
    0, 0, 0, 0, 0, 0, 0, 0,
    0, 0, 0, 0, 0, 0, 0, 0,
    0, 0, 6, -2, -2, -2, 0, 0,
    0, 0, 0, 0, 0, 0, 0, 0,
    0, 0, 0, 0, 0, 0, 0, -13,
    0, 0, 0, 0, 0, 0, 0, 0,
    0, 0, 0, 0, 0, 0, 0, 0,
    0, 0, 0, 0, 0, 0, 0, 0,
    0, 0, 0, 0, 0, 0, 0, 0,
    0, 0, 0, 0, 0, 0, 0, 0,
    0, 0, 0, 0, 0, 0, 0, 0,
    0, 0, 0, 0, -6, 0, -6, 0,
    0, 0, -4, 0, 0, -4, 0, 0,
    0, 0, 0, 0, 0, 0, 0, -16,
    0, 0, 0, 0, -3, 0, 0, 0,
    0, 0, 0, 0, 0, 2, 0, 0,
    0, 0, 0, 0, 0, 0, 0, 0,
    0, -7, 0, 0, 0, 0, 0, 0,
    0, 0, 0, 0, 0, 0, 0, -6,
    0, 0, 0, 0, 0, 0, 0, 0,
    0, 0, 0, 0, 0, 0, 0, 0,
    0, 0, 0, 0, 0, 0, 0, 0,
    0, 0, 0, 0, 0, 0, 0, 0,
    0, 0, 0, 0, 0, 0, 0, 0,
    0, 0, 0, 0, 0, 0, 0, 0,
    0, 5, -3, 3, -10, -3, -3, 0,
    10, -6, -1, 0, 0, -6, 0, 5,
    0, 2, 2, 0, 2, 0, 0, -16,
    -3, -5, -5, 0, -6, 0, 0, -3,
    -2, -3, 0, -2, 0, -2, -3, 0,
    -2, 0, 0, 5, 6, 6, 10, 0,
    0, -11, 0, 13, 0, 6, 6, 0,
    0, 0, 0, 0, 0, 0, 0, -3,
    0, 0, 0, 0, 0, 0, 0, 0,
    0, 0, 0, 0, 0, 0, 0, 0,
    0, 0, 0, 0, 0, 0, 0, 0,
    0, 0, 0, 0, 0, 0, 0, 0,
    0, 0, 0, 0, 0, 0, 0, 0,
    0, 0, 0, 0, 0, 0, 0, 0,
    0, 2, -3, 3, 10, -13, 0, 0,
    0, -6, 0, -5, 0, 0, 0, 0,
    0, 0, 0, 0, 0, 0, 0, 5,
    0, -2, 0, 0, 0, 0, 0, 0,
    0, 0, -3, -2, 0, 0, 0, -2,
    0, 0, -6, 3, 0, 0, 3, -3,
    0, 0, 0, 6, 6, 3, 3, 0,
    0, -5, 0, 0, 3, -2, 6, 0,
    0, 0, 3, 0, 0, 0, 0, -22,
    0, -10, 0, 0, -16, 2, 0, 3,
    0, 0, 0, 0, 0, 0, 0, 0,
    0, 0, 0, 0, -3, -1, 0, -2,
    0, 0, 0, 0, -3, 0, -3, 0,
    0, 3, 0, 0, 0, -6, 0, 0,
    0, -6, 0, 0, -6, 3, 0, 0,
    0, 0, 0, 0, -2, 0, 0, -22,
    0, -10, -5, -5, -13, 0, 0, -19,
    0, 0, 0, -2, 0, 0, 0, 0,
    0, 0, -2, 0, -3, -2, -4, -2,
    -2, 0, 5, -2, 0, 0, 0, 0,
    0, 0, 0, 0, 0, -10, -8, 0,
    0, 0, -2, 0, 0, 0, 3, 0,
    0, 0, 3, 0, 0, 2, 1, -15,
    0, -9, -2, 0, -10, 2, 0, -3,
    0, -2, -2, 0, -1, 0, 0, 0,
    0, 0, 0, 0, 0, 0, 0, 0,
    0, 0, 2, 0, 5, 5, 0, 0,
    0, 3, 0, 0, 0, 2, 3, 0,
    0, -6, 0, 0, -6, 3, 0, 0,
    0, 0, 0, 0, -2, 0, -3, -22,
    0, -10, -5, -5, -13, -2, 0, -16,
    0, 0, 0, 0, 0, 0, 0, 0,
    0, 0, 0, 0, -3, -2, -4, -2,
    -2, 0, 5, -2, 0, 0, 0, 0,
    0, 0, 0, 0, 0, -10, -8, 0,
    6, 10, -3, 8, -10, 0, -6, 0,
    10, 0, -2, 5, 0, -6, 0, 11,
    0, 4, 6, 3, 4, 1, 5, -22,
    0, -1, -1, 0, -2, 0, 0, 0,
    0, 0, 0, 0, 3, 0, 0, 3,
    0, 0, 0, 10, 6, 10, 3, 0,
    0, -2, 3, 10, 10, 13, 13, 0,
    0, 2, 0, 8, 4, 0, 6, 0,
    0, -2, 5, 2, 0, -2, 0, -4,
    0, -3, 0, 2, -3, 3, 2, 16,
    -1, -2, -2, 0, 1, 4, 0, 0,
    0, 0, 0, -1, 0, 1, 0, 2,
    0, 0, 0, 6, 3, 3, 3, 0,
    0, 5, 0, 0, 0, 6, 6, 0,
    0, -5, 0, 0, 0, 0, 0, 0,
    0, 0, 0, 0, 0, 0, 0, -18,
    0, -10, -6, 0, -16, 0, 0, 0,
    0, 0, 0, 0, 0, 0, 0, 0,
    0, 0, 0, 0, -3, -2, 0, -3,
    0, 0, 0, -2, 0, -2, -3, 0,
    0, 0, 0, 0, 0, -10, -3, 0,
    0, 0, 0, 0, 0, 0, 0, 0,
    0, 0, 0, 0, 0, -2, 0, 0,
    0, 0, 0, 0, -6, 0, 0, 0,
    0, 0, 0, 0, 0, 0, 0, 0,
    0, 0, 0, 0, 0, 0, 0, 0,
    0, 0, 0, 0, 6, 6, 5, 0,
    0, 0, 0, 0, 0, 0, 0, 0,
    0, 0, 0, 0, 0, 0, 0, 0,
    0, 0, 0, 0, 0, 0, 0, 0,
    0, 0, 0, 0, -6, 0, 0, 0,
    0, 0, 0, 0, 0, 0, 0, 0,
    0, 0, 0, 0, 0, 0, 0, 0,
    0, 0, 0, 0, 0, 0, 0, 0,
    0, 0, 0, 0, 0, 0, 0, 0,
    0, 0, -6, 0, 0, -14, 0, 0,
    0, -6, 5, -3, 0, -2, -1, -10,
    0, -6, -4, 0, -15, 4, 0, 3,
    -2, -5, -5, 0, -3, 0, 0, 0,
    0, -3, -3, -3, -5, 0, 0, 0,
    0, 0, -3, 2, -6, -6, 0, -3,
    0, 5, 0, 0, 0, 0, 5, 0,
    0, 0, 0, 0, 3, -3, 0, 0,
    0, 0, 3, 0, 0, 0, 0, -6,
    0, -3, 0, 4, -8, 5, 0, 5,
    0, 0, 0, 0, 0, 0, -2, 0,
    0, 0, -2, 0, -3, -2, 0, -3,
    0, 0, 0, 0, -3, -3, -3, 0,
    0, 3, 0, 0, 0, -6, -3, 0,
    0, -6, 0, 0, -6, 3, 0, 0,
    0, 0, 0, 0, -2, 0, 0, -22,
    0, -10, -5, -5, -16, -2, 0, -16,
    0, 0, 0, -2, 0, 0, 0, 0,
    0, 0, 0, 0, -3, -2, -4, -2,
    -2, 0, 5, -2, 0, 0, 0, 0,
    0, 0, 0, 0, 0, -10, -8, 0,
    0, 0, 0, 0, 0, 0, 0, 0,
    0, 0, 0, 0, 0, 0, 0, -13,
    0, -8, -3, 0, -19, 0, 0, 0,
    0, 0, 0, 0, 0, 0, 0, 0,
    0, 0, 0, 0, 0, 0, 0, 0,
    0, 0, 0, 0, 0, 0, 6, 0,
    0, 0, 0, 0, 0, -5, 3, 0,
    0, 10, -6, 0, -26, -6, -5, 0,
    0, 0, -8, 3, 0, -6, 2, -3,
    0, 0, 5, -6, -6, -4, 0, -26,
    -1, -2, -2, 1, -7, 0, 0, 0,
    0, 0, 1, 0, 3, 2, 0, 3,
    0, 0, 0, 13, 10, 10, 6, 0,
    0, -8, 0, 0, 0, 16, 18, 0,
    0, -3, -2, 0, -2, -3, 0, 0,
    0, 0, -1, 0, 0, -2, 0, -21,
    0, -10, 0, -7, -13, 0, 0, -6,
    0, 0, 0, -2, -3, 0, 0, 0,
    0, -2, -2, 0, -4, -3, -6, -6,
    -3, 0, 0, 0, -3, -2, -6, 0,
    0, -1, 0, 0, 0, -5, 0, 0,
    0, 0, -5, 0, 0, -6, 0, 0,
    0, -2, 2, 0, 0, 0, 0, -8,
    0, 0, 0, 0, -6, 0, 6, 3,
    0, -1, -1, -3, -3, 0, 0, 0,
    0, 0, -3, 0, 0, 0, 0, 0,
    0, 0, -3, 5, 3, 3, 0, 0,
    0, 2, 0, 0, 0, 0, 6, 0,
    0, 0, 0, 0, 0, 0, 0, 0,
    0, 0, 0, 0, 0, 0, 0, -14,
    0, -6, 0, 0, -13, 0, 0, 0,
    0, 0, 0, 0, 0, 0, 0, 0,
    0, 0, 0, 0, 0, 0, 0, 0,
    0, 0, 0, 0, 0, 0, 0, 0,
    0, 0, 0, 0, 0, 0, 3, 0,
    0, 6, -3, 0, -14, -3, -2, 0,
    0, 0, -6, 0, 0, 0, 0, -11,
    0, -3, 0, 0, -8, 0, 0, -22,
    -3, -3, -3, 0, -4, 0, 0, 0,
    0, 0, 1, 0, 0, 0, 0, 0,
    0, 0, 0, 10, 6, 6, 3, 0,
    0, -6, 0, 0, 0, 11, 13, 0,
    0, 6, -6, 0, -10, -1, 0, 0,
    0, 0, -3, 0, 0, 0, 0, -13,
    0, -3, -2, 0, -6, 0, 0, -13,
    -3, -2, -2, 0, -5, 0, 0, 0,
    0, -1, 0, 0, 0, 0, 0, 0,
    0, 0, 0, 10, 8, 6, 3, 0,
    0, -3, 0, 0, 0, 5, 13, 0,
    0, 3, -6, 0, 0, -11, 0, 0,
    0, -3, 0, 0, 0, 0, 0, -16,
    0, -3, -3, 0, -6, 0, 0, 6,
    0, -4, -4, 0, 0, 0, 0, 0,
    0, -1, 0, 0, 0, 0, 0, 0,
    0, 0, -3, 6, 0, 0, 0, 0,
    0, 0, 0, 0, 0, 2, 6, 0,
    0, 6, -6, 0, -18, -3, -2, 0,
    0, -3, -5, 0, 0, -9, 0, -13,
    0, -3, 0, 0, -8, 0, 0, -26,
    -4, -2, -2, 1, -10, 0, 0, 0,
    0, -1, 0, 0, 0, 0, 0, 0,
    0, 0, 0, 13, 6, 6, 0, 0,
    0, -5, 0, 0, 0, 10, 13, 0,
    0, 3, -3, 0, 5, -6, 0, 0,
    0, -2, 3, 0, 0, 0, 0, -13,
    0, -3, -2, 3, -6, 0, 0, 3,
    0, -3, -3, 0, 0, 0, 0, 0,
    0, 0, 0, 0, 0, 0, 0, 0,
    0, 0, 0, 8, 3, 3, 0, 0,
    0, 3, 0, 0, 0, 3, 6, 0,
    0, 0, 0, 0, -13, 10, -13, 0,
    0, 3, -6, 0, 0, -11, 0, 0,
    0, -7, -1, -11, -9, 0, 0, -42,
    0, 5, 5, 0, 0, 0, 0, 0,
    0, 3, 0, 0, 3, 3, -2, 3,
    0, 0, 10, 0, 3, 0, 0, 2,
    0, -13, 0, 0, 0, 0, 0, 0,
    0, 0, 0, 0, 6, -3, 0, 0,
    -3, 0, 3, 0, 0, 3, 0, -6,
    0, -3, -3, 0, -6, 0, 0, -16,
    3, 0, 0, 0, 0, 0, 0, 0,
    0, 0, 0, 0, -2, -2, 0, -2,
    0, -3, 10, -5, -6, -6, -6, 0,
    3, 3, 0, 0, 0, -6, -6, 0,
    0, 0, 0, 0, 0, 0, 0, 0,
    0, 0, 0, 0, 0, 0, 0, 13,
    0, 13, 14, 0, 10, 0, 0, 0,
    0, 0, 0, 0, 0, 0, 0, 0,
    0, 0, 0, 0, 0, 0, 0, 0,
    0, 0, 0, 0, 0, 0, 0, 0,
    0, 0, 0, 0, 0, 0, 0, 0,
    0, 0, 0, 0, 0, 0, 0, 0,
    0, 0, 0, 0, 0, 0, 0, 13,
    0, 13, 0, 0, 10, 0, 0, 0,
    0, 0, 0, 0, 0, 0, 0, 0,
    0, 0, 0, 0, 0, 0, 0, 0,
    0, 0, 0, 0, 0, 0, 0, 0,
    0, 0, 0, 0, 0, 0, 0, 0,
    0, 0, 0, 0, 0, 0, 0, 0,
    0, 0, 0, 0, 0, 0, 0, -16,
    0, 0, 0, 0, 0, 0, 0, 0,
    0, 0, 0, 0, 0, 0, 0, 0,
    0, 0, 0, 0, 0, 0, 0, 0,
    0, 0, 0, 0, 0, 0, 0, 0,
    0, 0, 0, 0, 0, 0, 0, 0,
    0, -16, -3, 0, 5, -6, 3, 0,
    -3, -2, 0, 0, 0, 0, 0, 0,
    0, 0, 0, 0, 0, 0, 0, 5,
    0, 0, 0, 0, 0, 0, 0, 0,
    0, 0, 0, 0, 0, 0, 0, 0,
    0, 0, 0, -19, -10, -13, -13, 0,
    0, 0, 0, 0, 0, -21, -16, 5
};


/*Collect the kern class' data in one place*/
static const lv_font_fmt_txt_kern_classes_t kern_classes =
{
    .class_pair_values   = kern_class_values,
    .left_class_mapping  = kern_left_class_mapping,
    .right_class_mapping = kern_right_class_mapping,
    .left_class_cnt      = 50,
    .right_class_cnt     = 56,
};

/*--------------------
 *  ALL CUSTOM DATA
 *--------------------*/

#if LVGL_VERSION_MAJOR == 8
/*Store all the custom data of the font*/
static  lv_font_fmt_txt_glyph_cache_t cache;
#endif

#if LVGL_VERSION_MAJOR >= 8
static const lv_font_fmt_txt_dsc_t font_dsc = {
#else
static lv_font_fmt_txt_dsc_t font_dsc = {
#endif
    .glyph_bitmap = glyph_bitmap,
    .glyph_dsc = glyph_dsc,
    .cmaps = cmaps,
    .kern_dsc = &kern_classes,
    .kern_scale = 16,
    .cmap_num = 3,
    .bpp = 4,
    .kern_classes = 1,
    .bitmap_format = 0,
#if LVGL_VERSION_MAJOR == 8
    .cache = &cache
#endif
};



/*-----------------
 *  PUBLIC FONT
 *----------------*/

/*Initialize a public general font descriptor*/
#if LVGL_VERSION_MAJOR >= 8
const lv_font_t pos_font_sans_20 = {
#else
lv_font_t pos_font_sans_20 = {
#endif
    .get_glyph_dsc = lv_font_get_glyph_dsc_fmt_txt,    /*Function pointer to get glyph's data*/
    .get_glyph_bitmap = lv_font_get_bitmap_fmt_txt,    /*Function pointer to get glyph's bitmap*/
    .line_height = 26,          /*The maximum line height required by the font*/
    .base_line = 5,             /*Baseline measured from the bottom of the line*/
#if !(LVGL_VERSION_MAJOR == 6 && LVGL_VERSION_MINOR == 0)
    .subpx = LV_FONT_SUBPX_NONE,
#endif
#if LV_VERSION_CHECK(7, 4, 0) || LVGL_VERSION_MAJOR >= 8
    .underline_position = -2,
    .underline_thickness = 1,
#endif
    .dsc = &font_dsc,          /*The custom font data. Will be accessed by `get_glyph_bitmap/dsc` */
#if LV_VERSION_CHECK(8, 2, 0) || LVGL_VERSION_MAJOR >= 9
    .fallback = NULL,
#endif
    .user_data = NULL,
};



#endif /*#if POS_FONT_SANS_20*/

