/*******************************************************************************
 * Size: 24 px
 * Bpp: 4
 * Opts: --font /home/dolby/work/fonts/IBMPlexSans-SemiBold.ttf --range 0x20-0x7E,0xA0-0xFF,0x2013-0x2026,0x2039-0x203A,0x2190-0x2212 --size 24 --bpp 4 --format lvgl --no-compress --lv-font-name pos_font_sans_24_semibold -o /mnt/c/K230/ui/pocketui/fonts/pos_font_sans_24_semibold.c
 ******************************************************************************/

#ifdef LV_LVGL_H_INCLUDE_SIMPLE
#include "lvgl.h"
#else
#include "lvgl/lvgl.h"
#endif

#ifndef POS_FONT_SANS_24_SEMIBOLD
#define POS_FONT_SANS_24_SEMIBOLD 1
#endif

#if POS_FONT_SANS_24_SEMIBOLD

/*-----------------
 *    BITMAPS
 *----------------*/

/*Store the image of the glyphs*/
static LV_ATTRIBUTE_LARGE_CONST const uint8_t glyph_bitmap[] = {
    /* U+0020 " " */

    /* U+0021 "!" */
    0xe, 0xff, 0x50, 0xef, 0xf5, 0xe, 0xff, 0x50,
    0xef, 0xf5, 0xe, 0xff, 0x50, 0xcf, 0xf4, 0xa,
    0xff, 0x20, 0x8f, 0xf0, 0x6, 0xfd, 0x0, 0x4f,
    0xb0, 0x1, 0xf9, 0x0, 0xd, 0x60, 0x0, 0x0,
    0x0, 0x9e, 0xc2, 0x2f, 0xff, 0x92, 0xff, 0xf9,
    0xa, 0xfd, 0x20,

    /* U+0022 "\"" */
    0x4f, 0xf7, 0x3, 0xff, 0x84, 0xff, 0x70, 0x3f,
    0xf8, 0x4f, 0xf7, 0x3, 0xff, 0x84, 0xff, 0x70,
    0x3f, 0xf8, 0x4f, 0xf7, 0x3, 0xff, 0x84, 0xff,
    0x70, 0x3f, 0xf8, 0x4f, 0xf7, 0x3, 0xff, 0x82,
    0x99, 0x40, 0x19, 0x95,

    /* U+0023 "#" */
    0x0, 0x0, 0xb, 0xf5, 0x0, 0xe, 0xf2, 0x0,
    0x0, 0x0, 0xe, 0xf2, 0x0, 0x1f, 0xf0, 0x0,
    0x0, 0x0, 0x1f, 0xe0, 0x0, 0x4f, 0xc0, 0x0,
    0x0, 0x0, 0x4f, 0xb0, 0x0, 0x7f, 0x90, 0x0,
    0x5, 0xff, 0xff, 0xff, 0xff, 0xff, 0xff, 0xf2,
    0x5, 0xff, 0xff, 0xff, 0xff, 0xff, 0xff, 0xf2,
    0x0, 0x0, 0xcf, 0x40, 0x0, 0xff, 0x10, 0x0,
    0x0, 0x0, 0xef, 0x10, 0x1, 0xfe, 0x0, 0x0,
    0x0, 0x1, 0xff, 0x0, 0x3, 0xfc, 0x0, 0x0,
    0x0, 0x3, 0xfd, 0x0, 0x6, 0xfa, 0x0, 0x0,
    0x0, 0x5, 0xfa, 0x0, 0x8, 0xf8, 0x0, 0x0,
    0x6f, 0xff, 0xff, 0xff, 0xff, 0xff, 0xff, 0x10,
    0x5f, 0xff, 0xff, 0xff, 0xff, 0xff, 0xff, 0x0,
    0x0, 0xd, 0xf3, 0x0, 0xf, 0xf0, 0x0, 0x0,
    0x0, 0xf, 0xf0, 0x0, 0x3f, 0xd0, 0x0, 0x0,
    0x0, 0x3f, 0xd0, 0x0, 0x6f, 0xa0, 0x0, 0x0,
    0x0, 0x6f, 0xa0, 0x0, 0x9f, 0x70, 0x0, 0x0,

    /* U+0024 "$" */
    0x0, 0x0, 0x0, 0xdf, 0x80, 0x0, 0x0, 0x0,
    0x0, 0x0, 0xdf, 0x80, 0x0, 0x0, 0x0, 0x0,
    0x6a, 0xff, 0xe9, 0x40, 0x0, 0x0, 0x3d, 0xff,
    0xff, 0xff, 0xfc, 0x10, 0x1, 0xef, 0xfe, 0xef,
    0xcf, 0xff, 0xc0, 0x6, 0xff, 0xb0, 0xaf, 0x41,
    0xcd, 0x10, 0x9, 0xff, 0x50, 0xaf, 0x40, 0x0,
    0x0, 0x8, 0xff, 0x80, 0xaf, 0x40, 0x0, 0x0,
    0x4, 0xff, 0xf9, 0xcf, 0x40, 0x0, 0x0, 0x0,
    0xaf, 0xff, 0xff, 0xd7, 0x10, 0x0, 0x0, 0x6,
    0xef, 0xff, 0xff, 0xf8, 0x0, 0x0, 0x0, 0x3,
    0xcf, 0xff, 0xff, 0x90, 0x0, 0x0, 0x0, 0xaf,
    0x57, 0xff, 0xf1, 0x0, 0x0, 0x0, 0xaf, 0x40,
    0xbf, 0xf3, 0x0, 0x41, 0x0, 0xaf, 0x40, 0xbf,
    0xf3, 0x6, 0xfe, 0x30, 0xaf, 0x43, 0xff, 0xf0,
    0xb, 0xff, 0xfd, 0xdf, 0xdf, 0xff, 0x70, 0x0,
    0x9f, 0xff, 0xff, 0xff, 0xf9, 0x0, 0x0, 0x2,
    0x8b, 0xff, 0xd8, 0x30, 0x0, 0x0, 0x0, 0x0,
    0xdf, 0x80, 0x0, 0x0, 0x0, 0x0, 0x0, 0xdf,
    0x80, 0x0, 0x0,

    /* U+0025 "%" */
    0x1, 0x9e, 0xfe, 0x90, 0x0, 0x0, 0x0, 0x6f,
    0xf6, 0x0, 0x0, 0xdf, 0xfe, 0xff, 0xc0, 0x0,
    0x0, 0x2f, 0xfb, 0x0, 0x0, 0x6f, 0xf5, 0x6,
    0xff, 0x40, 0x0, 0xc, 0xfe, 0x10, 0x0, 0x9,
    0xff, 0x0, 0x1f, 0xf8, 0x0, 0x7, 0xff, 0x50,
    0x0, 0x0, 0xbf, 0xf0, 0x0, 0xff, 0x90, 0x2,
    0xff, 0xa0, 0x0, 0x0, 0x9, 0xff, 0x0, 0x1f,
    0xf8, 0x0, 0xcf, 0xe1, 0x0, 0x0, 0x0, 0x6f,
    0xf5, 0x6, 0xff, 0x40, 0x8f, 0xf4, 0x0, 0x0,
    0x0, 0x0, 0xdf, 0xfe, 0xff, 0xc0, 0x3f, 0xf9,
    0x6, 0xbd, 0xc7, 0x0, 0x1, 0x9e, 0xfe, 0x91,
    0xd, 0xfd, 0x8, 0xff, 0xff, 0xfb, 0x0, 0x0,
    0x0, 0x0, 0x8, 0xff, 0x32, 0xff, 0x90, 0x7f,
    0xf4, 0x0, 0x0, 0x0, 0x3, 0xff, 0x80, 0x6f,
    0xf2, 0x0, 0xff, 0x90, 0x0, 0x0, 0x0, 0xdf,
    0xd0, 0x8, 0xff, 0x10, 0xf, 0xfb, 0x0, 0x0,
    0x0, 0x9f, 0xf3, 0x0, 0x8f, 0xf1, 0x0, 0xff,
    0xb0, 0x0, 0x0, 0x4f, 0xf7, 0x0, 0x7, 0xff,
    0x20, 0xf, 0xf9, 0x0, 0x0, 0x1e, 0xfc, 0x0,
    0x0, 0x2f, 0xf8, 0x5, 0xff, 0x50, 0x0, 0xa,
    0xff, 0x20, 0x0, 0x0, 0xaf, 0xfe, 0xff, 0xc0,
    0x0, 0x5, 0xff, 0x70, 0x0, 0x0, 0x0, 0x8d,
    0xfe, 0x91, 0x0,

    /* U+0026 "&" */
    0x0, 0x1, 0x9e, 0xfe, 0xb4, 0x0, 0x0, 0x0,
    0x0, 0x3f, 0xff, 0xff, 0xff, 0x70, 0x0, 0x0,
    0x0, 0xdf, 0xfb, 0x7a, 0xff, 0xf1, 0x0, 0x0,
    0x1, 0xff, 0xe0, 0x0, 0xcf, 0xf3, 0x0, 0x0,
    0x0, 0xff, 0xe0, 0x0, 0xcf, 0xf1, 0x0, 0x0,
    0x0, 0xaf, 0xf8, 0x9, 0xff, 0x90, 0x0, 0x0,
    0x0, 0x1e, 0xff, 0xef, 0xfa, 0x0, 0x0, 0x0,
    0x0, 0x9, 0xff, 0xff, 0x50, 0x5, 0x99, 0x92,
    0x0, 0xbf, 0xff, 0xff, 0x60, 0xb, 0xff, 0xf3,
    0xb, 0xff, 0xb7, 0xff, 0xf5, 0xd, 0xff, 0xf3,
    0x4f, 0xfc, 0x0, 0x8f, 0xff, 0x6f, 0xf8, 0x0,
    0x9f, 0xf8, 0x0, 0x9, 0xff, 0xff, 0xf3, 0x0,
    0xaf, 0xf9, 0x0, 0x0, 0xbf, 0xff, 0xc0, 0x0,
    0x7f, 0xfe, 0x20, 0x0, 0x4f, 0xff, 0xd1, 0x0,
    0x1f, 0xff, 0xfb, 0xac, 0xff, 0xff, 0xfb, 0x0,
    0x5, 0xff, 0xff, 0xff, 0xff, 0xaf, 0xff, 0x90,
    0x0, 0x29, 0xdf, 0xff, 0xc5, 0x5, 0xff, 0xf7,

    /* U+0027 "'" */
    0x4f, 0xf7, 0x4f, 0xf7, 0x4f, 0xf7, 0x4f, 0xf7,
    0x4f, 0xf7, 0x4f, 0xf7, 0x4f, 0xf7, 0x29, 0x94,

    /* U+0028 "(" */
    0x0, 0x2, 0xef, 0xd0, 0x0, 0x1d, 0xfe, 0x20,
    0x0, 0x9f, 0xf4, 0x0, 0x2, 0xff, 0xc0, 0x0,
    0x9, 0xff, 0x30, 0x0, 0xe, 0xfe, 0x0, 0x0,
    0x2f, 0xf9, 0x0, 0x0, 0x7f, 0xf5, 0x0, 0x0,
    0x9f, 0xf2, 0x0, 0x0, 0xbf, 0xf1, 0x0, 0x0,
    0xcf, 0xf1, 0x0, 0x0, 0xcf, 0xf1, 0x0, 0x0,
    0xbf, 0xf1, 0x0, 0x0, 0x9f, 0xf2, 0x0, 0x0,
    0x6f, 0xf5, 0x0, 0x0, 0x2f, 0xf9, 0x0, 0x0,
    0xd, 0xfe, 0x0, 0x0, 0x8, 0xff, 0x40, 0x0,
    0x1, 0xff, 0xd0, 0x0, 0x0, 0x8f, 0xf6, 0x0,
    0x0, 0xc, 0xff, 0x30, 0x0, 0x1, 0xcd, 0xc0,

    /* U+0029 ")" */
    0xc, 0xff, 0x30, 0x0, 0x1, 0xdf, 0xe1, 0x0,
    0x0, 0x3f, 0xfa, 0x0, 0x0, 0xa, 0xff, 0x30,
    0x0, 0x2, 0xff, 0xa0, 0x0, 0x0, 0xcf, 0xf0,
    0x0, 0x0, 0x7f, 0xf4, 0x0, 0x0, 0x3f, 0xf8,
    0x0, 0x0, 0x1f, 0xfb, 0x0, 0x0, 0xf, 0xfd,
    0x0, 0x0, 0xf, 0xfd, 0x0, 0x0, 0xf, 0xfd,
    0x0, 0x0, 0xf, 0xfc, 0x0, 0x0, 0x1f, 0xfa,
    0x0, 0x0, 0x4f, 0xf8, 0x0, 0x0, 0x7f, 0xf3,
    0x0, 0x0, 0xcf, 0xe0, 0x0, 0x3, 0xff, 0x90,
    0x0, 0xb, 0xff, 0x20, 0x0, 0x4f, 0xf9, 0x0,
    0x2, 0xef, 0xd0, 0x0, 0xb, 0xdc, 0x20, 0x0,

    /* U+002A "*" */
    0x0, 0x0, 0xa, 0xff, 0x0, 0x0, 0x0, 0x0,
    0x0, 0x9f, 0xf0, 0x0, 0x0, 0x1, 0x0, 0x8,
    0xfe, 0x0, 0x1, 0x0, 0xae, 0x81, 0x7f, 0xd0,
    0x6c, 0xf0, 0xf, 0xff, 0xfe, 0xff, 0xef, 0xff,
    0x50, 0x5a, 0xef, 0xff, 0xff, 0xfc, 0x71, 0x0,
    0x0, 0x7f, 0xff, 0xc1, 0x0, 0x0, 0x0, 0x1e,
    0xfe, 0xff, 0x50, 0x0, 0x0, 0xc, 0xff, 0x2c,
    0xff, 0x30, 0x0, 0x9, 0xff, 0x70, 0x2f, 0xfe,
    0x0, 0x0, 0x2c, 0xc0, 0x0, 0x7e, 0x50, 0x0,
    0x0, 0x1, 0x0, 0x0, 0x10, 0x0,

    /* U+002B "+" */
    0x0, 0x0, 0x1d, 0xd7, 0x0, 0x0, 0x0, 0x0,
    0x2f, 0xf8, 0x0, 0x0, 0x0, 0x0, 0x2f, 0xf8,
    0x0, 0x0, 0x0, 0x0, 0x2f, 0xf8, 0x0, 0x0,
    0x0, 0x0, 0x2f, 0xf8, 0x0, 0x0, 0x6f, 0xff,
    0xff, 0xff, 0xff, 0xfc, 0x6f, 0xff, 0xff, 0xff,
    0xff, 0xfc, 0x38, 0x88, 0x9f, 0xfc, 0x88, 0x86,
    0x0, 0x0, 0x2f, 0xf8, 0x0, 0x0, 0x0, 0x0,
    0x2f, 0xf8, 0x0, 0x0, 0x0, 0x0, 0x2f, 0xf8,
    0x0, 0x0, 0x0, 0x0, 0x2f, 0xf8, 0x0, 0x0,

    /* U+002C "," */
    0x0, 0x3, 0x10, 0x1, 0xef, 0xf2, 0x5, 0xff,
    0xf7, 0x4, 0xff, 0xf6, 0x0, 0x8f, 0xf4, 0x0,
    0x4f, 0xe0, 0x0, 0xdf, 0x50, 0xa, 0xf8, 0x0,

    /* U+002D "-" */
    0x1, 0x11, 0x11, 0x10, 0x9f, 0xff, 0xff, 0xf4,
    0x9f, 0xff, 0xff, 0xf4, 0x9f, 0xff, 0xff, 0xf4,

    /* U+002E "." */
    0x0, 0x0, 0x0, 0xbf, 0xc1, 0x4f, 0xff, 0x74,
    0xff, 0xf7, 0xb, 0xfc, 0x10,

    /* U+002F "/" */
    0x0, 0x0, 0x0, 0x2f, 0xf6, 0x0, 0x0, 0x0,
    0x7f, 0xf1, 0x0, 0x0, 0x0, 0xcf, 0xc0, 0x0,
    0x0, 0x1, 0xff, 0x70, 0x0, 0x0, 0x6, 0xff,
    0x20, 0x0, 0x0, 0xc, 0xfd, 0x0, 0x0, 0x0,
    0x1f, 0xf7, 0x0, 0x0, 0x0, 0x6f, 0xf2, 0x0,
    0x0, 0x0, 0xbf, 0xd0, 0x0, 0x0, 0x0, 0xff,
    0x80, 0x0, 0x0, 0x5, 0xff, 0x30, 0x0, 0x0,
    0xa, 0xfe, 0x0, 0x0, 0x0, 0xf, 0xf9, 0x0,
    0x0, 0x0, 0x5f, 0xf4, 0x0, 0x0, 0x0, 0xaf,
    0xe0, 0x0, 0x0, 0x0, 0xef, 0x90, 0x0, 0x0,
    0x4, 0xff, 0x40, 0x0, 0x0, 0x9, 0xff, 0x0,
    0x0, 0x0, 0xe, 0xfa, 0x0, 0x0, 0x0, 0x3f,
    0xf5, 0x0, 0x0, 0x0, 0x8f, 0xf0, 0x0, 0x0,
    0x0, 0x68, 0x60, 0x0, 0x0, 0x0,

    /* U+0030 "0" */
    0x0, 0x0, 0x6c, 0xef, 0xd9, 0x20, 0x0, 0x0,
    0xc, 0xff, 0xff, 0xff, 0xf4, 0x0, 0x0, 0xaf,
    0xff, 0xcb, 0xff, 0xff, 0x10, 0x3, 0xff, 0xf4,
    0x0, 0x1d, 0xff, 0x80, 0x8, 0xff, 0xb0, 0x0,
    0x5, 0xff, 0xe0, 0xc, 0xff, 0x70, 0x0, 0x1,
    0xff, 0xf2, 0xe, 0xff, 0x50, 0x0, 0x0, 0xff,
    0xf4, 0xf, 0xff, 0x50, 0x0, 0x0, 0xef, 0xf6,
    0xf, 0xff, 0x50, 0x0, 0x0, 0xef, 0xf6, 0xf,
    0xff, 0x50, 0x0, 0x0, 0xef, 0xf6, 0xe, 0xff,
    0x50, 0x0, 0x0, 0xff, 0xf5, 0xc, 0xff, 0x70,
    0x0, 0x1, 0xff, 0xf2, 0x8, 0xff, 0xb0, 0x0,
    0x5, 0xff, 0xe0, 0x3, 0xff, 0xf4, 0x0, 0x1c,
    0xff, 0x90, 0x0, 0xaf, 0xff, 0xcb, 0xff, 0xff,
    0x10, 0x0, 0xc, 0xff, 0xff, 0xff, 0xf4, 0x0,
    0x0, 0x0, 0x6c, 0xef, 0xd9, 0x20, 0x0,

    /* U+0031 "1" */
    0x0, 0x0, 0x5f, 0xff, 0xfe, 0x0, 0x0, 0x0,
    0x2, 0xff, 0xff, 0xfe, 0x0, 0x0, 0x0, 0x1e,
    0xff, 0xaf, 0xfe, 0x0, 0x0, 0x0, 0xcf, 0xf9,
    0x3f, 0xfe, 0x0, 0x0, 0x9, 0xff, 0xb0, 0x3f,
    0xfe, 0x0, 0x0, 0x7, 0xfd, 0x10, 0x3f, 0xfe,
    0x0, 0x0, 0x0, 0x52, 0x0, 0x3f, 0xfe, 0x0,
    0x0, 0x0, 0x0, 0x0, 0x3f, 0xfe, 0x0, 0x0,
    0x0, 0x0, 0x0, 0x3f, 0xfe, 0x0, 0x0, 0x0,
    0x0, 0x0, 0x3f, 0xfe, 0x0, 0x0, 0x0, 0x0,
    0x0, 0x3f, 0xfe, 0x0, 0x0, 0x0, 0x0, 0x0,
    0x3f, 0xfe, 0x0, 0x0, 0x0, 0x0, 0x0, 0x3f,
    0xfe, 0x0, 0x0, 0x0, 0x0, 0x0, 0x3f, 0xfe,
    0x0, 0x0, 0x0, 0x79, 0x99, 0xbf, 0xff, 0x99,
    0x97, 0x0, 0xdf, 0xff, 0xff, 0xff, 0xff, 0xfb,
    0x0, 0xdf, 0xff, 0xff, 0xff, 0xff, 0xfb,

    /* U+0032 "2" */
    0x0, 0x7, 0xcf, 0xfd, 0x92, 0x0, 0x0, 0x2e,
    0xff, 0xff, 0xff, 0xf4, 0x0, 0xd, 0xff, 0xfd,
    0xef, 0xff, 0xf1, 0x7, 0xff, 0xd2, 0x0, 0x5f,
    0xff, 0x70, 0x4b, 0xf4, 0x0, 0x0, 0xcf, 0xfa,
    0x0, 0x1, 0x0, 0x0, 0xb, 0xff, 0xa0, 0x0,
    0x0, 0x0, 0x0, 0xef, 0xf6, 0x0, 0x0, 0x0,
    0x0, 0x6f, 0xfe, 0x0, 0x0, 0x0, 0x0, 0x4f,
    0xff, 0x60, 0x0, 0x0, 0x0, 0x5f, 0xff, 0x80,
    0x0, 0x0, 0x0, 0x6f, 0xff, 0x80, 0x0, 0x0,
    0x0, 0x9f, 0xff, 0x50, 0x0, 0x0, 0x0, 0xbf,
    0xfe, 0x30, 0x0, 0x0, 0x1, 0xcf, 0xfc, 0x10,
    0x0, 0x0, 0x0, 0x8f, 0xff, 0xbb, 0xbb, 0xbb,
    0xbb, 0x18, 0xff, 0xff, 0xff, 0xff, 0xff, 0xf1,
    0x8f, 0xff, 0xff, 0xff, 0xff, 0xff, 0x10,

    /* U+0033 "3" */
    0x0, 0x3, 0xad, 0xff, 0xd8, 0x20, 0x0, 0x9,
    0xff, 0xff, 0xff, 0xff, 0x50, 0x8, 0xff, 0xfc,
    0xac, 0xff, 0xff, 0x10, 0x1c, 0xd3, 0x0, 0x4,
    0xff, 0xf5, 0x0, 0x1, 0x0, 0x0, 0xf, 0xff,
    0x40, 0x0, 0x0, 0x0, 0x5, 0xff, 0xe1, 0x0,
    0x0, 0x4a, 0xbd, 0xff, 0xe4, 0x0, 0x0, 0x6,
    0xff, 0xff, 0xa1, 0x0, 0x0, 0x0, 0x6f, 0xff,
    0xff, 0xd3, 0x0, 0x0, 0x0, 0x0, 0x2a, 0xff,
    0xe1, 0x0, 0x0, 0x0, 0x0, 0xd, 0xff, 0x70,
    0x0, 0x0, 0x0, 0x0, 0xaf, 0xfa, 0x1, 0xb4,
    0x0, 0x0, 0xb, 0xff, 0xa2, 0xdf, 0xe3, 0x0,
    0x4, 0xff, 0xf6, 0xd, 0xff, 0xfc, 0xac, 0xff,
    0xfe, 0x0, 0x1d, 0xff, 0xff, 0xff, 0xfd, 0x20,
    0x0, 0x6, 0xce, 0xfe, 0xc7, 0x0, 0x0,

    /* U+0034 "4" */
    0x0, 0x0, 0x0, 0xd, 0xff, 0xf5, 0x0, 0x0,
    0x0, 0x0, 0x7f, 0xff, 0xf5, 0x0, 0x0, 0x0,
    0x2, 0xff, 0xff, 0xf5, 0x0, 0x0, 0x0, 0xb,
    0xfd, 0xaf, 0xf5, 0x0, 0x0, 0x0, 0x5f, 0xf4,
    0xaf, 0xf5, 0x0, 0x0, 0x1, 0xef, 0xa0, 0xaf,
    0xf5, 0x0, 0x0, 0x9, 0xff, 0x10, 0xaf, 0xf5,
    0x0, 0x0, 0x3f, 0xf7, 0x0, 0xaf, 0xf5, 0x0,
    0x0, 0xdf, 0xd0, 0x0, 0xaf, 0xf5, 0x0, 0x7,
    0xff, 0x40, 0x0, 0xaf, 0xf5, 0x0, 0x1f, 0xfa,
    0x0, 0x0, 0xaf, 0xf5, 0x0, 0x3f, 0xff, 0xff,
    0xff, 0xff, 0xff, 0xf8, 0x3f, 0xff, 0xff, 0xff,
    0xff, 0xff, 0xf8, 0x17, 0x77, 0x77, 0x77, 0xdf,
    0xfa, 0x74, 0x0, 0x0, 0x0, 0x0, 0xaf, 0xf5,
    0x0, 0x0, 0x0, 0x0, 0x0, 0xaf, 0xf5, 0x0,
    0x0, 0x0, 0x0, 0x0, 0xaf, 0xf5, 0x0,

    /* U+0035 "5" */
    0x8, 0xff, 0xff, 0xff, 0xff, 0xf5, 0x0, 0x9f,
    0xff, 0xff, 0xff, 0xff, 0x50, 0xa, 0xff, 0xcc,
    0xcc, 0xcc, 0xc4, 0x0, 0xbf, 0xc0, 0x0, 0x0,
    0x0, 0x0, 0xc, 0xfb, 0x0, 0x0, 0x0, 0x0,
    0x0, 0xdf, 0xa0, 0x0, 0x0, 0x0, 0x0, 0xe,
    0xf9, 0x19, 0xef, 0xd7, 0x0, 0x0, 0xff, 0x8c,
    0xff, 0xff, 0xfc, 0x0, 0xf, 0xfd, 0xfb, 0xae,
    0xff, 0xf9, 0x0, 0x9b, 0xa1, 0x0, 0xb, 0xff,
    0xf0, 0x0, 0x0, 0x0, 0x0, 0x2f, 0xff, 0x30,
    0x0, 0x0, 0x0, 0x0, 0xff, 0xf3, 0x1, 0xa0,
    0x0, 0x0, 0x3f, 0xff, 0x24, 0xef, 0xb1, 0x0,
    0xb, 0xff, 0xd0, 0x3f, 0xff, 0xfb, 0xbe, 0xff,
    0xf5, 0x0, 0x4f, 0xff, 0xff, 0xff, 0xf7, 0x0,
    0x0, 0x18, 0xce, 0xfd, 0xa3, 0x0, 0x0,

    /* U+0036 "6" */
    0x0, 0x0, 0x7, 0xff, 0xfb, 0x10, 0x0, 0x0,
    0xa, 0xff, 0xf7, 0x0, 0x0, 0x0, 0x9, 0xff,
    0xf5, 0x0, 0x0, 0x0, 0x6, 0xff, 0xf4, 0x0,
    0x0, 0x0, 0x1, 0xff, 0xf5, 0x0, 0x0, 0x0,
    0x0, 0xaf, 0xfa, 0x0, 0x0, 0x0, 0x0, 0x1f,
    0xff, 0x27, 0xdf, 0xd8, 0x10, 0x6, 0xff, 0xca,
    0xff, 0xff, 0xfd, 0x10, 0xaf, 0xfd, 0xe9, 0x8b,
    0xff, 0xfa, 0xc, 0xff, 0xe1, 0x0, 0x7, 0xff,
    0xf1, 0xcf, 0xf8, 0x0, 0x0, 0xf, 0xff, 0x4c,
    0xff, 0x70, 0x0, 0x0, 0xef, 0xf4, 0x9f, 0xf9,
    0x0, 0x0, 0xf, 0xff, 0x34, 0xff, 0xe1, 0x0,
    0x8, 0xff, 0xe0, 0xb, 0xff, 0xfa, 0x9c, 0xff,
    0xf5, 0x0, 0x1c, 0xff, 0xff, 0xff, 0xf7, 0x0,
    0x0, 0x6, 0xcf, 0xfe, 0xa3, 0x0, 0x0,

    /* U+0037 "7" */
    0x9f, 0xff, 0xff, 0xff, 0xff, 0xff, 0x9, 0xff,
    0xff, 0xff, 0xff, 0xff, 0xf0, 0x9f, 0xfa, 0x99,
    0x99, 0xaf, 0xff, 0x9, 0xff, 0x10, 0x0, 0x7,
    0xff, 0xb0, 0x9f, 0xf1, 0x0, 0x0, 0xdf, 0xf5,
    0x6, 0xbb, 0x10, 0x0, 0x4f, 0xfe, 0x0, 0x0,
    0x0, 0x0, 0xb, 0xff, 0x80, 0x0, 0x0, 0x0,
    0x1, 0xff, 0xf2, 0x0, 0x0, 0x0, 0x0, 0x7f,
    0xfb, 0x0, 0x0, 0x0, 0x0, 0xe, 0xff, 0x50,
    0x0, 0x0, 0x0, 0x4, 0xff, 0xe0, 0x0, 0x0,
    0x0, 0x0, 0xbf, 0xf8, 0x0, 0x0, 0x0, 0x0,
    0x2f, 0xff, 0x20, 0x0, 0x0, 0x0, 0x8, 0xff,
    0xc0, 0x0, 0x0, 0x0, 0x0, 0xef, 0xf5, 0x0,
    0x0, 0x0, 0x0, 0x5f, 0xfe, 0x0, 0x0, 0x0,
    0x0, 0xb, 0xff, 0x90, 0x0, 0x0, 0x0,

    /* U+0038 "8" */
    0x0, 0x29, 0xdf, 0xfe, 0xb5, 0x0, 0x0, 0x5f,
    0xff, 0xff, 0xff, 0xfb, 0x0, 0x1f, 0xff, 0xe9,
    0x8b, 0xff, 0xf7, 0x5, 0xff, 0xd0, 0x0, 0x7,
    0xff, 0xc0, 0x5f, 0xf9, 0x0, 0x0, 0x3f, 0xfb,
    0x1, 0xff, 0xc0, 0x0, 0x6, 0xff, 0x70, 0x6,
    0xff, 0xc7, 0x69, 0xff, 0xb0, 0x0, 0x2, 0xdf,
    0xff, 0xff, 0x60, 0x0, 0x3, 0xdf, 0xff, 0xff,
    0xff, 0x80, 0x2, 0xff, 0xf6, 0x10, 0x4d, 0xff,
    0x80, 0xaf, 0xf9, 0x0, 0x0, 0x3f, 0xff, 0x1d,
    0xff, 0x60, 0x0, 0x0, 0xff, 0xf3, 0xdf, 0xf7,
    0x0, 0x0, 0xf, 0xff, 0x4a, 0xff, 0xd0, 0x0,
    0x7, 0xff, 0xf1, 0x3f, 0xff, 0xe9, 0x8c, 0xff,
    0xf9, 0x0, 0x5f, 0xff, 0xff, 0xff, 0xfb, 0x0,
    0x0, 0x28, 0xdf, 0xfe, 0xa4, 0x0, 0x0,

    /* U+0039 "9" */
    0x0, 0x17, 0xcf, 0xfd, 0x91, 0x0, 0x0, 0x3e,
    0xff, 0xff, 0xff, 0xf4, 0x0, 0x1e, 0xff, 0xea,
    0x9d, 0xff, 0xf2, 0x7, 0xff, 0xd1, 0x0, 0xa,
    0xff, 0xa0, 0xcf, 0xf6, 0x0, 0x0, 0x2f, 0xff,
    0xe, 0xff, 0x40, 0x0, 0x1, 0xff, 0xf2, 0xef,
    0xf6, 0x0, 0x0, 0x2f, 0xff, 0x3b, 0xff, 0xd0,
    0x0, 0xa, 0xff, 0xf2, 0x4f, 0xff, 0xe9, 0x8c,
    0xdf, 0xff, 0x0, 0x9f, 0xff, 0xff, 0xe8, 0xff,
    0xc0, 0x0, 0x5c, 0xfe, 0xb2, 0xcf, 0xf7, 0x0,
    0x0, 0x0, 0x0, 0x4f, 0xff, 0x10, 0x0, 0x0,
    0x0, 0x1e, 0xff, 0x70, 0x0, 0x0, 0x0, 0xc,
    0xff, 0xc0, 0x0, 0x0, 0x0, 0x1c, 0xff, 0xe2,
    0x0, 0x0, 0x0, 0x3e, 0xff, 0xe2, 0x0, 0x0,
    0x0, 0x6f, 0xff, 0xc1, 0x0, 0x0, 0x0,

    /* U+003A ":" */
    0x8, 0xfd, 0x30, 0xff, 0xfa, 0x1f, 0xff, 0xb0,
    0x8f, 0xe4, 0x0, 0x0, 0x0, 0x0, 0x0, 0x0,
    0x0, 0x0, 0x0, 0x0, 0x0, 0x0, 0x0, 0x8f,
    0xe3, 0xf, 0xff, 0xa0, 0xff, 0xfa, 0x8, 0xfe,
    0x30,

    /* U+003B ";" */
    0x8, 0xfd, 0x30, 0xff, 0xfa, 0x1f, 0xff, 0xb0,
    0x8f, 0xe4, 0x0, 0x0, 0x0, 0x0, 0x0, 0x0,
    0x0, 0x0, 0x0, 0x0, 0x0, 0x0, 0x0, 0x8f,
    0xd3, 0xf, 0xff, 0xa1, 0xff, 0xfb, 0x8, 0xff,
    0x80, 0xe, 0xf3, 0x7, 0xfb, 0x3, 0xfe, 0x10,
    0x23, 0x10, 0x0,

    /* U+003C "<" */
    0x0, 0x0, 0x0, 0x0, 0x2, 0x0, 0x0, 0x0,
    0x0, 0x7, 0xf0, 0x0, 0x0, 0x0, 0x2c, 0xff,
    0x0, 0x0, 0x0, 0x8f, 0xff, 0xf0, 0x0, 0x3,
    0xdf, 0xff, 0xa1, 0x0, 0x9, 0xff, 0xfd, 0x40,
    0x0, 0x4e, 0xff, 0xf8, 0x0, 0x0, 0xa, 0xff,
    0xd2, 0x0, 0x0, 0x0, 0x9f, 0xff, 0x70, 0x0,
    0x0, 0x0, 0x9f, 0xff, 0xd4, 0x0, 0x0, 0x0,
    0x3d, 0xff, 0xfa, 0x10, 0x0, 0x0, 0x8, 0xff,
    0xfe, 0x60, 0x0, 0x0, 0x2, 0xcf, 0xff, 0x0,
    0x0, 0x0, 0x0, 0x7f, 0xf0, 0x0, 0x0, 0x0,
    0x0, 0x2b, 0x0, 0x0, 0x0, 0x0, 0x0, 0x0,

    /* U+003D "=" */
    0x6f, 0xff, 0xff, 0xff, 0xff, 0xfc, 0x6f, 0xff,
    0xff, 0xff, 0xff, 0xfc, 0x38, 0x88, 0x88, 0x88,
    0x88, 0x86, 0x0, 0x0, 0x0, 0x0, 0x0, 0x0,
    0x0, 0x0, 0x0, 0x0, 0x0, 0x0, 0x38, 0x88,
    0x88, 0x88, 0x88, 0x86, 0x6f, 0xff, 0xff, 0xff,
    0xff, 0xfc, 0x6f, 0xff, 0xff, 0xff, 0xff, 0xfc,

    /* U+003E ">" */
    0x20, 0x0, 0x0, 0x0, 0x0, 0xa, 0xb1, 0x0,
    0x0, 0x0, 0x0, 0xaf, 0xf6, 0x0, 0x0, 0x0,
    0x8, 0xff, 0xfc, 0x20, 0x0, 0x0, 0x6, 0xff,
    0xff, 0x70, 0x0, 0x0, 0x1, 0xaf, 0xff, 0xd3,
    0x0, 0x0, 0x0, 0x4d, 0xff, 0xf8, 0x0, 0x0,
    0x0, 0x9, 0xff, 0xf0, 0x0, 0x0, 0x4, 0xdf,
    0xff, 0x0, 0x0, 0x1a, 0xff, 0xfd, 0x30, 0x0,
    0x6e, 0xff, 0xf7, 0x0, 0x2, 0xcf, 0xff, 0xc2,
    0x0, 0x0, 0xaf, 0xff, 0x70, 0x0, 0x0, 0xa,
    0xfb, 0x20, 0x0, 0x0, 0x0, 0x96, 0x0, 0x0,
    0x0, 0x0, 0x0, 0x0, 0x0, 0x0, 0x0, 0x0,

    /* U+003F "?" */
    0x0, 0x19, 0xdf, 0xfc, 0x70, 0x0, 0x3, 0xff,
    0xff, 0xff, 0xfc, 0x10, 0x1e, 0xff, 0xeb, 0xdf,
    0xff, 0x90, 0x6f, 0xfa, 0x0, 0x8, 0xff, 0xf0,
    0x2, 0x71, 0x0, 0x3, 0xff, 0xf1, 0x0, 0x0,
    0x0, 0x5, 0xff, 0xf0, 0x0, 0x0, 0x0, 0x4e,
    0xff, 0x90, 0x0, 0x0, 0xef, 0xff, 0xfc, 0x10,
    0x0, 0x1, 0xff, 0xfd, 0x70, 0x0, 0x0, 0x1,
    0xff, 0xd0, 0x0, 0x0, 0x0, 0x1, 0xff, 0xd0,
    0x0, 0x0, 0x0, 0x0, 0x0, 0x0, 0x0, 0x0,
    0x0, 0x0, 0x0, 0x0, 0x0, 0x0, 0x0, 0x1,
    0xbe, 0xa0, 0x0, 0x0, 0x0, 0x7, 0xff, 0xf5,
    0x0, 0x0, 0x0, 0x7, 0xff, 0xf5, 0x0, 0x0,
    0x0, 0x1, 0xcf, 0xb0, 0x0, 0x0,

    /* U+0040 "@" */
    0x0, 0x0, 0x0, 0x6a, 0xdf, 0xfe, 0xb7, 0x10,
    0x0, 0x0, 0x0, 0x0, 0x5e, 0xff, 0xff, 0xff,
    0xff, 0xf7, 0x0, 0x0, 0x0, 0x8, 0xff, 0xb5,
    0x10, 0x0, 0x4a, 0xff, 0xa0, 0x0, 0x0, 0x6f,
    0xf5, 0x0, 0x0, 0x0, 0x0, 0x4e, 0xf8, 0x0,
    0x2, 0xff, 0x40, 0x0, 0x0, 0x0, 0x0, 0x3,
    0xff, 0x20, 0x9, 0xf9, 0x0, 0x1a, 0xfe, 0x75,
    0xff, 0x0, 0x9f, 0x90, 0xf, 0xf1, 0x0, 0xdf,
    0xff, 0xfa, 0xff, 0x0, 0x3f, 0xd0, 0x3f, 0xc0,
    0x6, 0xff, 0x81, 0x2c, 0xff, 0x0, 0xf, 0xf0,
    0x6f, 0xa0, 0xa, 0xfd, 0x0, 0x5, 0xff, 0x0,
    0xe, 0xf1, 0x7f, 0x80, 0xc, 0xfb, 0x0, 0x5,
    0xff, 0x0, 0xe, 0xf2, 0x7f, 0x80, 0xc, 0xfb,
    0x0, 0x5, 0xff, 0x0, 0xf, 0xf0, 0x6f, 0x90,
    0xa, 0xfd, 0x0, 0x5, 0xff, 0x0, 0x3f, 0xd0,
    0x4f, 0xc0, 0x6, 0xff, 0x60, 0x1c, 0xff, 0x30,
    0xbf, 0x70, 0xf, 0xf1, 0x0, 0xdf, 0xff, 0xf7,
    0xdf, 0xff, 0xfd, 0x0, 0xb, 0xf8, 0x0, 0x1a,
    0xfe, 0x90, 0x2c, 0xfe, 0x91, 0x0, 0x3, 0xff,
    0x30, 0x0, 0x0, 0x0, 0x0, 0x0, 0x0, 0x0,
    0x0, 0x9f, 0xe4, 0x0, 0x0, 0x0, 0x0, 0x0,
    0x0, 0x0, 0x0, 0xa, 0xff, 0xb5, 0x10, 0x0,
    0x0, 0x0, 0x0, 0x0, 0x0, 0x0, 0x7f, 0xff,
    0xff, 0xff, 0xff, 0xf2, 0x0, 0x0, 0x0, 0x0,
    0x1, 0x6b, 0xef, 0xff, 0xff, 0xf2, 0x0, 0x0,

    /* U+0041 "A" */
    0x0, 0x0, 0x1, 0xff, 0xff, 0x30, 0x0, 0x0,
    0x0, 0x0, 0x5, 0xff, 0xff, 0x80, 0x0, 0x0,
    0x0, 0x0, 0xb, 0xff, 0xff, 0xe0, 0x0, 0x0,
    0x0, 0x0, 0xf, 0xfc, 0xcf, 0xf3, 0x0, 0x0,
    0x0, 0x0, 0x5f, 0xf7, 0x7f, 0xf8, 0x0, 0x0,
    0x0, 0x0, 0xbf, 0xf2, 0x2f, 0xfd, 0x0, 0x0,
    0x0, 0x0, 0xff, 0xd0, 0xd, 0xff, 0x30, 0x0,
    0x0, 0x5, 0xff, 0x90, 0x8, 0xff, 0x80, 0x0,
    0x0, 0xb, 0xff, 0x40, 0x3, 0xff, 0xd0, 0x0,
    0x0, 0xf, 0xff, 0x0, 0x0, 0xef, 0xf2, 0x0,
    0x0, 0x5f, 0xff, 0xff, 0xff, 0xff, 0xf7, 0x0,
    0x0, 0xaf, 0xff, 0xff, 0xff, 0xff, 0xfd, 0x0,
    0x0, 0xff, 0xfc, 0xcc, 0xcc, 0xcf, 0xff, 0x20,
    0x5, 0xff, 0xd0, 0x0, 0x0, 0xc, 0xff, 0x70,
    0xa, 0xff, 0x80, 0x0, 0x0, 0x7, 0xff, 0xc0,
    0xf, 0xff, 0x30, 0x0, 0x0, 0x2, 0xff, 0xf2,
    0x5f, 0xfd, 0x0, 0x0, 0x0, 0x0, 0xdf, 0xf7,

    /* U+0042 "B" */
    0xf, 0xff, 0xff, 0xff, 0xfe, 0xa2, 0x0, 0xf,
    0xff, 0xff, 0xff, 0xff, 0xff, 0x40, 0xf, 0xff,
    0xcb, 0xbb, 0xcf, 0xff, 0xc0, 0xf, 0xff, 0x20,
    0x0, 0x7, 0xff, 0xf1, 0xf, 0xff, 0x20, 0x0,
    0x2, 0xff, 0xf2, 0xf, 0xff, 0x20, 0x0, 0x2,
    0xff, 0xf0, 0xf, 0xff, 0x20, 0x0, 0x1a, 0xff,
    0x90, 0xf, 0xff, 0xff, 0xff, 0xff, 0xd8, 0x0,
    0xf, 0xff, 0xff, 0xff, 0xff, 0xea, 0x10, 0xf,
    0xff, 0xaa, 0xaa, 0xad, 0xff, 0xe1, 0xf, 0xff,
    0x20, 0x0, 0x0, 0xcf, 0xf8, 0xf, 0xff, 0x20,
    0x0, 0x0, 0x8f, 0xfb, 0xf, 0xff, 0x20, 0x0,
    0x0, 0x8f, 0xfb, 0xf, 0xff, 0x20, 0x0, 0x0,
    0xdf, 0xf9, 0xf, 0xff, 0xcb, 0xbb, 0xbe, 0xff,
    0xf3, 0xf, 0xff, 0xff, 0xff, 0xff, 0xff, 0x90,
    0xf, 0xff, 0xff, 0xff, 0xff, 0xd6, 0x0,

    /* U+0043 "C" */
    0x0, 0x0, 0x6b, 0xef, 0xeb, 0x50, 0x0, 0x0,
    0x2d, 0xff, 0xff, 0xff, 0xfb, 0x0, 0x1, 0xef,
    0xff, 0xfe, 0xff, 0xff, 0xb0, 0xa, 0xff, 0xf5,
    0x0, 0x7, 0xff, 0xf5, 0x1f, 0xff, 0x50, 0x0,
    0x0, 0x8e, 0x60, 0x6f, 0xfd, 0x0, 0x0, 0x0,
    0x0, 0x0, 0x9f, 0xfa, 0x0, 0x0, 0x0, 0x0,
    0x0, 0xaf, 0xf9, 0x0, 0x0, 0x0, 0x0, 0x0,
    0xbf, 0xf9, 0x0, 0x0, 0x0, 0x0, 0x0, 0xbf,
    0xf9, 0x0, 0x0, 0x0, 0x0, 0x0, 0x9f, 0xfa,
    0x0, 0x0, 0x0, 0x0, 0x0, 0x6f, 0xfd, 0x0,
    0x0, 0x0, 0x3, 0x0, 0x2f, 0xff, 0x40, 0x0,
    0x0, 0x6f, 0x91, 0xb, 0xff, 0xf5, 0x0, 0x7,
    0xff, 0xf5, 0x1, 0xef, 0xff, 0xfe, 0xff, 0xff,
    0xb0, 0x0, 0x3e, 0xff, 0xff, 0xff, 0xfb, 0x0,
    0x0, 0x0, 0x7c, 0xef, 0xeb, 0x50, 0x0,

    /* U+0044 "D" */
    0xf, 0xff, 0xff, 0xff, 0xd9, 0x30, 0x0, 0x0,
    0xff, 0xff, 0xff, 0xff, 0xff, 0x80, 0x0, 0xf,
    0xff, 0xed, 0xde, 0xff, 0xff, 0x80, 0x0, 0xff,
    0xf2, 0x0, 0x1, 0xaf, 0xff, 0x30, 0xf, 0xff,
    0x20, 0x0, 0x0, 0xbf, 0xfa, 0x0, 0xff, 0xf2,
    0x0, 0x0, 0x4, 0xff, 0xe0, 0xf, 0xff, 0x20,
    0x0, 0x0, 0x1f, 0xff, 0x20, 0xff, 0xf2, 0x0,
    0x0, 0x1, 0xff, 0xf3, 0xf, 0xff, 0x20, 0x0,
    0x0, 0x1f, 0xff, 0x40, 0xff, 0xf2, 0x0, 0x0,
    0x1, 0xff, 0xf3, 0xf, 0xff, 0x20, 0x0, 0x0,
    0x1f, 0xff, 0x20, 0xff, 0xf2, 0x0, 0x0, 0x4,
    0xff, 0xe0, 0xf, 0xff, 0x20, 0x0, 0x0, 0xbf,
    0xfa, 0x0, 0xff, 0xf2, 0x0, 0x1, 0x9f, 0xff,
    0x30, 0xf, 0xff, 0xdd, 0xde, 0xff, 0xff, 0x80,
    0x0, 0xff, 0xff, 0xff, 0xff, 0xff, 0x90, 0x0,
    0xf, 0xff, 0xff, 0xff, 0xd9, 0x30, 0x0, 0x0,

    /* U+0045 "E" */
    0xf, 0xff, 0xff, 0xff, 0xff, 0xff, 0x0, 0xff,
    0xff, 0xff, 0xff, 0xff, 0xf0, 0xf, 0xff, 0xed,
    0xdd, 0xdd, 0xdd, 0x0, 0xff, 0xf2, 0x0, 0x0,
    0x0, 0x0, 0xf, 0xff, 0x20, 0x0, 0x0, 0x0,
    0x0, 0xff, 0xf2, 0x0, 0x0, 0x0, 0x0, 0xf,
    0xff, 0x20, 0x0, 0x0, 0x0, 0x0, 0xff, 0xff,
    0xff, 0xff, 0xff, 0x10, 0xf, 0xff, 0xff, 0xff,
    0xff, 0xf1, 0x0, 0xff, 0xfd, 0xdd, 0xdd, 0xdd,
    0x10, 0xf, 0xff, 0x20, 0x0, 0x0, 0x0, 0x0,
    0xff, 0xf2, 0x0, 0x0, 0x0, 0x0, 0xf, 0xff,
    0x20, 0x0, 0x0, 0x0, 0x0, 0xff, 0xf2, 0x0,
    0x0, 0x0, 0x0, 0xf, 0xff, 0xdd, 0xdd, 0xdd,
    0xdd, 0x0, 0xff, 0xff, 0xff, 0xff, 0xff, 0xf0,
    0xf, 0xff, 0xff, 0xff, 0xff, 0xff, 0x0,

    /* U+0046 "F" */
    0xf, 0xff, 0xff, 0xff, 0xff, 0xfc, 0xf, 0xff,
    0xff, 0xff, 0xff, 0xfc, 0xf, 0xff, 0xed, 0xdd,
    0xdd, 0xda, 0xf, 0xff, 0x20, 0x0, 0x0, 0x0,
    0xf, 0xff, 0x20, 0x0, 0x0, 0x0, 0xf, 0xff,
    0x20, 0x0, 0x0, 0x0, 0xf, 0xff, 0x20, 0x0,
    0x0, 0x0, 0xf, 0xff, 0xff, 0xff, 0xff, 0xc0,
    0xf, 0xff, 0xff, 0xff, 0xff, 0xc0, 0xf, 0xff,
    0xdd, 0xdd, 0xdd, 0xa0, 0xf, 0xff, 0x20, 0x0,
    0x0, 0x0, 0xf, 0xff, 0x20, 0x0, 0x0, 0x0,
    0xf, 0xff, 0x20, 0x0, 0x0, 0x0, 0xf, 0xff,
    0x20, 0x0, 0x0, 0x0, 0xf, 0xff, 0x20, 0x0,
    0x0, 0x0, 0xf, 0xff, 0x20, 0x0, 0x0, 0x0,
    0xf, 0xff, 0x20, 0x0, 0x0, 0x0,

    /* U+0047 "G" */
    0x0, 0x0, 0x5a, 0xef, 0xec, 0x71, 0x0, 0x0,
    0x1, 0xcf, 0xff, 0xff, 0xff, 0xe4, 0x0, 0x0,
    0xdf, 0xff, 0xfe, 0xff, 0xff, 0xf3, 0x0, 0x9f,
    0xff, 0x60, 0x0, 0x3c, 0xff, 0xc0, 0x1f, 0xff,
    0x50, 0x0, 0x0, 0xc, 0x81, 0x5, 0xff, 0xd0,
    0x0, 0x0, 0x0, 0x0, 0x0, 0x9f, 0xfa, 0x0,
    0x0, 0x0, 0x0, 0x0, 0xa, 0xff, 0x90, 0x0,
    0xa, 0xbb, 0xbb, 0xb4, 0xbf, 0xf9, 0x0, 0x0,
    0xff, 0xff, 0xff, 0x6b, 0xff, 0x90, 0x0, 0xf,
    0xff, 0xff, 0xf6, 0x9f, 0xfa, 0x0, 0x0, 0x0,
    0xa, 0xff, 0x66, 0xff, 0xd0, 0x0, 0x0, 0x0,
    0xbf, 0xf6, 0x1f, 0xff, 0x50, 0x0, 0x0, 0x1f,
    0xff, 0x60, 0xaf, 0xff, 0x60, 0x0, 0x3c, 0xff,
    0xf6, 0x1, 0xef, 0xff, 0xfe, 0xff, 0xfb, 0xff,
    0x60, 0x2, 0xef, 0xff, 0xff, 0xfc, 0x6f, 0xf6,
    0x0, 0x0, 0x7c, 0xff, 0xd7, 0x5, 0xff, 0x60,

    /* U+0048 "H" */
    0xf, 0xff, 0x20, 0x0, 0x0, 0xe, 0xff, 0x40,
    0xff, 0xf2, 0x0, 0x0, 0x0, 0xef, 0xf4, 0xf,
    0xff, 0x20, 0x0, 0x0, 0xe, 0xff, 0x40, 0xff,
    0xf2, 0x0, 0x0, 0x0, 0xef, 0xf4, 0xf, 0xff,
    0x20, 0x0, 0x0, 0xe, 0xff, 0x40, 0xff, 0xf2,
    0x0, 0x0, 0x0, 0xef, 0xf4, 0xf, 0xff, 0x20,
    0x0, 0x0, 0xe, 0xff, 0x40, 0xff, 0xff, 0xff,
    0xff, 0xff, 0xff, 0xf4, 0xf, 0xff, 0xff, 0xff,
    0xff, 0xff, 0xff, 0x40, 0xff, 0xfd, 0xdd, 0xdd,
    0xdd, 0xff, 0xf4, 0xf, 0xff, 0x20, 0x0, 0x0,
    0xe, 0xff, 0x40, 0xff, 0xf2, 0x0, 0x0, 0x0,
    0xef, 0xf4, 0xf, 0xff, 0x20, 0x0, 0x0, 0xe,
    0xff, 0x40, 0xff, 0xf2, 0x0, 0x0, 0x0, 0xef,
    0xf4, 0xf, 0xff, 0x20, 0x0, 0x0, 0xe, 0xff,
    0x40, 0xff, 0xf2, 0x0, 0x0, 0x0, 0xef, 0xf4,
    0xf, 0xff, 0x20, 0x0, 0x0, 0xe, 0xff, 0x40,

    /* U+0049 "I" */
    0xbf, 0xff, 0xff, 0xfe, 0xbf, 0xff, 0xff, 0xfe,
    0x69, 0xcf, 0xfd, 0x98, 0x0, 0x8f, 0xfa, 0x0,
    0x0, 0x8f, 0xfa, 0x0, 0x0, 0x8f, 0xfa, 0x0,
    0x0, 0x8f, 0xfa, 0x0, 0x0, 0x8f, 0xfa, 0x0,
    0x0, 0x8f, 0xfa, 0x0, 0x0, 0x8f, 0xfa, 0x0,
    0x0, 0x8f, 0xfa, 0x0, 0x0, 0x8f, 0xfa, 0x0,
    0x0, 0x8f, 0xfa, 0x0, 0x0, 0x8f, 0xfa, 0x0,
    0x69, 0xcf, 0xfd, 0x98, 0xbf, 0xff, 0xff, 0xfe,
    0xbf, 0xff, 0xff, 0xfe,

    /* U+004A "J" */
    0x0, 0x3f, 0xff, 0xff, 0xff, 0xf3, 0x0, 0x3f,
    0xff, 0xff, 0xff, 0xf3, 0x0, 0x2a, 0xaa, 0xaa,
    0xff, 0xf3, 0x0, 0x0, 0x0, 0x0, 0xff, 0xf3,
    0x0, 0x0, 0x0, 0x0, 0xff, 0xf3, 0x0, 0x0,
    0x0, 0x0, 0xff, 0xf3, 0x0, 0x0, 0x0, 0x0,
    0xff, 0xf3, 0x0, 0x0, 0x0, 0x0, 0xff, 0xf3,
    0x0, 0x0, 0x0, 0x0, 0xff, 0xf3, 0x0, 0x0,
    0x0, 0x0, 0xff, 0xf3, 0x0, 0x0, 0x0, 0x0,
    0xff, 0xf3, 0x0, 0x0, 0x0, 0x0, 0xff, 0xf3,
    0x2a, 0xdb, 0x0, 0x1, 0xff, 0xf2, 0x1f, 0xff,
    0x50, 0x9, 0xff, 0xf0, 0xa, 0xff, 0xfe, 0xef,
    0xff, 0x90, 0x0, 0xdf, 0xff, 0xff, 0xfc, 0x0,
    0x0, 0x18, 0xdf, 0xfc, 0x70, 0x0,

    /* U+004B "K" */
    0xf, 0xff, 0x20, 0x0, 0x0, 0x9f, 0xfe, 0x10,
    0xff, 0xf2, 0x0, 0x0, 0x6f, 0xff, 0x30, 0xf,
    0xff, 0x20, 0x0, 0x3f, 0xff, 0x60, 0x0, 0xff,
    0xf2, 0x0, 0x1e, 0xff, 0x80, 0x0, 0xf, 0xff,
    0x20, 0xc, 0xff, 0xb0, 0x0, 0x0, 0xff, 0xf2,
    0x9, 0xff, 0xd0, 0x0, 0x0, 0xf, 0xff, 0x25,
    0xff, 0xe2, 0x0, 0x0, 0x0, 0xff, 0xf4, 0xff,
    0xfd, 0x0, 0x0, 0x0, 0xf, 0xff, 0xef, 0xff,
    0xf7, 0x0, 0x0, 0x0, 0xff, 0xff, 0xfa, 0xff,
    0xf2, 0x0, 0x0, 0xf, 0xff, 0xf6, 0xd, 0xff,
    0xc0, 0x0, 0x0, 0xff, 0xf8, 0x0, 0x4f, 0xff,
    0x60, 0x0, 0xf, 0xff, 0x20, 0x0, 0xaf, 0xff,
    0x10, 0x0, 0xff, 0xf2, 0x0, 0x1, 0xff, 0xfa,
    0x0, 0xf, 0xff, 0x20, 0x0, 0x6, 0xff, 0xf4,
    0x0, 0xff, 0xf2, 0x0, 0x0, 0xc, 0xff, 0xe0,
    0xf, 0xff, 0x20, 0x0, 0x0, 0x2f, 0xff, 0x90,

    /* U+004C "L" */
    0xf, 0xff, 0x20, 0x0, 0x0, 0x0, 0xff, 0xf2,
    0x0, 0x0, 0x0, 0xf, 0xff, 0x20, 0x0, 0x0,
    0x0, 0xff, 0xf2, 0x0, 0x0, 0x0, 0xf, 0xff,
    0x20, 0x0, 0x0, 0x0, 0xff, 0xf2, 0x0, 0x0,
    0x0, 0xf, 0xff, 0x20, 0x0, 0x0, 0x0, 0xff,
    0xf2, 0x0, 0x0, 0x0, 0xf, 0xff, 0x20, 0x0,
    0x0, 0x0, 0xff, 0xf2, 0x0, 0x0, 0x0, 0xf,
    0xff, 0x20, 0x0, 0x0, 0x0, 0xff, 0xf2, 0x0,
    0x0, 0x0, 0xf, 0xff, 0x20, 0x0, 0x0, 0x0,
    0xff, 0xf2, 0x0, 0x0, 0x0, 0xf, 0xff, 0xdd,
    0xdd, 0xdd, 0x90, 0xff, 0xff, 0xff, 0xff, 0xfb,
    0xf, 0xff, 0xff, 0xff, 0xff, 0xb0,

    /* U+004D "M" */
    0xf, 0xff, 0xc0, 0x0, 0x0, 0x0, 0x1f, 0xff,
    0x90, 0xff, 0xff, 0x50, 0x0, 0x0, 0x9, 0xff,
    0xf9, 0xf, 0xff, 0xfd, 0x0, 0x0, 0x1, 0xff,
    0xff, 0x90, 0xff, 0xff, 0xf5, 0x0, 0x0, 0x9f,
    0xff, 0xf9, 0xf, 0xff, 0xff, 0xd0, 0x0, 0x2f,
    0xff, 0xff, 0x90, 0xff, 0xf9, 0xff, 0x60, 0xa,
    0xff, 0x9f, 0xf9, 0xf, 0xff, 0x2f, 0xfe, 0x2,
    0xff, 0xb6, 0xff, 0x90, 0xff, 0xf0, 0xaf, 0xf6,
    0xaf, 0xf3, 0x6f, 0xf9, 0xf, 0xff, 0x2, 0xff,
    0xef, 0xfa, 0x6, 0xff, 0x90, 0xff, 0xf0, 0x9,
    0xff, 0xff, 0x20, 0x6f, 0xf9, 0xf, 0xff, 0x0,
    0x1f, 0xff, 0x90, 0x6, 0xff, 0x90, 0xff, 0xf0,
    0x0, 0x8f, 0xf1, 0x0, 0x6f, 0xf9, 0xf, 0xff,
    0x0, 0x0, 0xe8, 0x0, 0x6, 0xff, 0x90, 0xff,
    0xf0, 0x0, 0x6, 0x10, 0x0, 0x6f, 0xf9, 0xf,
    0xff, 0x0, 0x0, 0x0, 0x0, 0x6, 0xff, 0x90,
    0xff, 0xf0, 0x0, 0x0, 0x0, 0x0, 0x6f, 0xf9,
    0xf, 0xff, 0x0, 0x0, 0x0, 0x0, 0x6, 0xff,
    0x90,

    /* U+004E "N" */
    0xf, 0xff, 0xb0, 0x0, 0x0, 0xb, 0xff, 0x40,
    0xff, 0xff, 0x50, 0x0, 0x0, 0xbf, 0xf4, 0xf,
    0xff, 0xfd, 0x0, 0x0, 0xb, 0xff, 0x40, 0xff,
    0xff, 0xf7, 0x0, 0x0, 0xbf, 0xf4, 0xf, 0xff,
    0xff, 0xf1, 0x0, 0xb, 0xff, 0x40, 0xff, 0xf9,
    0xff, 0xa0, 0x0, 0xbf, 0xf4, 0xf, 0xff, 0x1f,
    0xff, 0x30, 0xb, 0xff, 0x40, 0xff, 0xf0, 0x9f,
    0xfc, 0x0, 0xbf, 0xf4, 0xf, 0xff, 0x2, 0xff,
    0xf5, 0xb, 0xff, 0x40, 0xff, 0xf0, 0x8, 0xff,
    0xd0, 0xbf, 0xf4, 0xf, 0xff, 0x0, 0xe, 0xff,
    0x5b, 0xff, 0x40, 0xff, 0xf0, 0x0, 0x5f, 0xfd,
    0xbf, 0xf4, 0xf, 0xff, 0x0, 0x0, 0xcf, 0xff,
    0xff, 0x40, 0xff, 0xf0, 0x0, 0x3, 0xff, 0xff,
    0xf4, 0xf, 0xff, 0x0, 0x0, 0xa, 0xff, 0xff,
    0x40, 0xff, 0xf0, 0x0, 0x0, 0x1f, 0xff, 0xf4,
    0xf, 0xff, 0x0, 0x0, 0x0, 0x7f, 0xff, 0x40,

    /* U+004F "O" */
    0x0, 0x0, 0x6b, 0xef, 0xec, 0x70, 0x0, 0x0,
    0x2, 0xdf, 0xff, 0xff, 0xff, 0xe2, 0x0, 0x1,
    0xef, 0xff, 0xfe, 0xff, 0xff, 0xe1, 0x0, 0x9f,
    0xff, 0x60, 0x0, 0x5e, 0xff, 0xb0, 0x1f, 0xff,
    0x50, 0x0, 0x0, 0x4f, 0xff, 0x26, 0xff, 0xd0,
    0x0, 0x0, 0x0, 0xcf, 0xf7, 0x9f, 0xfa, 0x0,
    0x0, 0x0, 0x9, 0xff, 0xaa, 0xff, 0x90, 0x0,
    0x0, 0x0, 0x8f, 0xfc, 0xbf, 0xf9, 0x0, 0x0,
    0x0, 0x8, 0xff, 0xda, 0xff, 0x90, 0x0, 0x0,
    0x0, 0x8f, 0xfc, 0x9f, 0xfa, 0x0, 0x0, 0x0,
    0x9, 0xff, 0xb6, 0xff, 0xd0, 0x0, 0x0, 0x0,
    0xcf, 0xf7, 0x1f, 0xff, 0x50, 0x0, 0x0, 0x3f,
    0xff, 0x20, 0xaf, 0xff, 0x60, 0x0, 0x5e, 0xff,
    0xb0, 0x1, 0xef, 0xff, 0xfe, 0xff, 0xff, 0xf2,
    0x0, 0x2, 0xdf, 0xff, 0xff, 0xff, 0xe3, 0x0,
    0x0, 0x0, 0x6b, 0xef, 0xec, 0x70, 0x0, 0x0,

    /* U+0050 "P" */
    0xf, 0xff, 0xff, 0xff, 0xfe, 0x92, 0x0, 0xf,
    0xff, 0xff, 0xff, 0xff, 0xfe, 0x20, 0xf, 0xff,
    0xdc, 0xcc, 0xdf, 0xff, 0xc0, 0xf, 0xff, 0x20,
    0x0, 0x4, 0xff, 0xf3, 0xf, 0xff, 0x20, 0x0,
    0x0, 0xdf, 0xf6, 0xf, 0xff, 0x20, 0x0, 0x0,
    0xdf, 0xf7, 0xf, 0xff, 0x20, 0x0, 0x0, 0xef,
    0xf5, 0xf, 0xff, 0x20, 0x0, 0x7, 0xff, 0xf2,
    0xf, 0xff, 0xff, 0xff, 0xff, 0xff, 0xa0, 0xf,
    0xff, 0xff, 0xff, 0xff, 0xfc, 0x10, 0xf, 0xff,
    0xcc, 0xcc, 0xca, 0x60, 0x0, 0xf, 0xff, 0x20,
    0x0, 0x0, 0x0, 0x0, 0xf, 0xff, 0x20, 0x0,
    0x0, 0x0, 0x0, 0xf, 0xff, 0x20, 0x0, 0x0,
    0x0, 0x0, 0xf, 0xff, 0x20, 0x0, 0x0, 0x0,
    0x0, 0xf, 0xff, 0x20, 0x0, 0x0, 0x0, 0x0,
    0xf, 0xff, 0x20, 0x0, 0x0, 0x0, 0x0,

    /* U+0051 "Q" */
    0x0, 0x0, 0x6b, 0xef, 0xeb, 0x60, 0x0, 0x0,
    0x1, 0xdf, 0xff, 0xff, 0xff, 0xd2, 0x0, 0x0,
    0xdf, 0xff, 0xfe, 0xff, 0xff, 0xe1, 0x0, 0x9f,
    0xff, 0x60, 0x0, 0x5f, 0xff, 0xa0, 0xf, 0xff,
    0x60, 0x0, 0x0, 0x4f, 0xff, 0x15, 0xff, 0xe0,
    0x0, 0x0, 0x0, 0xdf, 0xf6, 0x8f, 0xfa, 0x0,
    0x0, 0x0, 0x9, 0xff, 0xaa, 0xff, 0x90, 0x0,
    0x0, 0x0, 0x8f, 0xfc, 0xbf, 0xf9, 0x0, 0x0,
    0x0, 0x8, 0xff, 0xdb, 0xff, 0x90, 0x0, 0x0,
    0x0, 0x8f, 0xfc, 0xaf, 0xfa, 0x0, 0x0, 0x0,
    0x8, 0xff, 0xb7, 0xff, 0xc0, 0x0, 0x0, 0x0,
    0xaf, 0xf9, 0x3f, 0xff, 0x10, 0x0, 0x0, 0xe,
    0xff, 0x50, 0xef, 0xfa, 0x0, 0x0, 0x9, 0xff,
    0xf0, 0x5, 0xff, 0xfc, 0x64, 0x6c, 0xff, 0xf7,
    0x0, 0x9, 0xff, 0xff, 0xff, 0xff, 0xfa, 0x0,
    0x0, 0x6, 0xef, 0xff, 0xff, 0xf7, 0x0, 0x0,
    0x0, 0x0, 0x5e, 0xff, 0x70, 0x0, 0x0, 0x0,
    0x0, 0x0, 0xcf, 0xf3, 0x0, 0x0, 0x0, 0x0,
    0x0, 0xa, 0xff, 0xff, 0xc0, 0x0, 0x0, 0x0,
    0x0, 0x3f, 0xff, 0xfc, 0x0, 0x0, 0x0, 0x0,
    0x0, 0x27, 0x9a, 0x70, 0x0,

    /* U+0052 "R" */
    0xf, 0xff, 0xff, 0xff, 0xfe, 0xa2, 0x0, 0xf,
    0xff, 0xff, 0xff, 0xff, 0xfe, 0x20, 0xf, 0xff,
    0xdc, 0xcc, 0xdf, 0xff, 0xc0, 0xf, 0xff, 0x20,
    0x0, 0x4, 0xff, 0xf3, 0xf, 0xff, 0x20, 0x0,
    0x0, 0xdf, 0xf6, 0xf, 0xff, 0x20, 0x0, 0x0,
    0xdf, 0xf7, 0xf, 0xff, 0x20, 0x0, 0x0, 0xef,
    0xf5, 0xf, 0xff, 0x20, 0x0, 0x7, 0xff, 0xf1,
    0xf, 0xff, 0xff, 0xff, 0xff, 0xff, 0xa0, 0xf,
    0xff, 0xff, 0xff, 0xff, 0xfb, 0x0, 0xf, 0xff,
    0xbb, 0xbe, 0xff, 0x90, 0x0, 0xf, 0xff, 0x20,
    0x7, 0xff, 0xe0, 0x0, 0xf, 0xff, 0x20, 0x0,
    0xef, 0xf7, 0x0, 0xf, 0xff, 0x20, 0x0, 0x7f,
    0xfe, 0x0, 0xf, 0xff, 0x20, 0x0, 0xe, 0xff,
    0x70, 0xf, 0xff, 0x20, 0x0, 0x7, 0xff, 0xf1,
    0xf, 0xff, 0x20, 0x0, 0x0, 0xef, 0xf8,

    /* U+0053 "S" */
    0x0, 0x0, 0x7c, 0xef, 0xec, 0x70, 0x0, 0x0,
    0x2e, 0xff, 0xff, 0xff, 0xfe, 0x30, 0x0, 0xef,
    0xff, 0xed, 0xff, 0xff, 0xe0, 0x5, 0xff, 0xf4,
    0x0, 0x4, 0xdf, 0x30, 0x8, 0xff, 0xa0, 0x0,
    0x0, 0x12, 0x0, 0x8, 0xff, 0xc0, 0x0, 0x0,
    0x0, 0x0, 0x4, 0xff, 0xfb, 0x51, 0x0, 0x0,
    0x0, 0x0, 0xbf, 0xff, 0xff, 0xeb, 0x60, 0x0,
    0x0, 0x9, 0xff, 0xff, 0xff, 0xfd, 0x20, 0x0,
    0x0, 0x15, 0x9b, 0xef, 0xff, 0xd0, 0x0, 0x0,
    0x0, 0x0, 0x5, 0xff, 0xf4, 0x0, 0x0, 0x0,
    0x0, 0x0, 0xcf, 0xf7, 0x0, 0x46, 0x0, 0x0,
    0x0, 0xdf, 0xf6, 0x5, 0xff, 0xa2, 0x0, 0x7,
    0xff, 0xf2, 0xb, 0xff, 0xff, 0xed, 0xff, 0xff,
    0xb0, 0x0, 0x8f, 0xff, 0xff, 0xff, 0xfc, 0x10,
    0x0, 0x2, 0x9d, 0xef, 0xeb, 0x50, 0x0,

    /* U+0054 "T" */
    0x6f, 0xff, 0xff, 0xff, 0xff, 0xff, 0xf4, 0x6f,
    0xff, 0xff, 0xff, 0xff, 0xff, 0xf4, 0x5d, 0xdd,
    0xdf, 0xff, 0xed, 0xdd, 0xd4, 0x0, 0x0, 0xa,
    0xff, 0x80, 0x0, 0x0, 0x0, 0x0, 0xa, 0xff,
    0x80, 0x0, 0x0, 0x0, 0x0, 0xa, 0xff, 0x80,
    0x0, 0x0, 0x0, 0x0, 0xa, 0xff, 0x80, 0x0,
    0x0, 0x0, 0x0, 0xa, 0xff, 0x80, 0x0, 0x0,
    0x0, 0x0, 0xa, 0xff, 0x80, 0x0, 0x0, 0x0,
    0x0, 0xa, 0xff, 0x80, 0x0, 0x0, 0x0, 0x0,
    0xa, 0xff, 0x80, 0x0, 0x0, 0x0, 0x0, 0xa,
    0xff, 0x80, 0x0, 0x0, 0x0, 0x0, 0xa, 0xff,
    0x80, 0x0, 0x0, 0x0, 0x0, 0xa, 0xff, 0x80,
    0x0, 0x0, 0x0, 0x0, 0xa, 0xff, 0x80, 0x0,
    0x0, 0x0, 0x0, 0xa, 0xff, 0x80, 0x0, 0x0,
    0x0, 0x0, 0xa, 0xff, 0x80, 0x0, 0x0,

    /* U+0055 "U" */
    0x2f, 0xff, 0x0, 0x0, 0x0, 0x6f, 0xfb, 0x2f,
    0xff, 0x0, 0x0, 0x0, 0x6f, 0xfb, 0x2f, 0xff,
    0x0, 0x0, 0x0, 0x6f, 0xfb, 0x2f, 0xff, 0x0,
    0x0, 0x0, 0x6f, 0xfb, 0x2f, 0xff, 0x0, 0x0,
    0x0, 0x6f, 0xfb, 0x2f, 0xff, 0x0, 0x0, 0x0,
    0x6f, 0xfb, 0x2f, 0xff, 0x0, 0x0, 0x0, 0x6f,
    0xfb, 0x2f, 0xff, 0x0, 0x0, 0x0, 0x6f, 0xfb,
    0x2f, 0xff, 0x0, 0x0, 0x0, 0x6f, 0xfb, 0x2f,
    0xff, 0x0, 0x0, 0x0, 0x6f, 0xfb, 0x2f, 0xff,
    0x0, 0x0, 0x0, 0x7f, 0xfa, 0x1f, 0xff, 0x10,
    0x0, 0x0, 0x8f, 0xf9, 0xe, 0xff, 0x60, 0x0,
    0x0, 0xdf, 0xf7, 0xa, 0xff, 0xe3, 0x0, 0x8,
    0xff, 0xf3, 0x3, 0xff, 0xff, 0xee, 0xff, 0xff,
    0xc0, 0x0, 0x7f, 0xff, 0xff, 0xff, 0xfd, 0x10,
    0x0, 0x3, 0x9d, 0xff, 0xec, 0x70, 0x0,

    /* U+0056 "V" */
    0x7f, 0xfc, 0x0, 0x0, 0x0, 0x6, 0xff, 0xc2,
    0xff, 0xf1, 0x0, 0x0, 0x0, 0xaf, 0xf7, 0xc,
    0xff, 0x60, 0x0, 0x0, 0xf, 0xff, 0x10, 0x7f,
    0xfb, 0x0, 0x0, 0x4, 0xff, 0xc0, 0x2, 0xff,
    0xf0, 0x0, 0x0, 0x9f, 0xf7, 0x0, 0xd, 0xff,
    0x50, 0x0, 0xe, 0xff, 0x20, 0x0, 0x8f, 0xfa,
    0x0, 0x3, 0xff, 0xd0, 0x0, 0x3, 0xff, 0xe0,
    0x0, 0x8f, 0xf8, 0x0, 0x0, 0xd, 0xff, 0x30,
    0xd, 0xff, 0x20, 0x0, 0x0, 0x8f, 0xf8, 0x1,
    0xff, 0xd0, 0x0, 0x0, 0x3, 0xff, 0xc0, 0x5f,
    0xf8, 0x0, 0x0, 0x0, 0xe, 0xff, 0x9, 0xff,
    0x30, 0x0, 0x0, 0x0, 0x9f, 0xf4, 0xef, 0xe0,
    0x0, 0x0, 0x0, 0x4, 0xff, 0xbf, 0xf9, 0x0,
    0x0, 0x0, 0x0, 0xe, 0xff, 0xff, 0x40, 0x0,
    0x0, 0x0, 0x0, 0xaf, 0xff, 0xe0, 0x0, 0x0,
    0x0, 0x0, 0x4, 0xff, 0xf9, 0x0, 0x0, 0x0,

    /* U+0057 "W" */
    0x4f, 0xfe, 0x0, 0x0, 0x7, 0xff, 0xf4, 0x0,
    0x0, 0xf, 0xff, 0x0, 0xff, 0xf1, 0x0, 0x0,
    0xaf, 0xff, 0x80, 0x0, 0x3, 0xff, 0xc0, 0xc,
    0xff, 0x40, 0x0, 0xe, 0xff, 0xfc, 0x0, 0x0,
    0x6f, 0xf8, 0x0, 0x9f, 0xf8, 0x0, 0x2, 0xff,
    0xef, 0xf0, 0x0, 0x9, 0xff, 0x40, 0x5, 0xff,
    0xb0, 0x0, 0x6f, 0xf8, 0xff, 0x30, 0x0, 0xdf,
    0xf1, 0x0, 0x1f, 0xfe, 0x0, 0xa, 0xfd, 0x2f,
    0xf7, 0x0, 0xf, 0xfd, 0x0, 0x0, 0xef, 0xf1,
    0x0, 0xdf, 0x90, 0xef, 0xb0, 0x4, 0xff, 0x90,
    0x0, 0xa, 0xff, 0x50, 0x1f, 0xf5, 0xb, 0xfe,
    0x0, 0x7f, 0xf5, 0x0, 0x0, 0x6f, 0xf8, 0x5,
    0xff, 0x20, 0x7f, 0xf2, 0xa, 0xff, 0x10, 0x0,
    0x3, 0xff, 0xb0, 0x8f, 0xe0, 0x3, 0xff, 0x60,
    0xdf, 0xe0, 0x0, 0x0, 0xf, 0xfe, 0xc, 0xfa,
    0x0, 0xf, 0xf9, 0x1f, 0xfa, 0x0, 0x0, 0x0,
    0xbf, 0xf2, 0xff, 0x60, 0x0, 0xcf, 0xd4, 0xff,
    0x60, 0x0, 0x0, 0x8, 0xff, 0x9f, 0xf2, 0x0,
    0x8, 0xff, 0x8f, 0xf2, 0x0, 0x0, 0x0, 0x4f,
    0xff, 0xfe, 0x0, 0x0, 0x4f, 0xff, 0xff, 0x0,
    0x0, 0x0, 0x1, 0xff, 0xff, 0xb0, 0x0, 0x0,
    0xff, 0xff, 0xb0, 0x0, 0x0, 0x0, 0xd, 0xff,
    0xf7, 0x0, 0x0, 0xc, 0xff, 0xf7, 0x0, 0x0,
    0x0, 0x0, 0x9f, 0xff, 0x30, 0x0, 0x0, 0x9f,
    0xff, 0x30, 0x0, 0x0,

    /* U+0058 "X" */
    0x1e, 0xff, 0xa0, 0x0, 0x0, 0xb, 0xff, 0xb0,
    0x6, 0xff, 0xf4, 0x0, 0x0, 0x4f, 0xff, 0x20,
    0x0, 0xcf, 0xfd, 0x0, 0x0, 0xdf, 0xf7, 0x0,
    0x0, 0x2f, 0xff, 0x60, 0x7, 0xff, 0xd0, 0x0,
    0x0, 0x8, 0xff, 0xe1, 0x2f, 0xff, 0x30, 0x0,
    0x0, 0x0, 0xdf, 0xf9, 0xbf, 0xf9, 0x0, 0x0,
    0x0, 0x0, 0x4f, 0xff, 0xff, 0xe0, 0x0, 0x0,
    0x0, 0x0, 0xa, 0xff, 0xff, 0x40, 0x0, 0x0,
    0x0, 0x0, 0x5, 0xff, 0xff, 0x0, 0x0, 0x0,
    0x0, 0x0, 0xd, 0xff, 0xff, 0x90, 0x0, 0x0,
    0x0, 0x0, 0x8f, 0xfc, 0xff, 0xf3, 0x0, 0x0,
    0x0, 0x2, 0xff, 0xf1, 0xaf, 0xfd, 0x0, 0x0,
    0x0, 0xc, 0xff, 0x80, 0x1f, 0xff, 0x70, 0x0,
    0x0, 0x6f, 0xfe, 0x0, 0x7, 0xff, 0xf2, 0x0,
    0x1, 0xef, 0xf5, 0x0, 0x0, 0xdf, 0xfb, 0x0,
    0xa, 0xff, 0xc0, 0x0, 0x0, 0x4f, 0xff, 0x50,
    0x4f, 0xff, 0x30, 0x0, 0x0, 0xb, 0xff, 0xe1,

    /* U+0059 "Y" */
    0x7f, 0xff, 0x10, 0x0, 0x0, 0xc, 0xff, 0xa0,
    0xef, 0xf9, 0x0, 0x0, 0x5, 0xff, 0xf1, 0x6,
    0xff, 0xf2, 0x0, 0x0, 0xdf, 0xf8, 0x0, 0xd,
    0xff, 0xa0, 0x0, 0x5f, 0xfe, 0x0, 0x0, 0x4f,
    0xff, 0x30, 0xd, 0xff, 0x60, 0x0, 0x0, 0xbf,
    0xfb, 0x6, 0xff, 0xd0, 0x0, 0x0, 0x2, 0xff,
    0xf5, 0xef, 0xf4, 0x0, 0x0, 0x0, 0x9, 0xff,
    0xff, 0xfb, 0x0, 0x0, 0x0, 0x0, 0x1f, 0xff,
    0xff, 0x20, 0x0, 0x0, 0x0, 0x0, 0x7f, 0xff,
    0x90, 0x0, 0x0, 0x0, 0x0, 0x0, 0xff, 0xf3,
    0x0, 0x0, 0x0, 0x0, 0x0, 0xf, 0xff, 0x20,
    0x0, 0x0, 0x0, 0x0, 0x0, 0xff, 0xf2, 0x0,
    0x0, 0x0, 0x0, 0x0, 0xf, 0xff, 0x20, 0x0,
    0x0, 0x0, 0x0, 0x0, 0xff, 0xf2, 0x0, 0x0,
    0x0, 0x0, 0x0, 0xf, 0xff, 0x20, 0x0, 0x0,
    0x0, 0x0, 0x0, 0xff, 0xf2, 0x0, 0x0, 0x0,

    /* U+005A "Z" */
    0xa, 0xff, 0xff, 0xff, 0xff, 0xff, 0xf3, 0xa,
    0xff, 0xff, 0xff, 0xff, 0xff, 0xf3, 0x9, 0xdd,
    0xdd, 0xdd, 0xde, 0xff, 0xf3, 0x0, 0x0, 0x0,
    0x0, 0xd, 0xff, 0xb0, 0x0, 0x0, 0x0, 0x0,
    0xaf, 0xfe, 0x10, 0x0, 0x0, 0x0, 0x7, 0xff,
    0xf3, 0x0, 0x0, 0x0, 0x0, 0x3f, 0xff, 0x60,
    0x0, 0x0, 0x0, 0x1, 0xef, 0xfa, 0x0, 0x0,
    0x0, 0x0, 0xc, 0xff, 0xd0, 0x0, 0x0, 0x0,
    0x0, 0x8f, 0xff, 0x20, 0x0, 0x0, 0x0, 0x4,
    0xff, 0xf5, 0x0, 0x0, 0x0, 0x0, 0x2e, 0xff,
    0x90, 0x0, 0x0, 0x0, 0x0, 0xcf, 0xfc, 0x0,
    0x0, 0x0, 0x0, 0x9, 0xff, 0xe1, 0x0, 0x0,
    0x0, 0x0, 0x1f, 0xff, 0xed, 0xdd, 0xdd, 0xdd,
    0xd6, 0x1f, 0xff, 0xff, 0xff, 0xff, 0xff, 0xf7,
    0x1f, 0xff, 0xff, 0xff, 0xff, 0xff, 0xf7,

    /* U+005B "[" */
    0xf, 0xff, 0xfa, 0xf, 0xff, 0xfa, 0xf, 0xfd,
    0x32, 0xf, 0xfc, 0x0, 0xf, 0xfc, 0x0, 0xf,
    0xfc, 0x0, 0xf, 0xfc, 0x0, 0xf, 0xfc, 0x0,
    0xf, 0xfc, 0x0, 0xf, 0xfc, 0x0, 0xf, 0xfc,
    0x0, 0xf, 0xfc, 0x0, 0xf, 0xfc, 0x0, 0xf,
    0xfc, 0x0, 0xf, 0xfc, 0x0, 0xf, 0xfc, 0x0,
    0xf, 0xfc, 0x0, 0xf, 0xfc, 0x0, 0xf, 0xfc,
    0x0, 0xf, 0xfd, 0x32, 0xf, 0xff, 0xfa, 0xf,
    0xff, 0xfa,

    /* U+005C "\\" */
    0xe, 0xf9, 0x0, 0x0, 0x0, 0x0, 0xaf, 0xe0,
    0x0, 0x0, 0x0, 0x4, 0xff, 0x40, 0x0, 0x0,
    0x0, 0xf, 0xf9, 0x0, 0x0, 0x0, 0x0, 0xaf,
    0xe0, 0x0, 0x0, 0x0, 0x5, 0xff, 0x30, 0x0,
    0x0, 0x0, 0xf, 0xf8, 0x0, 0x0, 0x0, 0x0,
    0xbf, 0xd0, 0x0, 0x0, 0x0, 0x6, 0xff, 0x20,
    0x0, 0x0, 0x0, 0x1f, 0xf7, 0x0, 0x0, 0x0,
    0x0, 0xbf, 0xd0, 0x0, 0x0, 0x0, 0x6, 0xff,
    0x20, 0x0, 0x0, 0x0, 0x1f, 0xf7, 0x0, 0x0,
    0x0, 0x0, 0xcf, 0xc0, 0x0, 0x0, 0x0, 0x7,
    0xff, 0x10, 0x0, 0x0, 0x0, 0x2f, 0xf6, 0x0,
    0x0, 0x0, 0x0, 0xdf, 0xb0, 0x0, 0x0, 0x0,
    0x8, 0xff, 0x10, 0x0, 0x0, 0x0, 0x2f, 0xf6,
    0x0, 0x0, 0x0, 0x0, 0xdf, 0xb0, 0x0, 0x0,
    0x0, 0x8, 0xff, 0x0, 0x0, 0x0, 0x0, 0x28,
    0x82,

    /* U+005D "]" */
    0xbf, 0xff, 0xeb, 0xff, 0xfe, 0x23, 0xef, 0xe0,
    0xe, 0xfe, 0x0, 0xef, 0xe0, 0xe, 0xfe, 0x0,
    0xef, 0xe0, 0xe, 0xfe, 0x0, 0xef, 0xe0, 0xe,
    0xfe, 0x0, 0xef, 0xe0, 0xe, 0xfe, 0x0, 0xef,
    0xe0, 0xe, 0xfe, 0x0, 0xef, 0xe0, 0xe, 0xfe,
    0x0, 0xef, 0xe0, 0xe, 0xfe, 0x0, 0xef, 0xe2,
    0x3e, 0xfe, 0xbf, 0xff, 0xeb, 0xff, 0xfe,

    /* U+005E "^" */
    0x0, 0x0, 0x5f, 0xfc, 0x0, 0x0, 0x0, 0x0,
    0xe, 0xff, 0xf5, 0x0, 0x0, 0x0, 0x7, 0xff,
    0xff, 0xd0, 0x0, 0x0, 0x1, 0xef, 0xeb, 0xff,
    0x60, 0x0, 0x0, 0x8f, 0xf6, 0x2f, 0xfe, 0x0,
    0x0, 0x1f, 0xfd, 0x0, 0x9f, 0xf8, 0x0, 0x9,
    0xff, 0x50, 0x1, 0xff, 0xf1, 0x2, 0xff, 0xc0,
    0x0, 0x8, 0xff, 0x90, 0xbf, 0xf4, 0x0, 0x0,
    0xe, 0xff, 0x22, 0xab, 0x0, 0x0, 0x0, 0x7c,
    0x50, 0x0, 0x0, 0x0, 0x0, 0x0, 0x0, 0x0,

    /* U+005F "_" */
    0x2a, 0xaa, 0xaa, 0xaa, 0xaa, 0xaa, 0x74, 0xff,
    0xff, 0xff, 0xff, 0xff, 0xfb, 0x4f, 0xff, 0xff,
    0xff, 0xff, 0xff, 0xb0,

    /* U+0060 "`" */
    0x0, 0x25, 0x0, 0x9, 0xff, 0x10, 0x8, 0xff,
    0x80, 0x0, 0xcf, 0xf1, 0x0, 0x2f, 0xf8, 0x0,
    0x5, 0x91,

    /* U+0061 "a" */
    0x0, 0x6, 0xce, 0xfe, 0xa3, 0x0, 0x0, 0xc,
    0xff, 0xff, 0xff, 0xf6, 0x0, 0x5, 0xff, 0xd8,
    0x8d, 0xff, 0xf1, 0x0, 0x4, 0x80, 0x0, 0xd,
    0xff, 0x50, 0x0, 0x0, 0x0, 0x0, 0xaf, 0xf7,
    0x0, 0x1, 0x7b, 0xdd, 0xef, 0xff, 0x70, 0x2,
    0xef, 0xff, 0xff, 0xff, 0xf7, 0x0, 0xcf, 0xf9,
    0x10, 0xa, 0xff, 0x70, 0xf, 0xff, 0x0, 0x0,
    0xaf, 0xf7, 0x1, 0xff, 0xf1, 0x0, 0xc, 0xff,
    0x70, 0xe, 0xff, 0xb5, 0x5b, 0xef, 0xfb, 0x50,
    0x6f, 0xff, 0xff, 0xf3, 0xff, 0xfb, 0x0, 0x6d,
    0xfe, 0xb3, 0x6, 0xef, 0xb0,

    /* U+0062 "b" */
    0x3f, 0xfd, 0x0, 0x0, 0x0, 0x0, 0x3, 0xff,
    0xd0, 0x0, 0x0, 0x0, 0x0, 0x3f, 0xfd, 0x0,
    0x0, 0x0, 0x0, 0x3, 0xff, 0xd0, 0x0, 0x0,
    0x0, 0x0, 0x3f, 0xfd, 0x0, 0x0, 0x0, 0x0,
    0x3, 0xff, 0xd0, 0x7d, 0xfd, 0x80, 0x0, 0x3f,
    0xfd, 0x9f, 0xff, 0xff, 0xc0, 0x3, 0xff, 0xff,
    0xb9, 0xcf, 0xff, 0x80, 0x3f, 0xff, 0x40, 0x0,
    0x9f, 0xfe, 0x3, 0xff, 0xd0, 0x0, 0x0, 0xff,
    0xf2, 0x3f, 0xfd, 0x0, 0x0, 0xe, 0xff, 0x43,
    0xff, 0xd0, 0x0, 0x0, 0xef, 0xf4, 0x3f, 0xfd,
    0x0, 0x0, 0xe, 0xff, 0x43, 0xff, 0xe0, 0x0,
    0x0, 0xff, 0xf2, 0x3f, 0xff, 0x40, 0x0, 0x9f,
    0xfe, 0x3, 0xff, 0xff, 0xb9, 0xdf, 0xff, 0x80,
    0x3f, 0xfd, 0x9f, 0xff, 0xff, 0xc0, 0x3, 0xff,
    0xd0, 0x7d, 0xfd, 0x80, 0x0,

    /* U+0063 "c" */
    0x0, 0x2, 0x9e, 0xfe, 0xb4, 0x0, 0x0, 0x4f,
    0xff, 0xff, 0xff, 0x80, 0x1, 0xff, 0xfc, 0x8a,
    0xff, 0xf4, 0x8, 0xff, 0xb0, 0x0, 0x4f, 0xa3,
    0xd, 0xff, 0x40, 0x0, 0x1, 0x0, 0xf, 0xff,
    0x20, 0x0, 0x0, 0x0, 0xf, 0xff, 0x20, 0x0,
    0x0, 0x0, 0xf, 0xff, 0x20, 0x0, 0x0, 0x0,
    0xd, 0xff, 0x40, 0x0, 0x3, 0x0, 0x8, 0xff,
    0xb0, 0x0, 0x3f, 0xe5, 0x1, 0xff, 0xfc, 0x9a,
    0xff, 0xf4, 0x0, 0x4f, 0xff, 0xff, 0xff, 0x80,
    0x0, 0x2, 0x9e, 0xfe, 0xb4, 0x0,

    /* U+0064 "d" */
    0x0, 0x0, 0x0, 0x0, 0x7f, 0xfa, 0x0, 0x0,
    0x0, 0x0, 0x7f, 0xfa, 0x0, 0x0, 0x0, 0x0,
    0x7f, 0xfa, 0x0, 0x0, 0x0, 0x0, 0x7f, 0xfa,
    0x0, 0x0, 0x0, 0x0, 0x7f, 0xfa, 0x0, 0x5c,
    0xfe, 0xa2, 0x7f, 0xfa, 0x7, 0xff, 0xff, 0xfe,
    0x8f, 0xfa, 0x2f, 0xff, 0xea, 0x9e, 0xef, 0xfa,
    0x8f, 0xfe, 0x10, 0x0, 0xdf, 0xfa, 0xcf, 0xf7,
    0x0, 0x0, 0x7f, 0xfa, 0xdf, 0xf4, 0x0, 0x0,
    0x7f, 0xfa, 0xef, 0xf4, 0x0, 0x0, 0x7f, 0xfa,
    0xdf, 0xf4, 0x0, 0x0, 0x7f, 0xfa, 0xbf, 0xf7,
    0x0, 0x0, 0x7f, 0xfa, 0x8f, 0xfe, 0x10, 0x0,
    0xdf, 0xfa, 0x2f, 0xff, 0xea, 0xae, 0xef, 0xfa,
    0x7, 0xff, 0xff, 0xfe, 0x8f, 0xfa, 0x0, 0x5c,
    0xfe, 0xa2, 0x7f, 0xfa,

    /* U+0065 "e" */
    0x0, 0x1, 0x9d, 0xfe, 0xc6, 0x0, 0x0, 0x4,
    0xff, 0xff, 0xff, 0xfb, 0x0, 0x1, 0xef, 0xfa,
    0x67, 0xef, 0xf8, 0x0, 0x8f, 0xf9, 0x0, 0x1,
    0xff, 0xf0, 0xd, 0xff, 0x30, 0x0, 0xc, 0xff,
    0x40, 0xff, 0xff, 0xff, 0xff, 0xff, 0xf6, 0xf,
    0xff, 0xff, 0xff, 0xff, 0xff, 0x70, 0xff, 0xf2,
    0x0, 0x0, 0x0, 0x0, 0xd, 0xff, 0x50, 0x0,
    0x0, 0x10, 0x0, 0x8f, 0xfc, 0x0, 0x0, 0x6e,
    0x20, 0x1, 0xef, 0xfe, 0x98, 0xbf, 0xfc, 0x0,
    0x3, 0xef, 0xff, 0xff, 0xfe, 0x40, 0x0, 0x1,
    0x8d, 0xff, 0xd8, 0x10, 0x0,

    /* U+0066 "f" */
    0x0, 0x4, 0xcf, 0xff, 0x0, 0x2, 0xff, 0xff,
    0xf0, 0x0, 0x7f, 0xfb, 0x77, 0x0, 0x9, 0xff,
    0x70, 0x0, 0x0, 0x9f, 0xf7, 0x0, 0x7, 0xff,
    0xff, 0xff, 0xf0, 0x7f, 0xff, 0xff, 0xff, 0x3,
    0x7c, 0xff, 0xb7, 0x70, 0x0, 0x9f, 0xf7, 0x0,
    0x0, 0x9, 0xff, 0x70, 0x0, 0x0, 0x9f, 0xf7,
    0x0, 0x0, 0x9, 0xff, 0x70, 0x0, 0x0, 0x9f,
    0xf7, 0x0, 0x0, 0x9, 0xff, 0x70, 0x0, 0x0,
    0x9f, 0xf7, 0x0, 0x0, 0x9, 0xff, 0x70, 0x0,
    0x0, 0x9f, 0xf7, 0x0, 0x0, 0x9, 0xff, 0x70,
    0x0,

    /* U+0067 "g" */
    0x0, 0x0, 0x0, 0x0, 0xb, 0xff, 0x60, 0x0,
    0x0, 0x0, 0x0, 0x4f, 0xff, 0x60, 0x0, 0x6,
    0xce, 0xfe, 0xde, 0x66, 0x20, 0x0, 0xbf, 0xff,
    0xff, 0xff, 0xa0, 0x0, 0x5, 0xff, 0xd4, 0x24,
    0xdf, 0xf5, 0x0, 0xa, 0xff, 0x50, 0x0, 0x5f,
    0xf9, 0x0, 0xa, 0xff, 0x40, 0x0, 0x4f, 0xfa,
    0x0, 0x6, 0xff, 0xc2, 0x2, 0xcf, 0xf6, 0x0,
    0x0, 0xcf, 0xff, 0xff, 0xff, 0xc0, 0x0, 0x0,
    0xc, 0xff, 0xff, 0xe8, 0x0, 0x0, 0x1, 0xde,
    0x10, 0x10, 0x0, 0x0, 0x0, 0x9, 0xfc, 0x0,
    0x0, 0x0, 0x0, 0x0, 0xa, 0xff, 0xdb, 0xbb,
    0xba, 0x71, 0x0, 0x3, 0xff, 0xff, 0xff, 0xff,
    0xff, 0x30, 0x0, 0x7f, 0xff, 0xff, 0xff, 0xff,
    0xd0, 0xc, 0xf6, 0x0, 0x0, 0x4, 0xff, 0xf0,
    0x3f, 0xf3, 0x0, 0x0, 0x0, 0xdf, 0xf0, 0x4f,
    0xfc, 0x42, 0x22, 0x39, 0xff, 0xc0, 0xc, 0xff,
    0xff, 0xff, 0xff, 0xfe, 0x30, 0x0, 0x6b, 0xef,
    0xff, 0xeb, 0x71, 0x0,

    /* U+0068 "h" */
    0x3f, 0xfd, 0x0, 0x0, 0x0, 0x0, 0x3f, 0xfd,
    0x0, 0x0, 0x0, 0x0, 0x3f, 0xfd, 0x0, 0x0,
    0x0, 0x0, 0x3f, 0xfd, 0x0, 0x0, 0x0, 0x0,
    0x3f, 0xfd, 0x0, 0x0, 0x0, 0x0, 0x3f, 0xfd,
    0x7, 0xdf, 0xd7, 0x0, 0x3f, 0xfd, 0x8f, 0xff,
    0xff, 0x90, 0x3f, 0xfe, 0xfb, 0x9d, 0xff, 0xf1,
    0x3f, 0xff, 0x40, 0x0, 0xef, 0xf5, 0x3f, 0xfe,
    0x0, 0x0, 0xaf, 0xf7, 0x3f, 0xfd, 0x0, 0x0,
    0x9f, 0xf7, 0x3f, 0xfd, 0x0, 0x0, 0x9f, 0xf7,
    0x3f, 0xfd, 0x0, 0x0, 0x9f, 0xf7, 0x3f, 0xfd,
    0x0, 0x0, 0x9f, 0xf7, 0x3f, 0xfd, 0x0, 0x0,
    0x9f, 0xf7, 0x3f, 0xfd, 0x0, 0x0, 0x9f, 0xf7,
    0x3f, 0xfd, 0x0, 0x0, 0x9f, 0xf7, 0x3f, 0xfd,
    0x0, 0x0, 0x9f, 0xf7,

    /* U+0069 "i" */
    0x2d, 0xf9, 0x7, 0xff, 0xf1, 0x6f, 0xff, 0x0,
    0x79, 0x40, 0x0, 0x0, 0x3, 0xff, 0xd0, 0x3f,
    0xfd, 0x3, 0xff, 0xd0, 0x3f, 0xfd, 0x3, 0xff,
    0xd0, 0x3f, 0xfd, 0x3, 0xff, 0xd0, 0x3f, 0xfd,
    0x3, 0xff, 0xd0, 0x3f, 0xfd, 0x3, 0xff, 0xd0,
    0x3f, 0xfd, 0x3, 0xff, 0xd0,

    /* U+006A "j" */
    0x0, 0x2d, 0xf9, 0x0, 0x7, 0xff, 0xf1, 0x0,
    0x6f, 0xff, 0x0, 0x0, 0x79, 0x40, 0x0, 0x0,
    0x0, 0x0, 0x3, 0xff, 0xd0, 0x0, 0x3f, 0xfd,
    0x0, 0x3, 0xff, 0xd0, 0x0, 0x3f, 0xfd, 0x0,
    0x3, 0xff, 0xd0, 0x0, 0x3f, 0xfd, 0x0, 0x3,
    0xff, 0xd0, 0x0, 0x3f, 0xfd, 0x0, 0x3, 0xff,
    0xd0, 0x0, 0x3f, 0xfd, 0x0, 0x3, 0xff, 0xd0,
    0x0, 0x3f, 0xfd, 0x0, 0x3, 0xff, 0xd0, 0x0,
    0x3f, 0xfd, 0x0, 0x3, 0xff, 0xd0, 0x17, 0x9f,
    0xfb, 0x2, 0xff, 0xff, 0x60, 0x2f, 0xfd, 0x70,
    0x0,

    /* U+006B "k" */
    0x3f, 0xfd, 0x0, 0x0, 0x0, 0x0, 0x3, 0xff,
    0xd0, 0x0, 0x0, 0x0, 0x0, 0x3f, 0xfd, 0x0,
    0x0, 0x0, 0x0, 0x3, 0xff, 0xd0, 0x0, 0x0,
    0x0, 0x0, 0x3f, 0xfd, 0x0, 0x0, 0x0, 0x0,
    0x3, 0xff, 0xd0, 0x0, 0x1e, 0xff, 0x70, 0x3f,
    0xfd, 0x0, 0xc, 0xff, 0x90, 0x3, 0xff, 0xd0,
    0xa, 0xff, 0xb0, 0x0, 0x3f, 0xfd, 0x7, 0xff,
    0xd1, 0x0, 0x3, 0xff, 0xd3, 0xff, 0xe2, 0x0,
    0x0, 0x3f, 0xfe, 0xdf, 0xfd, 0x0, 0x0, 0x3,
    0xff, 0xff, 0xff, 0xf7, 0x0, 0x0, 0x3f, 0xff,
    0xf8, 0xff, 0xf1, 0x0, 0x3, 0xff, 0xf5, 0xc,
    0xff, 0xa0, 0x0, 0x3f, 0xfd, 0x0, 0x3f, 0xff,
    0x40, 0x3, 0xff, 0xd0, 0x0, 0xaf, 0xfd, 0x0,
    0x3f, 0xfd, 0x0, 0x2, 0xff, 0xf7, 0x3, 0xff,
    0xd0, 0x0, 0x8, 0xff, 0xf1,

    /* U+006C "l" */
    0x3f, 0xfd, 0x0, 0x3f, 0xfd, 0x0, 0x3f, 0xfd,
    0x0, 0x3f, 0xfd, 0x0, 0x3f, 0xfd, 0x0, 0x3f,
    0xfd, 0x0, 0x3f, 0xfd, 0x0, 0x3f, 0xfd, 0x0,
    0x3f, 0xfd, 0x0, 0x3f, 0xfd, 0x0, 0x3f, 0xfd,
    0x0, 0x3f, 0xfd, 0x0, 0x3f, 0xfd, 0x0, 0x3f,
    0xfd, 0x0, 0x3f, 0xfd, 0x0, 0x2f, 0xfe, 0x73,
    0xd, 0xff, 0xf8, 0x2, 0xcf, 0xf8,

    /* U+006D "m" */
    0x3f, 0xfd, 0x8, 0xef, 0xc5, 0x0, 0x4c, 0xfe,
    0xa1, 0x3, 0xff, 0xd8, 0xff, 0xff, 0xf5, 0x6f,
    0xff, 0xff, 0xc0, 0x3f, 0xff, 0xfa, 0x9e, 0xff,
    0xee, 0xc9, 0xcf, 0xff, 0x43, 0xff, 0xf4, 0x0,
    0x3f, 0xff, 0xa0, 0x0, 0xcf, 0xf8, 0x3f, 0xfe,
    0x0, 0x0, 0xef, 0xf4, 0x0, 0x7, 0xff, 0xa3,
    0xff, 0xd0, 0x0, 0xd, 0xff, 0x40, 0x0, 0x6f,
    0xfb, 0x3f, 0xfd, 0x0, 0x0, 0xdf, 0xf4, 0x0,
    0x6, 0xff, 0xb3, 0xff, 0xd0, 0x0, 0xd, 0xff,
    0x40, 0x0, 0x6f, 0xfb, 0x3f, 0xfd, 0x0, 0x0,
    0xdf, 0xf4, 0x0, 0x6, 0xff, 0xb3, 0xff, 0xd0,
    0x0, 0xd, 0xff, 0x40, 0x0, 0x6f, 0xfb, 0x3f,
    0xfd, 0x0, 0x0, 0xdf, 0xf4, 0x0, 0x6, 0xff,
    0xb3, 0xff, 0xd0, 0x0, 0xd, 0xff, 0x40, 0x0,
    0x6f, 0xfb, 0x3f, 0xfd, 0x0, 0x0, 0xdf, 0xf4,
    0x0, 0x6, 0xff, 0xb0,

    /* U+006E "n" */
    0x3f, 0xfd, 0x7, 0xdf, 0xd7, 0x0, 0x3f, 0xfd,
    0x8f, 0xff, 0xff, 0x90, 0x3f, 0xff, 0xfb, 0x9d,
    0xff, 0xf1, 0x3f, 0xff, 0x40, 0x0, 0xef, 0xf5,
    0x3f, 0xfe, 0x0, 0x0, 0xaf, 0xf7, 0x3f, 0xfd,
    0x0, 0x0, 0x9f, 0xf7, 0x3f, 0xfd, 0x0, 0x0,
    0x9f, 0xf7, 0x3f, 0xfd, 0x0, 0x0, 0x9f, 0xf7,
    0x3f, 0xfd, 0x0, 0x0, 0x9f, 0xf7, 0x3f, 0xfd,
    0x0, 0x0, 0x9f, 0xf7, 0x3f, 0xfd, 0x0, 0x0,
    0x9f, 0xf7, 0x3f, 0xfd, 0x0, 0x0, 0x9f, 0xf7,
    0x3f, 0xfd, 0x0, 0x0, 0x9f, 0xf7,

    /* U+006F "o" */
    0x0, 0x1, 0x9d, 0xfe, 0xb5, 0x0, 0x0, 0x4,
    0xff, 0xff, 0xff, 0xfa, 0x0, 0x1, 0xef, 0xfc,
    0x8a, 0xff, 0xf8, 0x0, 0x8f, 0xfb, 0x0, 0x3,
    0xff, 0xf1, 0xd, 0xff, 0x40, 0x0, 0xc, 0xff,
    0x50, 0xff, 0xf2, 0x0, 0x0, 0xaf, 0xf8, 0xf,
    0xff, 0x20, 0x0, 0xa, 0xff, 0x80, 0xff, 0xf2,
    0x0, 0x0, 0xaf, 0xf8, 0xd, 0xff, 0x40, 0x0,
    0xc, 0xff, 0x50, 0x8f, 0xfb, 0x0, 0x3, 0xff,
    0xf1, 0x1, 0xef, 0xfd, 0x9a, 0xff, 0xf8, 0x0,
    0x3, 0xff, 0xff, 0xff, 0xfa, 0x0, 0x0, 0x1,
    0x9d, 0xfe, 0xb5, 0x0, 0x0,

    /* U+0070 "p" */
    0x3f, 0xfd, 0x7, 0xdf, 0xd8, 0x0, 0x3, 0xff,
    0xd9, 0xff, 0xff, 0xfc, 0x0, 0x3f, 0xff, 0xfb,
    0x9c, 0xff, 0xf8, 0x3, 0xff, 0xf4, 0x0, 0x9,
    0xff, 0xe0, 0x3f, 0xfd, 0x0, 0x0, 0xf, 0xff,
    0x23, 0xff, 0xd0, 0x0, 0x0, 0xef, 0xf4, 0x3f,
    0xfd, 0x0, 0x0, 0xe, 0xff, 0x43, 0xff, 0xd0,
    0x0, 0x0, 0xef, 0xf4, 0x3f, 0xfe, 0x0, 0x0,
    0xf, 0xff, 0x23, 0xff, 0xf4, 0x0, 0x9, 0xff,
    0xe0, 0x3f, 0xff, 0xfb, 0x9d, 0xff, 0xf8, 0x3,
    0xff, 0xd9, 0xff, 0xff, 0xfc, 0x0, 0x3f, 0xfd,
    0x7, 0xdf, 0xd8, 0x0, 0x3, 0xff, 0xd0, 0x0,
    0x0, 0x0, 0x0, 0x3f, 0xfd, 0x0, 0x0, 0x0,
    0x0, 0x3, 0xff, 0xd0, 0x0, 0x0, 0x0, 0x0,
    0x3f, 0xfd, 0x0, 0x0, 0x0, 0x0, 0x3, 0xff,
    0xd0, 0x0, 0x0, 0x0, 0x0,

    /* U+0071 "q" */
    0x0, 0x5c, 0xfe, 0xa2, 0x7f, 0xfa, 0x7, 0xff,
    0xff, 0xfe, 0x8f, 0xfa, 0x2f, 0xff, 0xea, 0x9e,
    0xef, 0xfa, 0x8f, 0xfe, 0x10, 0x0, 0xdf, 0xfa,
    0xcf, 0xf7, 0x0, 0x0, 0x7f, 0xfa, 0xdf, 0xf4,
    0x0, 0x0, 0x7f, 0xfa, 0xef, 0xf4, 0x0, 0x0,
    0x7f, 0xfa, 0xdf, 0xf4, 0x0, 0x0, 0x7f, 0xfa,
    0xbf, 0xf7, 0x0, 0x0, 0x7f, 0xfa, 0x8f, 0xfe,
    0x10, 0x0, 0xdf, 0xfa, 0x2f, 0xff, 0xea, 0xae,
    0xef, 0xfa, 0x7, 0xff, 0xff, 0xfe, 0x8f, 0xfa,
    0x0, 0x5c, 0xfe, 0xa2, 0x7f, 0xfa, 0x0, 0x0,
    0x0, 0x0, 0x7f, 0xfa, 0x0, 0x0, 0x0, 0x0,
    0x7f, 0xfa, 0x0, 0x0, 0x0, 0x0, 0x7f, 0xfa,
    0x0, 0x0, 0x0, 0x0, 0x7f, 0xfa, 0x0, 0x0,
    0x0, 0x0, 0x7f, 0xfa,

    /* U+0072 "r" */
    0x3f, 0xfd, 0x7, 0xdf, 0x3f, 0xfd, 0x8f, 0xff,
    0x3f, 0xfe, 0xff, 0xfe, 0x3f, 0xff, 0x92, 0x0,
    0x3f, 0xff, 0x0, 0x0, 0x3f, 0xfd, 0x0, 0x0,
    0x3f, 0xfd, 0x0, 0x0, 0x3f, 0xfd, 0x0, 0x0,
    0x3f, 0xfd, 0x0, 0x0, 0x3f, 0xfd, 0x0, 0x0,
    0x3f, 0xfd, 0x0, 0x0, 0x3f, 0xfd, 0x0, 0x0,
    0x3f, 0xfd, 0x0, 0x0,

    /* U+0073 "s" */
    0x0, 0x7, 0xdf, 0xfd, 0x81, 0x0, 0x1, 0xef,
    0xff, 0xff, 0xff, 0x40, 0x9, 0xff, 0xd8, 0x8c,
    0xff, 0x40, 0xd, 0xff, 0x20, 0x0, 0x64, 0x0,
    0xd, 0xff, 0x60, 0x0, 0x0, 0x0, 0x8, 0xff,
    0xfe, 0xc9, 0x50, 0x0, 0x0, 0xaf, 0xff, 0xff,
    0xfd, 0x20, 0x0, 0x3, 0x7a, 0xdf, 0xff, 0xb0,
    0x0, 0x0, 0x0, 0x2, 0xff, 0xf0, 0x2, 0xe5,
    0x0, 0x0, 0xff, 0xf0, 0x1e, 0xff, 0xc8, 0x8d,
    0xff, 0xa0, 0x6, 0xff, 0xff, 0xff, 0xfd, 0x10,
    0x0, 0x29, 0xdf, 0xfd, 0x80, 0x0,

    /* U+0074 "t" */
    0x0, 0x3f, 0xf8, 0x0, 0x0, 0x3, 0xff, 0x80,
    0x0, 0x0, 0x7f, 0xf8, 0x0, 0x6, 0xff, 0xff,
    0xff, 0xf1, 0x6f, 0xff, 0xff, 0xff, 0x13, 0x7c,
    0xff, 0xc7, 0x70, 0x0, 0x8f, 0xf8, 0x0, 0x0,
    0x8, 0xff, 0x80, 0x0, 0x0, 0x8f, 0xf8, 0x0,
    0x0, 0x8, 0xff, 0x80, 0x0, 0x0, 0x8f, 0xf8,
    0x0, 0x0, 0x8, 0xff, 0x80, 0x0, 0x0, 0x8f,
    0xf8, 0x0, 0x0, 0x6, 0xff, 0xc7, 0x60, 0x0,
    0x2f, 0xff, 0xfe, 0x0, 0x0, 0x4c, 0xff, 0xe0,

    /* U+0075 "u" */
    0x6f, 0xfb, 0x0, 0x0, 0xbf, 0xf5, 0x6f, 0xfb,
    0x0, 0x0, 0xbf, 0xf5, 0x6f, 0xfb, 0x0, 0x0,
    0xbf, 0xf5, 0x6f, 0xfb, 0x0, 0x0, 0xbf, 0xf5,
    0x6f, 0xfb, 0x0, 0x0, 0xbf, 0xf5, 0x6f, 0xfb,
    0x0, 0x0, 0xbf, 0xf5, 0x6f, 0xfb, 0x0, 0x0,
    0xbf, 0xf5, 0x6f, 0xfb, 0x0, 0x0, 0xbf, 0xf5,
    0x5f, 0xfc, 0x0, 0x0, 0xcf, 0xf5, 0x3f, 0xff,
    0x20, 0x3, 0xff, 0xf5, 0xf, 0xff, 0xea, 0xbf,
    0xef, 0xf5, 0x7, 0xff, 0xff, 0xfa, 0xbf, 0xf5,
    0x0, 0x6d, 0xfe, 0x80, 0xbf, 0xf5,

    /* U+0076 "v" */
    0x8f, 0xf7, 0x0, 0x0, 0xc, 0xff, 0x23, 0xff,
    0xc0, 0x0, 0x1, 0xff, 0xd0, 0xe, 0xff, 0x10,
    0x0, 0x5f, 0xf8, 0x0, 0x9f, 0xf6, 0x0, 0xa,
    0xff, 0x20, 0x4, 0xff, 0xb0, 0x0, 0xff, 0xd0,
    0x0, 0xe, 0xff, 0x0, 0x4f, 0xf8, 0x0, 0x0,
    0xaf, 0xf4, 0x8, 0xff, 0x30, 0x0, 0x4, 0xff,
    0x80, 0xdf, 0xe0, 0x0, 0x0, 0xf, 0xfd, 0x1f,
    0xf9, 0x0, 0x0, 0x0, 0xaf, 0xf7, 0xff, 0x30,
    0x0, 0x0, 0x5, 0xff, 0xff, 0xe0, 0x0, 0x0,
    0x0, 0xf, 0xff, 0xf9, 0x0, 0x0, 0x0, 0x0,
    0xbf, 0xff, 0x40, 0x0, 0x0,

    /* U+0077 "w" */
    0x5f, 0xf9, 0x0, 0x0, 0xaf, 0xf6, 0x0, 0x0,
    0xdf, 0xf0, 0x1f, 0xfd, 0x0, 0x0, 0xef, 0xfa,
    0x0, 0x1, 0xff, 0xb0, 0xc, 0xff, 0x10, 0x3,
    0xff, 0xff, 0x0, 0x4, 0xff, 0x70, 0x8, 0xff,
    0x50, 0x7, 0xff, 0xff, 0x30, 0x8, 0xff, 0x30,
    0x4, 0xff, 0x90, 0xc, 0xf9, 0xff, 0x80, 0xc,
    0xfe, 0x0, 0x0, 0xff, 0xc0, 0xf, 0xf5, 0xbf,
    0xc0, 0xf, 0xfa, 0x0, 0x0, 0xbf, 0xf0, 0x4f,
    0xf1, 0x6f, 0xf1, 0x3f, 0xf6, 0x0, 0x0, 0x7f,
    0xf4, 0x8f, 0xc0, 0x2f, 0xf5, 0x7f, 0xf2, 0x0,
    0x0, 0x3f, 0xf7, 0xcf, 0x80, 0xe, 0xf9, 0xaf,
    0xe0, 0x0, 0x0, 0xe, 0xfc, 0xff, 0x30, 0x9,
    0xfd, 0xef, 0x90, 0x0, 0x0, 0xa, 0xff, 0xff,
    0x0, 0x5, 0xff, 0xff, 0x50, 0x0, 0x0, 0x6,
    0xff, 0xfa, 0x0, 0x0, 0xff, 0xff, 0x10, 0x0,
    0x0, 0x1, 0xff, 0xf6, 0x0, 0x0, 0xcf, 0xfd,
    0x0, 0x0,

    /* U+0078 "x" */
    0x2f, 0xff, 0x50, 0x0, 0x1e, 0xff, 0x40, 0x7f,
    0xfe, 0x0, 0x9, 0xff, 0x90, 0x0, 0xcf, 0xf8,
    0x2, 0xff, 0xe0, 0x0, 0x2, 0xff, 0xf2, 0xcf,
    0xf4, 0x0, 0x0, 0x8, 0xff, 0xef, 0xf9, 0x0,
    0x0, 0x0, 0xd, 0xff, 0xfe, 0x0, 0x0, 0x0,
    0x0, 0x6f, 0xff, 0x70, 0x0, 0x0, 0x0, 0x1e,
    0xff, 0xfe, 0x10, 0x0, 0x0, 0xa, 0xff, 0xdf,
    0xfa, 0x0, 0x0, 0x4, 0xff, 0xc1, 0xef, 0xf4,
    0x0, 0x0, 0xef, 0xf3, 0x6, 0xff, 0xe1, 0x0,
    0x9f, 0xf9, 0x0, 0xc, 0xff, 0x90, 0x3f, 0xfe,
    0x10, 0x0, 0x3f, 0xff, 0x40,

    /* U+0079 "y" */
    0x9f, 0xf6, 0x0, 0x0, 0xb, 0xff, 0x24, 0xff,
    0xb0, 0x0, 0x0, 0xff, 0xd0, 0xf, 0xff, 0x10,
    0x0, 0x5f, 0xf8, 0x0, 0xaf, 0xf5, 0x0, 0xa,
    0xff, 0x30, 0x4, 0xff, 0xa0, 0x0, 0xff, 0xd0,
    0x0, 0xf, 0xff, 0x0, 0x4f, 0xf8, 0x0, 0x0,
    0xaf, 0xf5, 0x9, 0xff, 0x30, 0x0, 0x5, 0xff,
    0x90, 0xef, 0xd0, 0x0, 0x0, 0xf, 0xfd, 0x2f,
    0xf8, 0x0, 0x0, 0x0, 0xaf, 0xf8, 0xff, 0x30,
    0x0, 0x0, 0x5, 0xff, 0xff, 0xe0, 0x0, 0x0,
    0x0, 0xf, 0xff, 0xf8, 0x0, 0x0, 0x0, 0x0,
    0xbf, 0xff, 0x30, 0x0, 0x0, 0x0, 0x6, 0xff,
    0xe0, 0x0, 0x0, 0x0, 0x0, 0x8f, 0xf9, 0x0,
    0x0, 0x0, 0x7, 0x7e, 0xff, 0x30, 0x0, 0x0,
    0x2, 0xff, 0xff, 0xb0, 0x0, 0x0, 0x0, 0x2f,
    0xfe, 0xa1, 0x0, 0x0, 0x0,

    /* U+007A "z" */
    0xe, 0xff, 0xff, 0xff, 0xff, 0xf0, 0xe, 0xff,
    0xff, 0xff, 0xff, 0xf0, 0x6, 0x77, 0x77, 0x7e,
    0xff, 0xd0, 0x0, 0x0, 0x0, 0x7f, 0xff, 0x20,
    0x0, 0x0, 0x4, 0xff, 0xf4, 0x0, 0x0, 0x0,
    0x2e, 0xff, 0x70, 0x0, 0x0, 0x0, 0xdf, 0xfa,
    0x0, 0x0, 0x0, 0xa, 0xff, 0xd0, 0x0, 0x0,
    0x0, 0x7f, 0xfe, 0x20, 0x0, 0x0, 0x4, 0xff,
    0xf4, 0x0, 0x0, 0x0, 0xf, 0xff, 0xd7, 0x77,
    0x77, 0x71, 0x1f, 0xff, 0xff, 0xff, 0xff, 0xf2,
    0x1f, 0xff, 0xff, 0xff, 0xff, 0xf2,

    /* U+007B "{" */
    0x0, 0x6, 0xef, 0xf7, 0x0, 0x1f, 0xff, 0xf7,
    0x0, 0x2f, 0xfb, 0x31, 0x0, 0x3f, 0xf9, 0x0,
    0x0, 0x3f, 0xf9, 0x0, 0x0, 0x3f, 0xf9, 0x0,
    0x0, 0x3f, 0xf9, 0x0, 0x0, 0x3f, 0xf9, 0x0,
    0x0, 0x8f, 0xf6, 0x0, 0x4b, 0xff, 0xd0, 0x0,
    0x8f, 0xf9, 0x10, 0x0, 0x8f, 0xff, 0x60, 0x0,
    0x3, 0xdf, 0xf2, 0x0, 0x0, 0x5f, 0xf8, 0x0,
    0x0, 0x3f, 0xf9, 0x0, 0x0, 0x3f, 0xf9, 0x0,
    0x0, 0x3f, 0xf9, 0x0, 0x0, 0x3f, 0xf9, 0x0,
    0x0, 0x3f, 0xf9, 0x0, 0x0, 0x2f, 0xfb, 0x31,
    0x0, 0xf, 0xff, 0xf7, 0x0, 0x5, 0xef, 0xf7,

    /* U+007C "|" */
    0xcf, 0xdc, 0xfd, 0xcf, 0xdc, 0xfd, 0xcf, 0xdc,
    0xfd, 0xcf, 0xdc, 0xfd, 0xcf, 0xdc, 0xfd, 0xcf,
    0xdc, 0xfd, 0xcf, 0xdc, 0xfd, 0xcf, 0xdc, 0xfd,
    0xcf, 0xdc, 0xfd, 0xcf, 0xdc, 0xfd, 0xcf, 0xda,
    0xdb,

    /* U+007D "}" */
    0xbf, 0xfd, 0x30, 0x0, 0xbf, 0xff, 0xc0, 0x0,
    0x23, 0xef, 0xe0, 0x0, 0x0, 0xef, 0xe0, 0x0,
    0x0, 0xef, 0xe0, 0x0, 0x0, 0xef, 0xe0, 0x0,
    0x0, 0xef, 0xe0, 0x0, 0x0, 0xdf, 0xf0, 0x0,
    0x0, 0xbf, 0xf4, 0x0, 0x0, 0x3f, 0xff, 0xa1,
    0x0, 0x3, 0xcf, 0xf3, 0x0, 0xa, 0xff, 0xf3,
    0x0, 0x7f, 0xfb, 0x20, 0x0, 0xcf, 0xf1, 0x0,
    0x0, 0xdf, 0xe0, 0x0, 0x0, 0xef, 0xe0, 0x0,
    0x0, 0xef, 0xe0, 0x0, 0x0, 0xef, 0xe0, 0x0,
    0x0, 0xef, 0xe0, 0x0, 0x23, 0xef, 0xe0, 0x0,
    0xbf, 0xff, 0xb0, 0x0, 0xbf, 0xfd, 0x20, 0x0,

    /* U+007E "~" */
    0x9, 0xef, 0xd9, 0x30, 0x0, 0x0, 0x7, 0xff,
    0xff, 0xff, 0xd9, 0x9d, 0x50, 0xe, 0xa8, 0xbf,
    0xff, 0xff, 0xfe, 0x0, 0x0, 0x0, 0x17, 0xce,
    0xfc, 0x40,

    /* U+00A0 " " */

    /* U+00A1 "¡" */
    0xa, 0xfd, 0x32, 0xff, 0xf9, 0x2f, 0xff, 0x90,
    0x9e, 0xc2, 0x0, 0x0, 0x0, 0xe, 0x60, 0x2,
    0xf9, 0x0, 0x4f, 0xb0, 0x6, 0xfd, 0x0, 0x9f,
    0xf0, 0xb, 0xff, 0x10, 0xdf, 0xf3, 0xe, 0xff,
    0x50, 0xff, 0xf5, 0xf, 0xff, 0x50, 0xff, 0xf5,
    0xf, 0xff, 0x50,

    /* U+00A2 "¢" */
    0x0, 0x0, 0x2, 0x20, 0x0, 0x0, 0x0, 0x0,
    0x5f, 0xf0, 0x0, 0x0, 0x0, 0x0, 0x5f, 0xf0,
    0x0, 0x0, 0x0, 0x2, 0xaf, 0xf7, 0x20, 0x0,
    0x0, 0xaf, 0xff, 0xff, 0xf7, 0x0, 0xa, 0xff,
    0xff, 0xff, 0xff, 0x60, 0x4f, 0xfd, 0x4f, 0xe4,
    0xff, 0x80, 0xaf, 0xf4, 0x2f, 0xe0, 0x42, 0x0,
    0xdf, 0xf1, 0x2f, 0xe0, 0x0, 0x0, 0xff, 0xf0,
    0x2f, 0xe0, 0x0, 0x0, 0xff, 0xf0, 0x2f, 0xe0,
    0x0, 0x0, 0xdf, 0xf1, 0x2f, 0xe0, 0x0, 0x0,
    0x9f, 0xf5, 0x2f, 0xe0, 0x57, 0x0, 0x3f, 0xfe,
    0x6f, 0xe4, 0xef, 0xc0, 0x9, 0xff, 0xff, 0xff,
    0xff, 0x60, 0x0, 0x8f, 0xff, 0xff, 0xf6, 0x0,
    0x0, 0x1, 0x9f, 0xf5, 0x10, 0x0, 0x0, 0x0,
    0x5f, 0xf0, 0x0, 0x0, 0x0, 0x0, 0x5f, 0xf0,
    0x0, 0x0,

    /* U+00A3 "£" */
    0x0, 0x3, 0x9d, 0xff, 0xd8, 0x10, 0x0, 0x7,
    0xff, 0xff, 0xff, 0xfe, 0x40, 0x4, 0xff, 0xff,
    0xdd, 0xff, 0xff, 0x20, 0xbf, 0xfe, 0x20, 0x1,
    0xbf, 0x80, 0xd, 0xff, 0x70, 0x0, 0x0, 0x30,
    0x0, 0xdf, 0xf5, 0x0, 0x0, 0x0, 0x0, 0xa,
    0xff, 0x70, 0x0, 0x0, 0x0, 0x8, 0xcf, 0xfd,
    0x99, 0x99, 0x50, 0x0, 0xff, 0xff, 0xff, 0xff,
    0xf9, 0x0, 0xf, 0xff, 0xff, 0xff, 0xff, 0x90,
    0x0, 0x0, 0x7f, 0xfa, 0x0, 0x0, 0x0, 0x0,
    0x7, 0xff, 0x90, 0x0, 0x0, 0x0, 0x0, 0xcf,
    0xf4, 0x0, 0x0, 0x0, 0x0, 0x9f, 0xf9, 0x0,
    0x0, 0x0, 0x0, 0x4f, 0xff, 0xdd, 0xdd, 0xdd,
    0xdd, 0x14, 0xff, 0xff, 0xff, 0xff, 0xff, 0xf1,
    0x4f, 0xff, 0xff, 0xff, 0xff, 0xff, 0x10,

    /* U+00A4 "¤" */
    0x4, 0x50, 0x0, 0x0, 0x0, 0x0, 0x54, 0x5,
    0xff, 0x40, 0x3, 0x43, 0x0, 0x5f, 0xf4, 0x3e,
    0xff, 0xaf, 0xff, 0xff, 0xaf, 0xfe, 0x20, 0x3e,
    0xff, 0xff, 0xff, 0xff, 0xfe, 0x20, 0x0, 0x8f,
    0xfc, 0x30, 0x3c, 0xff, 0x80, 0x0, 0xe, 0xff,
    0x20, 0x0, 0x2f, 0xfe, 0x0, 0x1, 0xff, 0xf0,
    0x0, 0x0, 0xff, 0xf0, 0x0, 0x2f, 0xfe, 0x0,
    0x0, 0xf, 0xff, 0x10, 0x0, 0xff, 0xf0, 0x0,
    0x0, 0xff, 0xf0, 0x0, 0xc, 0xff, 0x40, 0x0,
    0x5f, 0xfc, 0x0, 0x0, 0x9f, 0xff, 0x85, 0x8f,
    0xff, 0x90, 0x0, 0x7f, 0xff, 0xff, 0xff, 0xff,
    0xff, 0x60, 0x6f, 0xfd, 0x5b, 0xef, 0xea, 0x5d,
    0xff, 0x51, 0xdd, 0x10, 0x0, 0x0, 0x0, 0x1e,
    0xd1, 0x1, 0x10, 0x0, 0x0, 0x0, 0x0, 0x21,
    0x0,

    /* U+00A5 "¥" */
    0xbf, 0xfd, 0x0, 0x0, 0x0, 0x7f, 0xfe, 0x3,
    0xff, 0xf5, 0x0, 0x0, 0xe, 0xff, 0x60, 0xa,
    0xff, 0xd0, 0x0, 0x7, 0xff, 0xd0, 0x0, 0x2f,
    0xff, 0x50, 0x0, 0xef, 0xf4, 0x0, 0x0, 0x9f,
    0xfd, 0x0, 0x7f, 0xfc, 0x0, 0x0, 0x1, 0xff,
    0xf5, 0xe, 0xff, 0x30, 0x0, 0x0, 0x8, 0xff,
    0xd6, 0xff, 0xb0, 0x0, 0x0, 0x0, 0x1f, 0xff,
    0xff, 0xf3, 0x0, 0x0, 0x9, 0xff, 0xff, 0xff,
    0xff, 0xff, 0xc0, 0x0, 0x9f, 0xff, 0xff, 0xff,
    0xff, 0xfc, 0x0, 0x0, 0x0, 0x8, 0xff, 0xa0,
    0x0, 0x0, 0x0, 0x0, 0x0, 0x8f, 0xfa, 0x0,
    0x0, 0x0, 0x9, 0xff, 0xff, 0xff, 0xff, 0xff,
    0xc0, 0x0, 0x9f, 0xff, 0xff, 0xff, 0xff, 0xfc,
    0x0, 0x0, 0x0, 0x8, 0xff, 0xa0, 0x0, 0x0,
    0x0, 0x0, 0x0, 0x8f, 0xfa, 0x0, 0x0, 0x0,
    0x0, 0x0, 0x8, 0xff, 0xa0, 0x0, 0x0, 0x0,

    /* U+00A6 "¦" */
    0xcf, 0xdc, 0xfd, 0xcf, 0xdc, 0xfd, 0xcf, 0xdc,
    0xfd, 0xcf, 0xdc, 0xfd, 0x8b, 0x90, 0x0, 0x0,
    0x0, 0x0, 0x0, 0xc, 0xfd, 0xcf, 0xdc, 0xfd,
    0xcf, 0xdc, 0xfd, 0xcf, 0xdc, 0xfd, 0xcf, 0xd8,
    0xb9,

    /* U+00A7 "§" */
    0x0, 0x7, 0xcf, 0xfe, 0xa3, 0x0, 0x0, 0xcf,
    0xff, 0xff, 0xff, 0x70, 0x8, 0xff, 0xb5, 0x58,
    0xfe, 0x20, 0xc, 0xfe, 0x0, 0x0, 0x23, 0x0,
    0xc, 0xfe, 0x0, 0x0, 0x0, 0x0, 0x9, 0xff,
    0xc5, 0x0, 0x0, 0x0, 0x1, 0xef, 0xff, 0xfb,
    0x60, 0x0, 0x0, 0x3f, 0xff, 0xff, 0xfe, 0x30,
    0x5, 0xeb, 0x16, 0xbf, 0xff, 0xe0, 0x2f, 0xf2,
    0x0, 0x1, 0xdf, 0xf4, 0x8f, 0xf1, 0x0, 0x0,
    0x5f, 0xf5, 0x8f, 0xf8, 0x0, 0x0, 0x5f, 0xf1,
    0x4f, 0xff, 0xc7, 0x20, 0xcf, 0x40, 0x8, 0xff,
    0xff, 0xfe, 0xe1, 0x0, 0x0, 0x3a, 0xff, 0xff,
    0xf9, 0x0, 0x0, 0x0, 0x4, 0x9f, 0xff, 0x30,
    0x0, 0x0, 0x0, 0x5, 0xff, 0x80, 0x0, 0x10,
    0x0, 0x1, 0xff, 0x90, 0x2, 0xe9, 0x20, 0x2a,
    0xff, 0x50, 0xc, 0xff, 0xff, 0xff, 0xfc, 0x0,
    0x1, 0xaf, 0xff, 0xff, 0xa1, 0x0, 0x0, 0x0,
    0x34, 0x30, 0x0, 0x0,

    /* U+00A8 "¨" */
    0x1, 0x42, 0x0, 0x14, 0x20, 0xd, 0xff, 0x30,
    0xdf, 0xf4, 0xf, 0xff, 0x50, 0xff, 0xf6, 0x9,
    0xfd, 0x10, 0x9f, 0xd2,

    /* U+00A9 "©" */
    0x0, 0x0, 0x0, 0x57, 0x87, 0x40, 0x0, 0x0,
    0x0, 0x0, 0x19, 0xff, 0xff, 0xff, 0xf8, 0x0,
    0x0, 0x0, 0x3e, 0xfa, 0x41, 0x1, 0x5b, 0xfd,
    0x20, 0x0, 0x1e, 0xe4, 0x0, 0x0, 0x0, 0x5,
    0xfd, 0x0, 0xa, 0xf4, 0x0, 0x8d, 0xfe, 0x91,
    0x5, 0xf8, 0x2, 0xf9, 0x0, 0xcf, 0xff, 0xff,
    0xd1, 0xb, 0xf1, 0x6f, 0x30, 0x7f, 0xfa, 0x47,
    0xff, 0x50, 0x5f, 0x5a, 0xf0, 0xd, 0xfe, 0x0,
    0x6, 0x20, 0x2, 0xf9, 0xbe, 0x0, 0xff, 0xc0,
    0x0, 0x0, 0x0, 0xf, 0xac, 0xe0, 0xf, 0xfc,
    0x0, 0x0, 0x0, 0x0, 0xfb, 0xbf, 0x0, 0xef,
    0xd0, 0x0, 0x21, 0x0, 0x1f, 0x98, 0xf1, 0x9,
    0xff, 0x60, 0x3e, 0xf6, 0x3, 0xf7, 0x4f, 0x60,
    0x1e, 0xff, 0xff, 0xff, 0x30, 0x8f, 0x30, 0xde,
    0x0, 0x2c, 0xff, 0xfd, 0x40, 0x1f, 0xc0, 0x5,
    0xfa, 0x0, 0x1, 0x31, 0x0, 0xc, 0xf3, 0x0,
    0x8, 0xfc, 0x30, 0x0, 0x0, 0x4d, 0xf7, 0x0,
    0x0, 0x7, 0xff, 0xd9, 0x8a, 0xdf, 0xe5, 0x0,
    0x0, 0x0, 0x1, 0x7c, 0xef, 0xeb, 0x70, 0x0,
    0x0,

    /* U+00AA "ª" */
    0x6, 0xcf, 0xeb, 0x20, 0x7, 0xfe, 0xbd, 0xfe,
    0x10, 0x9, 0x10, 0xe, 0xf5, 0x0, 0x0, 0x0,
    0xcf, 0x70, 0x9, 0xef, 0xff, 0xf7, 0xa, 0xfa,
    0x43, 0xcf, 0x70, 0xef, 0x30, 0xc, 0xf7, 0xb,
    0xfb, 0x6a, 0xdf, 0xd4, 0x2b, 0xfe, 0x82, 0xdf,
    0x60,

    /* U+00AB "«" */
    0x0, 0x0, 0x38, 0x0, 0x0, 0x93, 0x0, 0x5,
    0xff, 0x10, 0xb, 0xfa, 0x0, 0x7f, 0xfc, 0x1,
    0xcf, 0xf6, 0x9, 0xff, 0xd1, 0x2e, 0xff, 0x70,
    0x1f, 0xfe, 0x20, 0x8f, 0xf9, 0x0, 0x1f, 0xf9,
    0x0, 0x8f, 0xf2, 0x0, 0x1f, 0xff, 0x60, 0x7f,
    0xfd, 0x10, 0x3, 0xef, 0xf4, 0x8, 0xff, 0xc0,
    0x0, 0x2d, 0xff, 0x20, 0x6f, 0xfa, 0x0, 0x1,
    0xce, 0x0, 0x5, 0xf7, 0x0, 0x0, 0x4, 0x0,
    0x0, 0x31,

    /* U+00AC "¬" */
    0x58, 0x88, 0x88, 0x88, 0x88, 0x86, 0xaf, 0xff,
    0xff, 0xff, 0xff, 0xfc, 0xaf, 0xff, 0xff, 0xff,
    0xff, 0xfc, 0x0, 0x0, 0x0, 0x0, 0xc, 0xfc,
    0x0, 0x0, 0x0, 0x0, 0xc, 0xfc, 0x0, 0x0,
    0x0, 0x0, 0xc, 0xfc, 0x0, 0x0, 0x0, 0x0,
    0xc, 0xfc, 0x0, 0x0, 0x0, 0x0, 0x6, 0x86,

    /* U+00AD "­" */

    /* U+00AE "®" */
    0x0, 0x6, 0xce, 0xd8, 0x10, 0x0, 0xb, 0xd5,
    0x34, 0xbd, 0x10, 0x8, 0xc0, 0x0, 0x0, 0x9b,
    0x0, 0xf3, 0x6f, 0xed, 0x40, 0xf2, 0x2f, 0x6,
    0xf2, 0xbb, 0xc, 0x62, 0xf0, 0x6f, 0xef, 0x50,
    0xc6, 0xf, 0x26, 0xf4, 0xf3, 0xe, 0x30, 0xab,
    0x4a, 0x8, 0x87, 0xd0, 0x1, 0xda, 0x20, 0x28,
    0xe3, 0x0, 0x1, 0xaf, 0xff, 0xb2, 0x0, 0x0,
    0x0, 0x1, 0x0, 0x0, 0x0,

    /* U+00AF "¯" */
    0x14, 0x44, 0x44, 0x43, 0x6f, 0xff, 0xff, 0xfc,
    0x6f, 0xff, 0xff, 0xfc,

    /* U+00B0 "°" */
    0x0, 0x6d, 0xfe, 0x80, 0x0, 0x8f, 0xff, 0xff,
    0xc0, 0x3f, 0xf7, 0x25, 0xff, 0x79, 0xfb, 0x0,
    0x7, 0xfd, 0xaf, 0x90, 0x0, 0x4f, 0xe9, 0xfb,
    0x0, 0x7, 0xfd, 0x3f, 0xf7, 0x25, 0xff, 0x70,
    0x8f, 0xff, 0xff, 0xc0, 0x0, 0x6d, 0xfe, 0x90,
    0x0,

    /* U+00B1 "±" */
    0x0, 0x0, 0x1, 0x10, 0x0, 0x0, 0x0, 0x0,
    0x2f, 0xf8, 0x0, 0x0, 0x0, 0x0, 0x2f, 0xf8,
    0x0, 0x0, 0x0, 0x0, 0x2f, 0xf8, 0x0, 0x0,
    0x0, 0x0, 0x2f, 0xf8, 0x0, 0x0, 0x6f, 0xff,
    0xff, 0xff, 0xff, 0xfc, 0x6f, 0xff, 0xff, 0xff,
    0xff, 0xfc, 0x38, 0x88, 0x9f, 0xfc, 0x88, 0x86,
    0x0, 0x0, 0x2f, 0xf8, 0x0, 0x0, 0x0, 0x0,
    0x2f, 0xf8, 0x0, 0x0, 0x0, 0x0, 0x2f, 0xf8,
    0x0, 0x0, 0x0, 0x0, 0x2f, 0xf8, 0x0, 0x0,
    0x0, 0x0, 0x0, 0x0, 0x0, 0x0, 0x38, 0x88,
    0x88, 0x88, 0x88, 0x86, 0x6f, 0xff, 0xff, 0xff,
    0xff, 0xfc, 0x6f, 0xff, 0xff, 0xff, 0xff, 0xfc,

    /* U+00B2 "²" */
    0x2, 0xae, 0xfc, 0x40, 0xe, 0xfe, 0xff, 0xf2,
    0x19, 0xb0, 0xe, 0xf6, 0x0, 0x0, 0x1f, 0xf4,
    0x0, 0x1, 0xcf, 0xc0, 0x0, 0x3d, 0xfb, 0x0,
    0x6, 0xff, 0x60, 0x0, 0x2f, 0xfd, 0xcc, 0xc7,
    0x2f, 0xff, 0xff, 0xfa,

    /* U+00B3 "³" */
    0x5, 0xcf, 0xec, 0x40, 0x3f, 0xfb, 0xdf, 0xf2,
    0x4, 0x20, 0xf, 0xf4, 0x0, 0x2b, 0xdf, 0x90,
    0x0, 0x3f, 0xfe, 0x70, 0x0, 0x0, 0x2e, 0xf4,
    0x1b, 0x40, 0xe, 0xf7, 0x7f, 0xfb, 0xdf, 0xf2,
    0x6, 0xdf, 0xeb, 0x30,

    /* U+00B4 "´" */
    0x0, 0x25, 0x0, 0x0, 0x9f, 0xd3, 0x2, 0xff,
    0xe1, 0x9, 0xff, 0x30, 0x2f, 0xf7, 0x0, 0x5,
    0xa0, 0x0,

    /* U+00B5 "µ" */
    0x3f, 0xfd, 0x0, 0x0, 0x9f, 0xf7, 0x3f, 0xfd,
    0x0, 0x0, 0x9f, 0xf7, 0x3f, 0xfd, 0x0, 0x0,
    0x9f, 0xf7, 0x3f, 0xfd, 0x0, 0x0, 0x9f, 0xf7,
    0x3f, 0xfd, 0x0, 0x0, 0x9f, 0xf7, 0x3f, 0xfd,
    0x0, 0x0, 0x9f, 0xf7, 0x3f, 0xfd, 0x0, 0x0,
    0x9f, 0xf7, 0x3f, 0xfd, 0x0, 0x0, 0x9f, 0xf7,
    0x3f, 0xfe, 0x0, 0x0, 0xaf, 0xf7, 0x3f, 0xff,
    0x40, 0x1, 0xef, 0xf7, 0x3f, 0xff, 0xfa, 0xaf,
    0xef, 0xf7, 0x3f, 0xff, 0xff, 0xfd, 0x9f, 0xf7,
    0x3f, 0xf9, 0xdf, 0xb1, 0x9f, 0xf7, 0x3f, 0xf8,
    0x0, 0x0, 0x0, 0x0, 0x3f, 0xfb, 0x0, 0x0,
    0x0, 0x0, 0x3f, 0xfd, 0x0, 0x0, 0x0, 0x0,
    0x3f, 0xfd, 0x0, 0x0, 0x0, 0x0, 0x3f, 0xfd,
    0x0, 0x0, 0x0, 0x0,

    /* U+00B6 "¶" */
    0x0, 0x5, 0xcf, 0xff, 0xff, 0xff, 0xff, 0x90,
    0x9, 0xff, 0xff, 0xff, 0xff, 0xff, 0xf9, 0x5,
    0xff, 0xff, 0xff, 0x75, 0x9f, 0xf5, 0x20, 0xcf,
    0xff, 0xff, 0xf3, 0x6, 0xff, 0x0, 0xf, 0xff,
    0xff, 0xff, 0x30, 0x6f, 0xf0, 0x1, 0xff, 0xff,
    0xff, 0xf3, 0x6, 0xff, 0x0, 0xf, 0xff, 0xff,
    0xff, 0x30, 0x6f, 0xf0, 0x0, 0x9f, 0xff, 0xff,
    0xf3, 0x6, 0xff, 0x0, 0x1, 0xef, 0xff, 0xff,
    0x30, 0x6f, 0xf0, 0x0, 0x2, 0xcf, 0xff, 0xf3,
    0x6, 0xff, 0x0, 0x0, 0x0, 0x38, 0xff, 0x30,
    0x6f, 0xf0, 0x0, 0x0, 0x0, 0x2f, 0xf3, 0x6,
    0xff, 0x0, 0x0, 0x0, 0x2, 0xff, 0x30, 0x6f,
    0xf0, 0x0, 0x0, 0x0, 0x2f, 0xf3, 0x6, 0xff,
    0x0, 0x0, 0x0, 0x2, 0xff, 0x30, 0x6f, 0xf0,
    0x0, 0x0, 0x0, 0x2f, 0xf3, 0x6, 0xff, 0x0,
    0x0, 0x0, 0x2, 0xff, 0x30, 0x6f, 0xf0, 0x0,
    0x0, 0x0, 0x2f, 0xf3, 0x6, 0xff, 0x0, 0x0,
    0x0, 0x2, 0xff, 0x30, 0x6f, 0xf0, 0x0, 0x0,
    0x0, 0x2f, 0xf3, 0x6, 0xff, 0x0, 0x0, 0x0,
    0x2, 0xdd, 0x20, 0x4d, 0xd0, 0x0,

    /* U+00B7 "·" */
    0x0, 0x0, 0x3, 0xef, 0x80, 0xaf, 0xff, 0x1a,
    0xff, 0xf1, 0x3d, 0xf8, 0x0,

    /* U+00B8 "¸" */
    0x0, 0x8f, 0x0, 0x0, 0xb, 0xc0, 0x0, 0x0,
    0x8c, 0xfd, 0x20, 0x10, 0xb, 0xf7, 0xd, 0xda,
    0xff, 0x50, 0x8e, 0xfd, 0x70,

    /* U+00B9 "¹" */
    0x0, 0xcf, 0xfb, 0x0, 0xa, 0xfe, 0xfb, 0x0,
    0x5f, 0xc7, 0xfb, 0x0, 0x8, 0x16, 0xfb, 0x0,
    0x0, 0x6, 0xfb, 0x0, 0x0, 0x6, 0xfb, 0x0,
    0x0, 0x6, 0xfb, 0x0, 0x8, 0xbd, 0xfe, 0xb8,
    0xc, 0xff, 0xff, 0xfc,

    /* U+00BA "º" */
    0x0, 0x3b, 0xff, 0xc4, 0x0, 0x3, 0xff, 0xcb,
    0xff, 0x50, 0xb, 0xf9, 0x0, 0x6f, 0xd0, 0xf,
    0xf4, 0x0, 0x1f, 0xf2, 0xf, 0xf3, 0x0, 0x1f,
    0xf3, 0xf, 0xf4, 0x0, 0x1f, 0xf2, 0xb, 0xf9,
    0x0, 0x6f, 0xd0, 0x3, 0xff, 0xcb, 0xff, 0x50,
    0x0, 0x3b, 0xff, 0xc4, 0x0,

    /* U+00BB "»" */
    0x2a, 0x0, 0x0, 0x84, 0x0, 0x0, 0x9f, 0xc1,
    0x1, 0xff, 0x60, 0x0, 0x5f, 0xfd, 0x20, 0xbf,
    0xf8, 0x0, 0x6, 0xff, 0xe3, 0xc, 0xff, 0xa0,
    0x0, 0x8f, 0xfa, 0x1, 0xdf, 0xf3, 0x0, 0x1f,
    0xfa, 0x0, 0x7f, 0xf3, 0x0, 0xdf, 0xf8, 0x5,
    0xff, 0xf2, 0xb, 0xff, 0x90, 0x3f, 0xff, 0x40,
    0x9f, 0xf8, 0x1, 0xef, 0xe2, 0x0, 0x6f, 0x60,
    0x0, 0xdd, 0x10, 0x0, 0x4, 0x0, 0x0, 0x30,
    0x0, 0x0,

    /* U+00BC "¼" */
    0x0, 0x58, 0x85, 0x0, 0x0, 0x0, 0x0, 0x5,
    0x85, 0x0, 0x3, 0xff, 0xfb, 0x0, 0x0, 0x0,
    0x0, 0x3f, 0xf2, 0x0, 0x1e, 0xfb, 0xfb, 0x0,
    0x0, 0x0, 0x0, 0xdf, 0x50, 0x0, 0x4f, 0x76,
    0xfb, 0x0, 0x0, 0x0, 0xa, 0xfa, 0x0, 0x0,
    0x2, 0x6, 0xfb, 0x0, 0x0, 0x0, 0x6f, 0xd0,
    0x0, 0x0, 0x0, 0x6, 0xfb, 0x0, 0x0, 0x2,
    0xff, 0x30, 0x0, 0x0, 0x0, 0x6, 0xfb, 0x0,
    0x0, 0xd, 0xf7, 0x0, 0x0, 0x0, 0x0, 0x6,
    0xfb, 0x0, 0x0, 0x9f, 0xb0, 0x0, 0x0, 0x0,
    0xc, 0xff, 0xff, 0xfc, 0x4, 0xfe, 0x10, 0x0,
    0x44, 0x20, 0x8, 0xbb, 0xbb, 0xb8, 0x1e, 0xf4,
    0x0, 0x9, 0xff, 0x80, 0x0, 0x0, 0x0, 0x0,
    0xcf, 0x80, 0x0, 0x3f, 0xff, 0x80, 0x0, 0x0,
    0x0, 0x7, 0xfc, 0x0, 0x0, 0xde, 0xaf, 0x80,
    0x0, 0x0, 0x0, 0x3f, 0xf2, 0x0, 0x9, 0xf4,
    0x9f, 0x80, 0x0, 0x0, 0x1, 0xef, 0x50, 0x0,
    0x4f, 0x90, 0x9f, 0x80, 0x0, 0x0, 0xa, 0xf9,
    0x0, 0x0, 0xbf, 0xaa, 0xdf, 0xd6, 0x0, 0x0,
    0x6f, 0xd0, 0x0, 0x0, 0xbf, 0xff, 0xff, 0xfb,
    0x0, 0x2, 0xff, 0x20, 0x0, 0x0, 0x0, 0x0,
    0x9f, 0x80, 0x0, 0x5, 0x84, 0x0, 0x0, 0x0,
    0x0, 0x0, 0x48, 0x40,

    /* U+00BD "½" */
    0x0, 0xdf, 0xfb, 0x0, 0x0, 0x0, 0x0, 0xc,
    0xf7, 0x0, 0x0, 0xaf, 0xef, 0xb0, 0x0, 0x0,
    0x0, 0x9, 0xfb, 0x0, 0x0, 0x5f, 0xc7, 0xfb,
    0x0, 0x0, 0x0, 0x4, 0xfe, 0x10, 0x0, 0x0,
    0x81, 0x6f, 0xb0, 0x0, 0x0, 0x1, 0xef, 0x40,
    0x0, 0x0, 0x0, 0x6, 0xfb, 0x0, 0x0, 0x0,
    0xbf, 0x80, 0x0, 0x0, 0x0, 0x0, 0x6f, 0xb0,
    0x0, 0x0, 0x7f, 0xc0, 0x0, 0x0, 0x0, 0x0,
    0x6, 0xfb, 0x0, 0x0, 0x3f, 0xf2, 0x0, 0x0,
    0x0, 0x0, 0x8b, 0xdf, 0xeb, 0x80, 0x1e, 0xf5,
    0x0, 0x0, 0x0, 0x0, 0xc, 0xff, 0xff, 0xfc,
    0xa, 0xf9, 0x0, 0x7d, 0xfd, 0x80, 0x0, 0x0,
    0x0, 0x0, 0x6, 0xfd, 0x0, 0x8f, 0xfe, 0xff,
    0x80, 0x0, 0x0, 0x0, 0x2, 0xff, 0x30, 0x7,
    0xd3, 0x9, 0xfd, 0x0, 0x0, 0x0, 0x0, 0xdf,
    0x60, 0x0, 0x0, 0x0, 0xaf, 0xb0, 0x0, 0x0,
    0x0, 0x9f, 0xb0, 0x0, 0x0, 0x0, 0x7f, 0xf2,
    0x0, 0x0, 0x0, 0x5f, 0xe1, 0x0, 0x0, 0x0,
    0xaf, 0xe3, 0x0, 0x0, 0x0, 0x1e, 0xf4, 0x0,
    0x0, 0x2, 0xdf, 0x91, 0x0, 0x0, 0x0, 0xc,
    0xf8, 0x0, 0x0, 0x0, 0xcf, 0xfc, 0xcc, 0xc0,
    0x0, 0x8, 0xfc, 0x0, 0x0, 0x0, 0xc, 0xff,
    0xff, 0xff, 0x0,

    /* U+00BE "¾" */
    0x1, 0x8a, 0xa6, 0x0, 0x0, 0x0, 0x0, 0xa,
    0xb2, 0x0, 0x2e, 0xff, 0xff, 0xc0, 0x0, 0x0,
    0x0, 0xaf, 0xa0, 0x0, 0xc, 0x80, 0x4f, 0xf4,
    0x0, 0x0, 0x5, 0xfd, 0x0, 0x0, 0x0, 0x0,
    0x1f, 0xf3, 0x0, 0x0, 0x2f, 0xf3, 0x0, 0x0,
    0x0, 0x2c, 0xef, 0x80, 0x0, 0x0, 0xcf, 0x70,
    0x0, 0x0, 0x0, 0x3f, 0xfe, 0x70, 0x0, 0x8,
    0xfc, 0x0, 0x0, 0x0, 0x0, 0x0, 0x2e, 0xf4,
    0x0, 0x4f, 0xe1, 0x0, 0x0, 0x0, 0x1c, 0x40,
    0xe, 0xf7, 0x1, 0xef, 0x50, 0x0, 0x0, 0x0,
    0x7f, 0xfc, 0xdf, 0xf2, 0xb, 0xf9, 0x0, 0x0,
    0x22, 0x0, 0x6, 0xdf, 0xeb, 0x30, 0x6f, 0xd0,
    0x0, 0xc, 0xff, 0x30, 0x0, 0x0, 0x0, 0x2,
    0xff, 0x20, 0x0, 0x7f, 0xff, 0x30, 0x0, 0x0,
    0x0, 0xd, 0xf6, 0x0, 0x3, 0xfb, 0xef, 0x30,
    0x0, 0x0, 0x0, 0x9f, 0xb0, 0x0, 0xd, 0xe1,
    0xef, 0x30, 0x0, 0x0, 0x4, 0xfe, 0x10, 0x0,
    0x8f, 0x50, 0xef, 0x30, 0x0, 0x0, 0x1e, 0xf4,
    0x0, 0x0, 0xff, 0xaa, 0xff, 0xb3, 0x0, 0x0,
    0xbf, 0x80, 0x0, 0x0, 0xff, 0xff, 0xff, 0xf6,
    0x0, 0x7, 0xfc, 0x0, 0x0, 0x0, 0x0, 0x0,
    0xef, 0x30, 0x0, 0x7, 0x82, 0x0, 0x0, 0x0,
    0x0, 0x0, 0x78, 0x10,

    /* U+00BF "¿" */
    0x0, 0x0, 0x1c, 0xfb, 0x0, 0x0, 0x0, 0x0,
    0x7f, 0xff, 0x50, 0x0, 0x0, 0x0, 0x7f, 0xff,
    0x40, 0x0, 0x0, 0x0, 0x1b, 0xea, 0x0, 0x0,
    0x0, 0x0, 0x0, 0x0, 0x0, 0x0, 0x0, 0x0,
    0x0, 0x0, 0x0, 0x0, 0x0, 0x0, 0xe, 0xec,
    0x0, 0x0, 0x0, 0x0, 0xf, 0xfe, 0x0, 0x0,
    0x0, 0x5, 0xbf, 0xfe, 0x0, 0x0, 0x0, 0xbf,
    0xff, 0xfe, 0x0, 0x0, 0x8, 0xff, 0xf7, 0x20,
    0x0, 0x0, 0xf, 0xff, 0x50, 0x0, 0x0, 0x0,
    0x3f, 0xff, 0x0, 0x0, 0x0, 0x0, 0x3f, 0xff,
    0x0, 0x0, 0x5b, 0x50, 0x1f, 0xff, 0x70, 0x2,
    0xef, 0xf4, 0xa, 0xff, 0xfd, 0xcf, 0xff, 0xc0,
    0x1, 0xdf, 0xff, 0xff, 0xfd, 0x10, 0x0, 0x7,
    0xcf, 0xfd, 0x81, 0x0,

    /* U+00C0 "À" */
    0x0, 0x0, 0x0, 0x33, 0x0, 0x0, 0x0, 0x0,
    0x0, 0x0, 0x1b, 0xfc, 0x0, 0x0, 0x0, 0x0,
    0x0, 0x0, 0xb, 0xff, 0x50, 0x0, 0x0, 0x0,
    0x0, 0x0, 0x1, 0xef, 0xd0, 0x0, 0x0, 0x0,
    0x0, 0x0, 0x0, 0x4f, 0xf5, 0x0, 0x0, 0x0,
    0x0, 0x0, 0x0, 0x8, 0x70, 0x0, 0x0, 0x0,
    0x0, 0x0, 0x0, 0x0, 0x0, 0x0, 0x0, 0x0,
    0x0, 0x0, 0x1, 0xff, 0xff, 0x30, 0x0, 0x0,
    0x0, 0x0, 0x5, 0xff, 0xff, 0x80, 0x0, 0x0,
    0x0, 0x0, 0xb, 0xff, 0xff, 0xe0, 0x0, 0x0,
    0x0, 0x0, 0xf, 0xfc, 0xcf, 0xf3, 0x0, 0x0,
    0x0, 0x0, 0x5f, 0xf7, 0x7f, 0xf8, 0x0, 0x0,
    0x0, 0x0, 0xbf, 0xf2, 0x2f, 0xfd, 0x0, 0x0,
    0x0, 0x0, 0xff, 0xd0, 0xd, 0xff, 0x30, 0x0,
    0x0, 0x5, 0xff, 0x90, 0x8, 0xff, 0x80, 0x0,
    0x0, 0xb, 0xff, 0x40, 0x3, 0xff, 0xd0, 0x0,
    0x0, 0xf, 0xff, 0x0, 0x0, 0xef, 0xf2, 0x0,
    0x0, 0x5f, 0xff, 0xff, 0xff, 0xff, 0xf7, 0x0,
    0x0, 0xaf, 0xff, 0xff, 0xff, 0xff, 0xfd, 0x0,
    0x0, 0xff, 0xfc, 0xcc, 0xcc, 0xcf, 0xff, 0x20,
    0x5, 0xff, 0xd0, 0x0, 0x0, 0xc, 0xff, 0x70,
    0xa, 0xff, 0x80, 0x0, 0x0, 0x7, 0xff, 0xc0,
    0xf, 0xff, 0x30, 0x0, 0x0, 0x2, 0xff, 0xf2,
    0x5f, 0xfd, 0x0, 0x0, 0x0, 0x0, 0xdf, 0xf7,

    /* U+00C1 "Á" */
    0x0, 0x0, 0x0, 0x0, 0x33, 0x0, 0x0, 0x0,
    0x0, 0x0, 0x0, 0x0, 0xcf, 0xb1, 0x0, 0x0,
    0x0, 0x0, 0x0, 0x4, 0xff, 0xc0, 0x0, 0x0,
    0x0, 0x0, 0x0, 0xc, 0xfe, 0x10, 0x0, 0x0,
    0x0, 0x0, 0x0, 0x4f, 0xf5, 0x0, 0x0, 0x0,
    0x0, 0x0, 0x0, 0x7, 0x80, 0x0, 0x0, 0x0,
    0x0, 0x0, 0x0, 0x0, 0x0, 0x0, 0x0, 0x0,
    0x0, 0x0, 0x1, 0xff, 0xff, 0x30, 0x0, 0x0,
    0x0, 0x0, 0x5, 0xff, 0xff, 0x80, 0x0, 0x0,
    0x0, 0x0, 0xb, 0xff, 0xff, 0xe0, 0x0, 0x0,
    0x0, 0x0, 0xf, 0xfc, 0xcf, 0xf3, 0x0, 0x0,
    0x0, 0x0, 0x5f, 0xf7, 0x7f, 0xf8, 0x0, 0x0,
    0x0, 0x0, 0xbf, 0xf2, 0x2f, 0xfd, 0x0, 0x0,
    0x0, 0x0, 0xff, 0xd0, 0xd, 0xff, 0x30, 0x0,
    0x0, 0x5, 0xff, 0x90, 0x8, 0xff, 0x80, 0x0,
    0x0, 0xb, 0xff, 0x40, 0x3, 0xff, 0xd0, 0x0,
    0x0, 0xf, 0xff, 0x0, 0x0, 0xef, 0xf2, 0x0,
    0x0, 0x5f, 0xff, 0xff, 0xff, 0xff, 0xf7, 0x0,
    0x0, 0xaf, 0xff, 0xff, 0xff, 0xff, 0xfd, 0x0,
    0x0, 0xff, 0xfc, 0xcc, 0xcc, 0xcf, 0xff, 0x20,
    0x5, 0xff, 0xd0, 0x0, 0x0, 0xc, 0xff, 0x70,
    0xa, 0xff, 0x80, 0x0, 0x0, 0x7, 0xff, 0xc0,
    0xf, 0xff, 0x30, 0x0, 0x0, 0x2, 0xff, 0xf2,
    0x5f, 0xfd, 0x0, 0x0, 0x0, 0x0, 0xdf, 0xf7,

    /* U+00C2 "Â" */
    0x0, 0x0, 0x0, 0xcf, 0xfc, 0x0, 0x0, 0x0,
    0x0, 0x0, 0x9, 0xff, 0xff, 0xa0, 0x0, 0x0,
    0x0, 0x0, 0x7f, 0xf9, 0x9f, 0xf7, 0x0, 0x0,
    0x0, 0x2, 0xff, 0x90, 0x8, 0xff, 0x30, 0x0,
    0x0, 0x0, 0x68, 0x0, 0x0, 0x76, 0x0, 0x0,
    0x0, 0x0, 0x0, 0x0, 0x0, 0x0, 0x0, 0x0,
    0x0, 0x0, 0x1, 0xff, 0xff, 0x30, 0x0, 0x0,
    0x0, 0x0, 0x5, 0xff, 0xff, 0x80, 0x0, 0x0,
    0x0, 0x0, 0xb, 0xff, 0xff, 0xe0, 0x0, 0x0,
    0x0, 0x0, 0xf, 0xfc, 0xcf, 0xf3, 0x0, 0x0,
    0x0, 0x0, 0x5f, 0xf7, 0x7f, 0xf8, 0x0, 0x0,
    0x0, 0x0, 0xbf, 0xf2, 0x2f, 0xfd, 0x0, 0x0,
    0x0, 0x0, 0xff, 0xd0, 0xd, 0xff, 0x30, 0x0,
    0x0, 0x5, 0xff, 0x90, 0x8, 0xff, 0x80, 0x0,
    0x0, 0xb, 0xff, 0x40, 0x3, 0xff, 0xd0, 0x0,
    0x0, 0xf, 0xff, 0x0, 0x0, 0xef, 0xf2, 0x0,
    0x0, 0x5f, 0xff, 0xff, 0xff, 0xff, 0xf7, 0x0,
    0x0, 0xaf, 0xff, 0xff, 0xff, 0xff, 0xfd, 0x0,
    0x0, 0xff, 0xfc, 0xcc, 0xcc, 0xcf, 0xff, 0x20,
    0x5, 0xff, 0xd0, 0x0, 0x0, 0xc, 0xff, 0x70,
    0xa, 0xff, 0x80, 0x0, 0x0, 0x7, 0xff, 0xc0,
    0xf, 0xff, 0x30, 0x0, 0x0, 0x2, 0xff, 0xf2,
    0x5f, 0xfd, 0x0, 0x0, 0x0, 0x0, 0xdf, 0xf7,

    /* U+00C3 "Ã" */
    0x0, 0x0, 0x6e, 0xfb, 0x51, 0x24, 0x0, 0x0,
    0x0, 0x2, 0xff, 0xff, 0xff, 0xff, 0x20, 0x0,
    0x0, 0x0, 0x87, 0x6a, 0xff, 0xfb, 0x0, 0x0,
    0x0, 0x0, 0x0, 0x0, 0x14, 0x30, 0x0, 0x0,
    0x0, 0x0, 0x0, 0x0, 0x0, 0x0, 0x0, 0x0,
    0x0, 0x0, 0x1, 0xff, 0xff, 0x30, 0x0, 0x0,
    0x0, 0x0, 0x5, 0xff, 0xff, 0x80, 0x0, 0x0,
    0x0, 0x0, 0xb, 0xff, 0xff, 0xe0, 0x0, 0x0,
    0x0, 0x0, 0xf, 0xfc, 0xcf, 0xf3, 0x0, 0x0,
    0x0, 0x0, 0x5f, 0xf7, 0x7f, 0xf8, 0x0, 0x0,
    0x0, 0x0, 0xbf, 0xf2, 0x2f, 0xfd, 0x0, 0x0,
    0x0, 0x0, 0xff, 0xd0, 0xd, 0xff, 0x30, 0x0,
    0x0, 0x5, 0xff, 0x90, 0x8, 0xff, 0x80, 0x0,
    0x0, 0xb, 0xff, 0x40, 0x3, 0xff, 0xd0, 0x0,
    0x0, 0xf, 0xff, 0x0, 0x0, 0xef, 0xf2, 0x0,
    0x0, 0x5f, 0xff, 0xff, 0xff, 0xff, 0xf7, 0x0,
    0x0, 0xaf, 0xff, 0xff, 0xff, 0xff, 0xfd, 0x0,
    0x0, 0xff, 0xfc, 0xcc, 0xcc, 0xcf, 0xff, 0x20,
    0x5, 0xff, 0xd0, 0x0, 0x0, 0xc, 0xff, 0x70,
    0xa, 0xff, 0x80, 0x0, 0x0, 0x7, 0xff, 0xc0,
    0xf, 0xff, 0x30, 0x0, 0x0, 0x2, 0xff, 0xf2,
    0x5f, 0xfd, 0x0, 0x0, 0x0, 0x0, 0xdf, 0xf7,

    /* U+00C4 "Ä" */
    0x0, 0x0, 0xbf, 0xb0, 0xb, 0xfc, 0x0, 0x0,
    0x0, 0x3, 0xff, 0xf2, 0x2f, 0xff, 0x30, 0x0,
    0x0, 0x1, 0xff, 0xf1, 0x1f, 0xff, 0x10, 0x0,
    0x0, 0x0, 0x25, 0x20, 0x2, 0x52, 0x0, 0x0,
    0x0, 0x0, 0x0, 0x0, 0x0, 0x0, 0x0, 0x0,
    0x0, 0x0, 0x1, 0xff, 0xff, 0x30, 0x0, 0x0,
    0x0, 0x0, 0x5, 0xff, 0xff, 0x80, 0x0, 0x0,
    0x0, 0x0, 0xb, 0xff, 0xff, 0xe0, 0x0, 0x0,
    0x0, 0x0, 0xf, 0xfc, 0xcf, 0xf3, 0x0, 0x0,
    0x0, 0x0, 0x5f, 0xf7, 0x7f, 0xf8, 0x0, 0x0,
    0x0, 0x0, 0xbf, 0xf2, 0x2f, 0xfd, 0x0, 0x0,
    0x0, 0x0, 0xff, 0xd0, 0xd, 0xff, 0x30, 0x0,
    0x0, 0x5, 0xff, 0x90, 0x8, 0xff, 0x80, 0x0,
    0x0, 0xb, 0xff, 0x40, 0x3, 0xff, 0xd0, 0x0,
    0x0, 0xf, 0xff, 0x0, 0x0, 0xef, 0xf2, 0x0,
    0x0, 0x5f, 0xff, 0xff, 0xff, 0xff, 0xf7, 0x0,
    0x0, 0xaf, 0xff, 0xff, 0xff, 0xff, 0xfd, 0x0,
    0x0, 0xff, 0xfc, 0xcc, 0xcc, 0xcf, 0xff, 0x20,
    0x5, 0xff, 0xd0, 0x0, 0x0, 0xc, 0xff, 0x70,
    0xa, 0xff, 0x80, 0x0, 0x0, 0x7, 0xff, 0xc0,
    0xf, 0xff, 0x30, 0x0, 0x0, 0x2, 0xff, 0xf2,
    0x5f, 0xfd, 0x0, 0x0, 0x0, 0x0, 0xdf, 0xf7,

    /* U+00C5 "Å" */
    0x0, 0x0, 0x1, 0xae, 0xea, 0x10, 0x0, 0x0,
    0x0, 0x0, 0xd, 0xfb, 0xbf, 0xd0, 0x0, 0x0,
    0x0, 0x0, 0x3f, 0xc0, 0xc, 0xf4, 0x0, 0x0,
    0x0, 0x0, 0x3f, 0xc0, 0xc, 0xf4, 0x0, 0x0,
    0x0, 0x0, 0xd, 0xfb, 0xbf, 0xd0, 0x0, 0x0,
    0x0, 0x0, 0x1, 0xae, 0xea, 0x10, 0x0, 0x0,
    0x0, 0x0, 0x0, 0x0, 0x0, 0x0, 0x0, 0x0,
    0x0, 0x0, 0x1, 0xff, 0xff, 0x30, 0x0, 0x0,
    0x0, 0x0, 0x5, 0xff, 0xff, 0x80, 0x0, 0x0,
    0x0, 0x0, 0xb, 0xff, 0xff, 0xe0, 0x0, 0x0,
    0x0, 0x0, 0xf, 0xfc, 0xcf, 0xf3, 0x0, 0x0,
    0x0, 0x0, 0x5f, 0xf7, 0x7f, 0xf8, 0x0, 0x0,
    0x0, 0x0, 0xbf, 0xf2, 0x2f, 0xfd, 0x0, 0x0,
    0x0, 0x0, 0xff, 0xd0, 0xd, 0xff, 0x30, 0x0,
    0x0, 0x5, 0xff, 0x90, 0x8, 0xff, 0x80, 0x0,
    0x0, 0xb, 0xff, 0x40, 0x3, 0xff, 0xd0, 0x0,
    0x0, 0xf, 0xff, 0x0, 0x0, 0xef, 0xf2, 0x0,
    0x0, 0x5f, 0xff, 0xff, 0xff, 0xff, 0xf7, 0x0,
    0x0, 0xaf, 0xff, 0xff, 0xff, 0xff, 0xfd, 0x0,
    0x0, 0xff, 0xfc, 0xcc, 0xcc, 0xcf, 0xff, 0x20,
    0x5, 0xff, 0xd0, 0x0, 0x0, 0xc, 0xff, 0x70,
    0xa, 0xff, 0x80, 0x0, 0x0, 0x7, 0xff, 0xc0,
    0xf, 0xff, 0x30, 0x0, 0x0, 0x2, 0xff, 0xf2,
    0x5f, 0xfd, 0x0, 0x0, 0x0, 0x0, 0xdf, 0xf7,

    /* U+00C6 "Æ" */
    0x0, 0x0, 0x0, 0x0, 0xef, 0xff, 0xff, 0xff,
    0xff, 0xff, 0xf6, 0x0, 0x0, 0x0, 0x6, 0xff,
    0xff, 0xff, 0xff, 0xff, 0xff, 0xf6, 0x0, 0x0,
    0x0, 0xe, 0xff, 0xff, 0xfe, 0xdd, 0xdd, 0xdd,
    0xd5, 0x0, 0x0, 0x0, 0x6f, 0xf9, 0xaf, 0xf8,
    0x0, 0x0, 0x0, 0x0, 0x0, 0x0, 0x0, 0xef,
    0xf2, 0xaf, 0xf8, 0x0, 0x0, 0x0, 0x0, 0x0,
    0x0, 0x6, 0xff, 0xa0, 0xaf, 0xf8, 0x0, 0x0,
    0x0, 0x0, 0x0, 0x0, 0xd, 0xff, 0x20, 0xaf,
    0xf8, 0x0, 0x0, 0x0, 0x0, 0x0, 0x0, 0x5f,
    0xfa, 0x0, 0xaf, 0xff, 0xff, 0xff, 0xff, 0x80,
    0x0, 0x0, 0xdf, 0xf3, 0x0, 0xaf, 0xff, 0xff,
    0xff, 0xff, 0x80, 0x0, 0x5, 0xff, 0xb0, 0x0,
    0xaf, 0xfe, 0xdd, 0xdd, 0xdd, 0x60, 0x0, 0xd,
    0xff, 0xff, 0xff, 0xff, 0xf8, 0x0, 0x0, 0x0,
    0x0, 0x0, 0x5f, 0xff, 0xff, 0xff, 0xff, 0xf8,
    0x0, 0x0, 0x0, 0x0, 0x0, 0xcf, 0xfc, 0xbb,
    0xbb, 0xef, 0xf8, 0x0, 0x0, 0x0, 0x0, 0x4,
    0xff, 0xd0, 0x0, 0x0, 0xaf, 0xf8, 0x0, 0x0,
    0x0, 0x0, 0xc, 0xff, 0x60, 0x0, 0x0, 0xaf,
    0xfe, 0xdd, 0xdd, 0xdd, 0xd5, 0x4f, 0xfe, 0x0,
    0x0, 0x0, 0xaf, 0xff, 0xff, 0xff, 0xff, 0xf6,
    0xcf, 0xf6, 0x0, 0x0, 0x0, 0xaf, 0xff, 0xff,
    0xff, 0xff, 0xf6,

    /* U+00C7 "Ç" */
    0x0, 0x0, 0x6b, 0xef, 0xeb, 0x50, 0x0, 0x0,
    0x2d, 0xff, 0xff, 0xff, 0xfb, 0x0, 0x1, 0xef,
    0xff, 0xfe, 0xff, 0xff, 0xb0, 0x9, 0xff, 0xf6,
    0x0, 0x7, 0xff, 0xf5, 0x1f, 0xff, 0x50, 0x0,
    0x0, 0x8e, 0x60, 0x5f, 0xfd, 0x0, 0x0, 0x0,
    0x0, 0x0, 0x9f, 0xfa, 0x0, 0x0, 0x0, 0x0,
    0x0, 0xaf, 0xf9, 0x0, 0x0, 0x0, 0x0, 0x0,
    0xbf, 0xf9, 0x0, 0x0, 0x0, 0x0, 0x0, 0xbf,
    0xf9, 0x0, 0x0, 0x0, 0x0, 0x0, 0xaf, 0xfa,
    0x0, 0x0, 0x0, 0x0, 0x0, 0x7f, 0xfd, 0x0,
    0x0, 0x0, 0x2, 0x0, 0x2f, 0xff, 0x40, 0x0,
    0x0, 0x6f, 0x91, 0xc, 0xff, 0xe5, 0x0, 0x6,
    0xff, 0xf6, 0x2, 0xff, 0xff, 0xfd, 0xff, 0xff,
    0xb0, 0x0, 0x3e, 0xff, 0xff, 0xff, 0xfc, 0x0,
    0x0, 0x1, 0x7c, 0xff, 0xfc, 0x60, 0x0, 0x0,
    0x0, 0x0, 0xd9, 0x0, 0x0, 0x0, 0x0, 0x0,
    0x0, 0xbc, 0xda, 0x0, 0x0, 0x0, 0x0, 0x1,
    0x0, 0xef, 0x50, 0x0, 0x0, 0x0, 0x2e, 0xcb,
    0xff, 0x30, 0x0, 0x0, 0x0, 0x9, 0xef, 0xd6,
    0x0, 0x0,

    /* U+00C8 "È" */
    0x0, 0x0, 0x6, 0x0, 0x0, 0x0, 0x0, 0x0,
    0x6e, 0xf4, 0x0, 0x0, 0x0, 0x0, 0x4, 0xff,
    0xc0, 0x0, 0x0, 0x0, 0x0, 0x8, 0xff, 0x40,
    0x0, 0x0, 0x0, 0x0, 0xc, 0xfc, 0x0, 0x0,
    0x0, 0x0, 0x0, 0x2a, 0x30, 0x0, 0x0, 0x0,
    0x0, 0x0, 0x0, 0x0, 0x0, 0x0, 0xff, 0xff,
    0xff, 0xff, 0xff, 0xf0, 0xf, 0xff, 0xff, 0xff,
    0xff, 0xff, 0x0, 0xff, 0xfe, 0xdd, 0xdd, 0xdd,
    0xd0, 0xf, 0xff, 0x20, 0x0, 0x0, 0x0, 0x0,
    0xff, 0xf2, 0x0, 0x0, 0x0, 0x0, 0xf, 0xff,
    0x20, 0x0, 0x0, 0x0, 0x0, 0xff, 0xf2, 0x0,
    0x0, 0x0, 0x0, 0xf, 0xff, 0xff, 0xff, 0xff,
    0xf1, 0x0, 0xff, 0xff, 0xff, 0xff, 0xff, 0x10,
    0xf, 0xff, 0xdd, 0xdd, 0xdd, 0xd1, 0x0, 0xff,
    0xf2, 0x0, 0x0, 0x0, 0x0, 0xf, 0xff, 0x20,
    0x0, 0x0, 0x0, 0x0, 0xff, 0xf2, 0x0, 0x0,
    0x0, 0x0, 0xf, 0xff, 0x20, 0x0, 0x0, 0x0,
    0x0, 0xff, 0xfd, 0xdd, 0xdd, 0xdd, 0xd0, 0xf,
    0xff, 0xff, 0xff, 0xff, 0xff, 0x0, 0xff, 0xff,
    0xff, 0xff, 0xff, 0xf0,

    /* U+00C9 "É" */
    0x0, 0x0, 0x0, 0x6, 0x0, 0x0, 0x0, 0x0,
    0x0, 0x5, 0xfe, 0x60, 0x0, 0x0, 0x0, 0x0,
    0xcf, 0xf4, 0x0, 0x0, 0x0, 0x0, 0x5f, 0xf8,
    0x0, 0x0, 0x0, 0x0, 0xd, 0xfc, 0x0, 0x0,
    0x0, 0x0, 0x0, 0x3b, 0x20, 0x0, 0x0, 0x0,
    0x0, 0x0, 0x0, 0x0, 0x0, 0x0, 0xff, 0xff,
    0xff, 0xff, 0xff, 0xf0, 0xf, 0xff, 0xff, 0xff,
    0xff, 0xff, 0x0, 0xff, 0xfe, 0xdd, 0xdd, 0xdd,
    0xd0, 0xf, 0xff, 0x20, 0x0, 0x0, 0x0, 0x0,
    0xff, 0xf2, 0x0, 0x0, 0x0, 0x0, 0xf, 0xff,
    0x20, 0x0, 0x0, 0x0, 0x0, 0xff, 0xf2, 0x0,
    0x0, 0x0, 0x0, 0xf, 0xff, 0xff, 0xff, 0xff,
    0xf1, 0x0, 0xff, 0xff, 0xff, 0xff, 0xff, 0x10,
    0xf, 0xff, 0xdd, 0xdd, 0xdd, 0xd1, 0x0, 0xff,
    0xf2, 0x0, 0x0, 0x0, 0x0, 0xf, 0xff, 0x20,
    0x0, 0x0, 0x0, 0x0, 0xff, 0xf2, 0x0, 0x0,
    0x0, 0x0, 0xf, 0xff, 0x20, 0x0, 0x0, 0x0,
    0x0, 0xff, 0xfd, 0xdd, 0xdd, 0xdd, 0xd0, 0xf,
    0xff, 0xff, 0xff, 0xff, 0xff, 0x0, 0xff, 0xff,
    0xff, 0xff, 0xff, 0xf0,

    /* U+00CA "Ê" */
    0x0, 0x0, 0x5f, 0xff, 0x40, 0x0, 0x0, 0x0,
    0x2f, 0xff, 0xff, 0x20, 0x0, 0x0, 0x1e, 0xfe,
    0x5e, 0xfd, 0x10, 0x0, 0xa, 0xfe, 0x20, 0x2e,
    0xfa, 0x0, 0x0, 0x1a, 0x20, 0x0, 0x2a, 0x10,
    0x0, 0x0, 0x0, 0x0, 0x0, 0x0, 0x0, 0xf,
    0xff, 0xff, 0xff, 0xff, 0xff, 0x0, 0xff, 0xff,
    0xff, 0xff, 0xff, 0xf0, 0xf, 0xff, 0xed, 0xdd,
    0xdd, 0xdd, 0x0, 0xff, 0xf2, 0x0, 0x0, 0x0,
    0x0, 0xf, 0xff, 0x20, 0x0, 0x0, 0x0, 0x0,
    0xff, 0xf2, 0x0, 0x0, 0x0, 0x0, 0xf, 0xff,
    0x20, 0x0, 0x0, 0x0, 0x0, 0xff, 0xff, 0xff,
    0xff, 0xff, 0x10, 0xf, 0xff, 0xff, 0xff, 0xff,
    0xf1, 0x0, 0xff, 0xfd, 0xdd, 0xdd, 0xdd, 0x10,
    0xf, 0xff, 0x20, 0x0, 0x0, 0x0, 0x0, 0xff,
    0xf2, 0x0, 0x0, 0x0, 0x0, 0xf, 0xff, 0x20,
    0x0, 0x0, 0x0, 0x0, 0xff, 0xf2, 0x0, 0x0,
    0x0, 0x0, 0xf, 0xff, 0xdd, 0xdd, 0xdd, 0xdd,
    0x0, 0xff, 0xff, 0xff, 0xff, 0xff, 0xf0, 0xf,
    0xff, 0xff, 0xff, 0xff, 0xff, 0x0,

    /* U+00CB "Ë" */
    0x0, 0x5e, 0xe4, 0x5, 0xee, 0x50, 0x0, 0xb,
    0xff, 0xa0, 0xaf, 0xfb, 0x0, 0x0, 0x9f, 0xf8,
    0x8, 0xff, 0x90, 0x0, 0x0, 0x44, 0x0, 0x4,
    0x40, 0x0, 0x0, 0x0, 0x0, 0x0, 0x0, 0x0,
    0x0, 0xff, 0xff, 0xff, 0xff, 0xff, 0xf0, 0xf,
    0xff, 0xff, 0xff, 0xff, 0xff, 0x0, 0xff, 0xfe,
    0xdd, 0xdd, 0xdd, 0xd0, 0xf, 0xff, 0x20, 0x0,
    0x0, 0x0, 0x0, 0xff, 0xf2, 0x0, 0x0, 0x0,
    0x0, 0xf, 0xff, 0x20, 0x0, 0x0, 0x0, 0x0,
    0xff, 0xf2, 0x0, 0x0, 0x0, 0x0, 0xf, 0xff,
    0xff, 0xff, 0xff, 0xf1, 0x0, 0xff, 0xff, 0xff,
    0xff, 0xff, 0x10, 0xf, 0xff, 0xdd, 0xdd, 0xdd,
    0xd1, 0x0, 0xff, 0xf2, 0x0, 0x0, 0x0, 0x0,
    0xf, 0xff, 0x20, 0x0, 0x0, 0x0, 0x0, 0xff,
    0xf2, 0x0, 0x0, 0x0, 0x0, 0xf, 0xff, 0x20,
    0x0, 0x0, 0x0, 0x0, 0xff, 0xfd, 0xdd, 0xdd,
    0xdd, 0xd0, 0xf, 0xff, 0xff, 0xff, 0xff, 0xff,
    0x0, 0xff, 0xff, 0xff, 0xff, 0xff, 0xf0,

    /* U+00CC "Ì" */
    0x0, 0x24, 0x0, 0x0, 0xa, 0xfd, 0x0, 0x0,
    0xa, 0xff, 0x60, 0x0, 0x1, 0xef, 0xd0, 0x0,
    0x0, 0x3f, 0xf6, 0x0, 0x0, 0x7, 0x81, 0x0,
    0x0, 0x0, 0x0, 0x0, 0xbf, 0xff, 0xff, 0xfe,
    0xbf, 0xff, 0xff, 0xfe, 0x69, 0xcf, 0xfd, 0x98,
    0x0, 0x8f, 0xfa, 0x0, 0x0, 0x8f, 0xfa, 0x0,
    0x0, 0x8f, 0xfa, 0x0, 0x0, 0x8f, 0xfa, 0x0,
    0x0, 0x8f, 0xfa, 0x0, 0x0, 0x8f, 0xfa, 0x0,
    0x0, 0x8f, 0xfa, 0x0, 0x0, 0x8f, 0xfa, 0x0,
    0x0, 0x8f, 0xfa, 0x0, 0x0, 0x8f, 0xfa, 0x0,
    0x0, 0x8f, 0xfa, 0x0, 0x69, 0xcf, 0xfd, 0x98,
    0xbf, 0xff, 0xff, 0xfe, 0xbf, 0xff, 0xff, 0xfe,

    /* U+00CD "Í" */
    0x0, 0x0, 0x24, 0x0, 0x0, 0x0, 0xbf, 0xb2,
    0x0, 0x3, 0xff, 0xd0, 0x0, 0xb, 0xff, 0x20,
    0x0, 0x3f, 0xf6, 0x0, 0x0, 0x6, 0x90, 0x0,
    0x0, 0x0, 0x0, 0x0, 0xbf, 0xff, 0xff, 0xfe,
    0xbf, 0xff, 0xff, 0xfe, 0x69, 0xcf, 0xfd, 0x98,
    0x0, 0x8f, 0xfa, 0x0, 0x0, 0x8f, 0xfa, 0x0,
    0x0, 0x8f, 0xfa, 0x0, 0x0, 0x8f, 0xfa, 0x0,
    0x0, 0x8f, 0xfa, 0x0, 0x0, 0x8f, 0xfa, 0x0,
    0x0, 0x8f, 0xfa, 0x0, 0x0, 0x8f, 0xfa, 0x0,
    0x0, 0x8f, 0xfa, 0x0, 0x0, 0x8f, 0xfa, 0x0,
    0x0, 0x8f, 0xfa, 0x0, 0x69, 0xcf, 0xfd, 0x98,
    0xbf, 0xff, 0xff, 0xfe, 0xbf, 0xff, 0xff, 0xfe,

    /* U+00CE "Î" */
    0x0, 0xb, 0xff, 0xd0, 0x0, 0x0, 0x8f, 0xff,
    0xfb, 0x0, 0x5, 0xff, 0xa8, 0xff, 0x80, 0x1f,
    0xfa, 0x0, 0x7f, 0xf3, 0x5, 0x80, 0x0, 0x6,
    0x70, 0x0, 0x0, 0x0, 0x0, 0x0, 0xb, 0xff,
    0xff, 0xff, 0xe0, 0xb, 0xff, 0xff, 0xff, 0xe0,
    0x6, 0x9c, 0xff, 0xd9, 0x80, 0x0, 0x8, 0xff,
    0xa0, 0x0, 0x0, 0x8, 0xff, 0xa0, 0x0, 0x0,
    0x8, 0xff, 0xa0, 0x0, 0x0, 0x8, 0xff, 0xa0,
    0x0, 0x0, 0x8, 0xff, 0xa0, 0x0, 0x0, 0x8,
    0xff, 0xa0, 0x0, 0x0, 0x8, 0xff, 0xa0, 0x0,
    0x0, 0x8, 0xff, 0xa0, 0x0, 0x0, 0x8, 0xff,
    0xa0, 0x0, 0x0, 0x8, 0xff, 0xa0, 0x0, 0x0,
    0x8, 0xff, 0xa0, 0x0, 0x6, 0x9c, 0xff, 0xd9,
    0x80, 0xb, 0xff, 0xff, 0xff, 0xe0, 0xb, 0xff,
    0xff, 0xff, 0xe0,

    /* U+00CF "Ï" */
    0xb, 0xfc, 0x0, 0xaf, 0xc1, 0x2f, 0xff, 0x31,
    0xff, 0xf4, 0xf, 0xff, 0x20, 0xef, 0xf2, 0x2,
    0x52, 0x0, 0x15, 0x20, 0x0, 0x0, 0x0, 0x0,
    0x0, 0xb, 0xff, 0xff, 0xff, 0xe0, 0xb, 0xff,
    0xff, 0xff, 0xe0, 0x6, 0x9c, 0xff, 0xd9, 0x80,
    0x0, 0x8, 0xff, 0xa0, 0x0, 0x0, 0x8, 0xff,
    0xa0, 0x0, 0x0, 0x8, 0xff, 0xa0, 0x0, 0x0,
    0x8, 0xff, 0xa0, 0x0, 0x0, 0x8, 0xff, 0xa0,
    0x0, 0x0, 0x8, 0xff, 0xa0, 0x0, 0x0, 0x8,
    0xff, 0xa0, 0x0, 0x0, 0x8, 0xff, 0xa0, 0x0,
    0x0, 0x8, 0xff, 0xa0, 0x0, 0x0, 0x8, 0xff,
    0xa0, 0x0, 0x0, 0x8, 0xff, 0xa0, 0x0, 0x6,
    0x9c, 0xff, 0xd9, 0x80, 0xb, 0xff, 0xff, 0xff,
    0xe0, 0xb, 0xff, 0xff, 0xff, 0xe0,

    /* U+00D0 "Ð" */
    0x0, 0xff, 0xff, 0xff, 0xfe, 0xa4, 0x0, 0x0,
    0x0, 0xff, 0xff, 0xff, 0xff, 0xff, 0xa0, 0x0,
    0x0, 0xff, 0xfe, 0xdd, 0xef, 0xff, 0xfa, 0x0,
    0x0, 0xff, 0xf3, 0x0, 0x1, 0x8f, 0xff, 0x40,
    0x0, 0xff, 0xf3, 0x0, 0x0, 0x9, 0xff, 0xb0,
    0x0, 0xff, 0xf3, 0x0, 0x0, 0x2, 0xff, 0xf0,
    0x0, 0xff, 0xf3, 0x0, 0x0, 0x0, 0xff, 0xf3,
    0xcf, 0xff, 0xff, 0xff, 0x30, 0x0, 0xff, 0xf5,
    0xcf, 0xff, 0xff, 0xff, 0x30, 0x0, 0xff, 0xf5,
    0x46, 0xff, 0xf8, 0x66, 0x10, 0x0, 0xff, 0xf5,
    0x0, 0xff, 0xf3, 0x0, 0x0, 0x0, 0xff, 0xf3,
    0x0, 0xff, 0xf3, 0x0, 0x0, 0x2, 0xff, 0xf0,
    0x0, 0xff, 0xf3, 0x0, 0x0, 0x9, 0xff, 0xb0,
    0x0, 0xff, 0xf3, 0x0, 0x1, 0x8f, 0xff, 0x50,
    0x0, 0xff, 0xfe, 0xdd, 0xdf, 0xff, 0xfa, 0x0,
    0x0, 0xff, 0xff, 0xff, 0xff, 0xff, 0xa0, 0x0,
    0x0, 0xff, 0xff, 0xff, 0xfe, 0xa4, 0x0, 0x0,

    /* U+00D1 "Ñ" */
    0x0, 0x0, 0xaf, 0xe9, 0x30, 0x51, 0x0, 0x0,
    0x0, 0x9f, 0xff, 0xff, 0xff, 0xb0, 0x0, 0x0,
    0x1, 0xa6, 0x7d, 0xff, 0xf6, 0x0, 0x0, 0x0,
    0x0, 0x0, 0x2, 0x41, 0x0, 0x0, 0x0, 0x0,
    0x0, 0x0, 0x0, 0x0, 0x0, 0x0, 0xff, 0xfb,
    0x0, 0x0, 0x0, 0xbf, 0xf4, 0xf, 0xff, 0xf5,
    0x0, 0x0, 0xb, 0xff, 0x40, 0xff, 0xff, 0xd0,
    0x0, 0x0, 0xbf, 0xf4, 0xf, 0xff, 0xff, 0x70,
    0x0, 0xb, 0xff, 0x40, 0xff, 0xff, 0xff, 0x10,
    0x0, 0xbf, 0xf4, 0xf, 0xff, 0x9f, 0xfa, 0x0,
    0xb, 0xff, 0x40, 0xff, 0xf1, 0xff, 0xf3, 0x0,
    0xbf, 0xf4, 0xf, 0xff, 0x9, 0xff, 0xc0, 0xb,
    0xff, 0x40, 0xff, 0xf0, 0x2f, 0xff, 0x50, 0xbf,
    0xf4, 0xf, 0xff, 0x0, 0x8f, 0xfd, 0xb, 0xff,
    0x40, 0xff, 0xf0, 0x0, 0xef, 0xf5, 0xbf, 0xf4,
    0xf, 0xff, 0x0, 0x5, 0xff, 0xdb, 0xff, 0x40,
    0xff, 0xf0, 0x0, 0xc, 0xff, 0xff, 0xf4, 0xf,
    0xff, 0x0, 0x0, 0x3f, 0xff, 0xff, 0x40, 0xff,
    0xf0, 0x0, 0x0, 0xaf, 0xff, 0xf4, 0xf, 0xff,
    0x0, 0x0, 0x1, 0xff, 0xff, 0x40, 0xff, 0xf0,
    0x0, 0x0, 0x7, 0xff, 0xf4,

    /* U+00D2 "Ò" */
    0x0, 0x0, 0x0, 0x10, 0x0, 0x0, 0x0, 0x0,
    0x0, 0x2, 0xaf, 0x30, 0x0, 0x0, 0x0, 0x0,
    0x0, 0x7f, 0xfb, 0x0, 0x0, 0x0, 0x0, 0x0,
    0x0, 0xbf, 0xf3, 0x0, 0x0, 0x0, 0x0, 0x0,
    0x1, 0xef, 0xb0, 0x0, 0x0, 0x0, 0x0, 0x0,
    0x4, 0xf8, 0x0, 0x0, 0x0, 0x0, 0x0, 0x0,
    0x0, 0x0, 0x0, 0x0, 0x0, 0x0, 0x6, 0xbe,
    0xfe, 0xc7, 0x0, 0x0, 0x0, 0x2d, 0xff, 0xff,
    0xff, 0xfe, 0x20, 0x0, 0x1e, 0xff, 0xff, 0xef,
    0xff, 0xfe, 0x10, 0x9, 0xff, 0xf6, 0x0, 0x5,
    0xef, 0xfb, 0x1, 0xff, 0xf5, 0x0, 0x0, 0x4,
    0xff, 0xf2, 0x6f, 0xfd, 0x0, 0x0, 0x0, 0xc,
    0xff, 0x79, 0xff, 0xa0, 0x0, 0x0, 0x0, 0x9f,
    0xfa, 0xaf, 0xf9, 0x0, 0x0, 0x0, 0x8, 0xff,
    0xcb, 0xff, 0x90, 0x0, 0x0, 0x0, 0x8f, 0xfd,
    0xaf, 0xf9, 0x0, 0x0, 0x0, 0x8, 0xff, 0xc9,
    0xff, 0xa0, 0x0, 0x0, 0x0, 0x9f, 0xfb, 0x6f,
    0xfd, 0x0, 0x0, 0x0, 0xc, 0xff, 0x71, 0xff,
    0xf5, 0x0, 0x0, 0x3, 0xff, 0xf2, 0xa, 0xff,
    0xf6, 0x0, 0x5, 0xef, 0xfb, 0x0, 0x1e, 0xff,
    0xff, 0xef, 0xff, 0xff, 0x20, 0x0, 0x2d, 0xff,
    0xff, 0xff, 0xfe, 0x30, 0x0, 0x0, 0x6, 0xbe,
    0xfe, 0xc7, 0x0, 0x0,

    /* U+00D3 "Ó" */
    0x0, 0x0, 0x0, 0x0, 0x10, 0x0, 0x0, 0x0,
    0x0, 0x0, 0x0, 0x2f, 0xa2, 0x0, 0x0, 0x0,
    0x0, 0x0, 0x9, 0xff, 0x80, 0x0, 0x0, 0x0,
    0x0, 0x2, 0xff, 0xc0, 0x0, 0x0, 0x0, 0x0,
    0x0, 0x9f, 0xf2, 0x0, 0x0, 0x0, 0x0, 0x0,
    0x7, 0xe5, 0x0, 0x0, 0x0, 0x0, 0x0, 0x0,
    0x0, 0x0, 0x0, 0x0, 0x0, 0x0, 0x6, 0xbe,
    0xfe, 0xc7, 0x0, 0x0, 0x0, 0x2d, 0xff, 0xff,
    0xff, 0xfe, 0x20, 0x0, 0x1e, 0xff, 0xff, 0xef,
    0xff, 0xfe, 0x10, 0x9, 0xff, 0xf6, 0x0, 0x5,
    0xef, 0xfb, 0x1, 0xff, 0xf5, 0x0, 0x0, 0x4,
    0xff, 0xf2, 0x6f, 0xfd, 0x0, 0x0, 0x0, 0xc,
    0xff, 0x79, 0xff, 0xa0, 0x0, 0x0, 0x0, 0x9f,
    0xfa, 0xaf, 0xf9, 0x0, 0x0, 0x0, 0x8, 0xff,
    0xcb, 0xff, 0x90, 0x0, 0x0, 0x0, 0x8f, 0xfd,
    0xaf, 0xf9, 0x0, 0x0, 0x0, 0x8, 0xff, 0xc9,
    0xff, 0xa0, 0x0, 0x0, 0x0, 0x9f, 0xfb, 0x6f,
    0xfd, 0x0, 0x0, 0x0, 0xc, 0xff, 0x71, 0xff,
    0xf5, 0x0, 0x0, 0x3, 0xff, 0xf2, 0xa, 0xff,
    0xf6, 0x0, 0x5, 0xef, 0xfb, 0x0, 0x1e, 0xff,
    0xff, 0xef, 0xff, 0xff, 0x20, 0x0, 0x2d, 0xff,
    0xff, 0xff, 0xfe, 0x30, 0x0, 0x0, 0x6, 0xbe,
    0xfe, 0xc7, 0x0, 0x0,

    /* U+00D4 "Ô" */
    0x0, 0x0, 0x0, 0x78, 0x70, 0x0, 0x0, 0x0,
    0x0, 0x0, 0x9f, 0xff, 0xa0, 0x0, 0x0, 0x0,
    0x0, 0x4f, 0xff, 0xff, 0x60, 0x0, 0x0, 0x0,
    0x1e, 0xfe, 0x3d, 0xff, 0x20, 0x0, 0x0, 0xa,
    0xfe, 0x20, 0x1e, 0xfb, 0x0, 0x0, 0x0, 0x1c,
    0x30, 0x0, 0x2c, 0x20, 0x0, 0x0, 0x0, 0x0,
    0x0, 0x0, 0x0, 0x0, 0x0, 0x0, 0x6, 0xbe,
    0xfe, 0xc7, 0x0, 0x0, 0x0, 0x2d, 0xff, 0xff,
    0xff, 0xfe, 0x20, 0x0, 0x1e, 0xff, 0xff, 0xef,
    0xff, 0xfe, 0x10, 0x9, 0xff, 0xf6, 0x0, 0x5,
    0xef, 0xfb, 0x1, 0xff, 0xf5, 0x0, 0x0, 0x4,
    0xff, 0xf2, 0x6f, 0xfd, 0x0, 0x0, 0x0, 0xc,
    0xff, 0x79, 0xff, 0xa0, 0x0, 0x0, 0x0, 0x9f,
    0xfa, 0xaf, 0xf9, 0x0, 0x0, 0x0, 0x8, 0xff,
    0xcb, 0xff, 0x90, 0x0, 0x0, 0x0, 0x8f, 0xfd,
    0xaf, 0xf9, 0x0, 0x0, 0x0, 0x8, 0xff, 0xc9,
    0xff, 0xa0, 0x0, 0x0, 0x0, 0x9f, 0xfb, 0x6f,
    0xfd, 0x0, 0x0, 0x0, 0xc, 0xff, 0x71, 0xff,
    0xf5, 0x0, 0x0, 0x3, 0xff, 0xf2, 0xa, 0xff,
    0xf6, 0x0, 0x5, 0xef, 0xfb, 0x0, 0x1e, 0xff,
    0xff, 0xef, 0xff, 0xff, 0x20, 0x0, 0x2d, 0xff,
    0xff, 0xff, 0xfe, 0x30, 0x0, 0x0, 0x6, 0xbe,
    0xfe, 0xc7, 0x0, 0x0,

    /* U+00D5 "Õ" */
    0x0, 0x0, 0x14, 0x30, 0x0, 0x0, 0x0, 0x0,
    0x0, 0x4f, 0xff, 0xd8, 0x5a, 0x20, 0x0, 0x0,
    0x9, 0xff, 0xff, 0xff, 0xfb, 0x0, 0x0, 0x0,
    0x5, 0x2, 0x8d, 0xfc, 0x10, 0x0, 0x0, 0x0,
    0x0, 0x0, 0x0, 0x0, 0x0, 0x0, 0x0, 0x0,
    0x0, 0x0, 0x0, 0x0, 0x0, 0x0, 0x0, 0x6b,
    0xef, 0xec, 0x70, 0x0, 0x0, 0x2, 0xdf, 0xff,
    0xff, 0xff, 0xe2, 0x0, 0x1, 0xef, 0xff, 0xfe,
    0xff, 0xff, 0xe1, 0x0, 0x9f, 0xff, 0x60, 0x0,
    0x5e, 0xff, 0xb0, 0x1f, 0xff, 0x50, 0x0, 0x0,
    0x4f, 0xff, 0x26, 0xff, 0xd0, 0x0, 0x0, 0x0,
    0xcf, 0xf7, 0x9f, 0xfa, 0x0, 0x0, 0x0, 0x9,
    0xff, 0xaa, 0xff, 0x90, 0x0, 0x0, 0x0, 0x8f,
    0xfc, 0xbf, 0xf9, 0x0, 0x0, 0x0, 0x8, 0xff,
    0xda, 0xff, 0x90, 0x0, 0x0, 0x0, 0x8f, 0xfc,
    0x9f, 0xfa, 0x0, 0x0, 0x0, 0x9, 0xff, 0xb6,
    0xff, 0xd0, 0x0, 0x0, 0x0, 0xcf, 0xf7, 0x1f,
    0xff, 0x50, 0x0, 0x0, 0x3f, 0xff, 0x20, 0xaf,
    0xff, 0x60, 0x0, 0x5e, 0xff, 0xb0, 0x1, 0xef,
    0xff, 0xfe, 0xff, 0xff, 0xf2, 0x0, 0x2, 0xdf,
    0xff, 0xff, 0xff, 0xe3, 0x0, 0x0, 0x0, 0x6b,
    0xef, 0xec, 0x70, 0x0, 0x0,

    /* U+00D6 "Ö" */
    0x0, 0x0, 0x44, 0x0, 0x4, 0x40, 0x0, 0x0,
    0x0, 0x8f, 0xf9, 0x7, 0xff, 0x90, 0x0, 0x0,
    0xa, 0xff, 0xb0, 0xaf, 0xfb, 0x0, 0x0, 0x0,
    0x4e, 0xe5, 0x4, 0xef, 0x50, 0x0, 0x0, 0x0,
    0x0, 0x0, 0x0, 0x0, 0x0, 0x0, 0x0, 0x0,
    0x0, 0x0, 0x0, 0x0, 0x0, 0x0, 0x0, 0x6b,
    0xef, 0xec, 0x70, 0x0, 0x0, 0x2, 0xdf, 0xff,
    0xff, 0xff, 0xe2, 0x0, 0x1, 0xef, 0xff, 0xfe,
    0xff, 0xff, 0xe1, 0x0, 0x9f, 0xff, 0x60, 0x0,
    0x5e, 0xff, 0xb0, 0x1f, 0xff, 0x50, 0x0, 0x0,
    0x4f, 0xff, 0x26, 0xff, 0xd0, 0x0, 0x0, 0x0,
    0xcf, 0xf7, 0x9f, 0xfa, 0x0, 0x0, 0x0, 0x9,
    0xff, 0xaa, 0xff, 0x90, 0x0, 0x0, 0x0, 0x8f,
    0xfc, 0xbf, 0xf9, 0x0, 0x0, 0x0, 0x8, 0xff,
    0xda, 0xff, 0x90, 0x0, 0x0, 0x0, 0x8f, 0xfc,
    0x9f, 0xfa, 0x0, 0x0, 0x0, 0x9, 0xff, 0xb6,
    0xff, 0xd0, 0x0, 0x0, 0x0, 0xcf, 0xf7, 0x1f,
    0xff, 0x50, 0x0, 0x0, 0x3f, 0xff, 0x20, 0xaf,
    0xff, 0x60, 0x0, 0x5e, 0xff, 0xb0, 0x1, 0xef,
    0xff, 0xfe, 0xff, 0xff, 0xf2, 0x0, 0x2, 0xdf,
    0xff, 0xff, 0xff, 0xe3, 0x0, 0x0, 0x0, 0x6b,
    0xef, 0xec, 0x70, 0x0, 0x0,

    /* U+00D7 "×" */
    0x0, 0x71, 0x0, 0x0, 0x7, 0x10, 0x8, 0xfd,
    0x10, 0x0, 0x8f, 0xd1, 0x8, 0xff, 0xc0, 0x7,
    0xff, 0xd1, 0x0, 0x9f, 0xfc, 0x6f, 0xfd, 0x10,
    0x0, 0xa, 0xff, 0xff, 0xe2, 0x0, 0x0, 0x0,
    0xcf, 0xff, 0x30, 0x0, 0x0, 0x5, 0xff, 0xff,
    0xb0, 0x0, 0x0, 0x4f, 0xff, 0xbf, 0xfa, 0x0,
    0x3, 0xff, 0xf3, 0xb, 0xff, 0x90, 0xc, 0xff,
    0x40, 0x0, 0xcf, 0xf2, 0x1, 0xc5, 0x0, 0x0,
    0x1c, 0x40, 0x0, 0x0, 0x0, 0x0, 0x0, 0x0,

    /* U+00D8 "Ø" */
    0x0, 0x0, 0x0, 0x0, 0x0, 0x0, 0xa6, 0x0,
    0x0, 0x6, 0xbe, 0xfe, 0xb5, 0x6f, 0xf5, 0x0,
    0x2d, 0xff, 0xff, 0xff, 0xff, 0xfc, 0x0, 0x1e,
    0xff, 0xfd, 0xbd, 0xff, 0xff, 0x40, 0xa, 0xff,
    0xd3, 0x0, 0x7, 0xff, 0xfa, 0x1, 0xff, 0xf2,
    0x0, 0x1, 0xef, 0xff, 0xf2, 0x6f, 0xfb, 0x0,
    0x0, 0xaf, 0xca, 0xff, 0x79, 0xff, 0x90, 0x0,
    0x5f, 0xf2, 0x7f, 0xfa, 0xbf, 0xf8, 0x0, 0x1e,
    0xf7, 0x6, 0xff, 0xcb, 0xff, 0x80, 0xa, 0xfc,
    0x0, 0x6f, 0xfd, 0xbf, 0xf8, 0x5, 0xff, 0x20,
    0x6, 0xff, 0xc9, 0xff, 0x91, 0xef, 0x60, 0x0,
    0x7f, 0xfb, 0x6f, 0xfc, 0xbf, 0xb0, 0x0, 0xa,
    0xff, 0x71, 0xff, 0xff, 0xf1, 0x0, 0x1, 0xff,
    0xf3, 0x9, 0xff, 0xf8, 0x0, 0x2, 0xdf, 0xfb,
    0x0, 0x2f, 0xff, 0xfd, 0xbc, 0xff, 0xff, 0x20,
    0xa, 0xff, 0xff, 0xff, 0xff, 0xfe, 0x30, 0x4,
    0xff, 0x75, 0xbd, 0xfe, 0xc7, 0x0, 0x0, 0x5,
    0xb0, 0x0, 0x0, 0x0, 0x0, 0x0, 0x0,

    /* U+00D9 "Ù" */
    0x0, 0x0, 0x1, 0x50, 0x0, 0x0, 0x0, 0x0,
    0x0, 0x8f, 0xf1, 0x0, 0x0, 0x0, 0x0, 0x0,
    0x8f, 0xf9, 0x0, 0x0, 0x0, 0x0, 0x0, 0xc,
    0xff, 0x10, 0x0, 0x0, 0x0, 0x0, 0x1, 0xff,
    0x90, 0x0, 0x0, 0x0, 0x0, 0x0, 0x59, 0x10,
    0x0, 0x0, 0x0, 0x0, 0x0, 0x0, 0x0, 0x0,
    0x0, 0x2f, 0xff, 0x0, 0x0, 0x0, 0x6f, 0xfb,
    0x2f, 0xff, 0x0, 0x0, 0x0, 0x6f, 0xfb, 0x2f,
    0xff, 0x0, 0x0, 0x0, 0x6f, 0xfb, 0x2f, 0xff,
    0x0, 0x0, 0x0, 0x6f, 0xfb, 0x2f, 0xff, 0x0,
    0x0, 0x0, 0x6f, 0xfb, 0x2f, 0xff, 0x0, 0x0,
    0x0, 0x6f, 0xfb, 0x2f, 0xff, 0x0, 0x0, 0x0,
    0x6f, 0xfb, 0x2f, 0xff, 0x0, 0x0, 0x0, 0x6f,
    0xfb, 0x2f, 0xff, 0x0, 0x0, 0x0, 0x6f, 0xfb,
    0x2f, 0xff, 0x0, 0x0, 0x0, 0x6f, 0xfb, 0x2f,
    0xff, 0x0, 0x0, 0x0, 0x7f, 0xfa, 0x1f, 0xff,
    0x10, 0x0, 0x0, 0x8f, 0xf9, 0xe, 0xff, 0x60,
    0x0, 0x0, 0xdf, 0xf7, 0xa, 0xff, 0xe3, 0x0,
    0x8, 0xff, 0xf3, 0x3, 0xff, 0xff, 0xee, 0xff,
    0xff, 0xc0, 0x0, 0x7f, 0xff, 0xff, 0xff, 0xfd,
    0x10, 0x0, 0x3, 0x9d, 0xff, 0xec, 0x70, 0x0,

    /* U+00DA "Ú" */
    0x0, 0x0, 0x0, 0x1, 0x50, 0x0, 0x0, 0x0,
    0x0, 0x0, 0x8, 0xfd, 0x30, 0x0, 0x0, 0x0,
    0x0, 0x1f, 0xfe, 0x10, 0x0, 0x0, 0x0, 0x0,
    0x8f, 0xf4, 0x0, 0x0, 0x0, 0x0, 0x1, 0xff,
    0x90, 0x0, 0x0, 0x0, 0x0, 0x0, 0x5a, 0x0,
    0x0, 0x0, 0x0, 0x0, 0x0, 0x0, 0x0, 0x0,
    0x0, 0x2f, 0xff, 0x0, 0x0, 0x0, 0x6f, 0xfb,
    0x2f, 0xff, 0x0, 0x0, 0x0, 0x6f, 0xfb, 0x2f,
    0xff, 0x0, 0x0, 0x0, 0x6f, 0xfb, 0x2f, 0xff,
    0x0, 0x0, 0x0, 0x6f, 0xfb, 0x2f, 0xff, 0x0,
    0x0, 0x0, 0x6f, 0xfb, 0x2f, 0xff, 0x0, 0x0,
    0x0, 0x6f, 0xfb, 0x2f, 0xff, 0x0, 0x0, 0x0,
    0x6f, 0xfb, 0x2f, 0xff, 0x0, 0x0, 0x0, 0x6f,
    0xfb, 0x2f, 0xff, 0x0, 0x0, 0x0, 0x6f, 0xfb,
    0x2f, 0xff, 0x0, 0x0, 0x0, 0x6f, 0xfb, 0x2f,
    0xff, 0x0, 0x0, 0x0, 0x7f, 0xfa, 0x1f, 0xff,
    0x10, 0x0, 0x0, 0x8f, 0xf9, 0xe, 0xff, 0x60,
    0x0, 0x0, 0xdf, 0xf7, 0xa, 0xff, 0xe3, 0x0,
    0x8, 0xff, 0xf3, 0x3, 0xff, 0xff, 0xee, 0xff,
    0xff, 0xc0, 0x0, 0x7f, 0xff, 0xff, 0xff, 0xfd,
    0x10, 0x0, 0x3, 0x9d, 0xff, 0xec, 0x70, 0x0,

    /* U+00DB "Û" */
    0x0, 0x0, 0x2, 0x88, 0x60, 0x0, 0x0, 0x0,
    0x0, 0xd, 0xff, 0xf6, 0x0, 0x0, 0x0, 0x0,
    0xaf, 0xff, 0xff, 0x30, 0x0, 0x0, 0x6, 0xff,
    0x92, 0xef, 0xd1, 0x0, 0x0, 0xe, 0xf9, 0x0,
    0x2e, 0xf6, 0x0, 0x0, 0x1, 0x80, 0x0, 0x3,
    0x70, 0x0, 0x0, 0x0, 0x0, 0x0, 0x0, 0x0,
    0x0, 0x2f, 0xff, 0x0, 0x0, 0x0, 0x6f, 0xfb,
    0x2f, 0xff, 0x0, 0x0, 0x0, 0x6f, 0xfb, 0x2f,
    0xff, 0x0, 0x0, 0x0, 0x6f, 0xfb, 0x2f, 0xff,
    0x0, 0x0, 0x0, 0x6f, 0xfb, 0x2f, 0xff, 0x0,
    0x0, 0x0, 0x6f, 0xfb, 0x2f, 0xff, 0x0, 0x0,
    0x0, 0x6f, 0xfb, 0x2f, 0xff, 0x0, 0x0, 0x0,
    0x6f, 0xfb, 0x2f, 0xff, 0x0, 0x0, 0x0, 0x6f,
    0xfb, 0x2f, 0xff, 0x0, 0x0, 0x0, 0x6f, 0xfb,
    0x2f, 0xff, 0x0, 0x0, 0x0, 0x6f, 0xfb, 0x2f,
    0xff, 0x0, 0x0, 0x0, 0x7f, 0xfa, 0x1f, 0xff,
    0x10, 0x0, 0x0, 0x8f, 0xf9, 0xe, 0xff, 0x60,
    0x0, 0x0, 0xdf, 0xf7, 0xa, 0xff, 0xe3, 0x0,
    0x8, 0xff, 0xf3, 0x3, 0xff, 0xff, 0xee, 0xff,
    0xff, 0xc0, 0x0, 0x7f, 0xff, 0xff, 0xff, 0xfd,
    0x10, 0x0, 0x3, 0x9d, 0xff, 0xec, 0x70, 0x0,

    /* U+00DC "Ü" */
    0x0, 0x1, 0x53, 0x0, 0x15, 0x30, 0x0, 0x0,
    0xd, 0xff, 0x40, 0xcf, 0xf5, 0x0, 0x0, 0xf,
    0xff, 0x60, 0xef, 0xf7, 0x0, 0x0, 0x8, 0xfd,
    0x20, 0x8f, 0xd2, 0x0, 0x0, 0x0, 0x0, 0x0,
    0x0, 0x0, 0x0, 0x0, 0x0, 0x0, 0x0, 0x0,
    0x0, 0x0, 0x2f, 0xff, 0x0, 0x0, 0x0, 0x6f,
    0xfb, 0x2f, 0xff, 0x0, 0x0, 0x0, 0x6f, 0xfb,
    0x2f, 0xff, 0x0, 0x0, 0x0, 0x6f, 0xfb, 0x2f,
    0xff, 0x0, 0x0, 0x0, 0x6f, 0xfb, 0x2f, 0xff,
    0x0, 0x0, 0x0, 0x6f, 0xfb, 0x2f, 0xff, 0x0,
    0x0, 0x0, 0x6f, 0xfb, 0x2f, 0xff, 0x0, 0x0,
    0x0, 0x6f, 0xfb, 0x2f, 0xff, 0x0, 0x0, 0x0,
    0x6f, 0xfb, 0x2f, 0xff, 0x0, 0x0, 0x0, 0x6f,
    0xfb, 0x2f, 0xff, 0x0, 0x0, 0x0, 0x6f, 0xfb,
    0x2f, 0xff, 0x0, 0x0, 0x0, 0x7f, 0xfa, 0x1f,
    0xff, 0x10, 0x0, 0x0, 0x8f, 0xf9, 0xe, 0xff,
    0x60, 0x0, 0x0, 0xdf, 0xf7, 0xa, 0xff, 0xe3,
    0x0, 0x8, 0xff, 0xf3, 0x3, 0xff, 0xff, 0xee,
    0xff, 0xff, 0xc0, 0x0, 0x7f, 0xff, 0xff, 0xff,
    0xfd, 0x10, 0x0, 0x3, 0x9d, 0xff, 0xec, 0x70,
    0x0,

    /* U+00DD "Ý" */
    0x0, 0x0, 0x0, 0x0, 0x51, 0x0, 0x0, 0x0,
    0x0, 0x0, 0x0, 0x3f, 0xf7, 0x0, 0x0, 0x0,
    0x0, 0x0, 0xb, 0xff, 0x50, 0x0, 0x0, 0x0,
    0x0, 0x3, 0xff, 0xa0, 0x0, 0x0, 0x0, 0x0,
    0x0, 0xbf, 0xd0, 0x0, 0x0, 0x0, 0x0, 0x0,
    0x2, 0xa3, 0x0, 0x0, 0x0, 0x0, 0x0, 0x0,
    0x0, 0x0, 0x0, 0x0, 0x7, 0xff, 0xf1, 0x0,
    0x0, 0x0, 0xcf, 0xfa, 0xe, 0xff, 0x90, 0x0,
    0x0, 0x5f, 0xff, 0x10, 0x6f, 0xff, 0x20, 0x0,
    0xd, 0xff, 0x80, 0x0, 0xdf, 0xfa, 0x0, 0x5,
    0xff, 0xe0, 0x0, 0x4, 0xff, 0xf3, 0x0, 0xdf,
    0xf6, 0x0, 0x0, 0xb, 0xff, 0xb0, 0x6f, 0xfd,
    0x0, 0x0, 0x0, 0x2f, 0xff, 0x5e, 0xff, 0x40,
    0x0, 0x0, 0x0, 0x9f, 0xff, 0xff, 0xb0, 0x0,
    0x0, 0x0, 0x1, 0xff, 0xff, 0xf2, 0x0, 0x0,
    0x0, 0x0, 0x7, 0xff, 0xf9, 0x0, 0x0, 0x0,
    0x0, 0x0, 0xf, 0xff, 0x30, 0x0, 0x0, 0x0,
    0x0, 0x0, 0xff, 0xf2, 0x0, 0x0, 0x0, 0x0,
    0x0, 0xf, 0xff, 0x20, 0x0, 0x0, 0x0, 0x0,
    0x0, 0xff, 0xf2, 0x0, 0x0, 0x0, 0x0, 0x0,
    0xf, 0xff, 0x20, 0x0, 0x0, 0x0, 0x0, 0x0,
    0xff, 0xf2, 0x0, 0x0, 0x0, 0x0, 0x0, 0xf,
    0xff, 0x20, 0x0, 0x0,

    /* U+00DE "Þ" */
    0xf, 0xff, 0x20, 0x0, 0x0, 0x0, 0x0, 0xf,
    0xff, 0x20, 0x0, 0x0, 0x0, 0x0, 0xf, 0xff,
    0x20, 0x0, 0x0, 0x0, 0x0, 0xf, 0xff, 0xff,
    0xff, 0xfe, 0x91, 0x0, 0xf, 0xff, 0xff, 0xff,
    0xff, 0xfe, 0x20, 0xf, 0xff, 0xdc, 0xcc, 0xdf,
    0xff, 0xc0, 0xf, 0xff, 0x20, 0x0, 0x4, 0xff,
    0xf3, 0xf, 0xff, 0x20, 0x0, 0x0, 0xdf, 0xf6,
    0xf, 0xff, 0x20, 0x0, 0x0, 0xdf, 0xf7, 0xf,
    0xff, 0x20, 0x0, 0x0, 0xef, 0xf5, 0xf, 0xff,
    0x20, 0x0, 0x7, 0xff, 0xf2, 0xf, 0xff, 0xff,
    0xff, 0xff, 0xff, 0xb0, 0xf, 0xff, 0xff, 0xff,
    0xff, 0xfd, 0x10, 0xf, 0xff, 0xdd, 0xdd, 0xdb,
    0x70, 0x0, 0xf, 0xff, 0x20, 0x0, 0x0, 0x0,
    0x0, 0xf, 0xff, 0x20, 0x0, 0x0, 0x0, 0x0,
    0xf, 0xff, 0x20, 0x0, 0x0, 0x0, 0x0,

    /* U+00DF "ß" */
    0x0, 0x0, 0x18, 0xcf, 0xfe, 0xa3, 0x0, 0x0,
    0x0, 0x3, 0xef, 0xff, 0xff, 0xff, 0x80, 0x0,
    0x0, 0xe, 0xff, 0xd8, 0x69, 0xff, 0xf5, 0x0,
    0x0, 0x6f, 0xfe, 0x0, 0x0, 0x3f, 0xfc, 0x0,
    0x0, 0x8f, 0xf9, 0x0, 0x0, 0xe, 0xfe, 0x0,
    0x7f, 0xff, 0xf7, 0x0, 0x8, 0xef, 0xff, 0x0,
    0x7f, 0xff, 0xf7, 0x0, 0xcf, 0xff, 0xff, 0x0,
    0x37, 0xcf, 0xf7, 0x5, 0xff, 0xb1, 0x0, 0x0,
    0x0, 0x9f, 0xf7, 0x7, 0xff, 0x60, 0x0, 0x0,
    0x0, 0x9f, 0xf7, 0x5, 0xff, 0xd4, 0x0, 0x0,
    0x0, 0x9f, 0xf7, 0x1, 0xef, 0xff, 0xe8, 0x10,
    0x0, 0x9f, 0xf7, 0x0, 0x2c, 0xff, 0xff, 0xd0,
    0x0, 0x9f, 0xf7, 0x0, 0x0, 0x27, 0xff, 0xf6,
    0x0, 0x9f, 0xf7, 0x0, 0x0, 0x0, 0x5f, 0xf9,
    0x0, 0x9f, 0xf7, 0x0, 0x70, 0x0, 0x5f, 0xf8,
    0x0, 0x9f, 0xf7, 0xa, 0xfc, 0x77, 0xef, 0xf3,
    0x0, 0x9f, 0xf7, 0x1e, 0xff, 0xff, 0xff, 0x90,
    0x0, 0x9f, 0xf7, 0x1, 0x8d, 0xff, 0xc5, 0x0,

    /* U+00E0 "à" */
    0x0, 0x0, 0x15, 0x0, 0x0, 0x0, 0x0, 0x0,
    0x8f, 0xf2, 0x0, 0x0, 0x0, 0x0, 0x6, 0xff,
    0xa0, 0x0, 0x0, 0x0, 0x0, 0xa, 0xff, 0x20,
    0x0, 0x0, 0x0, 0x0, 0x1e, 0xfa, 0x0, 0x0,
    0x0, 0x0, 0x0, 0x3a, 0x20, 0x0, 0x0, 0x0,
    0x0, 0x0, 0x0, 0x0, 0x0, 0x0, 0x0, 0x6c,
    0xef, 0xea, 0x30, 0x0, 0x0, 0xcf, 0xff, 0xff,
    0xff, 0x60, 0x0, 0x5f, 0xfd, 0x88, 0xdf, 0xff,
    0x10, 0x0, 0x48, 0x0, 0x0, 0xdf, 0xf5, 0x0,
    0x0, 0x0, 0x0, 0xa, 0xff, 0x70, 0x0, 0x17,
    0xbd, 0xde, 0xff, 0xf7, 0x0, 0x2e, 0xff, 0xff,
    0xff, 0xff, 0x70, 0xc, 0xff, 0x91, 0x0, 0xaf,
    0xf7, 0x0, 0xff, 0xf0, 0x0, 0xa, 0xff, 0x70,
    0x1f, 0xff, 0x10, 0x0, 0xcf, 0xf7, 0x0, 0xef,
    0xfb, 0x55, 0xbe, 0xff, 0xb5, 0x6, 0xff, 0xff,
    0xff, 0x3f, 0xff, 0xb0, 0x6, 0xdf, 0xeb, 0x30,
    0x6e, 0xfb,

    /* U+00E1 "á" */
    0x0, 0x0, 0x0, 0x6, 0x0, 0x0, 0x0, 0x0,
    0x0, 0x7, 0xfd, 0x40, 0x0, 0x0, 0x0, 0x0,
    0xef, 0xf2, 0x0, 0x0, 0x0, 0x0, 0x7f, 0xf5,
    0x0, 0x0, 0x0, 0x0, 0xe, 0xfa, 0x0, 0x0,
    0x0, 0x0, 0x0, 0x4a, 0x0, 0x0, 0x0, 0x0,
    0x0, 0x0, 0x0, 0x0, 0x0, 0x0, 0x0, 0x6c,
    0xef, 0xea, 0x30, 0x0, 0x0, 0xcf, 0xff, 0xff,
    0xff, 0x60, 0x0, 0x5f, 0xfd, 0x88, 0xdf, 0xff,
    0x10, 0x0, 0x48, 0x0, 0x0, 0xdf, 0xf5, 0x0,
    0x0, 0x0, 0x0, 0xa, 0xff, 0x70, 0x0, 0x17,
    0xbd, 0xde, 0xff, 0xf7, 0x0, 0x2e, 0xff, 0xff,
    0xff, 0xff, 0x70, 0xc, 0xff, 0x91, 0x0, 0xaf,
    0xf7, 0x0, 0xff, 0xf0, 0x0, 0xa, 0xff, 0x70,
    0x1f, 0xff, 0x10, 0x0, 0xcf, 0xf7, 0x0, 0xef,
    0xfb, 0x55, 0xbe, 0xff, 0xb5, 0x6, 0xff, 0xff,
    0xff, 0x3f, 0xff, 0xb0, 0x6, 0xdf, 0xeb, 0x30,
    0x6e, 0xfb,

    /* U+00E2 "â" */
    0x0, 0x0, 0x28, 0x87, 0x0, 0x0, 0x0, 0x0,
    0xc, 0xff, 0xf7, 0x0, 0x0, 0x0, 0x9, 0xff,
    0xff, 0xf4, 0x0, 0x0, 0x5, 0xff, 0xa1, 0xdf,
    0xe1, 0x0, 0x0, 0xdf, 0xa0, 0x1, 0xef, 0x70,
    0x0, 0x1, 0x80, 0x0, 0x2, 0x70, 0x0, 0x0,
    0x0, 0x0, 0x0, 0x0, 0x0, 0x0, 0x0, 0x6c,
    0xef, 0xea, 0x30, 0x0, 0x0, 0xcf, 0xff, 0xff,
    0xff, 0x60, 0x0, 0x5f, 0xfd, 0x88, 0xdf, 0xff,
    0x10, 0x0, 0x48, 0x0, 0x0, 0xdf, 0xf5, 0x0,
    0x0, 0x0, 0x0, 0xa, 0xff, 0x70, 0x0, 0x17,
    0xbd, 0xde, 0xff, 0xf7, 0x0, 0x2e, 0xff, 0xff,
    0xff, 0xff, 0x70, 0xc, 0xff, 0x91, 0x0, 0xaf,
    0xf7, 0x0, 0xff, 0xf0, 0x0, 0xa, 0xff, 0x70,
    0x1f, 0xff, 0x10, 0x0, 0xcf, 0xf7, 0x0, 0xef,
    0xfb, 0x55, 0xbe, 0xff, 0xb5, 0x6, 0xff, 0xff,
    0xff, 0x3f, 0xff, 0xb0, 0x6, 0xdf, 0xeb, 0x30,
    0x6e, 0xfb,

    /* U+00E3 "ã" */
    0x0, 0x3c, 0xfd, 0x71, 0x15, 0x0, 0x0, 0xd,
    0xff, 0xff, 0xff, 0xf6, 0x0, 0x0, 0x4a, 0x68,
    0xef, 0xfe, 0x30, 0x0, 0x0, 0x0, 0x0, 0x34,
    0x0, 0x0, 0x0, 0x0, 0x0, 0x0, 0x0, 0x0,
    0x0, 0x0, 0x6c, 0xef, 0xea, 0x30, 0x0, 0x0,
    0xcf, 0xff, 0xff, 0xff, 0x60, 0x0, 0x5f, 0xfd,
    0x88, 0xdf, 0xff, 0x10, 0x0, 0x48, 0x0, 0x0,
    0xdf, 0xf5, 0x0, 0x0, 0x0, 0x0, 0xa, 0xff,
    0x70, 0x0, 0x17, 0xbd, 0xde, 0xff, 0xf7, 0x0,
    0x2e, 0xff, 0xff, 0xff, 0xff, 0x70, 0xc, 0xff,
    0x91, 0x0, 0xaf, 0xf7, 0x0, 0xff, 0xf0, 0x0,
    0xa, 0xff, 0x70, 0x1f, 0xff, 0x10, 0x0, 0xcf,
    0xf7, 0x0, 0xef, 0xfb, 0x55, 0xbe, 0xff, 0xb5,
    0x6, 0xff, 0xff, 0xff, 0x3f, 0xff, 0xb0, 0x6,
    0xdf, 0xeb, 0x30, 0x6e, 0xfb,

    /* U+00E4 "ä" */
    0x0, 0x7f, 0xe3, 0x7, 0xfe, 0x30, 0x0, 0xe,
    0xff, 0x70, 0xdf, 0xf8, 0x0, 0x0, 0xbf, 0xf5,
    0xa, 0xff, 0x60, 0x0, 0x0, 0x43, 0x0, 0x4,
    0x30, 0x0, 0x0, 0x0, 0x0, 0x0, 0x0, 0x0,
    0x0, 0x0, 0x6c, 0xef, 0xea, 0x30, 0x0, 0x0,
    0xcf, 0xff, 0xff, 0xff, 0x60, 0x0, 0x5f, 0xfd,
    0x88, 0xdf, 0xff, 0x10, 0x0, 0x48, 0x0, 0x0,
    0xdf, 0xf5, 0x0, 0x0, 0x0, 0x0, 0xa, 0xff,
    0x70, 0x0, 0x17, 0xbd, 0xde, 0xff, 0xf7, 0x0,
    0x2e, 0xff, 0xff, 0xff, 0xff, 0x70, 0xc, 0xff,
    0x91, 0x0, 0xaf, 0xf7, 0x0, 0xff, 0xf0, 0x0,
    0xa, 0xff, 0x70, 0x1f, 0xff, 0x10, 0x0, 0xcf,
    0xf7, 0x0, 0xef, 0xfb, 0x55, 0xbe, 0xff, 0xb5,
    0x6, 0xff, 0xff, 0xff, 0x3f, 0xff, 0xb0, 0x6,
    0xdf, 0xeb, 0x30, 0x6e, 0xfb,

    /* U+00E5 "å" */
    0x0, 0x0, 0x17, 0x96, 0x0, 0x0, 0x0, 0x0,
    0x3f, 0xff, 0xfc, 0x0, 0x0, 0x0, 0xc, 0xf5,
    0xa, 0xf6, 0x0, 0x0, 0x0, 0xff, 0x10, 0x6f,
    0xa0, 0x0, 0x0, 0xd, 0xf2, 0x7, 0xf8, 0x0,
    0x0, 0x0, 0x6f, 0xeb, 0xff, 0x10, 0x0, 0x0,
    0x0, 0x6d, 0xfb, 0x30, 0x0, 0x0, 0x0, 0x0,
    0x0, 0x0, 0x0, 0x0, 0x0, 0x6, 0xce, 0xfe,
    0xa3, 0x0, 0x0, 0xc, 0xff, 0xff, 0xff, 0xf6,
    0x0, 0x5, 0xff, 0xd8, 0x8d, 0xff, 0xf1, 0x0,
    0x4, 0x80, 0x0, 0xd, 0xff, 0x50, 0x0, 0x0,
    0x0, 0x0, 0xaf, 0xf7, 0x0, 0x1, 0x7b, 0xdd,
    0xef, 0xff, 0x70, 0x2, 0xef, 0xff, 0xff, 0xff,
    0xf7, 0x0, 0xcf, 0xf9, 0x10, 0xa, 0xff, 0x70,
    0xf, 0xff, 0x0, 0x0, 0xaf, 0xf7, 0x1, 0xff,
    0xf1, 0x0, 0xc, 0xff, 0x70, 0xe, 0xff, 0xb5,
    0x5b, 0xef, 0xfb, 0x50, 0x6f, 0xff, 0xff, 0xf3,
    0xff, 0xfb, 0x0, 0x6d, 0xfe, 0xb3, 0x6, 0xef,
    0xb0,

    /* U+00E6 "æ" */
    0x0, 0x6, 0xce, 0xfd, 0x60, 0x4, 0xbe, 0xfd,
    0x91, 0x0, 0x0, 0xcf, 0xff, 0xff, 0xf7, 0x7f,
    0xff, 0xff, 0xfe, 0x30, 0x5, 0xff, 0xb6, 0x6a,
    0xff, 0xff, 0xd7, 0x6b, 0xff, 0xe0, 0x0, 0x58,
    0x0, 0x0, 0xcf, 0xfe, 0x0, 0x0, 0xbf, 0xf5,
    0x0, 0x0, 0x0, 0x0, 0xaf, 0xf8, 0x0, 0x0,
    0x7f, 0xfa, 0x0, 0x18, 0xdf, 0xff, 0xff, 0xff,
    0xff, 0xff, 0xff, 0xfc, 0x2, 0xef, 0xff, 0xff,
    0xff, 0xff, 0xff, 0xff, 0xff, 0xfc, 0xc, 0xff,
    0xa2, 0x0, 0xaf, 0xf8, 0x0, 0x0, 0x0, 0x0,
    0xf, 0xff, 0x10, 0x0, 0xaf, 0xfa, 0x0, 0x0,
    0x1, 0x0, 0x1f, 0xff, 0x10, 0x0, 0xcf, 0xff,
    0x40, 0x0, 0x2e, 0x60, 0xe, 0xff, 0xb5, 0x5b,
    0xfb, 0xff, 0xfb, 0x9a, 0xff, 0xf3, 0x6, 0xff,
    0xff, 0xff, 0xa0, 0xaf, 0xff, 0xff, 0xff, 0x90,
    0x0, 0x5c, 0xfe, 0xc5, 0x0, 0x5, 0xbe, 0xfe,
    0xa4, 0x0,

    /* U+00E7 "ç" */
    0x0, 0x2, 0x9e, 0xfe, 0xb4, 0x0, 0x0, 0x4f,
    0xff, 0xff, 0xff, 0x80, 0x1, 0xff, 0xfc, 0x8a,
    0xff, 0xf4, 0x8, 0xff, 0xb0, 0x0, 0x4f, 0xb3,
    0xd, 0xff, 0x40, 0x0, 0x1, 0x0, 0xf, 0xff,
    0x20, 0x0, 0x0, 0x0, 0xf, 0xff, 0x20, 0x0,
    0x0, 0x0, 0xf, 0xff, 0x20, 0x0, 0x0, 0x0,
    0xd, 0xff, 0x40, 0x0, 0x3, 0x0, 0x8, 0xff,
    0xa0, 0x0, 0x3f, 0xd5, 0x1, 0xff, 0xfc, 0x89,
    0xff, 0xf4, 0x0, 0x5f, 0xff, 0xff, 0xff, 0x90,
    0x0, 0x2, 0xae, 0xff, 0xc5, 0x0, 0x0, 0x0,
    0x8, 0xe0, 0x0, 0x0, 0x0, 0x0, 0x7, 0xcd,
    0xc3, 0x0, 0x0, 0x0, 0x10, 0x9, 0xfa, 0x0,
    0x0, 0x0, 0xbe, 0xae, 0xf8, 0x0, 0x0, 0x0,
    0x6d, 0xfe, 0x90, 0x0,

    /* U+00E8 "è" */
    0x0, 0x0, 0x4, 0x20, 0x0, 0x0, 0x0, 0x0,
    0x2c, 0xfa, 0x0, 0x0, 0x0, 0x0, 0x0, 0xdf,
    0xf2, 0x0, 0x0, 0x0, 0x0, 0x3, 0xff, 0xa0,
    0x0, 0x0, 0x0, 0x0, 0x7, 0xff, 0x20, 0x0,
    0x0, 0x0, 0x0, 0x9, 0x60, 0x0, 0x0, 0x0,
    0x0, 0x0, 0x0, 0x0, 0x0, 0x0, 0x0, 0x19,
    0xdf, 0xec, 0x60, 0x0, 0x0, 0x4f, 0xff, 0xff,
    0xff, 0xb0, 0x0, 0x1e, 0xff, 0xa6, 0x7e, 0xff,
    0x80, 0x8, 0xff, 0x90, 0x0, 0x1f, 0xff, 0x0,
    0xdf, 0xf3, 0x0, 0x0, 0xcf, 0xf4, 0xf, 0xff,
    0xff, 0xff, 0xff, 0xff, 0x60, 0xff, 0xff, 0xff,
    0xff, 0xff, 0xf7, 0xf, 0xff, 0x20, 0x0, 0x0,
    0x0, 0x0, 0xdf, 0xf5, 0x0, 0x0, 0x1, 0x0,
    0x8, 0xff, 0xc0, 0x0, 0x6, 0xe2, 0x0, 0x1e,
    0xff, 0xe9, 0x8b, 0xff, 0xc0, 0x0, 0x3e, 0xff,
    0xff, 0xff, 0xe4, 0x0, 0x0, 0x18, 0xdf, 0xfd,
    0x81, 0x0,

    /* U+00E9 "é" */
    0x0, 0x0, 0x0, 0x4, 0x20, 0x0, 0x0, 0x0,
    0x0, 0x0, 0xef, 0xa0, 0x0, 0x0, 0x0, 0x0,
    0x7f, 0xf9, 0x0, 0x0, 0x0, 0x0, 0xe, 0xfd,
    0x0, 0x0, 0x0, 0x0, 0x7, 0xff, 0x30, 0x0,
    0x0, 0x0, 0x0, 0x18, 0x60, 0x0, 0x0, 0x0,
    0x0, 0x0, 0x0, 0x0, 0x0, 0x0, 0x0, 0x19,
    0xdf, 0xec, 0x60, 0x0, 0x0, 0x4f, 0xff, 0xff,
    0xff, 0xb0, 0x0, 0x1e, 0xff, 0xa6, 0x7e, 0xff,
    0x80, 0x8, 0xff, 0x90, 0x0, 0x1f, 0xff, 0x0,
    0xdf, 0xf3, 0x0, 0x0, 0xcf, 0xf4, 0xf, 0xff,
    0xff, 0xff, 0xff, 0xff, 0x60, 0xff, 0xff, 0xff,
    0xff, 0xff, 0xf7, 0xf, 0xff, 0x20, 0x0, 0x0,
    0x0, 0x0, 0xdf, 0xf5, 0x0, 0x0, 0x1, 0x0,
    0x8, 0xff, 0xc0, 0x0, 0x6, 0xe2, 0x0, 0x1e,
    0xff, 0xe9, 0x8b, 0xff, 0xc0, 0x0, 0x3e, 0xff,
    0xff, 0xff, 0xe4, 0x0, 0x0, 0x18, 0xdf, 0xfd,
    0x81, 0x0,

    /* U+00EA "ê" */
    0x0, 0x0, 0x5, 0x88, 0x30, 0x0, 0x0, 0x0,
    0x4, 0xff, 0xfe, 0x10, 0x0, 0x0, 0x1, 0xef,
    0xff, 0xfc, 0x0, 0x0, 0x0, 0xcf, 0xf3, 0x7f,
    0xf8, 0x0, 0x0, 0x4f, 0xf3, 0x0, 0x7f, 0xf1,
    0x0, 0x0, 0x54, 0x0, 0x0, 0x72, 0x0, 0x0,
    0x0, 0x0, 0x0, 0x0, 0x0, 0x0, 0x0, 0x19,
    0xdf, 0xec, 0x60, 0x0, 0x0, 0x4f, 0xff, 0xff,
    0xff, 0xb0, 0x0, 0x1e, 0xff, 0xa6, 0x7e, 0xff,
    0x80, 0x8, 0xff, 0x90, 0x0, 0x1f, 0xff, 0x0,
    0xdf, 0xf3, 0x0, 0x0, 0xcf, 0xf4, 0xf, 0xff,
    0xff, 0xff, 0xff, 0xff, 0x60, 0xff, 0xff, 0xff,
    0xff, 0xff, 0xf7, 0xf, 0xff, 0x20, 0x0, 0x0,
    0x0, 0x0, 0xdf, 0xf5, 0x0, 0x0, 0x1, 0x0,
    0x8, 0xff, 0xc0, 0x0, 0x6, 0xe2, 0x0, 0x1e,
    0xff, 0xe9, 0x8b, 0xff, 0xc0, 0x0, 0x3e, 0xff,
    0xff, 0xff, 0xe4, 0x0, 0x0, 0x18, 0xdf, 0xfd,
    0x81, 0x0,

    /* U+00EB "ë" */
    0x0, 0x1d, 0xf9, 0x1, 0xcf, 0xa0, 0x0, 0x5,
    0xff, 0xf0, 0x4f, 0xff, 0x10, 0x0, 0x3f, 0xfe,
    0x2, 0xff, 0xe0, 0x0, 0x0, 0x24, 0x10, 0x2,
    0x41, 0x0, 0x0, 0x0, 0x0, 0x0, 0x0, 0x0,
    0x0, 0x0, 0x19, 0xdf, 0xec, 0x60, 0x0, 0x0,
    0x4f, 0xff, 0xff, 0xff, 0xb0, 0x0, 0x1e, 0xff,
    0xa6, 0x7e, 0xff, 0x80, 0x8, 0xff, 0x90, 0x0,
    0x1f, 0xff, 0x0, 0xdf, 0xf3, 0x0, 0x0, 0xcf,
    0xf4, 0xf, 0xff, 0xff, 0xff, 0xff, 0xff, 0x60,
    0xff, 0xff, 0xff, 0xff, 0xff, 0xf7, 0xf, 0xff,
    0x20, 0x0, 0x0, 0x0, 0x0, 0xdf, 0xf5, 0x0,
    0x0, 0x1, 0x0, 0x8, 0xff, 0xc0, 0x0, 0x6,
    0xe2, 0x0, 0x1e, 0xff, 0xe9, 0x8b, 0xff, 0xc0,
    0x0, 0x3e, 0xff, 0xff, 0xff, 0xe4, 0x0, 0x0,
    0x18, 0xdf, 0xfd, 0x81, 0x0,

    /* U+00EC "ì" */
    0x5, 0xa0, 0xb, 0xff, 0x40, 0x3f, 0xfc, 0x0,
    0x7f, 0xf4, 0x0, 0xbf, 0xa0, 0x1, 0x50, 0x0,
    0x0, 0x0, 0x3f, 0xfd, 0x3, 0xff, 0xd0, 0x3f,
    0xfd, 0x3, 0xff, 0xd0, 0x3f, 0xfd, 0x3, 0xff,
    0xd0, 0x3f, 0xfd, 0x3, 0xff, 0xd0, 0x3f, 0xfd,
    0x3, 0xff, 0xd0, 0x3f, 0xfd, 0x3, 0xff, 0xd0,
    0x3f, 0xfd,

    /* U+00ED "í" */
    0x0, 0x2a, 0x20, 0x0, 0x9f, 0xf6, 0x2, 0xff,
    0xd0, 0x9, 0xff, 0x20, 0xe, 0xf6, 0x0, 0x1,
    0x60, 0x0, 0x0, 0x0, 0x0, 0x3f, 0xfd, 0x0,
    0x3f, 0xfd, 0x0, 0x3f, 0xfd, 0x0, 0x3f, 0xfd,
    0x0, 0x3f, 0xfd, 0x0, 0x3f, 0xfd, 0x0, 0x3f,
    0xfd, 0x0, 0x3f, 0xfd, 0x0, 0x3f, 0xfd, 0x0,
    0x3f, 0xfd, 0x0, 0x3f, 0xfd, 0x0, 0x3f, 0xfd,
    0x0, 0x3f, 0xfd, 0x0,

    /* U+00EE "î" */
    0x0, 0x7, 0xff, 0xf3, 0x0, 0x0, 0x5f, 0xff,
    0xfe, 0x10, 0x3, 0xff, 0xc4, 0xef, 0xd0, 0xc,
    0xfa, 0x0, 0x2e, 0xf7, 0x0, 0x60, 0x0, 0x1,
    0x60, 0x0, 0x0, 0x0, 0x0, 0x0, 0x0, 0x3,
    0xff, 0xd0, 0x0, 0x0, 0x3, 0xff, 0xd0, 0x0,
    0x0, 0x3, 0xff, 0xd0, 0x0, 0x0, 0x3, 0xff,
    0xd0, 0x0, 0x0, 0x3, 0xff, 0xd0, 0x0, 0x0,
    0x3, 0xff, 0xd0, 0x0, 0x0, 0x3, 0xff, 0xd0,
    0x0, 0x0, 0x3, 0xff, 0xd0, 0x0, 0x0, 0x3,
    0xff, 0xd0, 0x0, 0x0, 0x3, 0xff, 0xd0, 0x0,
    0x0, 0x3, 0xff, 0xd0, 0x0, 0x0, 0x3, 0xff,
    0xd0, 0x0, 0x0, 0x3, 0xff, 0xd0, 0x0,

    /* U+00EF "ï" */
    0x7f, 0xe3, 0x7, 0xfe, 0x3e, 0xff, 0x70, 0xdf,
    0xf8, 0xbf, 0xf5, 0xa, 0xff, 0x60, 0x43, 0x0,
    0x4, 0x30, 0x0, 0x0, 0x0, 0x0, 0x0, 0x3,
    0xff, 0xd0, 0x0, 0x0, 0x3f, 0xfd, 0x0, 0x0,
    0x3, 0xff, 0xd0, 0x0, 0x0, 0x3f, 0xfd, 0x0,
    0x0, 0x3, 0xff, 0xd0, 0x0, 0x0, 0x3f, 0xfd,
    0x0, 0x0, 0x3, 0xff, 0xd0, 0x0, 0x0, 0x3f,
    0xfd, 0x0, 0x0, 0x3, 0xff, 0xd0, 0x0, 0x0,
    0x3f, 0xfd, 0x0, 0x0, 0x3, 0xff, 0xd0, 0x0,
    0x0, 0x3f, 0xfd, 0x0, 0x0, 0x3, 0xff, 0xd0,
    0x0,

    /* U+00F0 "ð" */
    0x0, 0x0, 0x0, 0x0, 0x10, 0x0, 0x4, 0xdf,
    0xff, 0x66, 0xea, 0x0, 0x0, 0x9, 0xff, 0xff,
    0xe4, 0x0, 0x0, 0x1, 0xcf, 0xff, 0x90, 0x0,
    0x0, 0xe, 0xfb, 0xef, 0xf6, 0x0, 0x0, 0x5,
    0x50, 0x3f, 0xff, 0x10, 0x0, 0x2, 0x55, 0x16,
    0xff, 0x90, 0x0, 0xaf, 0xff, 0xf6, 0xdf, 0xf1,
    0xc, 0xff, 0xff, 0xff, 0xbf, 0xf7, 0x5f, 0xff,
    0x71, 0x17, 0xff, 0xfb, 0xbf, 0xf9, 0x0, 0x0,
    0x9f, 0xfd, 0xef, 0xf4, 0x0, 0x0, 0x5f, 0xfe,
    0xff, 0xf3, 0x0, 0x0, 0x3f, 0xfe, 0xef, 0xf3,
    0x0, 0x0, 0x4f, 0xfd, 0xbf, 0xf5, 0x0, 0x0,
    0x6f, 0xfa, 0x7f, 0xfc, 0x0, 0x0, 0xcf, 0xf5,
    0xe, 0xff, 0xd7, 0x7d, 0xff, 0xd0, 0x3, 0xef,
    0xff, 0xff, 0xfe, 0x20, 0x0, 0x18, 0xdf, 0xfd,
    0x81, 0x0,

    /* U+00F1 "ñ" */
    0x0, 0x5d, 0xfc, 0x61, 0x15, 0x0, 0x1, 0xff,
    0xff, 0xff, 0xff, 0x30, 0x0, 0x68, 0x69, 0xff,
    0xfd, 0x10, 0x0, 0x0, 0x0, 0x3, 0x30, 0x0,
    0x0, 0x0, 0x0, 0x0, 0x0, 0x0, 0x3f, 0xfd,
    0x7, 0xdf, 0xd7, 0x0, 0x3f, 0xfd, 0x8f, 0xff,
    0xff, 0x90, 0x3f, 0xff, 0xfb, 0x9d, 0xff, 0xf1,
    0x3f, 0xff, 0x40, 0x0, 0xef, 0xf5, 0x3f, 0xfe,
    0x0, 0x0, 0xaf, 0xf7, 0x3f, 0xfd, 0x0, 0x0,
    0x9f, 0xf7, 0x3f, 0xfd, 0x0, 0x0, 0x9f, 0xf7,
    0x3f, 0xfd, 0x0, 0x0, 0x9f, 0xf7, 0x3f, 0xfd,
    0x0, 0x0, 0x9f, 0xf7, 0x3f, 0xfd, 0x0, 0x0,
    0x9f, 0xf7, 0x3f, 0xfd, 0x0, 0x0, 0x9f, 0xf7,
    0x3f, 0xfd, 0x0, 0x0, 0x9f, 0xf7, 0x3f, 0xfd,
    0x0, 0x0, 0x9f, 0xf7,

    /* U+00F2 "ò" */
    0x0, 0x0, 0x5, 0x10, 0x0, 0x0, 0x0, 0x0,
    0x3d, 0xf9, 0x0, 0x0, 0x0, 0x0, 0x1, 0xef,
    0xf1, 0x0, 0x0, 0x0, 0x0, 0x4, 0xff, 0x90,
    0x0, 0x0, 0x0, 0x0, 0x8, 0xff, 0x10, 0x0,
    0x0, 0x0, 0x0, 0xa, 0x50, 0x0, 0x0, 0x0,
    0x0, 0x0, 0x0, 0x0, 0x0, 0x0, 0x0, 0x19,
    0xdf, 0xeb, 0x50, 0x0, 0x0, 0x4f, 0xff, 0xff,
    0xff, 0xa0, 0x0, 0x1e, 0xff, 0xc8, 0xaf, 0xff,
    0x80, 0x8, 0xff, 0xb0, 0x0, 0x3f, 0xff, 0x10,
    0xdf, 0xf4, 0x0, 0x0, 0xcf, 0xf5, 0xf, 0xff,
    0x20, 0x0, 0xa, 0xff, 0x80, 0xff, 0xf2, 0x0,
    0x0, 0xaf, 0xf8, 0xf, 0xff, 0x20, 0x0, 0xa,
    0xff, 0x80, 0xdf, 0xf4, 0x0, 0x0, 0xcf, 0xf5,
    0x8, 0xff, 0xb0, 0x0, 0x3f, 0xff, 0x10, 0x1e,
    0xff, 0xd9, 0xaf, 0xff, 0x80, 0x0, 0x3f, 0xff,
    0xff, 0xff, 0xa0, 0x0, 0x0, 0x19, 0xdf, 0xeb,
    0x50, 0x0,

    /* U+00F3 "ó" */
    0x0, 0x0, 0x0, 0x5, 0x20, 0x0, 0x0, 0x0,
    0x0, 0x1, 0xff, 0x90, 0x0, 0x0, 0x0, 0x0,
    0x8f, 0xf8, 0x0, 0x0, 0x0, 0x0, 0x1f, 0xfc,
    0x0, 0x0, 0x0, 0x0, 0x8, 0xff, 0x20, 0x0,
    0x0, 0x0, 0x0, 0x19, 0x50, 0x0, 0x0, 0x0,
    0x0, 0x0, 0x0, 0x0, 0x0, 0x0, 0x0, 0x19,
    0xdf, 0xeb, 0x50, 0x0, 0x0, 0x4f, 0xff, 0xff,
    0xff, 0xa0, 0x0, 0x1e, 0xff, 0xc8, 0xaf, 0xff,
    0x80, 0x8, 0xff, 0xb0, 0x0, 0x3f, 0xff, 0x10,
    0xdf, 0xf4, 0x0, 0x0, 0xcf, 0xf5, 0xf, 0xff,
    0x20, 0x0, 0xa, 0xff, 0x80, 0xff, 0xf2, 0x0,
    0x0, 0xaf, 0xf8, 0xf, 0xff, 0x20, 0x0, 0xa,
    0xff, 0x80, 0xdf, 0xf4, 0x0, 0x0, 0xcf, 0xf5,
    0x8, 0xff, 0xb0, 0x0, 0x3f, 0xff, 0x10, 0x1e,
    0xff, 0xd9, 0xaf, 0xff, 0x80, 0x0, 0x3f, 0xff,
    0xff, 0xff, 0xa0, 0x0, 0x0, 0x19, 0xdf, 0xeb,
    0x50, 0x0,

    /* U+00F4 "ô" */
    0x0, 0x0, 0x6, 0x88, 0x20, 0x0, 0x0, 0x0,
    0x6, 0xff, 0xfd, 0x0, 0x0, 0x0, 0x2, 0xff,
    0xff, 0xfa, 0x0, 0x0, 0x0, 0xdf, 0xe2, 0x8f,
    0xf7, 0x0, 0x0, 0x6f, 0xe2, 0x0, 0x9f, 0xe0,
    0x0, 0x0, 0x63, 0x0, 0x0, 0x82, 0x0, 0x0,
    0x0, 0x0, 0x0, 0x0, 0x0, 0x0, 0x0, 0x19,
    0xdf, 0xeb, 0x50, 0x0, 0x0, 0x4f, 0xff, 0xff,
    0xff, 0xa0, 0x0, 0x1e, 0xff, 0xc8, 0xaf, 0xff,
    0x80, 0x8, 0xff, 0xb0, 0x0, 0x3f, 0xff, 0x10,
    0xdf, 0xf4, 0x0, 0x0, 0xcf, 0xf5, 0xf, 0xff,
    0x20, 0x0, 0xa, 0xff, 0x80, 0xff, 0xf2, 0x0,
    0x0, 0xaf, 0xf8, 0xf, 0xff, 0x20, 0x0, 0xa,
    0xff, 0x80, 0xdf, 0xf4, 0x0, 0x0, 0xcf, 0xf5,
    0x8, 0xff, 0xb0, 0x0, 0x3f, 0xff, 0x10, 0x1e,
    0xff, 0xd9, 0xaf, 0xff, 0x80, 0x0, 0x3f, 0xff,
    0xff, 0xff, 0xa0, 0x0, 0x0, 0x19, 0xdf, 0xeb,
    0x50, 0x0,

    /* U+00F5 "õ" */
    0x0, 0x9, 0xfe, 0xa3, 0x4, 0x20, 0x0, 0x6,
    0xff, 0xff, 0xff, 0xfd, 0x0, 0x0, 0xa, 0x67,
    0xcf, 0xff, 0x80, 0x0, 0x0, 0x0, 0x0, 0x14,
    0x20, 0x0, 0x0, 0x0, 0x0, 0x0, 0x0, 0x0,
    0x0, 0x0, 0x19, 0xdf, 0xeb, 0x50, 0x0, 0x0,
    0x4f, 0xff, 0xff, 0xff, 0xa0, 0x0, 0x1e, 0xff,
    0xc8, 0xaf, 0xff, 0x80, 0x8, 0xff, 0xb0, 0x0,
    0x3f, 0xff, 0x10, 0xdf, 0xf4, 0x0, 0x0, 0xcf,
    0xf5, 0xf, 0xff, 0x20, 0x0, 0xa, 0xff, 0x80,
    0xff, 0xf2, 0x0, 0x0, 0xaf, 0xf8, 0xf, 0xff,
    0x20, 0x0, 0xa, 0xff, 0x80, 0xdf, 0xf4, 0x0,
    0x0, 0xcf, 0xf5, 0x8, 0xff, 0xb0, 0x0, 0x3f,
    0xff, 0x10, 0x1e, 0xff, 0xd9, 0xaf, 0xff, 0x80,
    0x0, 0x3f, 0xff, 0xff, 0xff, 0xa0, 0x0, 0x0,
    0x19, 0xdf, 0xeb, 0x50, 0x0,

    /* U+00F6 "ö" */
    0x0, 0x2d, 0xf8, 0x2, 0xdf, 0x90, 0x0, 0x7,
    0xff, 0xe0, 0x6f, 0xff, 0x0, 0x0, 0x4f, 0xfc,
    0x4, 0xff, 0xd0, 0x0, 0x0, 0x34, 0x0, 0x2,
    0x41, 0x0, 0x0, 0x0, 0x0, 0x0, 0x0, 0x0,
    0x0, 0x0, 0x19, 0xdf, 0xeb, 0x50, 0x0, 0x0,
    0x4f, 0xff, 0xff, 0xff, 0xa0, 0x0, 0x1e, 0xff,
    0xc8, 0xaf, 0xff, 0x80, 0x8, 0xff, 0xb0, 0x0,
    0x3f, 0xff, 0x10, 0xdf, 0xf4, 0x0, 0x0, 0xcf,
    0xf5, 0xf, 0xff, 0x20, 0x0, 0xa, 0xff, 0x80,
    0xff, 0xf2, 0x0, 0x0, 0xaf, 0xf8, 0xf, 0xff,
    0x20, 0x0, 0xa, 0xff, 0x80, 0xdf, 0xf4, 0x0,
    0x0, 0xcf, 0xf5, 0x8, 0xff, 0xb0, 0x0, 0x3f,
    0xff, 0x10, 0x1e, 0xff, 0xd9, 0xaf, 0xff, 0x80,
    0x0, 0x3f, 0xff, 0xff, 0xff, 0xa0, 0x0, 0x0,
    0x19, 0xdf, 0xeb, 0x50, 0x0,

    /* U+00F7 "÷" */
    0x0, 0x0, 0x4e, 0xf9, 0x0, 0x0, 0x0, 0x0,
    0xbf, 0xff, 0x10, 0x0, 0x0, 0x0, 0x9f, 0xff,
    0x0, 0x0, 0x0, 0x0, 0x18, 0x94, 0x0, 0x0,
    0x0, 0x0, 0x0, 0x0, 0x0, 0x0, 0x6f, 0xff,
    0xff, 0xff, 0xff, 0xfc, 0x6f, 0xff, 0xff, 0xff,
    0xff, 0xfc, 0x38, 0x88, 0x88, 0x88, 0x88, 0x86,
    0x0, 0x0, 0x0, 0x0, 0x0, 0x0, 0x0, 0x0,
    0x18, 0x94, 0x0, 0x0, 0x0, 0x0, 0x9f, 0xff,
    0x0, 0x0, 0x0, 0x0, 0xbf, 0xff, 0x10, 0x0,
    0x0, 0x0, 0x4e, 0xf9, 0x0, 0x0,

    /* U+00F8 "ø" */
    0x0, 0x0, 0x0, 0x0, 0x0, 0x9, 0x20, 0x0,
    0x1, 0x8d, 0xfe, 0xc5, 0x9f, 0xe0, 0x0, 0x3e,
    0xff, 0xff, 0xff, 0xff, 0x50, 0x0, 0xef, 0xfb,
    0x67, 0xdf, 0xfc, 0x0, 0x6, 0xff, 0xb0, 0x0,
    0xcf, 0xff, 0x10, 0xb, 0xff, 0x50, 0xa, 0xff,
    0xff, 0x60, 0xe, 0xff, 0x30, 0x8f, 0xd8, 0xff,
    0x90, 0xf, 0xff, 0x35, 0xfe, 0x27, 0xff, 0xa0,
    0xe, 0xff, 0x7f, 0xf3, 0x7, 0xff, 0x90, 0xb,
    0xff, 0xff, 0x50, 0x9, 0xff, 0x60, 0x6, 0xff,
    0xf8, 0x0, 0x1e, 0xff, 0x20, 0x1, 0xff, 0xfb,
    0x67, 0xef, 0xfa, 0x0, 0xa, 0xff, 0xff, 0xff,
    0xff, 0xc0, 0x0, 0x4f, 0xf5, 0x8d, 0xff, 0xc6,
    0x0, 0x0, 0x5, 0x60, 0x0, 0x0, 0x0, 0x0,
    0x0,

    /* U+00F9 "ù" */
    0x0, 0x1, 0x86, 0x0, 0x0, 0x0, 0x0, 0x1e,
    0xfe, 0x0, 0x0, 0x0, 0x0, 0x8, 0xff, 0x70,
    0x0, 0x0, 0x0, 0x0, 0xcf, 0xe0, 0x0, 0x0,
    0x0, 0x0, 0x2f, 0xf5, 0x0, 0x0, 0x0, 0x0,
    0x4, 0x30, 0x0, 0x0, 0x0, 0x0, 0x0, 0x0,
    0x0, 0x0, 0x6f, 0xfb, 0x0, 0x0, 0xbf, 0xf5,
    0x6f, 0xfb, 0x0, 0x0, 0xbf, 0xf5, 0x6f, 0xfb,
    0x0, 0x0, 0xbf, 0xf5, 0x6f, 0xfb, 0x0, 0x0,
    0xbf, 0xf5, 0x6f, 0xfb, 0x0, 0x0, 0xbf, 0xf5,
    0x6f, 0xfb, 0x0, 0x0, 0xbf, 0xf5, 0x6f, 0xfb,
    0x0, 0x0, 0xbf, 0xf5, 0x6f, 0xfb, 0x0, 0x0,
    0xbf, 0xf5, 0x5f, 0xfc, 0x0, 0x0, 0xcf, 0xf5,
    0x3f, 0xff, 0x20, 0x3, 0xff, 0xf5, 0xf, 0xff,
    0xea, 0xbf, 0xef, 0xf5, 0x7, 0xff, 0xff, 0xfa,
    0xbf, 0xf5, 0x0, 0x6d, 0xfe, 0x80, 0xbf, 0xf5,

    /* U+00FA "ú" */
    0x0, 0x0, 0x0, 0x68, 0x10, 0x0, 0x0, 0x0,
    0x0, 0xef, 0xf1, 0x0, 0x0, 0x0, 0x7, 0xff,
    0x80, 0x0, 0x0, 0x0, 0xe, 0xfc, 0x0, 0x0,
    0x0, 0x0, 0x5f, 0xf2, 0x0, 0x0, 0x0, 0x0,
    0x2, 0x40, 0x0, 0x0, 0x0, 0x0, 0x0, 0x0,
    0x0, 0x0, 0x6f, 0xfb, 0x0, 0x0, 0xbf, 0xf5,
    0x6f, 0xfb, 0x0, 0x0, 0xbf, 0xf5, 0x6f, 0xfb,
    0x0, 0x0, 0xbf, 0xf5, 0x6f, 0xfb, 0x0, 0x0,
    0xbf, 0xf5, 0x6f, 0xfb, 0x0, 0x0, 0xbf, 0xf5,
    0x6f, 0xfb, 0x0, 0x0, 0xbf, 0xf5, 0x6f, 0xfb,
    0x0, 0x0, 0xbf, 0xf5, 0x6f, 0xfb, 0x0, 0x0,
    0xbf, 0xf5, 0x5f, 0xfc, 0x0, 0x0, 0xcf, 0xf5,
    0x3f, 0xff, 0x20, 0x3, 0xff, 0xf5, 0xf, 0xff,
    0xea, 0xbf, 0xef, 0xf5, 0x7, 0xff, 0xff, 0xfa,
    0xbf, 0xf5, 0x0, 0x6d, 0xfe, 0x80, 0xbf, 0xf5,

    /* U+00FB "û" */
    0x0, 0x0, 0x48, 0x84, 0x0, 0x0, 0x0, 0x3,
    0xff, 0xff, 0x30, 0x0, 0x0, 0x1e, 0xff, 0xff,
    0xe1, 0x0, 0x0, 0xcf, 0xf3, 0x3f, 0xfc, 0x0,
    0x2, 0xef, 0x30, 0x3, 0xee, 0x20, 0x0, 0x13,
    0x0, 0x0, 0x31, 0x0, 0x0, 0x0, 0x0, 0x0,
    0x0, 0x0, 0x6f, 0xfb, 0x0, 0x0, 0xbf, 0xf5,
    0x6f, 0xfb, 0x0, 0x0, 0xbf, 0xf5, 0x6f, 0xfb,
    0x0, 0x0, 0xbf, 0xf5, 0x6f, 0xfb, 0x0, 0x0,
    0xbf, 0xf5, 0x6f, 0xfb, 0x0, 0x0, 0xbf, 0xf5,
    0x6f, 0xfb, 0x0, 0x0, 0xbf, 0xf5, 0x6f, 0xfb,
    0x0, 0x0, 0xbf, 0xf5, 0x6f, 0xfb, 0x0, 0x0,
    0xbf, 0xf5, 0x5f, 0xfc, 0x0, 0x0, 0xcf, 0xf5,
    0x3f, 0xff, 0x20, 0x3, 0xff, 0xf5, 0xf, 0xff,
    0xea, 0xbf, 0xef, 0xf5, 0x7, 0xff, 0xff, 0xfa,
    0xbf, 0xf5, 0x0, 0x6d, 0xfe, 0x80, 0xbf, 0xf5,

    /* U+00FC "ü" */
    0x0, 0xcf, 0xb0, 0xb, 0xfc, 0x0, 0x3, 0xff,
    0xf2, 0x2f, 0xff, 0x30, 0x1, 0xff, 0xf1, 0xf,
    0xff, 0x10, 0x0, 0x24, 0x10, 0x1, 0x42, 0x0,
    0x0, 0x0, 0x0, 0x0, 0x0, 0x0, 0x6f, 0xfb,
    0x0, 0x0, 0xbf, 0xf5, 0x6f, 0xfb, 0x0, 0x0,
    0xbf, 0xf5, 0x6f, 0xfb, 0x0, 0x0, 0xbf, 0xf5,
    0x6f, 0xfb, 0x0, 0x0, 0xbf, 0xf5, 0x6f, 0xfb,
    0x0, 0x0, 0xbf, 0xf5, 0x6f, 0xfb, 0x0, 0x0,
    0xbf, 0xf5, 0x6f, 0xfb, 0x0, 0x0, 0xbf, 0xf5,
    0x6f, 0xfb, 0x0, 0x0, 0xbf, 0xf5, 0x5f, 0xfc,
    0x0, 0x0, 0xcf, 0xf5, 0x3f, 0xff, 0x20, 0x3,
    0xff, 0xf5, 0xf, 0xff, 0xea, 0xbf, 0xef, 0xf5,
    0x7, 0xff, 0xff, 0xfa, 0xbf, 0xf5, 0x0, 0x6d,
    0xfe, 0x80, 0xbf, 0xf5,

    /* U+00FD "ý" */
    0x0, 0x0, 0x0, 0x1a, 0x30, 0x0, 0x0, 0x0,
    0x0, 0x9, 0xff, 0x60, 0x0, 0x0, 0x0, 0x1,
    0xff, 0xd0, 0x0, 0x0, 0x0, 0x0, 0x9f, 0xf3,
    0x0, 0x0, 0x0, 0x0, 0xe, 0xf7, 0x0, 0x0,
    0x0, 0x0, 0x0, 0x6, 0x0, 0x0, 0x0, 0x0,
    0x0, 0x0, 0x0, 0x0, 0x0, 0x9, 0xff, 0x60,
    0x0, 0x0, 0xbf, 0xf2, 0x4f, 0xfb, 0x0, 0x0,
    0xf, 0xfd, 0x0, 0xff, 0xf1, 0x0, 0x5, 0xff,
    0x80, 0xa, 0xff, 0x50, 0x0, 0xaf, 0xf3, 0x0,
    0x4f, 0xfa, 0x0, 0xf, 0xfd, 0x0, 0x0, 0xff,
    0xf0, 0x4, 0xff, 0x80, 0x0, 0xa, 0xff, 0x50,
    0x9f, 0xf3, 0x0, 0x0, 0x5f, 0xf9, 0xe, 0xfd,
    0x0, 0x0, 0x0, 0xff, 0xd2, 0xff, 0x80, 0x0,
    0x0, 0xa, 0xff, 0x8f, 0xf3, 0x0, 0x0, 0x0,
    0x5f, 0xff, 0xfe, 0x0, 0x0, 0x0, 0x0, 0xff,
    0xff, 0x80, 0x0, 0x0, 0x0, 0xb, 0xff, 0xf3,
    0x0, 0x0, 0x0, 0x0, 0x6f, 0xfe, 0x0, 0x0,
    0x0, 0x0, 0x8, 0xff, 0x90, 0x0, 0x0, 0x0,
    0x77, 0xef, 0xf3, 0x0, 0x0, 0x0, 0x2f, 0xff,
    0xfb, 0x0, 0x0, 0x0, 0x2, 0xff, 0xea, 0x10,
    0x0, 0x0, 0x0,

    /* U+00FE "þ" */
    0x3f, 0xfd, 0x0, 0x0, 0x0, 0x0, 0x3, 0xff,
    0xd0, 0x0, 0x0, 0x0, 0x0, 0x3f, 0xfd, 0x0,
    0x0, 0x0, 0x0, 0x3, 0xff, 0xd0, 0x0, 0x0,
    0x0, 0x0, 0x3f, 0xfd, 0x0, 0x0, 0x0, 0x0,
    0x3, 0xff, 0xd0, 0x7d, 0xfd, 0x80, 0x0, 0x3f,
    0xfd, 0x9f, 0xff, 0xff, 0xc0, 0x3, 0xff, 0xff,
    0xb9, 0xcf, 0xff, 0x80, 0x3f, 0xff, 0x40, 0x0,
    0x9f, 0xfe, 0x3, 0xff, 0xd0, 0x0, 0x0, 0xff,
    0xf2, 0x3f, 0xfd, 0x0, 0x0, 0xe, 0xff, 0x43,
    0xff, 0xd0, 0x0, 0x0, 0xef, 0xf4, 0x3f, 0xfd,
    0x0, 0x0, 0xe, 0xff, 0x43, 0xff, 0xe0, 0x0,
    0x0, 0xff, 0xf2, 0x3f, 0xff, 0x40, 0x0, 0x9f,
    0xfe, 0x3, 0xff, 0xff, 0xb9, 0xdf, 0xff, 0x80,
    0x3f, 0xfd, 0x9f, 0xff, 0xff, 0xc0, 0x3, 0xff,
    0xd0, 0x7d, 0xfd, 0x80, 0x0, 0x3f, 0xfd, 0x0,
    0x0, 0x0, 0x0, 0x3, 0xff, 0xd0, 0x0, 0x0,
    0x0, 0x0, 0x3f, 0xfd, 0x0, 0x0, 0x0, 0x0,
    0x3, 0xff, 0xd0, 0x0, 0x0, 0x0, 0x0, 0x3f,
    0xfd, 0x0, 0x0, 0x0, 0x0, 0x0,

    /* U+00FF "ÿ" */
    0x0, 0x7f, 0xe3, 0x6, 0xfe, 0x40, 0x0, 0xd,
    0xff, 0x80, 0xcf, 0xf9, 0x0, 0x0, 0xaf, 0xf6,
    0xa, 0xff, 0x70, 0x0, 0x0, 0x43, 0x0, 0x4,
    0x30, 0x0, 0x0, 0x0, 0x0, 0x0, 0x0, 0x0,
    0x9, 0xff, 0x60, 0x0, 0x0, 0xbf, 0xf2, 0x4f,
    0xfb, 0x0, 0x0, 0xf, 0xfd, 0x0, 0xff, 0xf1,
    0x0, 0x5, 0xff, 0x80, 0xa, 0xff, 0x50, 0x0,
    0xaf, 0xf3, 0x0, 0x4f, 0xfa, 0x0, 0xf, 0xfd,
    0x0, 0x0, 0xff, 0xf0, 0x4, 0xff, 0x80, 0x0,
    0xa, 0xff, 0x50, 0x9f, 0xf3, 0x0, 0x0, 0x5f,
    0xf9, 0xe, 0xfd, 0x0, 0x0, 0x0, 0xff, 0xd2,
    0xff, 0x80, 0x0, 0x0, 0xa, 0xff, 0x8f, 0xf3,
    0x0, 0x0, 0x0, 0x5f, 0xff, 0xfe, 0x0, 0x0,
    0x0, 0x0, 0xff, 0xff, 0x80, 0x0, 0x0, 0x0,
    0xb, 0xff, 0xf3, 0x0, 0x0, 0x0, 0x0, 0x6f,
    0xfe, 0x0, 0x0, 0x0, 0x0, 0x8, 0xff, 0x90,
    0x0, 0x0, 0x0, 0x77, 0xef, 0xf3, 0x0, 0x0,
    0x0, 0x2f, 0xff, 0xfb, 0x0, 0x0, 0x0, 0x2,
    0xff, 0xea, 0x10, 0x0, 0x0, 0x0,

    /* U+2013 "–" */
    0x1a, 0xaa, 0xaa, 0xaa, 0xaa, 0xaa, 0xa2, 0x2f,
    0xff, 0xff, 0xff, 0xff, 0xff, 0xf4, 0x2f, 0xff,
    0xff, 0xff, 0xff, 0xff, 0xf4,

    /* U+2014 "—" */
    0x1a, 0xaa, 0xaa, 0xaa, 0xaa, 0xaa, 0xaa, 0xaa,
    0xa8, 0x2f, 0xff, 0xff, 0xff, 0xff, 0xff, 0xff,
    0xff, 0xfd, 0x2f, 0xff, 0xff, 0xff, 0xff, 0xff,
    0xff, 0xff, 0xfd,

    /* U+2015 "―" */
    0xaa, 0xaa, 0xaa, 0xaa, 0xaa, 0xaa, 0xaa, 0xaa,
    0xaa, 0xaa, 0xaa, 0xaa, 0xff, 0xff, 0xff, 0xff,
    0xff, 0xff, 0xff, 0xff, 0xff, 0xff, 0xff, 0xff,
    0xff, 0xff, 0xff, 0xff, 0xff, 0xff, 0xff, 0xff,
    0xff, 0xff, 0xff, 0xff,

    /* U+2018 "‘" */
    0x0, 0x7f, 0xa0, 0x4, 0xfc, 0x0, 0xd, 0xf4,
    0x0, 0x3f, 0xfa, 0x0, 0x6f, 0xff, 0x40, 0x6f,
    0xff, 0x40, 0x1b, 0xea, 0x0,

    /* U+2019 "’" */
    0x0, 0xbf, 0xc1, 0x4, 0xff, 0xf6, 0x4, 0xff,
    0xf6, 0x0, 0x9f, 0xf3, 0x0, 0x4f, 0xd0, 0x0,
    0xdf, 0x40, 0x9, 0xe6, 0x0,

    /* U+201A "‚" */
    0x0, 0xae, 0xc1, 0x4, 0xff, 0xf6, 0x3, 0xff,
    0xf6, 0x0, 0x9f, 0xf4, 0x0, 0x3f, 0xe0, 0x0,
    0xcf, 0x50, 0x9, 0xf8, 0x0,

    /* U+201C "“" */
    0x0, 0x7f, 0xa0, 0x2, 0xee, 0x20, 0x4f, 0xc0,
    0x0, 0xdf, 0x30, 0xd, 0xf4, 0x0, 0x7f, 0xa0,
    0x3, 0xff, 0xa0, 0xd, 0xfd, 0x30, 0x6f, 0xff,
    0x40, 0xff, 0xfb, 0x6, 0xff, 0xf4, 0xf, 0xff,
    0xb0, 0x1b, 0xea, 0x0, 0x7e, 0xd3, 0x0,

    /* U+201D "”" */
    0x0, 0xbf, 0xc1, 0x6, 0xee, 0x50, 0x4f, 0xff,
    0x60, 0xef, 0xfc, 0x4, 0xff, 0xf6, 0xd, 0xff,
    0xc0, 0x9, 0xff, 0x30, 0x5e, 0xf9, 0x0, 0x4f,
    0xd0, 0x0, 0xdf, 0x30, 0xd, 0xf4, 0x0, 0x7f,
    0xa0, 0x9, 0xe6, 0x0, 0x4e, 0xb0, 0x0,

    /* U+201E "„" */
    0x0, 0xae, 0xc1, 0x5, 0xed, 0x50, 0x4f, 0xff,
    0x60, 0xdf, 0xfc, 0x3, 0xff, 0xf6, 0xd, 0xff,
    0xc0, 0x9, 0xff, 0x40, 0x5e, 0xfa, 0x0, 0x3f,
    0xe0, 0x0, 0xcf, 0x40, 0xc, 0xf5, 0x0, 0x5f,
    0xb0, 0x9, 0xf8, 0x0, 0x3f, 0xd1, 0x0,

    /* U+2020 "†" */
    0x0, 0x0, 0xf, 0xfb, 0x0, 0x0, 0x0, 0x0,
    0xf, 0xfb, 0x0, 0x0, 0x0, 0x0, 0xf, 0xfb,
    0x0, 0x0, 0x0, 0x0, 0xf, 0xfb, 0x0, 0x0,
    0x0, 0x0, 0xf, 0xfb, 0x0, 0x0, 0x3f, 0xff,
    0xff, 0xff, 0xff, 0xff, 0x3f, 0xff, 0xff, 0xff,
    0xff, 0xff, 0x15, 0x55, 0x5f, 0xfc, 0x55, 0x54,
    0x0, 0x0, 0xf, 0xfb, 0x0, 0x0, 0x0, 0x0,
    0xf, 0xfb, 0x0, 0x0, 0x0, 0x0, 0xf, 0xfb,
    0x0, 0x0, 0x0, 0x0, 0xf, 0xfb, 0x0, 0x0,
    0x0, 0x0, 0xf, 0xfb, 0x0, 0x0, 0x0, 0x0,
    0xf, 0xfb, 0x0, 0x0, 0x0, 0x0, 0xf, 0xfb,
    0x0, 0x0, 0x0, 0x0, 0xf, 0xfb, 0x0, 0x0,
    0x0, 0x0, 0xf, 0xfb, 0x0, 0x0, 0x0, 0x0,
    0xf, 0xfb, 0x0, 0x0, 0x0, 0x0, 0xf, 0xfb,
    0x0, 0x0, 0x0, 0x0, 0xf, 0xfb, 0x0, 0x0,
    0x0, 0x0, 0xf, 0xfb, 0x0, 0x0, 0x0, 0x0,
    0xf, 0xfb, 0x0, 0x0, 0x0, 0x0, 0xf, 0xfb,
    0x0, 0x0,

    /* U+2021 "‡" */
    0x0, 0x0, 0xc, 0xfd, 0x0, 0x0, 0x0, 0x0,
    0x0, 0xcf, 0xd0, 0x0, 0x0, 0x0, 0x0, 0xc,
    0xfd, 0x0, 0x0, 0x0, 0x0, 0x0, 0xcf, 0xd0,
    0x0, 0x0, 0x0, 0x0, 0xc, 0xfd, 0x0, 0x0,
    0x0, 0xff, 0xff, 0xff, 0xff, 0xff, 0xf2, 0xf,
    0xff, 0xff, 0xff, 0xff, 0xff, 0x20, 0x55, 0x55,
    0xdf, 0xe5, 0x55, 0x50, 0x0, 0x0, 0xc, 0xfd,
    0x0, 0x0, 0x0, 0x0, 0x0, 0xcf, 0xd0, 0x0,
    0x0, 0x0, 0x0, 0xc, 0xfd, 0x0, 0x0, 0x0,
    0x0, 0x0, 0xcf, 0xd0, 0x0, 0x0, 0x0, 0x0,
    0xc, 0xfd, 0x0, 0x0, 0x0, 0x0, 0x0, 0xcf,
    0xd0, 0x0, 0x0, 0x0, 0x0, 0xc, 0xfd, 0x0,
    0x0, 0x0, 0xff, 0xff, 0xff, 0xff, 0xff, 0xf2,
    0xf, 0xff, 0xff, 0xff, 0xff, 0xff, 0x20, 0x55,
    0x55, 0xdf, 0xe5, 0x55, 0x50, 0x0, 0x0, 0xc,
    0xfd, 0x0, 0x0, 0x0, 0x0, 0x0, 0xcf, 0xd0,
    0x0, 0x0, 0x0, 0x0, 0xc, 0xfd, 0x0, 0x0,
    0x0, 0x0, 0x0, 0xcf, 0xd0, 0x0, 0x0, 0x0,
    0x0, 0xc, 0xfd, 0x0, 0x0, 0x0,

    /* U+2022 "•" */
    0x1, 0x8c, 0xc9, 0x20, 0xe, 0xff, 0xff, 0xe1,
    0x5f, 0xff, 0xff, 0xf6, 0x6f, 0xff, 0xff, 0xf7,
    0x5f, 0xff, 0xff, 0xf6, 0x1f, 0xff, 0xff, 0xf2,
    0x3, 0xcf, 0xfc, 0x40,

    /* U+2026 "…" */
    0x0, 0x0, 0x0, 0x0, 0x0, 0x0, 0x0, 0x0,
    0x0, 0x0, 0xbf, 0xc1, 0x0, 0x1c, 0xfb, 0x0,
    0x3, 0xdf, 0x90, 0x4f, 0xff, 0x70, 0x7, 0xff,
    0xf4, 0x0, 0x9f, 0xff, 0x14, 0xff, 0xf7, 0x0,
    0x7f, 0xff, 0x40, 0x9, 0xff, 0xf1, 0xb, 0xfc,
    0x10, 0x1, 0xcf, 0xb0, 0x0, 0x3d, 0xf9, 0x0,

    /* U+2039 "‹" */
    0x0, 0x0, 0x38, 0x0, 0x0, 0x5f, 0xf1, 0x0,
    0x7f, 0xfc, 0x0, 0x9f, 0xfd, 0x10, 0x1f, 0xfe,
    0x20, 0x1, 0xff, 0x90, 0x0, 0x1f, 0xff, 0x60,
    0x0, 0x3e, 0xff, 0x40, 0x0, 0x2d, 0xff, 0x20,
    0x0, 0x1c, 0xe0, 0x0, 0x0, 0x4, 0x0,

    /* U+203A "›" */
    0x2a, 0x0, 0x0, 0x9f, 0xc1, 0x0, 0x5f, 0xfd,
    0x20, 0x6, 0xff, 0xe3, 0x0, 0x8f, 0xfa, 0x0,
    0x1f, 0xfa, 0x0, 0xdf, 0xf8, 0xb, 0xff, 0x90,
    0x9f, 0xf8, 0x0, 0x6f, 0x60, 0x0, 0x4, 0x0,
    0x0,

    /* U+2190 "←" */
    0x0, 0x0, 0x0, 0x80, 0x0, 0x0, 0x0, 0x0,
    0x0, 0x0, 0x0, 0x0, 0xbf, 0xc0, 0x0, 0x0,
    0x0, 0x0, 0x0, 0x0, 0x0, 0xbf, 0xfa, 0x0,
    0x0, 0x0, 0x0, 0x0, 0x0, 0x0, 0xbf, 0xf9,
    0x0, 0x0, 0x0, 0x0, 0x0, 0x0, 0x0, 0xbf,
    0xfd, 0x78, 0x88, 0x88, 0x88, 0x88, 0x88, 0x0,
    0xbf, 0xff, 0xff, 0xff, 0xff, 0xff, 0xff, 0xff,
    0xf0, 0x4, 0xff, 0xff, 0xff, 0xff, 0xff, 0xff,
    0xff, 0xff, 0x0, 0x4, 0xff, 0xe3, 0x0, 0x0,
    0x0, 0x0, 0x0, 0x0, 0x0, 0x4, 0xff, 0xf3,
    0x0, 0x0, 0x0, 0x0, 0x0, 0x0, 0x0, 0x4,
    0xff, 0xe0, 0x0, 0x0, 0x0, 0x0, 0x0, 0x0,
    0x0, 0x4, 0xf4, 0x0, 0x0, 0x0, 0x0, 0x0,
    0x0, 0x0, 0x0, 0x1, 0x0, 0x0, 0x0, 0x0,
    0x0, 0x0,

    /* U+2191 "↑" */
    0x0, 0x0, 0x0, 0x0, 0x0, 0x0, 0x0, 0x0,
    0x4, 0xc1, 0x0, 0x0, 0x0, 0x0, 0x4f, 0xfc,
    0x0, 0x0, 0x0, 0x4, 0xff, 0xff, 0xc0, 0x0,
    0x0, 0x4f, 0xff, 0xff, 0xfc, 0x0, 0x4, 0xff,
    0xee, 0xfd, 0xff, 0xc0, 0xe, 0xff, 0x3e, 0xf8,
    0x8f, 0xf9, 0x3, 0xe3, 0xf, 0xf9, 0x8, 0xc0,
    0x0, 0x0, 0xf, 0xf9, 0x0, 0x0, 0x0, 0x0,
    0xf, 0xf9, 0x0, 0x0, 0x0, 0x0, 0xf, 0xf9,
    0x0, 0x0, 0x0, 0x0, 0xf, 0xf9, 0x0, 0x0,
    0x0, 0x0, 0xf, 0xf9, 0x0, 0x0, 0x0, 0x0,
    0xf, 0xf9, 0x0, 0x0, 0x0, 0x0, 0xf, 0xf9,
    0x0, 0x0, 0x0, 0x0, 0xf, 0xf9, 0x0, 0x0,
    0x0, 0x0, 0xf, 0xf9, 0x0, 0x0, 0x0, 0x0,
    0xf, 0xf9, 0x0, 0x0,

    /* U+2192 "→" */
    0x0, 0x0, 0x0, 0x0, 0x0, 0x0, 0x80, 0x0,
    0x0, 0x0, 0x0, 0x0, 0x0, 0x0, 0x0, 0xbf,
    0xc0, 0x0, 0x0, 0x0, 0x0, 0x0, 0x0, 0x0,
    0x9, 0xff, 0xc0, 0x0, 0x0, 0x0, 0x0, 0x0,
    0x0, 0x0, 0x9, 0xff, 0xc0, 0x0, 0x8, 0x88,
    0x88, 0x88, 0x88, 0x88, 0x7d, 0xff, 0xc0, 0x0,
    0xff, 0xff, 0xff, 0xff, 0xff, 0xff, 0xff, 0xff,
    0xb0, 0xf, 0xff, 0xff, 0xff, 0xff, 0xff, 0xff,
    0xff, 0xf4, 0x0, 0x0, 0x0, 0x0, 0x0, 0x0,
    0x2, 0xef, 0xf4, 0x0, 0x0, 0x0, 0x0, 0x0,
    0x0, 0x3, 0xef, 0xf4, 0x0, 0x0, 0x0, 0x0,
    0x0, 0x0, 0x0, 0xef, 0xf4, 0x0, 0x0, 0x0,
    0x0, 0x0, 0x0, 0x0, 0x4, 0xf4, 0x0, 0x0,
    0x0, 0x0, 0x0, 0x0, 0x0, 0x0, 0x1, 0x0,
    0x0, 0x0,

    /* U+2193 "↓" */
    0x0, 0x0, 0xb, 0xc6, 0x0, 0x0, 0x0, 0x0,
    0xf, 0xf9, 0x0, 0x0, 0x0, 0x0, 0xf, 0xf9,
    0x0, 0x0, 0x0, 0x0, 0xf, 0xf9, 0x0, 0x0,
    0x0, 0x0, 0xf, 0xf9, 0x0, 0x0, 0x0, 0x0,
    0xf, 0xf9, 0x0, 0x0, 0x0, 0x0, 0xf, 0xf9,
    0x0, 0x0, 0x0, 0x0, 0xf, 0xf9, 0x0, 0x0,
    0x0, 0x0, 0xf, 0xf9, 0x0, 0x0, 0x0, 0x0,
    0xf, 0xf9, 0x0, 0x0, 0x1, 0xa1, 0xf, 0xf9,
    0x5, 0x80, 0xd, 0xfd, 0x1e, 0xf8, 0x5f, 0xf8,
    0x7, 0xff, 0xce, 0xfb, 0xff, 0xe2, 0x0, 0x7f,
    0xff, 0xff, 0xfe, 0x20, 0x0, 0x7, 0xff, 0xff,
    0xe2, 0x0, 0x0, 0x0, 0x7f, 0xfe, 0x20, 0x0,
    0x0, 0x0, 0x7, 0xe2, 0x0, 0x0, 0x0, 0x0,
    0x0, 0x10, 0x0, 0x0,

    /* U+2194 "↔" */
    0x0, 0x0, 0x0, 0x80, 0x0, 0x0, 0x72, 0x0,
    0x0, 0x0, 0x0, 0x0, 0xbf, 0xc0, 0x0, 0x7f,
    0xe2, 0x0, 0x0, 0x0, 0x0, 0xbf, 0xfa, 0x0,
    0x5, 0xff, 0xe2, 0x0, 0x0, 0x0, 0xbf, 0xf9,
    0x0, 0x0, 0x5, 0xff, 0xe2, 0x0, 0x0, 0xbf,
    0xfd, 0x78, 0x88, 0x88, 0x7a, 0xff, 0xe2, 0x0,
    0xbf, 0xff, 0xff, 0xff, 0xff, 0xff, 0xff, 0xff,
    0xe1, 0x4, 0xff, 0xff, 0xff, 0xff, 0xff, 0xfe,
    0xff, 0xf8, 0x0, 0x4, 0xff, 0xe3, 0x0, 0x0,
    0x1, 0xbf, 0xf8, 0x0, 0x0, 0x4, 0xff, 0xf3,
    0x0, 0x1, 0xcf, 0xf8, 0x0, 0x0, 0x0, 0x4,
    0xff, 0xe0, 0x0, 0xaf, 0xf8, 0x0, 0x0, 0x0,
    0x0, 0x4, 0xf4, 0x0, 0x1, 0xd8, 0x0, 0x0,
    0x0, 0x0, 0x0, 0x1, 0x0, 0x0, 0x1, 0x0,
    0x0, 0x0,

    /* U+2195 "↕" */
    0x0, 0x0, 0x0, 0x0, 0x0, 0x0, 0x0, 0x0,
    0x4, 0xc1, 0x0, 0x0, 0x0, 0x0, 0x4f, 0xfc,
    0x0, 0x0, 0x0, 0x4, 0xff, 0xff, 0xc0, 0x0,
    0x0, 0x4f, 0xff, 0xff, 0xfc, 0x0, 0x4, 0xff,
    0xee, 0xfd, 0xff, 0xc0, 0xe, 0xff, 0x3e, 0xf8,
    0x8f, 0xf9, 0x3, 0xe3, 0xf, 0xf9, 0x8, 0xc0,
    0x0, 0x0, 0xf, 0xf9, 0x0, 0x0, 0x0, 0x0,
    0xf, 0xf9, 0x0, 0x0, 0x0, 0x0, 0xf, 0xf9,
    0x0, 0x0, 0x1, 0xa1, 0xf, 0xf9, 0x5, 0x80,
    0xd, 0xfd, 0x1e, 0xf8, 0x5f, 0xf8, 0x7, 0xff,
    0xce, 0xfb, 0xff, 0xe2, 0x0, 0x7f, 0xff, 0xff,
    0xfe, 0x20, 0x0, 0x7, 0xff, 0xff, 0xe2, 0x0,
    0x0, 0x0, 0x7f, 0xfe, 0x20, 0x0, 0x0, 0x0,
    0x7, 0xe2, 0x0, 0x0, 0x0, 0x0, 0x0, 0x10,
    0x0, 0x0,

    /* U+2196 "↖" */
    0x6f, 0xff, 0xff, 0xff, 0x50, 0x0, 0x0, 0x6f,
    0xff, 0xff, 0xff, 0x60, 0x0, 0x0, 0x6f, 0xff,
    0xe6, 0x77, 0x20, 0x0, 0x0, 0x6f, 0xff, 0xfb,
    0x0, 0x0, 0x0, 0x0, 0x6f, 0xea, 0xff, 0xc0,
    0x0, 0x0, 0x0, 0x6f, 0xf0, 0xbf, 0xfc, 0x0,
    0x0, 0x0, 0x6f, 0xf0, 0xb, 0xff, 0xc0, 0x0,
    0x0, 0x5d, 0xd0, 0x0, 0xbf, 0xfc, 0x0, 0x0,
    0x0, 0x0, 0x0, 0xb, 0xff, 0xc0, 0x0, 0x0,
    0x0, 0x0, 0x0, 0xbf, 0xfc, 0x0, 0x0, 0x0,
    0x0, 0x0, 0xb, 0xff, 0xc0, 0x0, 0x0, 0x0,
    0x0, 0x0, 0xbf, 0xf3, 0x0, 0x0, 0x0, 0x0,
    0x0, 0xa, 0x40,

    /* U+2197 "↗" */
    0x0, 0x0, 0x4, 0xff, 0xff, 0xff, 0xf7, 0x0,
    0x0, 0x5, 0xff, 0xff, 0xff, 0xf7, 0x0, 0x0,
    0x2, 0x77, 0x6d, 0xff, 0xf7, 0x0, 0x0, 0x0,
    0x0, 0xaf, 0xff, 0xf7, 0x0, 0x0, 0x0, 0xb,
    0xff, 0xbd, 0xf7, 0x0, 0x0, 0x0, 0xbf, 0xfb,
    0xe, 0xf7, 0x0, 0x0, 0xb, 0xff, 0xc0, 0xe,
    0xf7, 0x0, 0x0, 0xbf, 0xfc, 0x0, 0xc, 0xd6,
    0x0, 0xb, 0xff, 0xc0, 0x0, 0x0, 0x0, 0x0,
    0xbf, 0xfc, 0x0, 0x0, 0x0, 0x0, 0xb, 0xff,
    0xc0, 0x0, 0x0, 0x0, 0x0, 0x2f, 0xfc, 0x0,
    0x0, 0x0, 0x0, 0x0, 0x3, 0xb0, 0x0, 0x0,
    0x0, 0x0, 0x0,

    /* U+2198 "↘" */
    0x4, 0xa0, 0x0, 0x0, 0x0, 0x0, 0x0, 0x3f,
    0xfb, 0x0, 0x0, 0x0, 0x0, 0x0, 0xc, 0xff,
    0xb0, 0x0, 0x0, 0x0, 0x0, 0x0, 0xcf, 0xfb,
    0x0, 0x0, 0x0, 0x0, 0x0, 0xc, 0xff, 0xb0,
    0x0, 0x0, 0x0, 0x0, 0x0, 0xcf, 0xfb, 0x0,
    0xd, 0xd5, 0x0, 0x0, 0xc, 0xff, 0xb0, 0xf,
    0xf6, 0x0, 0x0, 0x0, 0xcf, 0xfb, 0xf, 0xf6,
    0x0, 0x0, 0x0, 0xc, 0xff, 0xae, 0xf6, 0x0,
    0x0, 0x0, 0x0, 0xbf, 0xff, 0xf6, 0x0, 0x0,
    0x2, 0x76, 0x6e, 0xff, 0xf6, 0x0, 0x0, 0x6,
    0xff, 0xff, 0xff, 0xf6, 0x0, 0x0, 0x5, 0xff,
    0xff, 0xff, 0xf6,

    /* U+2199 "↙" */
    0x0, 0x0, 0x0, 0x0, 0x0, 0xb, 0x30, 0x0,
    0x0, 0x0, 0x0, 0x0, 0xcf, 0xf2, 0x0, 0x0,
    0x0, 0x0, 0xc, 0xff, 0xb0, 0x0, 0x0, 0x0,
    0x0, 0xcf, 0xfb, 0x0, 0x0, 0x0, 0x0, 0xc,
    0xff, 0xb0, 0x0, 0x6d, 0xc0, 0x0, 0xcf, 0xfb,
    0x0, 0x0, 0x7f, 0xe0, 0xc, 0xff, 0xb0, 0x0,
    0x0, 0x7f, 0xe0, 0xcf, 0xfb, 0x0, 0x0, 0x0,
    0x7f, 0xdb, 0xff, 0xb0, 0x0, 0x0, 0x0, 0x7f,
    0xff, 0xfb, 0x0, 0x0, 0x0, 0x0, 0x7f, 0xff,
    0xd6, 0x67, 0x20, 0x0, 0x0, 0x7f, 0xff, 0xff,
    0xff, 0x50, 0x0, 0x0, 0x7f, 0xff, 0xff, 0xff,
    0x50, 0x0, 0x0,

    /* U+21A9 "↩" */
    0x0, 0x0, 0x0, 0x0, 0x0, 0x0, 0x12, 0x0,
    0x0, 0x0, 0x0, 0x0, 0x0, 0x0, 0x0, 0x5,
    0xfe, 0x91, 0x0, 0x0, 0x0, 0x0, 0x0, 0x0,
    0x0, 0x5f, 0xff, 0xd1, 0x0, 0x0, 0x0, 0x5,
    0x0, 0x0, 0x1, 0x5d, 0xff, 0x90, 0x0, 0x0,
    0x8, 0xf9, 0x0, 0x0, 0x0, 0x1f, 0xfe, 0x0,
    0x0, 0x8, 0xff, 0xc0, 0x0, 0x0, 0x0, 0xef,
    0xf0, 0x0, 0x8, 0xff, 0xc0, 0x0, 0x0, 0x0,
    0x2f, 0xfe, 0x0, 0x8, 0xff, 0xd4, 0x55, 0x55,
    0x55, 0x7e, 0xff, 0x90, 0x8, 0xff, 0xff, 0xff,
    0xff, 0xff, 0xff, 0xff, 0xd1, 0x0, 0x7f, 0xff,
    0xff, 0xff, 0xff, 0xff, 0xff, 0x91, 0x0, 0x0,
    0x7f, 0xfd, 0x33, 0x33, 0x33, 0x32, 0x0, 0x0,
    0x0, 0x0, 0x7f, 0xfd, 0x10, 0x0, 0x0, 0x0,
    0x0, 0x0, 0x0, 0x0, 0x7f, 0xfd, 0x0, 0x0,
    0x0, 0x0, 0x0, 0x0, 0x0, 0x0, 0x7f, 0x70,
    0x0, 0x0, 0x0, 0x0, 0x0, 0x0, 0x0, 0x0,
    0x30, 0x0, 0x0, 0x0, 0x0, 0x0, 0x0,

    /* U+21AA "↪" */
    0x0, 0x0, 0x2, 0x10, 0x0, 0x0, 0x0, 0x0,
    0x0, 0x0, 0x0, 0x8e, 0xf6, 0x0, 0x0, 0x0,
    0x0, 0x0, 0x0, 0x1, 0xdf, 0xff, 0x60, 0x0,
    0x0, 0x0, 0x0, 0x0, 0x0, 0x9f, 0xfd, 0x51,
    0x0, 0x0, 0x5, 0x0, 0x0, 0x0, 0xe, 0xff,
    0x10, 0x0, 0x0, 0x8, 0xf9, 0x0, 0x0, 0x0,
    0xff, 0xe0, 0x0, 0x0, 0x0, 0xcf, 0xf9, 0x0,
    0x0, 0xe, 0xff, 0x20, 0x0, 0x0, 0x0, 0xcf,
    0xf9, 0x0, 0x0, 0x9f, 0xfe, 0x75, 0x55, 0x55,
    0x54, 0xdf, 0xf9, 0x0, 0x1, 0xdf, 0xff, 0xff,
    0xff, 0xff, 0xff, 0xff, 0xf9, 0x0, 0x1, 0x9f,
    0xff, 0xff, 0xff, 0xff, 0xff, 0xff, 0x70, 0x0,
    0x0, 0x2, 0x33, 0x33, 0x33, 0x3d, 0xff, 0x70,
    0x0, 0x0, 0x0, 0x0, 0x0, 0x0, 0x1d, 0xff,
    0x70, 0x0, 0x0, 0x0, 0x0, 0x0, 0x0, 0xd,
    0xff, 0x70, 0x0, 0x0, 0x0, 0x0, 0x0, 0x0,
    0x0, 0x7f, 0x70, 0x0, 0x0, 0x0, 0x0, 0x0,
    0x0, 0x0, 0x0, 0x30, 0x0, 0x0, 0x0,

    /* U+21B0 "↰" */
    0x0, 0x0, 0x1, 0x0, 0x0, 0x0, 0x0, 0x0,
    0x4, 0xf5, 0x0, 0x0, 0x0, 0x0, 0x4, 0xff,
    0xe0, 0x0, 0x0, 0x0, 0x4, 0xff, 0xf3, 0x0,
    0x0, 0x0, 0x4, 0xff, 0xe3, 0x0, 0x0, 0x0,
    0x4, 0xff, 0xff, 0xff, 0xff, 0xff, 0xf9, 0xaf,
    0xff, 0xff, 0xff, 0xff, 0xff, 0x90, 0xbf, 0xfd,
    0x78, 0x88, 0x8f, 0xf9, 0x0, 0xbf, 0xfa, 0x0,
    0x0, 0xff, 0x90, 0x0, 0xbf, 0xfa, 0x0, 0xf,
    0xf9, 0x0, 0x0, 0xbf, 0xc0, 0x0, 0xff, 0x90,
    0x0, 0x0, 0x80, 0x0, 0xf, 0xf9, 0x0, 0x0,
    0x0, 0x0, 0x0, 0xff, 0x90, 0x0, 0x0, 0x0,
    0x0, 0xf, 0xf9, 0x0, 0x0, 0x0, 0x0, 0x0,
    0xff, 0x90, 0x0, 0x0, 0x0, 0x0, 0xf, 0xf9,
    0x0, 0x0, 0x0, 0x0, 0x0, 0xff, 0x90, 0x0,
    0x0, 0x0, 0x0, 0xc, 0xc7,

    /* U+21B1 "↱" */
    0x0, 0x0, 0x0, 0x1, 0x0, 0x0, 0x0, 0x0,
    0x0, 0x0, 0x4f, 0x40, 0x0, 0x0, 0x0, 0x0,
    0x0, 0xef, 0xf4, 0x0, 0x0, 0x0, 0x0, 0x0,
    0x3e, 0xff, 0x40, 0x0, 0x0, 0x0, 0x0, 0x2,
    0xef, 0xf4, 0x0, 0x8f, 0xff, 0xff, 0xff, 0xff,
    0xff, 0x40, 0x8f, 0xff, 0xff, 0xff, 0xff, 0xff,
    0xb0, 0x8f, 0xf8, 0x88, 0x87, 0xdf, 0xfc, 0x0,
    0x8f, 0xf0, 0x0, 0x9, 0xff, 0xc0, 0x0, 0x8f,
    0xf0, 0x0, 0x9f, 0xfc, 0x0, 0x0, 0x8f, 0xf0,
    0x0, 0xbf, 0xc0, 0x0, 0x0, 0x8f, 0xf0, 0x0,
    0x8, 0x0, 0x0, 0x0, 0x8f, 0xf0, 0x0, 0x0,
    0x0, 0x0, 0x0, 0x8f, 0xf0, 0x0, 0x0, 0x0,
    0x0, 0x0, 0x8f, 0xf0, 0x0, 0x0, 0x0, 0x0,
    0x0, 0x8f, 0xf0, 0x0, 0x0, 0x0, 0x0, 0x0,
    0x8f, 0xf0, 0x0, 0x0, 0x0, 0x0, 0x0, 0x6c,
    0xc0, 0x0, 0x0, 0x0, 0x0, 0x0,

    /* U+21B2 "↲" */
    0x0, 0x0, 0x0, 0x0, 0x0, 0xbc, 0x60, 0x0,
    0x0, 0x0, 0x0, 0xf, 0xf9, 0x0, 0x0, 0x0,
    0x0, 0x0, 0xff, 0x90, 0x0, 0x0, 0x0, 0x0,
    0xf, 0xf9, 0x0, 0x0, 0x0, 0x0, 0x0, 0xff,
    0x90, 0x0, 0x0, 0x0, 0x0, 0xf, 0xf9, 0x0,
    0x0, 0x7, 0x0, 0x0, 0xff, 0x90, 0x0, 0xb,
    0xfb, 0x0, 0xf, 0xf9, 0x0, 0xb, 0xff, 0xa0,
    0x0, 0xff, 0x90, 0xb, 0xff, 0xa0, 0x0, 0xf,
    0xf9, 0xb, 0xff, 0xd7, 0x78, 0x88, 0xff, 0x9a,
    0xff, 0xff, 0xff, 0xff, 0xff, 0xf9, 0x4f, 0xff,
    0xff, 0xff, 0xff, 0xff, 0x90, 0x4f, 0xfe, 0x20,
    0x0, 0x0, 0x0, 0x0, 0x4f, 0xfe, 0x30, 0x0,
    0x0, 0x0, 0x0, 0x4f, 0xfe, 0x0, 0x0, 0x0,
    0x0, 0x0, 0x4f, 0x50, 0x0, 0x0, 0x0, 0x0,
    0x0, 0x10, 0x0, 0x0, 0x0,

    /* U+21B3 "↳" */
    0x6c, 0xc0, 0x0, 0x0, 0x0, 0x0, 0x0, 0x8f,
    0xf0, 0x0, 0x0, 0x0, 0x0, 0x0, 0x8f, 0xf0,
    0x0, 0x0, 0x0, 0x0, 0x0, 0x8f, 0xf0, 0x0,
    0x0, 0x0, 0x0, 0x0, 0x8f, 0xf0, 0x0, 0x0,
    0x0, 0x0, 0x0, 0x8f, 0xf0, 0x0, 0x0, 0x0,
    0x0, 0x0, 0x8f, 0xf0, 0x0, 0x7, 0x0, 0x0,
    0x0, 0x8f, 0xf0, 0x0, 0xbf, 0xb0, 0x0, 0x0,
    0x8f, 0xf0, 0x0, 0xaf, 0xfb, 0x0, 0x0, 0x8f,
    0xf0, 0x0, 0x9, 0xff, 0xb0, 0x0, 0x8f, 0xf8,
    0x88, 0x77, 0xdf, 0xfb, 0x0, 0x8f, 0xff, 0xff,
    0xff, 0xff, 0xff, 0xb0, 0x8f, 0xff, 0xff, 0xff,
    0xff, 0xff, 0x50, 0x0, 0x0, 0x0, 0x2, 0xdf,
    0xf5, 0x0, 0x0, 0x0, 0x0, 0x2e, 0xff, 0x50,
    0x0, 0x0, 0x0, 0x0, 0xef, 0xf5, 0x0, 0x0,
    0x0, 0x0, 0x0, 0x4f, 0x50, 0x0, 0x0, 0x0,
    0x0, 0x0, 0x1, 0x0, 0x0, 0x0,

    /* U+21B6 "↶" */
    0x0, 0x0, 0x0, 0x0, 0x0, 0x1, 0x32, 0x0,
    0x0, 0x0, 0x0, 0x0, 0x0, 0x0, 0x2, 0xaf,
    0xff, 0xff, 0xb5, 0x0, 0x0, 0x0, 0x0, 0x0,
    0x7, 0xff, 0xff, 0xff, 0xff, 0xfb, 0x0, 0x0,
    0x0, 0x0, 0x7, 0xff, 0xf8, 0x42, 0x37, 0xef,
    0xfb, 0x0, 0x0, 0x0, 0x2, 0xff, 0xd2, 0x0,
    0x0, 0x0, 0xbf, 0xf6, 0x0, 0x0, 0x0, 0x9f,
    0xf3, 0x0, 0x0, 0x0, 0x0, 0xef, 0xd0, 0x0,
    0x0, 0xe, 0xfb, 0x0, 0x0, 0x0, 0x0, 0x7,
    0xff, 0x20, 0x0, 0x1, 0xff, 0x70, 0x0, 0x0,
    0x0, 0x0, 0x3f, 0xf6, 0x0, 0x0, 0x3f, 0xf5,
    0x0, 0x0, 0x0, 0x0, 0x1, 0xee, 0x60, 0x7d,
    0x13, 0xff, 0x40, 0xc8, 0x0, 0x0, 0x0, 0x0,
    0x0, 0x3f, 0xfd, 0x3f, 0xf4, 0xcf, 0xf4, 0x0,
    0x0, 0x0, 0x0, 0x0, 0x7f, 0xfd, 0xff, 0xdf,
    0xf9, 0x0, 0x0, 0x0, 0x0, 0x0, 0x0, 0x7f,
    0xff, 0xff, 0xf9, 0x0, 0x0, 0x0, 0x0, 0x0,
    0x0, 0x0, 0x7f, 0xff, 0xf9, 0x0, 0x0, 0x0,
    0x0, 0x0, 0x0, 0x0, 0x0, 0x7f, 0xf9, 0x0,
    0x0, 0x0, 0x0, 0x0, 0x0, 0x0, 0x0, 0x0,
    0x89, 0x0, 0x0, 0x0, 0x0, 0x0, 0x0, 0x0,
    0x0, 0x0, 0x0, 0x0, 0x0, 0x0, 0x0, 0x0,
    0x0, 0x0, 0x0,

    /* U+21B7 "↷" */
    0x0, 0x0, 0x0, 0x2, 0x31, 0x0, 0x0, 0x0,
    0x0, 0x0, 0x0, 0x0, 0x4, 0xbf, 0xff, 0xff,
    0xa3, 0x0, 0x0, 0x0, 0x0, 0x0, 0xa, 0xff,
    0xff, 0xff, 0xff, 0xf8, 0x0, 0x0, 0x0, 0x0,
    0xb, 0xff, 0xe7, 0x32, 0x48, 0xff, 0xf7, 0x0,
    0x0, 0x0, 0x6, 0xff, 0xb0, 0x0, 0x0, 0x1,
    0xdf, 0xf2, 0x0, 0x0, 0x0, 0xdf, 0xe0, 0x0,
    0x0, 0x0, 0x2, 0xff, 0x90, 0x0, 0x0, 0x2f,
    0xf7, 0x0, 0x0, 0x0, 0x0, 0xb, 0xfe, 0x0,
    0x0, 0x5, 0xff, 0x30, 0x0, 0x0, 0x0, 0x0,
    0x7f, 0xf2, 0x0, 0x0, 0x6e, 0xe1, 0x0, 0x0,
    0x0, 0x0, 0x5, 0xff, 0x30, 0x0, 0x0, 0x0,
    0x0, 0x0, 0x0, 0x8, 0xc0, 0x4f, 0xf3, 0x1d,
    0x70, 0x0, 0x0, 0x0, 0x0, 0x4, 0xff, 0xc4,
    0xff, 0x3d, 0xff, 0x30, 0x0, 0x0, 0x0, 0x0,
    0x9, 0xff, 0xdf, 0xfd, 0xff, 0x80, 0x0, 0x0,
    0x0, 0x0, 0x0, 0x9, 0xff, 0xff, 0xff, 0x80,
    0x0, 0x0, 0x0, 0x0, 0x0, 0x0, 0x9, 0xff,
    0xff, 0x80, 0x0, 0x0, 0x0, 0x0, 0x0, 0x0,
    0x0, 0x9, 0xff, 0x80, 0x0, 0x0, 0x0, 0x0,
    0x0, 0x0, 0x0, 0x0, 0x9, 0x80, 0x0, 0x0,
    0x0, 0x0, 0x0, 0x0, 0x0, 0x0, 0x0, 0x0,
    0x0, 0x0, 0x0,

    /* U+21BA "↺" */
    0x0, 0x0, 0x0, 0x0, 0xef, 0xff, 0xff, 0xfd,
    0x0, 0x0, 0x0, 0x0, 0xe, 0xff, 0xff, 0xff,
    0xe0, 0x0, 0x2, 0x40, 0x0, 0xef, 0xff, 0xa6,
    0x76, 0x0, 0x3, 0xef, 0x20, 0xe, 0xff, 0xff,
    0x60, 0x0, 0x0, 0xef, 0xf4, 0x0, 0xef, 0x9e,
    0xff, 0x60, 0x0, 0x9f, 0xf5, 0x0, 0xe, 0xf7,
    0x2e, 0xff, 0x30, 0xf, 0xfa, 0x0, 0x0, 0xef,
    0x70, 0x3f, 0xfc, 0x5, 0xff, 0x40, 0x0, 0xc,
    0xd6, 0x0, 0x8f, 0xf3, 0x7f, 0xf1, 0x0, 0x0,
    0x0, 0x0, 0x2, 0xff, 0x78, 0xff, 0x0, 0x0,
    0x0, 0x0, 0x0, 0xf, 0xf8, 0x7f, 0xf2, 0x0,
    0x0, 0x0, 0x0, 0x1, 0xff, 0x73, 0xff, 0x60,
    0x0, 0x0, 0x0, 0x0, 0x5f, 0xf5, 0xe, 0xfe,
    0x10, 0x0, 0x0, 0x0, 0xc, 0xff, 0x0, 0x5f,
    0xfc, 0x10, 0x0, 0x0, 0xa, 0xff, 0x80, 0x0,
    0x9f, 0xfe, 0x83, 0x23, 0x6d, 0xff, 0xc0, 0x0,
    0x0, 0x8f, 0xff, 0xff, 0xff, 0xff, 0xa0, 0x0,
    0x0, 0x0, 0x3a, 0xff, 0xff, 0xfb, 0x40, 0x0,
    0x0, 0x0, 0x0, 0x0, 0x23, 0x20, 0x0, 0x0,
    0x0,

    /* U+21BB "↻" */
    0xd, 0xff, 0xff, 0xff, 0xe0, 0x0, 0x0, 0x0,
    0x0, 0xef, 0xff, 0xff, 0xfe, 0x0, 0x0, 0x0,
    0x0, 0x6, 0x76, 0xaf, 0xff, 0xe0, 0x0, 0x32,
    0x0, 0x0, 0x0, 0x6f, 0xff, 0xfe, 0x0, 0x2e,
    0xe3, 0x0, 0x0, 0x6f, 0xfe, 0x9f, 0xe0, 0x4,
    0xff, 0xe1, 0x0, 0x4f, 0xfe, 0x27, 0xfe, 0x0,
    0x4, 0xff, 0x90, 0xc, 0xff, 0x30, 0x7f, 0xe0,
    0x0, 0xa, 0xff, 0x13, 0xff, 0x80, 0x6, 0xdc,
    0x0, 0x0, 0x4f, 0xf5, 0x7f, 0xf2, 0x0, 0x0,
    0x0, 0x0, 0x1, 0xff, 0x78, 0xff, 0x0, 0x0,
    0x0, 0x0, 0x0, 0xf, 0xf9, 0x7f, 0xf1, 0x0,
    0x0, 0x0, 0x0, 0x1, 0xff, 0x75, 0xff, 0x50,
    0x0, 0x0, 0x0, 0x0, 0x6f, 0xf4, 0xf, 0xfc,
    0x0, 0x0, 0x0, 0x0, 0x1e, 0xfe, 0x0, 0x7f,
    0xfa, 0x0, 0x0, 0x0, 0x1c, 0xff, 0x60, 0x0,
    0xbf, 0xfd, 0x63, 0x23, 0x8e, 0xff, 0xa0, 0x0,
    0x0, 0xaf, 0xff, 0xff, 0xff, 0xff, 0x90, 0x0,
    0x0, 0x0, 0x4b, 0xff, 0xff, 0xfa, 0x30, 0x0,
    0x0, 0x0, 0x0, 0x0, 0x23, 0x20, 0x0, 0x0,
    0x0,

    /* U+21C4 "⇄" */
    0x0, 0x0, 0x0, 0x0, 0x0, 0x0, 0x50, 0x0,
    0x0, 0x0, 0x0, 0x0, 0x0, 0x0, 0x0, 0x9f,
    0x90, 0x0, 0x0, 0x0, 0x0, 0x0, 0x0, 0x0,
    0xc, 0xff, 0x90, 0x0, 0x0, 0x0, 0x0, 0x0,
    0x0, 0x0, 0xb, 0xff, 0x90, 0x0, 0x6, 0x66,
    0x66, 0x66, 0x66, 0x65, 0x5d, 0xff, 0x90, 0x0,
    0xff, 0xff, 0xff, 0xff, 0xff, 0xff, 0xff, 0xff,
    0x90, 0xf, 0xff, 0xff, 0xff, 0xff, 0xff, 0xff,
    0xff, 0xf6, 0x0, 0x22, 0x22, 0x23, 0x22, 0x22,
    0x23, 0xdf, 0xf6, 0x0, 0x0, 0x0, 0x4, 0xe4,
    0x0, 0x1, 0xdf, 0xf6, 0x0, 0x0, 0x0, 0x4,
    0xff, 0xe0, 0x0, 0xdf, 0xf6, 0x0, 0x0, 0x0,
    0x4, 0xff, 0xf3, 0x0, 0x6, 0xf6, 0x0, 0x0,
    0x0, 0x4, 0xff, 0xe2, 0x0, 0x0, 0x2, 0x0,
    0x0, 0x0, 0x4, 0xff, 0xff, 0xff, 0xff, 0xff,
    0xff, 0xff, 0xff, 0x0, 0xbf, 0xff, 0xff, 0xff,
    0xff, 0xff, 0xff, 0xff, 0xf0, 0x0, 0xbf, 0xfd,
    0x78, 0x88, 0x88, 0x88, 0x88, 0x88, 0x0, 0x0,
    0xbf, 0xfa, 0x0, 0x0, 0x0, 0x0, 0x0, 0x0,
    0x0, 0x0, 0xbf, 0xfa, 0x0, 0x0, 0x0, 0x0,
    0x0, 0x0, 0x0, 0x0, 0xbf, 0xb0, 0x0, 0x0,
    0x0, 0x0, 0x0, 0x0, 0x0, 0x0, 0x80, 0x0,
    0x0, 0x0, 0x0, 0x0, 0x0,

    /* U+21C6 "⇆" */
    0x0, 0x0, 0x0, 0x50, 0x0, 0x0, 0x0, 0x0,
    0x0, 0x0, 0x0, 0x0, 0x9f, 0x90, 0x0, 0x0,
    0x0, 0x0, 0x0, 0x0, 0x0, 0x9f, 0xfc, 0x0,
    0x0, 0x0, 0x0, 0x0, 0x0, 0x0, 0x9f, 0xfb,
    0x0, 0x0, 0x0, 0x0, 0x0, 0x0, 0x0, 0x9f,
    0xfd, 0x55, 0x66, 0x66, 0x66, 0x66, 0x66, 0x0,
    0x9f, 0xff, 0xff, 0xff, 0xff, 0xff, 0xff, 0xff,
    0xf0, 0x6, 0xff, 0xff, 0xff, 0xff, 0xff, 0xff,
    0xff, 0xff, 0x0, 0x6, 0xff, 0xd3, 0x22, 0x22,
    0x23, 0x22, 0x22, 0x20, 0x0, 0x6, 0xff, 0xe2,
    0x0, 0x4, 0xe4, 0x0, 0x0, 0x0, 0x0, 0x6,
    0xff, 0xe0, 0x0, 0xef, 0xf4, 0x0, 0x0, 0x0,
    0x0, 0x6, 0xf6, 0x0, 0x3, 0xff, 0xf4, 0x0,
    0x0, 0x0, 0x0, 0x2, 0x0, 0x0, 0x2, 0xef,
    0xf4, 0x0, 0xf, 0xff, 0xff, 0xff, 0xff, 0xff,
    0xff, 0xff, 0xf4, 0x0, 0xff, 0xff, 0xff, 0xff,
    0xff, 0xff, 0xff, 0xff, 0xb0, 0x8, 0x88, 0x88,
    0x88, 0x88, 0x88, 0x7d, 0xff, 0xb0, 0x0, 0x0,
    0x0, 0x0, 0x0, 0x0, 0x9, 0xff, 0xb0, 0x0,
    0x0, 0x0, 0x0, 0x0, 0x0, 0xa, 0xff, 0xb0,
    0x0, 0x0, 0x0, 0x0, 0x0, 0x0, 0x0, 0xbf,
    0xb0, 0x0, 0x0, 0x0, 0x0, 0x0, 0x0, 0x0,
    0x0, 0x80, 0x0, 0x0, 0x0,

    /* U+2202 "∂" */
    0x1, 0x9c, 0xcc, 0x70, 0x0, 0x0, 0x0, 0x7,
    0xff, 0xfb, 0x0, 0x0, 0x0, 0x0, 0x3d, 0xff,
    0xc0, 0x0, 0x0, 0x0, 0x1, 0xbf, 0xfb, 0x0,
    0x0, 0x0, 0x0, 0xc, 0xff, 0x50, 0x0, 0x6d,
    0xff, 0xc4, 0xff, 0xe0, 0x7, 0xff, 0xff, 0xff,
    0xbf, 0xf5, 0x2f, 0xff, 0xb6, 0x5b, 0xff, 0xf9,
    0x9f, 0xfc, 0x0, 0x0, 0xbf, 0xfd, 0xcf, 0xf6,
    0x0, 0x0, 0x5f, 0xfe, 0xef, 0xf4, 0x0, 0x0,
    0x3f, 0xff, 0xef, 0xf4, 0x0, 0x0, 0x3f, 0xfe,
    0xcf, 0xf5, 0x0, 0x0, 0x4f, 0xfc, 0x8f, 0xfa,
    0x0, 0x0, 0x9f, 0xf8, 0x1f, 0xff, 0x82, 0x27,
    0xff, 0xf1, 0x5, 0xff, 0xff, 0xff, 0xff, 0x60,
    0x0, 0x4c, 0xff, 0xff, 0xd5, 0x0, 0x0, 0x0,
    0x13, 0x32, 0x0, 0x0,

    /* U+2206 "∆" */
    0x0, 0x0, 0xb, 0xcc, 0xc1, 0x0, 0x0, 0x0,
    0x0, 0x5f, 0xff, 0xf7, 0x0, 0x0, 0x0, 0x0,
    0xbf, 0xff, 0xfd, 0x0, 0x0, 0x0, 0x1, 0xff,
    0xdd, 0xff, 0x20, 0x0, 0x0, 0x6, 0xff, 0x77,
    0xff, 0x80, 0x0, 0x0, 0xb, 0xff, 0x22, 0xff,
    0xd0, 0x0, 0x0, 0x1f, 0xfd, 0x0, 0xdf, 0xf3,
    0x0, 0x0, 0x6f, 0xf8, 0x0, 0x8f, 0xf8, 0x0,
    0x0, 0xcf, 0xf3, 0x0, 0x3f, 0xfe, 0x0, 0x2,
    0xff, 0xe0, 0x0, 0xd, 0xff, 0x40, 0x7, 0xff,
    0x80, 0x0, 0x8, 0xff, 0x90, 0xd, 0xff, 0x30,
    0x0, 0x3, 0xff, 0xe0, 0x2f, 0xfe, 0x0, 0x0,
    0x0, 0xef, 0xf4, 0x8f, 0xf9, 0x0, 0x0, 0x0,
    0x9f, 0xfa, 0xdf, 0xfe, 0xdd, 0xdd, 0xdd, 0xef,
    0xfe, 0xdf, 0xff, 0xff, 0xff, 0xff, 0xff, 0xff,
    0xdf, 0xff, 0xff, 0xff, 0xff, 0xff, 0xff,

    /* U+220F "∏" */
    0xc, 0xcc, 0xcc, 0xcc, 0xcc, 0xcc, 0xcc, 0xcc,
    0x81, 0xff, 0xff, 0xff, 0xff, 0xff, 0xff, 0xff,
    0xfb, 0x1f, 0xff, 0xff, 0xff, 0xff, 0xff, 0xff,
    0xff, 0xb0, 0x0, 0xdf, 0xf5, 0x0, 0x0, 0xbf,
    0xf7, 0x0, 0x0, 0xd, 0xff, 0x50, 0x0, 0xb,
    0xff, 0x70, 0x0, 0x0, 0xdf, 0xf5, 0x0, 0x0,
    0xbf, 0xf7, 0x0, 0x0, 0xd, 0xff, 0x50, 0x0,
    0xb, 0xff, 0x70, 0x0, 0x0, 0xdf, 0xf5, 0x0,
    0x0, 0xbf, 0xf7, 0x0, 0x0, 0xd, 0xff, 0x50,
    0x0, 0xb, 0xff, 0x70, 0x0, 0x0, 0xdf, 0xf5,
    0x0, 0x0, 0xbf, 0xf7, 0x0, 0x0, 0xd, 0xff,
    0x50, 0x0, 0xb, 0xff, 0x70, 0x0, 0x0, 0xdf,
    0xf5, 0x0, 0x0, 0xbf, 0xf7, 0x0, 0x0, 0xd,
    0xff, 0x50, 0x0, 0xb, 0xff, 0x70, 0x0, 0x0,
    0xdf, 0xf5, 0x0, 0x0, 0xbf, 0xf7, 0x0, 0x0,
    0xd, 0xff, 0x50, 0x0, 0xb, 0xff, 0x70, 0x0,
    0x0, 0xdf, 0xf5, 0x0, 0x0, 0xbf, 0xf7, 0x0,
    0x0, 0xd, 0xff, 0x50, 0x0, 0xb, 0xff, 0x70,
    0x0, 0x0, 0xdf, 0xf5, 0x0, 0x0, 0xbf, 0xf7,
    0x0, 0x0, 0xd, 0xff, 0x50, 0x0, 0xb, 0xff,
    0x70, 0x0, 0x0, 0xdf, 0xf5, 0x0, 0x0, 0xbf,
    0xf7, 0x0, 0x0, 0xd, 0xff, 0x50, 0x0, 0xb,
    0xff, 0x70, 0x0, 0x0, 0xac, 0xc4, 0x0, 0x0,
    0x8c, 0xc5, 0x0,

    /* U+2211 "∑" */
    0xc, 0xcc, 0xcc, 0xcc, 0xcc, 0xcc, 0x10, 0xff,
    0xff, 0xff, 0xff, 0xff, 0xf2, 0xf, 0xff, 0xff,
    0xff, 0xff, 0xff, 0x20, 0xcf, 0xfb, 0x0, 0x0,
    0x0, 0x0, 0x2, 0xff, 0xf6, 0x0, 0x0, 0x0,
    0x0, 0x6, 0xff, 0xf2, 0x0, 0x0, 0x0, 0x0,
    0xb, 0xff, 0xd0, 0x0, 0x0, 0x0, 0x0, 0x1e,
    0xff, 0x90, 0x0, 0x0, 0x0, 0x0, 0x4f, 0xff,
    0x50, 0x0, 0x0, 0x0, 0x0, 0x9f, 0xfe, 0x10,
    0x0, 0x0, 0x0, 0x0, 0xdf, 0xf6, 0x0, 0x0,
    0x0, 0x0, 0xd, 0xff, 0x60, 0x0, 0x0, 0x0,
    0x9, 0xff, 0xf1, 0x0, 0x0, 0x0, 0x4, 0xff,
    0xf5, 0x0, 0x0, 0x0, 0x1, 0xef, 0xf9, 0x0,
    0x0, 0x0, 0x0, 0xaf, 0xfd, 0x0, 0x0, 0x0,
    0x0, 0x6f, 0xff, 0x30, 0x0, 0x0, 0x0, 0x2f,
    0xff, 0x70, 0x0, 0x0, 0x0, 0xc, 0xff, 0xb0,
    0x0, 0x0, 0x0, 0x0, 0xff, 0xff, 0xff, 0xff,
    0xff, 0xf2, 0xf, 0xff, 0xff, 0xff, 0xff, 0xff,
    0x20, 0xcc, 0xcc, 0xcc, 0xcc, 0xcc, 0xc1,

    /* U+2212 "−" */
    0x28, 0x88, 0x88, 0x88, 0x88, 0x87, 0x4f, 0xff,
    0xff, 0xff, 0xff, 0xfe, 0x4f, 0xff, 0xff, 0xff,
    0xff, 0xfe
};


/*---------------------
 *  GLYPH DESCRIPTION
 *--------------------*/

static const lv_font_fmt_txt_glyph_dsc_t glyph_dsc[] = {
    {.bitmap_index = 0, .adv_w = 0, .box_w = 0, .box_h = 0, .ofs_x = 0, .ofs_y = 0} /* id = 0 reserved */,
    {.bitmap_index = 0, .adv_w = 91, .box_w = 0, .box_h = 0, .ofs_x = 0, .ofs_y = 0},
    {.bitmap_index = 0, .adv_w = 119, .box_w = 5, .box_h = 17, .ofs_x = 1, .ofs_y = 0},
    {.bitmap_index = 43, .adv_w = 181, .box_w = 9, .box_h = 8, .ofs_x = 1, .ofs_y = 10},
    {.bitmap_index = 79, .adv_w = 252, .box_w = 16, .box_h = 17, .ofs_x = 0, .ofs_y = 0},
    {.bitmap_index = 215, .adv_w = 230, .box_w = 14, .box_h = 21, .ofs_x = 0, .ofs_y = -2},
    {.bitmap_index = 362, .adv_w = 369, .box_w = 21, .box_h = 17, .ofs_x = 1, .ofs_y = 0},
    {.bitmap_index = 541, .adv_w = 274, .box_w = 16, .box_h = 17, .ofs_x = 1, .ofs_y = 0},
    {.bitmap_index = 677, .adv_w = 100, .box_w = 4, .box_h = 8, .ofs_x = 1, .ofs_y = 10},
    {.bitmap_index = 693, .adv_w = 129, .box_w = 8, .box_h = 22, .ofs_x = 1, .ofs_y = -4},
    {.bitmap_index = 781, .adv_w = 129, .box_w = 8, .box_h = 22, .ofs_x = -1, .ofs_y = -4},
    {.bitmap_index = 869, .adv_w = 214, .box_w = 13, .box_h = 12, .ofs_x = 0, .ofs_y = 6},
    {.bitmap_index = 947, .adv_w = 230, .box_w = 12, .box_h = 12, .ofs_x = 1, .ofs_y = 2},
    {.bitmap_index = 1019, .adv_w = 114, .box_w = 6, .box_h = 8, .ofs_x = 0, .ofs_y = -3},
    {.bitmap_index = 1043, .adv_w = 154, .box_w = 8, .box_h = 4, .ofs_x = 1, .ofs_y = 6},
    {.bitmap_index = 1059, .adv_w = 114, .box_w = 5, .box_h = 5, .ofs_x = 1, .ofs_y = 0},
    {.bitmap_index = 1072, .adv_w = 168, .box_w = 10, .box_h = 22, .ofs_x = 0, .ofs_y = -4},
    {.bitmap_index = 1182, .adv_w = 230, .box_w = 14, .box_h = 17, .ofs_x = 0, .ofs_y = 0},
    {.bitmap_index = 1301, .adv_w = 230, .box_w = 14, .box_h = 17, .ofs_x = 0, .ofs_y = 0},
    {.bitmap_index = 1420, .adv_w = 230, .box_w = 13, .box_h = 17, .ofs_x = 1, .ofs_y = 0},
    {.bitmap_index = 1531, .adv_w = 230, .box_w = 13, .box_h = 17, .ofs_x = 0, .ofs_y = 0},
    {.bitmap_index = 1642, .adv_w = 230, .box_w = 14, .box_h = 17, .ofs_x = 0, .ofs_y = 0},
    {.bitmap_index = 1761, .adv_w = 230, .box_w = 13, .box_h = 17, .ofs_x = 1, .ofs_y = 0},
    {.bitmap_index = 1872, .adv_w = 230, .box_w = 13, .box_h = 17, .ofs_x = 1, .ofs_y = 0},
    {.bitmap_index = 1983, .adv_w = 230, .box_w = 13, .box_h = 17, .ofs_x = 1, .ofs_y = 0},
    {.bitmap_index = 2094, .adv_w = 230, .box_w = 13, .box_h = 17, .ofs_x = 1, .ofs_y = 0},
    {.bitmap_index = 2205, .adv_w = 230, .box_w = 13, .box_h = 17, .ofs_x = 1, .ofs_y = 0},
    {.bitmap_index = 2316, .adv_w = 122, .box_w = 5, .box_h = 13, .ofs_x = 1, .ofs_y = 0},
    {.bitmap_index = 2349, .adv_w = 122, .box_w = 5, .box_h = 17, .ofs_x = 1, .ofs_y = -4},
    {.bitmap_index = 2392, .adv_w = 230, .box_w = 11, .box_h = 16, .ofs_x = 2, .ofs_y = -1},
    {.bitmap_index = 2480, .adv_w = 230, .box_w = 12, .box_h = 8, .ofs_x = 1, .ofs_y = 3},
    {.bitmap_index = 2528, .adv_w = 230, .box_w = 11, .box_h = 16, .ofs_x = 2, .ofs_y = -1},
    {.bitmap_index = 2616, .adv_w = 189, .box_w = 12, .box_h = 17, .ofs_x = 0, .ofs_y = 0},
    {.bitmap_index = 2718, .adv_w = 345, .box_w = 20, .box_h = 20, .ofs_x = 1, .ofs_y = -3},
    {.bitmap_index = 2918, .adv_w = 258, .box_w = 16, .box_h = 17, .ofs_x = 0, .ofs_y = 0},
    {.bitmap_index = 3054, .adv_w = 255, .box_w = 14, .box_h = 17, .ofs_x = 1, .ofs_y = 0},
    {.bitmap_index = 3173, .adv_w = 247, .box_w = 14, .box_h = 17, .ofs_x = 1, .ofs_y = 0},
    {.bitmap_index = 3292, .adv_w = 265, .box_w = 15, .box_h = 17, .ofs_x = 1, .ofs_y = 0},
    {.bitmap_index = 3420, .adv_w = 230, .box_w = 13, .box_h = 17, .ofs_x = 1, .ofs_y = 0},
    {.bitmap_index = 3531, .adv_w = 222, .box_w = 12, .box_h = 17, .ofs_x = 1, .ofs_y = 0},
    {.bitmap_index = 3633, .adv_w = 273, .box_w = 15, .box_h = 17, .ofs_x = 1, .ofs_y = 0},
    {.bitmap_index = 3761, .adv_w = 276, .box_w = 15, .box_h = 17, .ofs_x = 1, .ofs_y = 0},
    {.bitmap_index = 3889, .adv_w = 162, .box_w = 8, .box_h = 17, .ofs_x = 1, .ofs_y = 0},
    {.bitmap_index = 3957, .adv_w = 209, .box_w = 12, .box_h = 17, .ofs_x = 0, .ofs_y = 0},
    {.bitmap_index = 4059, .adv_w = 260, .box_w = 15, .box_h = 17, .ofs_x = 1, .ofs_y = 0},
    {.bitmap_index = 4187, .adv_w = 200, .box_w = 11, .box_h = 17, .ofs_x = 1, .ofs_y = 0},
    {.bitmap_index = 4281, .adv_w = 313, .box_w = 17, .box_h = 17, .ofs_x = 1, .ofs_y = 0},
    {.bitmap_index = 4426, .adv_w = 276, .box_w = 15, .box_h = 17, .ofs_x = 1, .ofs_y = 0},
    {.bitmap_index = 4554, .adv_w = 273, .box_w = 15, .box_h = 17, .ofs_x = 1, .ofs_y = 0},
    {.bitmap_index = 4682, .adv_w = 246, .box_w = 14, .box_h = 17, .ofs_x = 1, .ofs_y = 0},
    {.bitmap_index = 4801, .adv_w = 273, .box_w = 15, .box_h = 22, .ofs_x = 1, .ofs_y = -5},
    {.bitmap_index = 4966, .adv_w = 255, .box_w = 14, .box_h = 17, .ofs_x = 1, .ofs_y = 0},
    {.bitmap_index = 5085, .adv_w = 235, .box_w = 14, .box_h = 17, .ofs_x = 0, .ofs_y = 0},
    {.bitmap_index = 5204, .adv_w = 223, .box_w = 14, .box_h = 17, .ofs_x = 0, .ofs_y = 0},
    {.bitmap_index = 5323, .adv_w = 265, .box_w = 14, .box_h = 17, .ofs_x = 1, .ofs_y = 0},
    {.bitmap_index = 5442, .adv_w = 245, .box_w = 15, .box_h = 17, .ofs_x = 0, .ofs_y = 0},
    {.bitmap_index = 5570, .adv_w = 364, .box_w = 23, .box_h = 17, .ofs_x = 0, .ofs_y = 0},
    {.bitmap_index = 5766, .adv_w = 252, .box_w = 16, .box_h = 17, .ofs_x = 0, .ofs_y = 0},
    {.bitmap_index = 5902, .adv_w = 243, .box_w = 15, .box_h = 17, .ofs_x = 0, .ofs_y = 0},
    {.bitmap_index = 6030, .adv_w = 230, .box_w = 14, .box_h = 17, .ofs_x = 0, .ofs_y = 0},
    {.bitmap_index = 6149, .adv_w = 126, .box_w = 6, .box_h = 22, .ofs_x = 1, .ofs_y = -4},
    {.bitmap_index = 6215, .adv_w = 168, .box_w = 11, .box_h = 22, .ofs_x = 0, .ofs_y = -4},
    {.bitmap_index = 6336, .adv_w = 126, .box_w = 5, .box_h = 22, .ofs_x = 1, .ofs_y = -4},
    {.bitmap_index = 6391, .adv_w = 230, .box_w = 13, .box_h = 11, .ofs_x = 1, .ofs_y = 6},
    {.bitmap_index = 6463, .adv_w = 215, .box_w = 13, .box_h = 3, .ofs_x = 0, .ofs_y = -4},
    {.bitmap_index = 6483, .adv_w = 230, .box_w = 6, .box_h = 6, .ofs_x = 3, .ofs_y = 14},
    {.bitmap_index = 6501, .adv_w = 215, .box_w = 13, .box_h = 13, .ofs_x = 0, .ofs_y = 0},
    {.bitmap_index = 6586, .adv_w = 230, .box_w = 13, .box_h = 18, .ofs_x = 1, .ofs_y = 0},
    {.bitmap_index = 6703, .adv_w = 197, .box_w = 12, .box_h = 13, .ofs_x = 0, .ofs_y = 0},
    {.bitmap_index = 6781, .adv_w = 230, .box_w = 12, .box_h = 18, .ofs_x = 1, .ofs_y = 0},
    {.bitmap_index = 6889, .adv_w = 214, .box_w = 13, .box_h = 13, .ofs_x = 0, .ofs_y = 0},
    {.bitmap_index = 6974, .adv_w = 134, .box_w = 9, .box_h = 18, .ofs_x = 0, .ofs_y = 0},
    {.bitmap_index = 7055, .adv_w = 209, .box_w = 14, .box_h = 20, .ofs_x = 0, .ofs_y = -5},
    {.bitmap_index = 7195, .adv_w = 226, .box_w = 12, .box_h = 18, .ofs_x = 1, .ofs_y = 0},
    {.bitmap_index = 7303, .adv_w = 106, .box_w = 5, .box_h = 18, .ofs_x = 1, .ofs_y = 0},
    {.bitmap_index = 7348, .adv_w = 106, .box_w = 7, .box_h = 23, .ofs_x = -1, .ofs_y = -5},
    {.bitmap_index = 7429, .adv_w = 216, .box_w = 13, .box_h = 18, .ofs_x = 1, .ofs_y = 0},
    {.bitmap_index = 7546, .adv_w = 113, .box_w = 6, .box_h = 18, .ofs_x = 1, .ofs_y = 0},
    {.bitmap_index = 7600, .adv_w = 341, .box_w = 19, .box_h = 13, .ofs_x = 1, .ofs_y = 0},
    {.bitmap_index = 7724, .adv_w = 226, .box_w = 12, .box_h = 13, .ofs_x = 1, .ofs_y = 0},
    {.bitmap_index = 7802, .adv_w = 216, .box_w = 13, .box_h = 13, .ofs_x = 0, .ofs_y = 0},
    {.bitmap_index = 7887, .adv_w = 230, .box_w = 13, .box_h = 18, .ofs_x = 1, .ofs_y = -5},
    {.bitmap_index = 8004, .adv_w = 230, .box_w = 12, .box_h = 18, .ofs_x = 1, .ofs_y = -5},
    {.bitmap_index = 8112, .adv_w = 151, .box_w = 8, .box_h = 13, .ofs_x = 1, .ofs_y = 0},
    {.bitmap_index = 8164, .adv_w = 192, .box_w = 12, .box_h = 13, .ofs_x = 0, .ofs_y = 0},
    {.bitmap_index = 8242, .adv_w = 144, .box_w = 9, .box_h = 16, .ofs_x = 0, .ofs_y = 0},
    {.bitmap_index = 8314, .adv_w = 226, .box_w = 12, .box_h = 13, .ofs_x = 1, .ofs_y = 0},
    {.bitmap_index = 8392, .adv_w = 201, .box_w = 13, .box_h = 13, .ofs_x = 0, .ofs_y = 0},
    {.bitmap_index = 8477, .adv_w = 314, .box_w = 20, .box_h = 13, .ofs_x = 0, .ofs_y = 0},
    {.bitmap_index = 8607, .adv_w = 209, .box_w = 13, .box_h = 13, .ofs_x = 0, .ofs_y = 0},
    {.bitmap_index = 8692, .adv_w = 201, .box_w = 13, .box_h = 18, .ofs_x = 0, .ofs_y = -5},
    {.bitmap_index = 8809, .adv_w = 193, .box_w = 12, .box_h = 13, .ofs_x = 0, .ofs_y = 0},
    {.bitmap_index = 8887, .adv_w = 139, .box_w = 8, .box_h = 22, .ofs_x = 0, .ofs_y = -4},
    {.bitmap_index = 8975, .adv_w = 144, .box_w = 3, .box_h = 22, .ofs_x = 3, .ofs_y = -4},
    {.bitmap_index = 9008, .adv_w = 139, .box_w = 8, .box_h = 22, .ofs_x = 1, .ofs_y = -4},
    {.bitmap_index = 9096, .adv_w = 230, .box_w = 13, .box_h = 4, .ofs_x = 1, .ofs_y = 5},
    {.bitmap_index = 9122, .adv_w = 91, .box_w = 0, .box_h = 0, .ofs_x = 0, .ofs_y = 0},
    {.bitmap_index = 9122, .adv_w = 119, .box_w = 5, .box_h = 17, .ofs_x = 1, .ofs_y = -4},
    {.bitmap_index = 9165, .adv_w = 208, .box_w = 12, .box_h = 19, .ofs_x = 1, .ofs_y = -3},
    {.bitmap_index = 9279, .adv_w = 225, .box_w = 13, .box_h = 17, .ofs_x = 1, .ofs_y = 0},
    {.bitmap_index = 9390, .adv_w = 240, .box_w = 15, .box_h = 15, .ofs_x = 0, .ofs_y = 1},
    {.bitmap_index = 9503, .adv_w = 236, .box_w = 15, .box_h = 17, .ofs_x = 0, .ofs_y = 0},
    {.bitmap_index = 9631, .adv_w = 144, .box_w = 3, .box_h = 22, .ofs_x = 3, .ofs_y = -4},
    {.bitmap_index = 9664, .adv_w = 220, .box_w = 12, .box_h = 22, .ofs_x = 1, .ofs_y = -5},
    {.bitmap_index = 9796, .adv_w = 230, .box_w = 10, .box_h = 4, .ofs_x = 2, .ofs_y = 15},
    {.bitmap_index = 9816, .adv_w = 303, .box_w = 17, .box_h = 18, .ofs_x = 1, .ofs_y = 0},
    {.bitmap_index = 9969, .adv_w = 167, .box_w = 9, .box_h = 9, .ofs_x = 1, .ofs_y = 8},
    {.bitmap_index = 10010, .adv_w = 209, .box_w = 12, .box_h = 11, .ofs_x = 0, .ofs_y = 1},
    {.bitmap_index = 10076, .adv_w = 230, .box_w = 12, .box_h = 8, .ofs_x = 1, .ofs_y = 1},
    {.bitmap_index = 10124, .adv_w = 0, .box_w = 0, .box_h = 0, .ofs_x = 0, .ofs_y = 0},
    {.bitmap_index = 10124, .adv_w = 180, .box_w = 11, .box_h = 11, .ofs_x = 0, .ofs_y = 6},
    {.bitmap_index = 10185, .adv_w = 230, .box_w = 8, .box_h = 3, .ofs_x = 3, .ofs_y = 15},
    {.bitmap_index = 10197, .adv_w = 180, .box_w = 9, .box_h = 9, .ofs_x = 1, .ofs_y = 8},
    {.bitmap_index = 10238, .adv_w = 230, .box_w = 12, .box_h = 16, .ofs_x = 1, .ofs_y = 0},
    {.bitmap_index = 10334, .adv_w = 133, .box_w = 8, .box_h = 9, .ofs_x = 0, .ofs_y = 8},
    {.bitmap_index = 10370, .adv_w = 132, .box_w = 8, .box_h = 9, .ofs_x = 0, .ofs_y = 8},
    {.bitmap_index = 10406, .adv_w = 230, .box_w = 6, .box_h = 6, .ofs_x = 5, .ofs_y = 14},
    {.bitmap_index = 10424, .adv_w = 228, .box_w = 12, .box_h = 18, .ofs_x = 1, .ofs_y = -5},
    {.bitmap_index = 10532, .adv_w = 257, .box_w = 15, .box_h = 21, .ofs_x = 0, .ofs_y = -4},
    {.bitmap_index = 10690, .adv_w = 134, .box_w = 5, .box_h = 5, .ofs_x = 2, .ofs_y = 5},
    {.bitmap_index = 10703, .adv_w = 230, .box_w = 7, .box_h = 6, .ofs_x = 4, .ofs_y = -5},
    {.bitmap_index = 10724, .adv_w = 134, .box_w = 8, .box_h = 9, .ofs_x = 0, .ofs_y = 8},
    {.bitmap_index = 10760, .adv_w = 163, .box_w = 10, .box_h = 9, .ofs_x = 0, .ofs_y = 8},
    {.bitmap_index = 10805, .adv_w = 209, .box_w = 12, .box_h = 11, .ofs_x = 1, .ofs_y = 1},
    {.bitmap_index = 10871, .adv_w = 323, .box_w = 20, .box_h = 18, .ofs_x = 0, .ofs_y = 0},
    {.bitmap_index = 11051, .adv_w = 331, .box_w = 21, .box_h = 17, .ofs_x = 0, .ofs_y = 0},
    {.bitmap_index = 11230, .adv_w = 318, .box_w = 20, .box_h = 18, .ofs_x = 0, .ofs_y = 0},
    {.bitmap_index = 11410, .adv_w = 187, .box_w = 12, .box_h = 18, .ofs_x = 0, .ofs_y = -5},
    {.bitmap_index = 11518, .adv_w = 258, .box_w = 16, .box_h = 24, .ofs_x = 0, .ofs_y = 0},
    {.bitmap_index = 11710, .adv_w = 258, .box_w = 16, .box_h = 24, .ofs_x = 0, .ofs_y = 0},
    {.bitmap_index = 11902, .adv_w = 258, .box_w = 16, .box_h = 23, .ofs_x = 0, .ofs_y = 0},
    {.bitmap_index = 12086, .adv_w = 258, .box_w = 16, .box_h = 22, .ofs_x = 0, .ofs_y = 0},
    {.bitmap_index = 12262, .adv_w = 258, .box_w = 16, .box_h = 22, .ofs_x = 0, .ofs_y = 0},
    {.bitmap_index = 12438, .adv_w = 258, .box_w = 16, .box_h = 24, .ofs_x = 0, .ofs_y = 0},
    {.bitmap_index = 12630, .adv_w = 365, .box_w = 22, .box_h = 17, .ofs_x = 0, .ofs_y = 0},
    {.bitmap_index = 12817, .adv_w = 247, .box_w = 14, .box_h = 22, .ofs_x = 1, .ofs_y = -5},
    {.bitmap_index = 12971, .adv_w = 230, .box_w = 13, .box_h = 24, .ofs_x = 1, .ofs_y = 0},
    {.bitmap_index = 13127, .adv_w = 230, .box_w = 13, .box_h = 24, .ofs_x = 1, .ofs_y = 0},
    {.bitmap_index = 13283, .adv_w = 230, .box_w = 13, .box_h = 23, .ofs_x = 1, .ofs_y = 0},
    {.bitmap_index = 13433, .adv_w = 230, .box_w = 13, .box_h = 22, .ofs_x = 1, .ofs_y = 0},
    {.bitmap_index = 13576, .adv_w = 162, .box_w = 8, .box_h = 24, .ofs_x = 1, .ofs_y = 0},
    {.bitmap_index = 13672, .adv_w = 162, .box_w = 8, .box_h = 24, .ofs_x = 1, .ofs_y = 0},
    {.bitmap_index = 13768, .adv_w = 162, .box_w = 10, .box_h = 23, .ofs_x = 0, .ofs_y = 0},
    {.bitmap_index = 13883, .adv_w = 162, .box_w = 10, .box_h = 22, .ofs_x = 0, .ofs_y = 0},
    {.bitmap_index = 13993, .adv_w = 266, .box_w = 16, .box_h = 17, .ofs_x = 0, .ofs_y = 0},
    {.bitmap_index = 14129, .adv_w = 276, .box_w = 15, .box_h = 22, .ofs_x = 1, .ofs_y = 0},
    {.bitmap_index = 14294, .adv_w = 273, .box_w = 15, .box_h = 24, .ofs_x = 1, .ofs_y = 0},
    {.bitmap_index = 14474, .adv_w = 273, .box_w = 15, .box_h = 24, .ofs_x = 1, .ofs_y = 0},
    {.bitmap_index = 14654, .adv_w = 273, .box_w = 15, .box_h = 24, .ofs_x = 1, .ofs_y = 0},
    {.bitmap_index = 14834, .adv_w = 273, .box_w = 15, .box_h = 23, .ofs_x = 1, .ofs_y = 0},
    {.bitmap_index = 15007, .adv_w = 273, .box_w = 15, .box_h = 23, .ofs_x = 1, .ofs_y = 0},
    {.bitmap_index = 15180, .adv_w = 230, .box_w = 12, .box_h = 12, .ofs_x = 1, .ofs_y = 1},
    {.bitmap_index = 15252, .adv_w = 273, .box_w = 15, .box_h = 19, .ofs_x = 1, .ofs_y = -1},
    {.bitmap_index = 15395, .adv_w = 265, .box_w = 14, .box_h = 24, .ofs_x = 1, .ofs_y = 0},
    {.bitmap_index = 15563, .adv_w = 265, .box_w = 14, .box_h = 24, .ofs_x = 1, .ofs_y = 0},
    {.bitmap_index = 15731, .adv_w = 265, .box_w = 14, .box_h = 24, .ofs_x = 1, .ofs_y = 0},
    {.bitmap_index = 15899, .adv_w = 265, .box_w = 14, .box_h = 23, .ofs_x = 1, .ofs_y = 0},
    {.bitmap_index = 16060, .adv_w = 243, .box_w = 15, .box_h = 24, .ofs_x = 0, .ofs_y = 0},
    {.bitmap_index = 16240, .adv_w = 246, .box_w = 14, .box_h = 17, .ofs_x = 1, .ofs_y = 0},
    {.bitmap_index = 16359, .adv_w = 260, .box_w = 16, .box_h = 18, .ofs_x = 0, .ofs_y = 0},
    {.bitmap_index = 16503, .adv_w = 215, .box_w = 13, .box_h = 20, .ofs_x = 0, .ofs_y = 0},
    {.bitmap_index = 16633, .adv_w = 215, .box_w = 13, .box_h = 20, .ofs_x = 0, .ofs_y = 0},
    {.bitmap_index = 16763, .adv_w = 215, .box_w = 13, .box_h = 20, .ofs_x = 0, .ofs_y = 0},
    {.bitmap_index = 16893, .adv_w = 215, .box_w = 13, .box_h = 18, .ofs_x = 0, .ofs_y = 0},
    {.bitmap_index = 17010, .adv_w = 215, .box_w = 13, .box_h = 18, .ofs_x = 0, .ofs_y = 0},
    {.bitmap_index = 17127, .adv_w = 215, .box_w = 13, .box_h = 21, .ofs_x = 0, .ofs_y = 0},
    {.bitmap_index = 17264, .adv_w = 332, .box_w = 20, .box_h = 13, .ofs_x = 0, .ofs_y = 0},
    {.bitmap_index = 17394, .adv_w = 197, .box_w = 12, .box_h = 18, .ofs_x = 0, .ofs_y = -5},
    {.bitmap_index = 17502, .adv_w = 214, .box_w = 13, .box_h = 20, .ofs_x = 0, .ofs_y = 0},
    {.bitmap_index = 17632, .adv_w = 214, .box_w = 13, .box_h = 20, .ofs_x = 0, .ofs_y = 0},
    {.bitmap_index = 17762, .adv_w = 214, .box_w = 13, .box_h = 20, .ofs_x = 0, .ofs_y = 0},
    {.bitmap_index = 17892, .adv_w = 214, .box_w = 13, .box_h = 18, .ofs_x = 0, .ofs_y = 0},
    {.bitmap_index = 18009, .adv_w = 106, .box_w = 5, .box_h = 20, .ofs_x = 0, .ofs_y = 0},
    {.bitmap_index = 18059, .adv_w = 106, .box_w = 6, .box_h = 20, .ofs_x = 1, .ofs_y = 0},
    {.bitmap_index = 18119, .adv_w = 106, .box_w = 10, .box_h = 19, .ofs_x = -2, .ofs_y = 0},
    {.bitmap_index = 18214, .adv_w = 106, .box_w = 9, .box_h = 18, .ofs_x = -1, .ofs_y = 0},
    {.bitmap_index = 18295, .adv_w = 226, .box_w = 12, .box_h = 19, .ofs_x = 1, .ofs_y = 0},
    {.bitmap_index = 18409, .adv_w = 226, .box_w = 12, .box_h = 18, .ofs_x = 1, .ofs_y = 0},
    {.bitmap_index = 18517, .adv_w = 216, .box_w = 13, .box_h = 20, .ofs_x = 0, .ofs_y = 0},
    {.bitmap_index = 18647, .adv_w = 216, .box_w = 13, .box_h = 20, .ofs_x = 0, .ofs_y = 0},
    {.bitmap_index = 18777, .adv_w = 216, .box_w = 13, .box_h = 20, .ofs_x = 0, .ofs_y = 0},
    {.bitmap_index = 18907, .adv_w = 216, .box_w = 13, .box_h = 18, .ofs_x = 0, .ofs_y = 0},
    {.bitmap_index = 19024, .adv_w = 216, .box_w = 13, .box_h = 18, .ofs_x = 0, .ofs_y = 0},
    {.bitmap_index = 19141, .adv_w = 230, .box_w = 12, .box_h = 13, .ofs_x = 1, .ofs_y = 1},
    {.bitmap_index = 19219, .adv_w = 219, .box_w = 14, .box_h = 15, .ofs_x = 0, .ofs_y = -1},
    {.bitmap_index = 19324, .adv_w = 226, .box_w = 12, .box_h = 20, .ofs_x = 1, .ofs_y = 0},
    {.bitmap_index = 19444, .adv_w = 226, .box_w = 12, .box_h = 20, .ofs_x = 1, .ofs_y = 0},
    {.bitmap_index = 19564, .adv_w = 226, .box_w = 12, .box_h = 20, .ofs_x = 1, .ofs_y = 0},
    {.bitmap_index = 19684, .adv_w = 226, .box_w = 12, .box_h = 18, .ofs_x = 1, .ofs_y = 0},
    {.bitmap_index = 19792, .adv_w = 201, .box_w = 13, .box_h = 25, .ofs_x = 0, .ofs_y = -5},
    {.bitmap_index = 19955, .adv_w = 230, .box_w = 13, .box_h = 23, .ofs_x = 1, .ofs_y = -5},
    {.bitmap_index = 20105, .adv_w = 201, .box_w = 13, .box_h = 23, .ofs_x = 0, .ofs_y = -5},
    {.bitmap_index = 20255, .adv_w = 226, .box_w = 14, .box_h = 3, .ofs_x = 0, .ofs_y = 6},
    {.bitmap_index = 20276, .adv_w = 300, .box_w = 18, .box_h = 3, .ofs_x = 0, .ofs_y = 6},
    {.bitmap_index = 20303, .adv_w = 384, .box_w = 24, .box_h = 3, .ofs_x = 0, .ofs_y = 6},
    {.bitmap_index = 20339, .adv_w = 112, .box_w = 6, .box_h = 7, .ofs_x = 1, .ofs_y = 11},
    {.bitmap_index = 20360, .adv_w = 112, .box_w = 6, .box_h = 7, .ofs_x = 0, .ofs_y = 11},
    {.bitmap_index = 20381, .adv_w = 113, .box_w = 6, .box_h = 7, .ofs_x = 0, .ofs_y = -3},
    {.bitmap_index = 20402, .adv_w = 199, .box_w = 11, .box_h = 7, .ofs_x = 1, .ofs_y = 11},
    {.bitmap_index = 20441, .adv_w = 199, .box_w = 11, .box_h = 7, .ofs_x = 0, .ofs_y = 11},
    {.bitmap_index = 20480, .adv_w = 200, .box_w = 11, .box_h = 7, .ofs_x = 0, .ofs_y = -3},
    {.bitmap_index = 20519, .adv_w = 204, .box_w = 12, .box_h = 23, .ofs_x = 0, .ofs_y = -5},
    {.bitmap_index = 20657, .adv_w = 209, .box_w = 13, .box_h = 23, .ofs_x = 0, .ofs_y = -5},
    {.bitmap_index = 20807, .adv_w = 161, .box_w = 8, .box_h = 7, .ofs_x = 1, .ofs_y = 4},
    {.bitmap_index = 20835, .adv_w = 333, .box_w = 19, .box_h = 5, .ofs_x = 1, .ofs_y = 0},
    {.bitmap_index = 20883, .adv_w = 120, .box_w = 7, .box_h = 11, .ofs_x = 0, .ofs_y = 1},
    {.bitmap_index = 20922, .adv_w = 120, .box_w = 6, .box_h = 11, .ofs_x = 1, .ofs_y = 1},
    {.bitmap_index = 20955, .adv_w = 336, .box_w = 19, .box_h = 12, .ofs_x = 1, .ofs_y = 2},
    {.bitmap_index = 21069, .adv_w = 336, .box_w = 12, .box_h = 18, .ofs_x = 4, .ofs_y = 0},
    {.bitmap_index = 21177, .adv_w = 336, .box_w = 19, .box_h = 12, .ofs_x = 1, .ofs_y = 2},
    {.bitmap_index = 21291, .adv_w = 336, .box_w = 12, .box_h = 18, .ofs_x = 4, .ofs_y = -1},
    {.bitmap_index = 21399, .adv_w = 336, .box_w = 19, .box_h = 12, .ofs_x = 1, .ofs_y = 2},
    {.bitmap_index = 21513, .adv_w = 336, .box_w = 12, .box_h = 19, .ofs_x = 4, .ofs_y = -1},
    {.bitmap_index = 21627, .adv_w = 336, .box_w = 14, .box_h = 13, .ofs_x = 4, .ofs_y = 2},
    {.bitmap_index = 21718, .adv_w = 336, .box_w = 14, .box_h = 13, .ofs_x = 3, .ofs_y = 2},
    {.bitmap_index = 21809, .adv_w = 336, .box_w = 14, .box_h = 13, .ofs_x = 3, .ofs_y = 2},
    {.bitmap_index = 21900, .adv_w = 336, .box_w = 14, .box_h = 13, .ofs_x = 4, .ofs_y = 2},
    {.bitmap_index = 21991, .adv_w = 336, .box_w = 19, .box_h = 15, .ofs_x = 1, .ofs_y = 1},
    {.bitmap_index = 22134, .adv_w = 336, .box_w = 19, .box_h = 15, .ofs_x = 1, .ofs_y = 1},
    {.bitmap_index = 22277, .adv_w = 336, .box_w = 13, .box_h = 18, .ofs_x = 4, .ofs_y = 0},
    {.bitmap_index = 22394, .adv_w = 336, .box_w = 14, .box_h = 18, .ofs_x = 4, .ofs_y = 0},
    {.bitmap_index = 22520, .adv_w = 336, .box_w = 13, .box_h = 18, .ofs_x = 4, .ofs_y = -1},
    {.bitmap_index = 22637, .adv_w = 336, .box_w = 14, .box_h = 18, .ofs_x = 4, .ofs_y = -1},
    {.bitmap_index = 22763, .adv_w = 336, .box_w = 21, .box_h = 17, .ofs_x = 0, .ofs_y = 0},
    {.bitmap_index = 22942, .adv_w = 336, .box_w = 21, .box_h = 17, .ofs_x = 0, .ofs_y = 0},
    {.bitmap_index = 23121, .adv_w = 336, .box_w = 17, .box_h = 18, .ofs_x = 2, .ofs_y = -1},
    {.bitmap_index = 23274, .adv_w = 336, .box_w = 17, .box_h = 18, .ofs_x = 2, .ofs_y = -1},
    {.bitmap_index = 23427, .adv_w = 336, .box_w = 19, .box_h = 19, .ofs_x = 1, .ofs_y = -1},
    {.bitmap_index = 23608, .adv_w = 336, .box_w = 19, .box_h = 19, .ofs_x = 1, .ofs_y = -1},
    {.bitmap_index = 23789, .adv_w = 226, .box_w = 12, .box_h = 18, .ofs_x = 1, .ofs_y = -1},
    {.bitmap_index = 23897, .adv_w = 258, .box_w = 14, .box_h = 17, .ofs_x = 1, .ofs_y = 0},
    {.bitmap_index = 24016, .adv_w = 276, .box_w = 17, .box_h = 22, .ofs_x = 0, .ofs_y = -5},
    {.bitmap_index = 24203, .adv_w = 208, .box_w = 13, .box_h = 22, .ofs_x = 0, .ofs_y = -5},
    {.bitmap_index = 24346, .adv_w = 230, .box_w = 12, .box_h = 3, .ofs_x = 1, .ofs_y = 6}
};

/*---------------------
 *  CHARACTER MAPPING
 *--------------------*/

static const uint16_t unicode_list_2[] = {
    0x0, 0x1, 0x2, 0x5, 0x6, 0x7, 0x9, 0xa,
    0xb, 0xd, 0xe, 0xf, 0x13, 0x26, 0x27, 0x17d,
    0x17e, 0x17f, 0x180, 0x181, 0x182, 0x183, 0x184, 0x185,
    0x186, 0x196, 0x197, 0x19d, 0x19e, 0x19f, 0x1a0, 0x1a3,
    0x1a4, 0x1a7, 0x1a8, 0x1b1, 0x1b3, 0x1ef, 0x1f3, 0x1fc,
    0x1fe, 0x1ff
};

/*Collect the unicode lists and glyph_id offsets*/
static const lv_font_fmt_txt_cmap_t cmaps[] =
{
    {
        .range_start = 32, .range_length = 95, .glyph_id_start = 1,
        .unicode_list = NULL, .glyph_id_ofs_list = NULL, .list_length = 0, .type = LV_FONT_FMT_TXT_CMAP_FORMAT0_TINY
    },
    {
        .range_start = 160, .range_length = 96, .glyph_id_start = 96,
        .unicode_list = NULL, .glyph_id_ofs_list = NULL, .list_length = 0, .type = LV_FONT_FMT_TXT_CMAP_FORMAT0_TINY
    },
    {
        .range_start = 8211, .range_length = 512, .glyph_id_start = 192,
        .unicode_list = unicode_list_2, .glyph_id_ofs_list = NULL, .list_length = 42, .type = LV_FONT_FMT_TXT_CMAP_SPARSE_TINY
    }
};

/*-----------------
 *    KERNING
 *----------------*/


/*Map glyph_ids to kern left classes*/
static const uint8_t kern_left_class_mapping[] =
{
    0, 0, 0, 0, 0, 0, 1, 0,
    0, 0, 0, 0, 0, 0, 0, 0,
    0, 0, 0, 0, 0, 0, 0, 0,
    0, 0, 0, 0, 0, 0, 0, 0,
    0, 0, 2, 3, 4, 5, 6, 7,
    8, 0, 9, 10, 11, 12, 0, 0,
    0, 13, 0, 14, 15, 16, 17, 18,
    19, 20, 21, 22, 0, 0, 0, 0,
    0, 0, 23, 24, 25, 0, 26, 27,
    28, 29, 30, 31, 32, 33, 29, 29,
    34, 24, 35, 36, 37, 38, 39, 40,
    41, 42, 43, 44, 0, 0, 0, 0,
    0, 0, 0, 0, 0, 0, 0, 0,
    0, 0, 0, 0, 0, 0, 0, 0,
    0, 0, 0, 0, 0, 0, 0, 0,
    0, 0, 0, 0, 0, 0, 0, 0,
    2, 2, 2, 2, 2, 2, 6, 4,
    6, 6, 6, 6, 9, 9, 9, 9,
    5, 0, 0, 0, 0, 0, 0, 0,
    0, 17, 17, 17, 17, 21, 45, 46,
    23, 23, 23, 23, 23, 23, 26, 25,
    26, 26, 26, 26, 30, 30, 47, 48,
    49, 29, 34, 34, 34, 34, 34, 0,
    34, 39, 39, 39, 39, 43, 24, 43,
    0, 0, 0, 0, 0, 0, 0, 0,
    0, 0, 0, 0, 0, 0, 0, 0,
    0, 0, 0, 0, 0, 0, 0, 0,
    0, 0, 0, 0, 0, 0, 0, 0,
    0, 0, 0, 0, 0, 0, 50, 0,
    0, 0
};

/*Map glyph_ids to kern right classes*/
static const uint8_t kern_right_class_mapping[] =
{
    0, 0, 1, 2, 0, 0, 0, 3,
    2, 0, 4, 2, 0, 5, 6, 5,
    7, 0, 0, 0, 0, 0, 0, 0,
    0, 0, 0, 8, 8, 0, 0, 0,
    9, 10, 11, 0, 12, 0, 0, 0,
    12, 0, 13, 14, 0, 0, 0, 0,
    12, 0, 12, 0, 15, 16, 17, 18,
    19, 20, 21, 22, 0, 0, 23, 0,
    24, 0, 25, 0, 26, 27, 26, 28,
    29, 0, 30, 31, 0, 32, 33, 33,
    26, 34, 27, 33, 35, 36, 37, 38,
    39, 40, 41, 42, 0, 0, 23, 0,
    0, 0, 0, 0, 0, 0, 0, 0,
    0, 0, 43, 44, 0, 0, 45, 0,
    0, 0, 46, 47, 0, 0, 0, 0,
    0, 48, 49, 50, 0, 0, 0, 51,
    11, 11, 11, 11, 11, 11, 52, 12,
    0, 0, 0, 0, 13, 13, 13, 13,
    0, 0, 12, 12, 12, 12, 12, 0,
    12, 17, 17, 17, 17, 21, 0, 28,
    25, 25, 25, 25, 25, 25, 25, 26,
    26, 26, 26, 26, 53, 30, 54, 55,
    27, 33, 26, 26, 26, 26, 26, 0,
    26, 37, 37, 37, 37, 41, 0, 41,
    6, 6, 6, 56, 57, 5, 56, 57,
    5, 0, 0, 0, 5, 44, 50, 0,
    0, 0, 0, 0, 0, 0, 0, 0,
    0, 0, 0, 0, 0, 0, 0, 0,
    0, 0, 0, 0, 0, 0, 58, 0,
    0, 0
};

/*Kern values between classes*/
static const int8_t kern_class_values[] =
{
    0, -23, 0, 0, 0, 0, 0, 0,
    0, 0, 0, 0, 0, 0, 0, 0,
    0, 0, 0, 0, 0, 0, 0, 0,
    0, 0, 0, 0, 0, 0, 0, 0,
    0, 0, 0, 0, 0, 0, 0, 0,
    0, 0, 0, 0, 0, 0, 0, 0,
    0, 0, 0, 0, 0, 0, 0, -26,
    -26, 0, 0, -19, -4, 0, 7, -6,
    0, 0, -15, -6, 4, -10, 0, -3,
    0, -25, -8, -19, -8, 2, -25, 0,
    0, 6, 1, 0, 0, 0, 0, 0,
    0, 0, 0, 0, 0, -6, 0, -10,
    -7, 0, -6, 4, 0, 0, -26, -20,
    -18, -26, 0, 0, 0, 4, 0, 0,
    0, -26, -23, 0, 0, 0, 0, 0,
    -6, 0, -8, 0, 0, 0, -5, 0,
    0, -4, 0, -10, 0, -10, -3, -8,
    -15, 0, 0, -24, 0, 0, 0, -1,
    -2, 0, 0, 0, 0, 0, 0, -2,
    0, -3, -2, -4, -3, 0, 0, 0,
    -6, -1, -1, -1, 0, 0, 0, -5,
    0, 0, 0, 0, 0, 0, 0, 1,
    -3, 0, 0, -5, -5, 0, 0, -4,
    -2, -5, 0, 0, 0, 0, 0, 0,
    0, -5, -3, 0, 0, -14, 0, 0,
    0, 0, 0, 0, 0, 0, 0, 0,
    0, 0, 0, 0, 0, 0, 0, 0,
    0, 0, 2, 0, 0, 0, 0, 0,
    0, -2, 0, 0, 0, 1, 1, 0,
    0, -4, 0, 0, -14, 6, -13, 0,
    0, 0, -12, 0, 0, -10, 0, -10,
    0, -10, -6, -10, -16, -8, 0, -9,
    0, 0, 0, 0, 0, 0, 0, 0,
    0, 0, 0, 0, 0, 0, 0, 0,
    0, 0, 0, 8, 0, 0, 0, 0,
    0, 0, 0, -15, 0, 0, 0, -9,
    -8, 0, 0, 0, -5, 0, 0, 0,
    0, 0, 0, -4, 0, 0, 0, -7,
    0, 0, 0, -1, 0, 0, -2, 0,
    0, 0, 0, -4, -4, 0, -2, 0,
    0, 0, 0, 0, 0, 0, 0, 0,
    0, 0, 0, 0, 0, 0, 0, 0,
    0, -3, 0, 0, 0, 0, 0, 0,
    0, 0, 0, 0, 0, 2, -14, 6,
    -36, 0, -28, 0, 2, -10, -28, -10,
    0, -26, 0, 0, 0, 0, 0, 0,
    0, 0, 0, -53, -15, -12, -12, -2,
    -17, 0, -4, 0, -10, -10, -13, -5,
    -10, -8, -5, -15, -8, -8, 0, 0,
    0, 2, 2, 0, 0, 0, 0, -36,
    0, 12, 12, 0, 0, 0, 0, -4,
    0, 0, 0, 4, 0, 0, 0, 0,
    0, 0, 0, -3, 0, -15, 0, -10,
    -4, -3, -16, 0, 0, 0, 0, 0,
    0, 0, 0, 0, 0, 0, 0, 0,
    0, 0, 0, 0, 0, 0, 0, 0,
    0, 0, -5, -6, -4, -7, 0, 0,
    0, 0, 0, 0, 0, -9, -7, 0,
    0, 0, -1, 0, 0, -12, 0, 0,
    0, -7, 0, 0, 0, 0, 0, -2,
    0, 0, 0, 0, 0, 0, 0, 1,
    0, -2, -2, 0, 0, 0, 0, 0,
    0, 0, -2, 0, 0, -2, 0, 0,
    -2, 0, 0, 0, 0, 0, 2, 0,
    0, 0, 0, 0, 0, 8, 8, 0,
    0, 0, 0, 0, 0, 0, -9, 0,
    -11, 0, 0, 0, -7, 0, 0, -4,
    0, 0, 0, 0, 0, -6, 0, 0,
    0, -30, 0, 0, 0, 0, 0, 0,
    0, 0, 0, 0, 0, 0, 0, 0,
    0, 0, 0, 0, 0, 0, 0, 0,
    0, 0, 0, 0, 0, -10, 0, 0,
    0, 0, 0, 0, 0, -3, -11, 4,
    4, -18, 0, 0, 0, -15, 0, -14,
    0, -7, -3, -9, 0, -8, -4, 0,
    -7, 0, 0, 0, -4, -10, -10, -8,
    -4, 0, 0, -3, -4, -4, 0, -10,
    -7, -7, -7, -2, -7, 4, 0, -12,
    -16, -10, -10, -11, 0, -8, 0, 0,
    0, 0, 4, -10, -7, 0, 0, -32,
    -2, 0, 8, -14, 5, 0, -22, -5,
    7, -14, 0, 0, 0, -28, -12, -26,
    -14, 0, -33, 0, 0, 9, 1, -4,
    -3, 0, 0, 0, 0, 0, 0, 0,
    0, -7, -2, -19, -12, 4, -14, 5,
    0, -7, -42, -30, -26, -27, 0, 0,
    0, 7, 0, 0, 0, -31, -30, 0,
    0, 2, -12, 0, -38, 0, -30, 0,
    0, -4, -25, 0, 0, -23, -3, 0,
    0, -2, -2, -11, -7, -10, 0, -55,
    -5, -8, -8, 0, -12, 0, 0, 0,
    -4, -5, -5, 0, 0, 0, 2, -6,
    0, 0, 0, 0, 0, 4, 4, 1,
    0, 0, 0, -36, 0, 0, 0, 3,
    3, 0, 0, 0, -10, 0, 0, -6,
    -7, 0, 0, -8, 0, -4, 0, -12,
    0, -9, -5, -11, -5, 0, -15, 0,
    0, 0, -4, -6, -6, 0, -10, 0,
    0, 0, 0, 0, 0, 0, 0, 0,
    0, 0, -2, 0, 0, 0, 0, -1,
    -4, -7, 0, 0, 0, 0, 0, 0,
    0, 0, 0, 0, 0, 0, -3, 0,
    0, 5, -11, 0, 0, -3, 0, 0,
    0, 0, -5, -8, 0, -5, -5, 0,
    -12, 0, 0, -21, 0, 0, 0, 0,
    0, 0, 0, 0, 0, 0, 0, -2,
    0, 0, 0, 0, 0, 0, 0, 8,
    -2, -3, -5, -5, 0, 0, 0, 0,
    0, 0, 0, -8, -5, 0, 0, 0,
    0, 0, 0, 0, 0, -15, 0, 0,
    0, 0, 0, 0, 0, 0, 0, 0,
    0, 0, 0, 0, 0, 0, 0, 0,
    0, 0, 0, 0, 0, 0, 0, 0,
    0, 0, 0, 0, 0, 0, 0, 0,
    0, 0, 0, 0, 0, 0, 0, 0,
    0, 0, 0, 0, 0, 0, 0, 0,
    0, 0, -3, 0, -12, 0, -13, 0,
    0, 0, -8, 0, 0, -6, 0, 0,
    0, 0, 0, 0, 0, 0, 0, -25,
    0, 0, 0, 0, -4, 0, 0, 0,
    0, 0, 0, 0, 0, 0, 0, 0,
    0, 0, 0, 0, 0, 0, 0, 0,
    0, 0, 0, -9, 0, 0, 0, 0,
    0, 0, 0, 0, 0, 0, 0, 0,
    0, -10, 0, 0, 0, 0, 0, 0,
    0, 0, 0, 0, 0, 0, 0, 0,
    0, 0, 0, 0, 0, 0, 0, 0,
    0, 0, 0, 0, 0, 0, 0, 0,
    0, 0, 0, 0, 0, 0, 0, 0,
    0, 0, 0, 0, 0, 0, 0, 0,
    0, 0, 0, 0, 0, 6, -11, 4,
    -14, -4, -15, 0, 3, -8, -8, -6,
    0, -16, 0, 3, 0, 2, 1, 0,
    0, -2, 0, -19, -9, -8, -8, 0,
    -8, 0, -2, 0, -4, -2, -4, 0,
    -2, 0, -3, -4, 0, -3, 0, 0,
    6, 5, 5, 3, 0, 0, 0, -24,
    0, 15, 0, 2, 2, 0, 0, 0,
    0, 0, 0, 0, 0, -5, 0, 0,
    0, 0, 0, 0, 0, 0, 0, 0,
    0, 0, 0, 0, 0, 0, 0, 0,
    0, 0, 0, 0, 0, 0, 0, 0,
    0, 0, 0, 0, 0, 0, 0, 0,
    0, 0, 0, 0, 0, 0, 0, 0,
    0, 0, 0, 0, 0, 0, 0, 0,
    0, 0, 0, 0, 0, 0, 0, -18,
    0, 0, 0, 0, 0, 0, 0, 0,
    0, 0, 0, 0, 0, 0, 0, 0,
    0, 0, 0, 0, 0, 0, 0, 0,
    0, 0, 0, 0, 0, 0, 0, 0,
    0, 0, 0, 0, 0, 0, 0, 0,
    0, 0, 0, 0, 0, 0, 0, 0,
    0, 0, 0, 2, -4, 4, 12, -15,
    0, 0, 0, -6, 0, -7, 0, -2,
    0, 0, 0, -2, -2, 0, -3, 0,
    0, 6, 0, -2, -2, 0, 0, 0,
    0, 0, 0, 0, 0, -4, -2, 0,
    0, 0, -2, 0, 0, -8, 4, 2,
    0, 1, 0, -4, 0, 0, 0, 8,
    10, 1, 1, 0, 0, -6, 0, 0,
    4, -2, 8, 0, 0, 0, 3, 0,
    0, 0, 0, -27, 0, -12, -3, 0,
    -18, 2, 0, 4, 0, 0, 0, 0,
    0, 0, 0, 0, 0, 0, 0, -2,
    0, -3, -2, 0, -3, 0, 0, 0,
    0, -7, -2, -9, 0, 0, 0, 3,
    0, 0, 0, -12, 0, 0, 0, -8,
    0, 0, -6, 4, 0, 0, 0, 0,
    0, 0, -2, 0, 0, -25, 0, -13,
    -8, -7, -21, -2, 0, -20, 0, 0,
    0, -2, 0, 0, 0, 0, 0, 0,
    0, -2, 0, -3, -3, -6, -3, -3,
    0, 6, -2, 0, 0, -3, 0, 0,
    0, 0, 0, 0, 0, -16, -12, 0,
    0, 0, 0, 0, 0, 0, 0, 0,
    0, 0, 3, 0, 0, 2, 0, -18,
    0, -10, -3, 0, -18, 2, 0, -12,
    0, -2, -2, 0, 0, 0, 0, 0,
    0, 0, 0, 0, 0, 0, 0, 0,
    0, 0, 0, 2, 0, 2, 3, 0,
    0, 0, 0, 3, 0, 0, 0, -3,
    2, 0, 0, -8, 0, 0, -6, 4,
    0, 0, 0, 0, 0, 0, -2, 0,
    -4, -25, 0, -13, -7, -7, -21, -2,
    0, -22, 0, 0, 0, 0, 0, 0,
    0, 0, 0, 0, 0, 0, 0, -3,
    -2, -6, -2, -2, 0, 6, -2, 0,
    0, -3, 0, 0, 0, 0, 0, 0,
    0, -13, -12, 0, 8, 12, -5, 10,
    -12, 0, -8, 0, 12, 0, -2, 6,
    0, -8, 0, 11, 0, 11, 9, 5,
    10, 1, 6, -25, 0, -2, -2, 1,
    -2, 3, 0, 0, 0, 0, 0, 0,
    0, 4, 0, 0, 4, 0, 0, 0,
    12, 9, 14, 9, 0, 0, 0, -2,
    5, 20, 22, 13, 13, 0, 0, 2,
    -2, 10, 3, 0, 8, 0, 0, 0,
    8, 0, 0, -3, 0, -4, 0, -3,
    0, 3, -3, 4, 4, 21, -1, -2,
    -2, 0, 2, 0, 9, 0, 0, 0,
    0, 0, -2, 0, 0, 0, 2, 0,
    0, 0, 5, 4, 5, 4, 0, 0,
    0, 8, 0, 0, 0, 5, 5, 0,
    0, -6, 0, 0, 0, 0, 0, 0,
    0, 0, 0, 0, 0, 0, 0, -21,
    0, -13, -9, 0, -21, 0, 0, 0,
    0, 0, 0, 0, 0, 0, 0, 0,
    0, 0, 0, 0, 0, -3, -2, 0,
    -3, 0, 0, 0, -5, -2, 0, -7,
    0, 0, 0, 0, 0, 0, 0, -14,
    -7, 0, 0, 0, 0, 0, 0, 0,
    0, 0, 0, 0, 0, 0, 0, -3,
    0, 0, 0, 0, 0, 0, -5, 0,
    0, 0, 0, 0, 0, 0, 0, 0,
    0, 0, 0, 0, 0, 0, 0, 0,
    0, 0, 0, 0, 0, 0, 0, 8,
    8, 7, 0, 0, 0, 0, 0, 0,
    0, 0, 0, 0, 0, 0, 0, 0,
    0, 0, 0, 0, 0, 0, 0, 0,
    0, 0, 0, 0, 0, 0, 0, 0,
    -2, 0, 0, 0, 0, 0, 0, 0,
    0, 0, 0, 0, 0, 0, 0, 0,
    0, 0, 0, 0, 0, 0, 0, 0,
    0, 0, 0, 0, 0, 0, 0, 0,
    0, 0, 0, 0, 0, 0, 0, 0,
    -5, 0, 0, -15, 0, 0, 0, -5,
    6, -5, 0, -2, -2, -12, 0, -7,
    -3, 0, -18, 6, 0, 7, 0, -9,
    -7, 0, -1, 0, 0, 0, 0, 0,
    -4, -4, -4, -5, -2, 0, -2, 0,
    0, -1, 2, -5, -5, -5, 0, -3,
    0, 6, 0, 0, 0, -3, 3, 0,
    0, 0, 0, 0, 4, -4, 0, 0,
    0, 0, 8, 0, 0, 3, 0, -6,
    0, -2, 0, 6, -7, 6, 0, 8,
    0, 0, 0, 0, 0, 0, 0, -3,
    0, 0, 0, -2, 0, -3, -2, 0,
    -3, 2, 0, 0, 0, -7, -7, -9,
    0, 0, 0, 8, 0, 0, 0, -10,
    -9, 0, 0, -8, 0, 0, -6, 4,
    0, 0, 0, 0, 0, 0, -2, 0,
    0, -25, 0, -13, -8, -7, -22, -2,
    0, -22, 0, 0, 0, -2, 0, 0,
    0, 0, 0, 0, 0, -2, 0, -3,
    -3, -6, -3, -3, 0, 6, -2, 0,
    0, -3, 0, 0, 0, 0, 0, 0,
    0, -16, -12, 0, 0, 0, 0, 0,
    0, 0, 0, 0, 0, 0, 0, 0,
    0, 0, 0, -15, 0, -10, -4, 0,
    -15, 0, 0, 0, 0, 0, 0, 0,
    0, 0, 0, 0, 0, 0, 0, 0,
    0, 0, 0, 0, 0, 0, 0, 0,
    0, 0, 0, 2, 0, 0, 0, 0,
    0, 0, 0, -6, 4, 0, 0, 12,
    -8, 0, -31, -2, -8, 0, 0, 0,
    -14, 4, 0, -9, 3, -4, 0, 0,
    2, -8, -8, -4, 0, -31, -4, -2,
    -2, 3, -7, 0, 0, 0, 0, 0,
    0, 2, 0, 3, 2, 0, 3, 0,
    0, 0, 11, 14, 17, 8, 0, 0,
    0, -14, 0, 0, 0, 10, 13, 0,
    0, -4, 0, 0, -3, -1, 0, 0,
    0, 0, 0, 0, 0, -1, 0, -25,
    0, -12, 0, -9, -19, 0, 0, -16,
    0, 0, 0, -2, -1, 0, 0, 0,
    0, 0, -3, -3, 0, -5, -4, -7,
    -5, -4, 0, 0, 0, -4, -3, -8,
    0, 0, 0, 0, 0, 0, 0, -8,
    -4, 0, 0, 0, -4, 0, 0, -5,
    0, 0, 0, 0, 2, 0, 0, 0,
    0, -9, 0, 0, 0, 0, -8, 0,
    2, 7, 0, -2, -2, -1, -1, 0,
    0, 0, 0, 0, 0, -2, 0, 0,
    0, 0, 0, 0, 0, -4, 6, 1,
    7, 0, 0, 0, 0, 2, 0, 0,
    0, -2, 3, 0, 0, 0, 0, 0,
    0, 0, 0, 0, 0, 0, 0, 0,
    0, 0, 0, -17, 0, -9, -3, 0,
    -18, 0, 0, 0, 0, 0, 0, 0,
    0, 0, 0, 0, 0, 0, 0, 0,
    0, 0, 0, 0, 0, 0, 0, 0,
    0, 0, 0, -3, 0, 0, 0, 0,
    0, 0, 0, 0, 2, 0, 0, 9,
    -7, 0, -18, -2, -5, 0, 0, 0,
    -10, 0, -2, -8, 0, -11, 0, -4,
    0, 0, -12, 0, 0, -27, -3, -3,
    -3, 2, -5, 0, 0, 0, 0, 0,
    0, 0, 0, 0, 0, 0, 0, -1,
    0, 0, 12, 5, 8, 4, 0, 0,
    0, -10, 0, 0, 0, 9, 11, 0,
    0, 8, -8, 0, -14, -2, 0, 0,
    0, -3, -7, 0, 0, -8, 0, -14,
    0, -4, -3, 0, -13, 0, 0, -18,
    -5, -3, -3, 0, -7, 0, 0, 0,
    0, 0, -1, 0, 0, 0, 0, 0,
    0, 0, 0, 0, 9, 3, 5, 1,
    0, 0, 0, -7, 0, 0, 0, 3,
    10, 0, 0, 1, -10, 0, 0, -13,
    0, 0, 0, -7, 0, 0, 0, -4,
    0, -15, 0, -4, -4, 0, -13, 0,
    0, 8, 0, -6, -6, 0, 0, 0,
    0, 0, 0, 0, -2, 0, 0, 0,
    0, 0, 0, 0, 0, -4, 8, 0,
    0, 0, 0, 0, 0, 0, 0, 0,
    0, -1, 5, 0, 0, 8, -10, 0,
    -18, -2, -2, 0, 0, -4, -6, 0,
    -2, -11, 0, -13, 0, -4, 0, 0,
    -12, 0, 0, -31, -5, -3, -3, 2,
    -9, 0, 0, 0, 0, 0, -3, 0,
    0, 0, 0, 0, 0, -1, 0, 0,
    13, 2, 8, 2, 0, 0, 0, -6,
    0, 0, 0, 10, 11, 0, 0, 2,
    -4, 0, 4, -8, 0, 0, 0, -3,
    4, 0, 0, 0, 0, -14, 0, -4,
    -2, 4, -10, 0, 0, 2, 0, -4,
    -4, 0, 0, 0, 0, 0, 0, 0,
    0, 0, 0, 0, 0, 0, 0, 0,
    0, 0, 10, 1, 1, 0, 0, 0,
    0, 4, 0, 0, 0, 1, 3, 0,
    0, -3, 0, 0, -20, 12, -20, 0,
    0, 4, -9, 0, 0, -16, 0, 0,
    0, -12, -4, -16, -16, 0, 0, -53,
    0, 4, 4, 0, 0, 0, 0, 0,
    0, 0, 2, 0, 0, 2, 3, -5,
    3, 0, 0, 12, 0, 1, 0, 0,
    0, 0, 0, -18, 0, 0, 0, 0,
    0, 0, 0, -5, 0, 0, 3, -1,
    0, 0, -4, 0, 4, 0, 0, 4,
    -3, -8, 0, -5, -5, 0, -8, 3,
    0, -19, 4, 2, 2, 0, 3, 0,
    0, 0, 0, 0, 0, -3, 0, -2,
    -3, 0, -2, 0, -9, 6, -7, -8,
    -8, -8, -7, 0, 1, 4, 0, 0,
    0, -10, -10, 0, 0, 0, 0, 0,
    0, 0, 0, 0, 0, 0, 0, 0,
    0, 0, 0, 15, 0, 15, 16, 0,
    12, 0, 0, 0, 0, 0, 0, 0,
    0, 0, 0, 0, 0, 0, 0, 0,
    0, 0, 0, 0, 0, 0, 0, 0,
    0, 0, 0, 0, 0, 0, 0, 0,
    0, 0, 0, 0, 0, 0, 0, 0,
    0, 0, 0, 0, 0, 0, 0, 0,
    0, 0, 0, 0, 0, 18, 0, 18,
    0, 0, 17, 0, 0, 0, 0, 0,
    0, 0, 0, 0, 0, 0, 0, 0,
    0, 0, 0, 0, 0, 0, 0, 0,
    0, 0, 0, 0, 0, 0, 0, 0,
    0, 0, 0, 0, 0, 0, 0, 0,
    0, 0, 0, 0, 0, 0, 0, 0,
    0, 0, 0, 0, 0, 0, 0, -21,
    0, 0, 0, 0, 0, 0, 0, 0,
    0, 0, 0, 0, 0, 0, 0, 0,
    0, 0, 0, 0, 0, 0, 0, 0,
    0, 0, 0, 0, 0, 0, 0, 0,
    0, 0, 0, 0, 0, 0, 0, 0,
    0, 0, 0, -19, -4, 0, 7, -6,
    1, 0, -15, -6, 0, 0, 0, 0,
    0, 0, 0, 0, 0, 0, 0, 0,
    0, 6, 0, 0, 0, 0, 0, 0,
    0, 0, 0, 0, 0, 0, 0, 0,
    0, 0, 0, 0, 0, 0, -26, -20,
    -18, -26, 0, 0, 0, 0, 0, 0,
    0, -26, -23, 4
};


/*Collect the kern class' data in one place*/
static const lv_font_fmt_txt_kern_classes_t kern_classes =
{
    .class_pair_values   = kern_class_values,
    .left_class_mapping  = kern_left_class_mapping,
    .right_class_mapping = kern_right_class_mapping,
    .left_class_cnt      = 50,
    .right_class_cnt     = 58,
};

/*--------------------
 *  ALL CUSTOM DATA
 *--------------------*/

#if LVGL_VERSION_MAJOR == 8
/*Store all the custom data of the font*/
static  lv_font_fmt_txt_glyph_cache_t cache;
#endif

#if LVGL_VERSION_MAJOR >= 8
static const lv_font_fmt_txt_dsc_t font_dsc = {
#else
static lv_font_fmt_txt_dsc_t font_dsc = {
#endif
    .glyph_bitmap = glyph_bitmap,
    .glyph_dsc = glyph_dsc,
    .cmaps = cmaps,
    .kern_dsc = &kern_classes,
    .kern_scale = 16,
    .cmap_num = 3,
    .bpp = 4,
    .kern_classes = 1,
    .bitmap_format = 0,
#if LVGL_VERSION_MAJOR == 8
    .cache = &cache
#endif
};



/*-----------------
 *  PUBLIC FONT
 *----------------*/

/*Initialize a public general font descriptor*/
#if LVGL_VERSION_MAJOR >= 8
const lv_font_t pos_font_sans_24_semibold = {
#else
lv_font_t pos_font_sans_24_semibold = {
#endif
    .get_glyph_dsc = lv_font_get_glyph_dsc_fmt_txt,    /*Function pointer to get glyph's data*/
    .get_glyph_bitmap = lv_font_get_bitmap_fmt_txt,    /*Function pointer to get glyph's bitmap*/
    .line_height = 29,          /*The maximum line height required by the font*/
    .base_line = 5,             /*Baseline measured from the bottom of the line*/
#if !(LVGL_VERSION_MAJOR == 6 && LVGL_VERSION_MINOR == 0)
    .subpx = LV_FONT_SUBPX_NONE,
#endif
#if LV_VERSION_CHECK(7, 4, 0) || LVGL_VERSION_MAJOR >= 8
    .underline_position = -2,
    .underline_thickness = 2,
#endif
    .dsc = &font_dsc,          /*The custom font data. Will be accessed by `get_glyph_bitmap/dsc` */
#if LV_VERSION_CHECK(8, 2, 0) || LVGL_VERSION_MAJOR >= 9
    .fallback = NULL,
#endif
    .user_data = NULL,
};



#endif /*#if POS_FONT_SANS_24_SEMIBOLD*/

