/*******************************************************************************
 * Size: 19 px
 * Bpp: 4
 * Opts: --font /home/dolby/work/fonts/IBMPlexMono-Regular.ttf --range 0x20-0x7E,0xA0-0xFF,0x2013-0x2026,0x2039-0x203A,0x2190-0x2212 --size 19 --bpp 4 --format lvgl --no-compress --lv-font-name pos_font_mono_19 -o /mnt/c/K230/ui/pocketui/fonts/pos_font_mono_19.c
 ******************************************************************************/

#ifdef LV_LVGL_H_INCLUDE_SIMPLE
#include "lvgl.h"
#else
#include "lvgl/lvgl.h"
#endif

#ifndef POS_FONT_MONO_19
#define POS_FONT_MONO_19 1
#endif

#if POS_FONT_MONO_19

/*-----------------
 *    BITMAPS
 *----------------*/

/*Store the image of the glyphs*/
static LV_ATTRIBUTE_LARGE_CONST const uint8_t glyph_bitmap[] = {
    /* U+0020 " " */

    /* U+0021 "!" */
    0x2f, 0x80, 0x2f, 0x80, 0x2f, 0x80, 0x2f, 0x80,
    0x1f, 0x70, 0xf, 0x50, 0xd, 0x30, 0xc, 0x20,
    0x8, 0x0, 0x0, 0x0, 0x29, 0x60, 0xaf, 0xf1,
    0x6f, 0xc0,

    /* U+0022 "\"" */
    0xbc, 0x5, 0xf1, 0xbc, 0x5, 0xf1, 0xbc, 0x5,
    0xf1, 0xbc, 0x5, 0xf1, 0xbc, 0x5, 0xf1, 0x23,
    0x1, 0x40,

    /* U+0023 "#" */
    0x0, 0x0, 0xab, 0x2, 0xf3, 0x0, 0x0, 0x0,
    0xd8, 0x5, 0xf0, 0x0, 0x0, 0x0, 0xf5, 0x8,
    0xd0, 0x0, 0x0, 0x3, 0xf2, 0xb, 0xb0, 0x0,
    0xf, 0xff, 0xf0, 0xe, 0xff, 0xf1, 0x3, 0x3a,
    0xd0, 0x1f, 0x73, 0x30, 0x0, 0xb, 0xa0, 0x3f,
    0x20, 0x0, 0x0, 0xe, 0x70, 0x6f, 0x0, 0x0,
    0xbf, 0xff, 0x40, 0x9f, 0xff, 0x60, 0x23, 0x6f,
    0x10, 0xcb, 0x33, 0x10, 0x0, 0x6e, 0x0, 0xf7,
    0x0, 0x0, 0x0, 0x9c, 0x2, 0xf4, 0x0, 0x0,
    0x0, 0xd9, 0x5, 0xf1, 0x0, 0x0,

    /* U+0024 "$" */
    0x0, 0x0, 0x5, 0x30, 0x0, 0x0, 0x0, 0x0,
    0xb7, 0x0, 0x0, 0x0, 0x2, 0x6d, 0xc6, 0x10,
    0x0, 0x8, 0xff, 0xfe, 0xff, 0x60, 0x4, 0xf9,
    0xb, 0x71, 0xaf, 0x20, 0x8f, 0x0, 0xb7, 0x0,
    0x30, 0x8, 0xf0, 0xb, 0x70, 0x0, 0x0, 0x4f,
    0xa0, 0xb7, 0x0, 0x0, 0x0, 0x9f, 0xfe, 0xb5,
    0x0, 0x0, 0x0, 0x49, 0xef, 0xff, 0x50, 0x0,
    0x0, 0xb, 0x73, 0xcf, 0x10, 0x0, 0x0, 0xb7,
    0x3, 0xf6, 0x0, 0x0, 0xb, 0x70, 0x1f, 0x70,
    0xac, 0x10, 0xb7, 0x7, 0xf4, 0x5, 0xfe, 0x8c,
    0xaa, 0xfb, 0x0, 0x3, 0xbe, 0xff, 0xd7, 0x0,
    0x0, 0x0, 0xb, 0x70, 0x0, 0x0, 0x0, 0x0,
    0xb7, 0x0, 0x0,

    /* U+0025 "%" */
    0x6, 0xef, 0xa1, 0x0, 0x9, 0xc0, 0x4f, 0x31,
    0xbb, 0x0, 0x2f, 0x30, 0x8b, 0x0, 0x4f, 0x0,
    0xba, 0x0, 0x8b, 0x0, 0x4f, 0x4, 0xf1, 0x0,
    0x5e, 0x10, 0x9b, 0xd, 0x70, 0x0, 0x8, 0xff,
    0xc2, 0x15, 0x0, 0x0, 0x0, 0x1, 0x10, 0x4c,
    0xd8, 0x0, 0x0, 0xe, 0x72, 0xf5, 0x3d, 0x80,
    0x0, 0x6e, 0x8, 0xb0, 0x5, 0xe0, 0x0, 0xe7,
    0x9, 0xa0, 0x4, 0xf0, 0x6, 0xe0, 0x8, 0xb0,
    0x4, 0xe0, 0xe, 0x70, 0x3, 0xe1, 0xa, 0x90,
    0x6e, 0x0, 0x0, 0x6d, 0xca, 0x0,

    /* U+0026 "&" */
    0x0, 0x19, 0xee, 0xa2, 0x0, 0x0, 0xc, 0xe6,
    0x5d, 0xe1, 0x0, 0x3, 0xf4, 0x0, 0x15, 0x0,
    0x0, 0x4f, 0x30, 0x0, 0x0, 0x0, 0x0, 0xea,
    0x0, 0x0, 0x0, 0x0, 0x5, 0xf6, 0x0, 0x0,
    0x0, 0x2, 0xcf, 0xf4, 0x0, 0xff, 0xa0, 0xdc,
    0x1b, 0xe2, 0x1f, 0x52, 0x5f, 0x30, 0xc, 0xd4,
    0xf0, 0x7, 0xf1, 0x0, 0x1d, 0xec, 0x0, 0x5f,
    0x50, 0x0, 0x4f, 0xc0, 0x0, 0xdf, 0x86, 0x8d,
    0x3f, 0xa0, 0x1, 0xaf, 0xfb, 0x30, 0x5f, 0x70,

    /* U+0027 "'" */
    0xf, 0x60, 0xf6, 0xf, 0x60, 0xf6, 0xf, 0x60,
    0x41,

    /* U+0028 "(" */
    0x0, 0x0, 0xbc, 0x10, 0x0, 0xac, 0x0, 0x0,
    0x5f, 0x20, 0x0, 0xe, 0x60, 0x0, 0x5, 0xf0,
    0x0, 0x0, 0xa9, 0x0, 0x0, 0xe, 0x60, 0x0,
    0x0, 0xf5, 0x0, 0x0, 0x1f, 0x50, 0x0, 0x0,
    0xf5, 0x0, 0x0, 0xe, 0x60, 0x0, 0x0, 0xa9,
    0x0, 0x0, 0x5, 0xf0, 0x0, 0x0, 0xe, 0x60,
    0x0, 0x0, 0x5e, 0x10, 0x0, 0x0, 0xac, 0x0,
    0x0, 0x0, 0xbc, 0x10,

    /* U+0029 ")" */
    0x7e, 0x30, 0x0, 0x7, 0xe1, 0x0, 0x0, 0xab,
    0x0, 0x0, 0x1f, 0x40, 0x0, 0x9, 0xb0, 0x0,
    0x3, 0xf1, 0x0, 0x0, 0xf4, 0x0, 0x0, 0xf7,
    0x0, 0x0, 0xe7, 0x0, 0x0, 0xf7, 0x0, 0x0,
    0xf4, 0x0, 0x3, 0xf1, 0x0, 0x9, 0xb0, 0x0,
    0x1f, 0x50, 0x0, 0xab, 0x0, 0x6, 0xe1, 0x0,
    0x7e, 0x30, 0x0,

    /* U+002A "*" */
    0x0, 0x0, 0xf, 0x60, 0x0, 0x0, 0x0, 0x0,
    0xf6, 0x0, 0x0, 0x0, 0x0, 0xf, 0x60, 0x0,
    0x0, 0xeb, 0x61, 0xf6, 0x49, 0xe6, 0x5, 0xaf,
    0xff, 0xff, 0xd7, 0x10, 0x0, 0xb, 0xff, 0x30,
    0x0, 0x0, 0x3, 0xf8, 0xe9, 0x0, 0x0, 0x1,
    0xeb, 0x4, 0xf5, 0x0, 0x0, 0x8e, 0x10, 0x9,
    0xe0, 0x0, 0x0, 0x20, 0x0, 0x2, 0x0,

    /* U+002B "+" */
    0x0, 0x0, 0x31, 0x0, 0x0, 0x0, 0x0, 0xf6,
    0x0, 0x0, 0x0, 0x0, 0xf6, 0x0, 0x0, 0x0,
    0x0, 0xf6, 0x0, 0x0, 0x0, 0x0, 0xf7, 0x0,
    0x0, 0xdf, 0xff, 0xff, 0xff, 0xf3, 0x33, 0x33,
    0xf8, 0x33, 0x30, 0x0, 0x0, 0xf6, 0x0, 0x0,
    0x0, 0x0, 0xf6, 0x0, 0x0, 0x0, 0x0, 0xf6,
    0x0, 0x0,

    /* U+002C "," */
    0x0, 0x44, 0x10, 0x4f, 0xf0, 0x7, 0xf9, 0x0,
    0xaf, 0x30, 0xd, 0xc0, 0x0, 0xf5, 0x0,

    /* U+002D "-" */
    0x9, 0x99, 0x99, 0x41, 0xff, 0xff, 0xf7,

    /* U+002E "." */
    0x29, 0x60, 0xaf, 0xf1, 0x6f, 0xc0,

    /* U+002F "/" */
    0x0, 0x0, 0x0, 0xd, 0x70, 0x0, 0x0, 0x4,
    0xf1, 0x0, 0x0, 0x0, 0xab, 0x0, 0x0, 0x0,
    0x1f, 0x50, 0x0, 0x0, 0x6, 0xe0, 0x0, 0x0,
    0x0, 0xd8, 0x0, 0x0, 0x0, 0x3f, 0x20, 0x0,
    0x0, 0x9, 0xc0, 0x0, 0x0, 0x0, 0xf6, 0x0,
    0x0, 0x0, 0x6f, 0x0, 0x0, 0x0, 0xc, 0x90,
    0x0, 0x0, 0x2, 0xf3, 0x0, 0x0, 0x0, 0x8d,
    0x0, 0x0, 0x0, 0xe, 0x70, 0x0, 0x0, 0x5,
    0xf1, 0x0, 0x0, 0x0, 0xba, 0x0, 0x0, 0x0,
    0x1f, 0x40, 0x0, 0x0, 0x0,

    /* U+0030 "0" */
    0x0, 0x7d, 0xfe, 0xa1, 0x0, 0xa, 0xfa, 0x68,
    0xee, 0x10, 0x3f, 0x70, 0x0, 0x1f, 0xa0, 0x9f,
    0x0, 0x0, 0x9, 0xf0, 0xcd, 0x0, 0x0, 0x6,
    0xf2, 0xeb, 0x4, 0xfa, 0x5, 0xf4, 0xeb, 0x6,
    0xfc, 0x5, 0xf5, 0xeb, 0x0, 0x31, 0x5, 0xf4,
    0xcd, 0x0, 0x0, 0x6, 0xf2, 0x9f, 0x0, 0x0,
    0x9, 0xf0, 0x4f, 0x70, 0x0, 0x2f, 0xa0, 0xa,
    0xfa, 0x68, 0xee, 0x10, 0x0, 0x7d, 0xfe, 0xa2,
    0x0,

    /* U+0031 "1" */
    0x0, 0x2e, 0xff, 0x0, 0x0, 0x3, 0xec, 0xaf,
    0x0, 0x0, 0x4f, 0xb0, 0x9f, 0x0, 0x0, 0xaa,
    0x0, 0x9f, 0x0, 0x0, 0x0, 0x0, 0x9f, 0x0,
    0x0, 0x0, 0x0, 0x9f, 0x0, 0x0, 0x0, 0x0,
    0x9f, 0x0, 0x0, 0x0, 0x0, 0x9f, 0x0, 0x0,
    0x0, 0x0, 0x9f, 0x0, 0x0, 0x0, 0x0, 0x9f,
    0x0, 0x0, 0x0, 0x0, 0x9f, 0x0, 0x0, 0x26,
    0x66, 0xbf, 0x66, 0x63, 0x6f, 0xff, 0xff, 0xff,
    0xf8,

    /* U+0032 "2" */
    0x1, 0x8e, 0xfe, 0x91, 0x0, 0xd, 0xf9, 0x69,
    0xfe, 0x10, 0x8f, 0x30, 0x0, 0x5f, 0x70, 0x25,
    0x0, 0x0, 0xf, 0xa0, 0x0, 0x0, 0x0, 0x1f,
    0x80, 0x0, 0x0, 0x0, 0x7f, 0x30, 0x0, 0x0,
    0x3, 0xfa, 0x0, 0x0, 0x0, 0x3e, 0xc0, 0x0,
    0x0, 0x5, 0xfa, 0x0, 0x0, 0x0, 0x7f, 0x80,
    0x0, 0x0, 0x9, 0xf5, 0x0, 0x0, 0x0, 0x9f,
    0x96, 0x66, 0x66, 0x61, 0xaf, 0xff, 0xff, 0xff,
    0xf3,

    /* U+0033 "3" */
    0x0, 0x19, 0xdf, 0xea, 0x20, 0x2, 0xee, 0x86,
    0x8e, 0xe2, 0x1, 0x81, 0x0, 0x4, 0xf8, 0x0,
    0x0, 0x0, 0x2, 0xf7, 0x0, 0x0, 0x11, 0x4d,
    0xc0, 0x0, 0x5, 0xff, 0xf9, 0x0, 0x0, 0x1,
    0x44, 0x7e, 0xb0, 0x0, 0x0, 0x0, 0x3, 0xf7,
    0x0, 0x0, 0x0, 0x0, 0xeb, 0x0, 0x0, 0x0,
    0x0, 0xec, 0xb, 0xa0, 0x0, 0x4, 0xf8, 0x6,
    0xfd, 0x76, 0x9f, 0xd1, 0x0, 0x3b, 0xef, 0xd8,
    0x0,

    /* U+0034 "4" */
    0x0, 0x0, 0x0, 0xef, 0xb0, 0x0, 0x0, 0x0,
    0x9d, 0xdb, 0x0, 0x0, 0x0, 0x3f, 0x4d, 0xb0,
    0x0, 0x0, 0xd, 0x90, 0xdb, 0x0, 0x0, 0x8,
    0xe0, 0xd, 0xb0, 0x0, 0x3, 0xf4, 0x0, 0xdb,
    0x0, 0x0, 0xda, 0x0, 0xd, 0xb0, 0x0, 0x7e,
    0x10, 0x0, 0xdb, 0x0, 0x2f, 0x61, 0x11, 0x1d,
    0xb1, 0x5, 0xff, 0xff, 0xff, 0xff, 0xfa, 0x14,
    0x44, 0x44, 0x4d, 0xc4, 0x20, 0x0, 0x0, 0x0,
    0xdb, 0x0, 0x0, 0x0, 0x0, 0xd, 0xb0, 0x0,

    /* U+0035 "5" */
    0xb, 0xff, 0xff, 0xff, 0x80, 0xc, 0xb6, 0x66,
    0x66, 0x30, 0xd, 0x80, 0x0, 0x0, 0x0, 0xe,
    0x60, 0x0, 0x0, 0x0, 0xf, 0x50, 0x0, 0x0,
    0x0, 0x1f, 0x5a, 0xff, 0xd6, 0x0, 0x2f, 0xd7,
    0x46, 0xdf, 0x50, 0x3, 0x10, 0x0, 0xe, 0xe0,
    0x0, 0x0, 0x0, 0x9, 0xf1, 0x0, 0x0, 0x0,
    0x9, 0xf0, 0x3d, 0x20, 0x0, 0x1e, 0xc0, 0x1e,
    0xf9, 0x68, 0xef, 0x30, 0x1, 0x8d, 0xfe, 0xa2,
    0x0,

    /* U+0036 "6" */
    0x0, 0x0, 0xaf, 0x70, 0x0, 0x0, 0xc, 0xf3,
    0x0, 0x0, 0x0, 0xbf, 0x30, 0x0, 0x0, 0x6,
    0xf5, 0x0, 0x0, 0x0, 0xd, 0xb0, 0x0, 0x0,
    0x0, 0x5f, 0x5a, 0xff, 0xd5, 0x0, 0x9f, 0xb7,
    0x45, 0xcf, 0x60, 0xbf, 0x30, 0x0, 0xc, 0xf0,
    0xce, 0x0, 0x0, 0x8, 0xf2, 0x9e, 0x0, 0x0,
    0x8, 0xf1, 0x4f, 0x40, 0x0, 0xd, 0xc0, 0xb,
    0xf9, 0x67, 0xdf, 0x30, 0x0, 0x7d, 0xfe, 0xa2,
    0x0,

    /* U+0037 "7" */
    0xcf, 0xff, 0xff, 0xff, 0xf1, 0xcc, 0x55, 0x55,
    0x5c, 0xf0, 0xca, 0x0, 0x0, 0x1f, 0x90, 0x98,
    0x0, 0x0, 0x7f, 0x20, 0x0, 0x0, 0x0, 0xeb,
    0x0, 0x0, 0x0, 0x6, 0xf4, 0x0, 0x0, 0x0,
    0xd, 0xd0, 0x0, 0x0, 0x0, 0x4f, 0x60, 0x0,
    0x0, 0x0, 0xbe, 0x0, 0x0, 0x0, 0x2, 0xf8,
    0x0, 0x0, 0x0, 0x9, 0xf1, 0x0, 0x0, 0x0,
    0x1f, 0xa0, 0x0, 0x0, 0x0, 0x7f, 0x30, 0x0,
    0x0,

    /* U+0038 "8" */
    0x2, 0x9d, 0xfe, 0xc5, 0x0, 0x2f, 0xe8, 0x56,
    0xcf, 0x80, 0x8f, 0x30, 0x0, 0xd, 0xe0, 0x7f,
    0x20, 0x0, 0xb, 0xd0, 0x1d, 0xb3, 0x12, 0x7f,
    0x40, 0x0, 0xaf, 0xff, 0xe3, 0x0, 0x1b, 0xd6,
    0x45, 0xae, 0x40, 0x9f, 0x10, 0x0, 0xa, 0xe1,
    0xec, 0x0, 0x0, 0x5, 0xf4, 0xec, 0x0, 0x0,
    0x5, 0xf5, 0xaf, 0x20, 0x0, 0xb, 0xf1, 0x2e,
    0xe8, 0x67, 0xcf, 0x70, 0x2, 0x9e, 0xff, 0xb5,
    0x0,

    /* U+0039 "9" */
    0x0, 0x7d, 0xfe, 0xa2, 0x0, 0xc, 0xf9, 0x67,
    0xde, 0x20, 0x6f, 0x40, 0x0, 0xd, 0xb0, 0xbe,
    0x0, 0x0, 0x8, 0xf0, 0xce, 0x0, 0x0, 0x7,
    0xf2, 0x9f, 0x20, 0x0, 0xb, 0xf2, 0x2f, 0xd4,
    0x12, 0x9d, 0xf0, 0x4, 0xef, 0xff, 0x7d, 0xb0,
    0x0, 0x2, 0x30, 0x4f, 0x50, 0x0, 0x0, 0x0,
    0xdc, 0x0, 0x0, 0x0, 0xa, 0xe2, 0x0, 0x0,
    0x0, 0xbf, 0x30, 0x0, 0x0, 0x2d, 0xd3, 0x0,
    0x0,

    /* U+003A ":" */
    0x6f, 0xc0, 0xaf, 0xf1, 0x29, 0x60, 0x0, 0x0,
    0x0, 0x0, 0x0, 0x0, 0x0, 0x0, 0x29, 0x60,
    0xaf, 0xf1, 0x6f, 0xc0,

    /* U+003B ";" */
    0x6, 0xfc, 0x0, 0xaf, 0xf1, 0x2, 0x96, 0x0,
    0x0, 0x0, 0x0, 0x0, 0x0, 0x0, 0x0, 0x0,
    0x0, 0x0, 0x3f, 0xf2, 0x6, 0xfb, 0x0, 0x9f,
    0x40, 0xc, 0xd0, 0x0, 0xf7, 0x0, 0x4, 0x0,
    0x0,

    /* U+003C "<" */
    0x0, 0x0, 0x0, 0x0, 0x0, 0x0, 0x0, 0x0,
    0x8b, 0x0, 0x0, 0x5, 0xef, 0x60, 0x0, 0x3c,
    0xf9, 0x10, 0x1, 0x9f, 0xb2, 0x0, 0x4, 0xfd,
    0x40, 0x0, 0x0, 0x6f, 0x70, 0x0, 0x0, 0x0,
    0x8f, 0xd5, 0x0, 0x0, 0x0, 0x1a, 0xfc, 0x30,
    0x0, 0x0, 0x3, 0xcf, 0xa1, 0x0, 0x0, 0x0,
    0x6e, 0xc0, 0x0, 0x0, 0x0, 0x5,

    /* U+003D "=" */
    0x0, 0x0, 0x0, 0x0, 0x0, 0xdf, 0xff, 0xff,
    0xff, 0xf3, 0x33, 0x33, 0x33, 0x33, 0x30, 0x0,
    0x0, 0x0, 0x0, 0x0, 0x0, 0x0, 0x0, 0x0,
    0x0, 0xdf, 0xff, 0xff, 0xff, 0xf3, 0x33, 0x33,
    0x33, 0x33, 0x30,

    /* U+003E ">" */
    0x0, 0x0, 0x0, 0x0, 0x6, 0xb2, 0x0, 0x0,
    0x0, 0x2d, 0xf9, 0x10, 0x0, 0x0, 0x6, 0xee,
    0x60, 0x0, 0x0, 0x1, 0x8f, 0xd4, 0x0, 0x0,
    0x0, 0x2b, 0xf9, 0x0, 0x0, 0x0, 0x3e, 0xc0,
    0x0, 0x1, 0xaf, 0xb2, 0x0, 0x8, 0xfd, 0x40,
    0x0, 0x6e, 0xf7, 0x0, 0x0, 0x6f, 0x91, 0x0,
    0x0, 0x3, 0x30, 0x0, 0x0, 0x0,

    /* U+003F "?" */
    0x0, 0x7c, 0xfe, 0xa2, 0x0, 0xaf, 0xa6, 0x8e,
    0xe1, 0x5f, 0x60, 0x0, 0x3f, 0x80, 0x40, 0x0,
    0x0, 0xfa, 0x0, 0x0, 0x0, 0x3f, 0x70, 0x0,
    0x1, 0x5e, 0xd0, 0x0, 0x7, 0xff, 0x91, 0x0,
    0x0, 0x7f, 0x0, 0x0, 0x0, 0x7, 0xf0, 0x0,
    0x0, 0x0, 0x0, 0x0, 0x0, 0x0, 0x5, 0x93,
    0x0, 0x0, 0x0, 0xff, 0xb0, 0x0, 0x0, 0xc,
    0xf7, 0x0, 0x0,

    /* U+0040 "@" */
    0x0, 0x6d, 0xfe, 0xa2, 0x0, 0x8f, 0x74, 0x5a,
    0xf2, 0x1f, 0x50, 0x0, 0xb, 0xa6, 0xe0, 0x9,
    0xfc, 0x8d, 0x9b, 0x7, 0xf5, 0x3b, 0xfb, 0xa0,
    0xca, 0x0, 0x6f, 0xc9, 0xd, 0x80, 0x6, 0xfd,
    0x90, 0xd8, 0x0, 0x6f, 0xc9, 0xc, 0x90, 0x6,
    0xfb, 0xa0, 0x7e, 0x20, 0xaf, 0xab, 0x0, 0x9e,
    0xc7, 0xe6, 0xe0, 0x0, 0x0, 0x0, 0x1f, 0x50,
    0x0, 0x0, 0x0, 0x8f, 0x61, 0x0, 0x0, 0x0,
    0x7e, 0xff, 0xfa, 0x0, 0x0, 0x2, 0x33, 0x20,

    /* U+0041 "A" */
    0x0, 0x0, 0x8f, 0xe0, 0x0, 0x0, 0x0, 0xd,
    0xef, 0x30, 0x0, 0x0, 0x2, 0xf6, 0xf8, 0x0,
    0x0, 0x0, 0x7f, 0x1a, 0xd0, 0x0, 0x0, 0xc,
    0xc0, 0x6f, 0x20, 0x0, 0x1, 0xf7, 0x1, 0xf7,
    0x0, 0x0, 0x6f, 0x20, 0xc, 0xc0, 0x0, 0xb,
    0xe1, 0x11, 0x8f, 0x10, 0x0, 0xff, 0xff, 0xff,
    0xf6, 0x0, 0x5f, 0x74, 0x44, 0x4e, 0xb0, 0xa,
    0xf0, 0x0, 0x0, 0x9f, 0x10, 0xea, 0x0, 0x0,
    0x5, 0xf5, 0x4f, 0x60, 0x0, 0x0, 0xf, 0xa0,

    /* U+0042 "B" */
    0x5f, 0xff, 0xff, 0xc4, 0x0, 0x5f, 0x86, 0x67,
    0xdf, 0x30, 0x5f, 0x40, 0x0, 0x1f, 0xa0, 0x5f,
    0x40, 0x0, 0xd, 0xc0, 0x5f, 0x40, 0x0, 0xe,
    0xa0, 0x5f, 0x41, 0x12, 0x8f, 0x20, 0x5f, 0xff,
    0xff, 0xf5, 0x0, 0x5f, 0x74, 0x44, 0x7f, 0x80,
    0x5f, 0x40, 0x0, 0x8, 0xf2, 0x5f, 0x40, 0x0,
    0x6, 0xf4, 0x5f, 0x40, 0x0, 0x9, 0xf2, 0x5f,
    0x86, 0x66, 0x9f, 0x90, 0x5f, 0xff, 0xff, 0xe7,
    0x0,

    /* U+0043 "C" */
    0x0, 0x4b, 0xff, 0xc4, 0x0, 0x4, 0xfd, 0x77,
    0xcf, 0x50, 0xe, 0xd0, 0x0, 0xa, 0xe0, 0x4f,
    0x50, 0x0, 0x1, 0x20, 0x8f, 0x20, 0x0, 0x0,
    0x0, 0x9f, 0x0, 0x0, 0x0, 0x0, 0xaf, 0x0,
    0x0, 0x0, 0x0, 0x9f, 0x0, 0x0, 0x0, 0x0,
    0x8f, 0x20, 0x0, 0x0, 0x0, 0x4f, 0x50, 0x0,
    0x1, 0x20, 0xe, 0xc0, 0x0, 0xa, 0xf0, 0x5,
    0xfd, 0x77, 0xbf, 0x60, 0x0, 0x4b, 0xff, 0xc5,
    0x0,

    /* U+0044 "D" */
    0x3f, 0xff, 0xfe, 0x91, 0x0, 0x3f, 0xa6, 0x68,
    0xfe, 0x10, 0x3f, 0x60, 0x0, 0x3f, 0x90, 0x3f,
    0x60, 0x0, 0xb, 0xf0, 0x3f, 0x60, 0x0, 0x7,
    0xf2, 0x3f, 0x60, 0x0, 0x5, 0xf4, 0x3f, 0x60,
    0x0, 0x5, 0xf5, 0x3f, 0x60, 0x0, 0x5, 0xf4,
    0x3f, 0x60, 0x0, 0x7, 0xf2, 0x3f, 0x60, 0x0,
    0xb, 0xf0, 0x3f, 0x60, 0x0, 0x3f, 0x90, 0x3f,
    0xa6, 0x68, 0xfe, 0x10, 0x3f, 0xff, 0xfe, 0x91,
    0x0,

    /* U+0045 "E" */
    0x4f, 0xff, 0xff, 0xff, 0xe4, 0xf9, 0x66, 0x66,
    0x65, 0x4f, 0x50, 0x0, 0x0, 0x4, 0xf5, 0x0,
    0x0, 0x0, 0x4f, 0x50, 0x0, 0x0, 0x4, 0xf6,
    0x11, 0x11, 0x10, 0x4f, 0xff, 0xff, 0xff, 0xa4,
    0xf8, 0x44, 0x44, 0x42, 0x4f, 0x50, 0x0, 0x0,
    0x4, 0xf5, 0x0, 0x0, 0x0, 0x4f, 0x50, 0x0,
    0x0, 0x4, 0xf9, 0x66, 0x66, 0x65, 0x4f, 0xff,
    0xff, 0xff, 0xe0,

    /* U+0046 "F" */
    0x4f, 0xff, 0xff, 0xff, 0xf1, 0x4f, 0x96, 0x66,
    0x66, 0x60, 0x4f, 0x50, 0x0, 0x0, 0x0, 0x4f,
    0x50, 0x0, 0x0, 0x0, 0x4f, 0x50, 0x0, 0x0,
    0x0, 0x4f, 0x61, 0x11, 0x11, 0x0, 0x4f, 0xff,
    0xff, 0xff, 0x80, 0x4f, 0x84, 0x44, 0x44, 0x20,
    0x4f, 0x50, 0x0, 0x0, 0x0, 0x4f, 0x50, 0x0,
    0x0, 0x0, 0x4f, 0x50, 0x0, 0x0, 0x0, 0x4f,
    0x50, 0x0, 0x0, 0x0, 0x4f, 0x50, 0x0, 0x0,
    0x0,

    /* U+0047 "G" */
    0x0, 0x7d, 0xfe, 0xa3, 0x0, 0x9f, 0xb6, 0x7d,
    0xf3, 0x3f, 0x90, 0x0, 0xd, 0xa9, 0xf1, 0x0,
    0x0, 0x0, 0xcd, 0x0, 0x0, 0x0, 0xe, 0xc0,
    0x0, 0x0, 0x0, 0xec, 0x0, 0x5f, 0xff, 0xee,
    0xc0, 0x1, 0x33, 0xae, 0xcd, 0x0, 0x0, 0x9,
    0xe9, 0xf1, 0x0, 0x0, 0xbe, 0x4f, 0x80, 0x0,
    0x2f, 0xe0, 0xbf, 0xa6, 0x8e, 0xae, 0x0, 0x9e,
    0xfc, 0x39, 0xe0,

    /* U+0048 "H" */
    0x7f, 0x10, 0x0, 0xb, 0xe7, 0xf1, 0x0, 0x0,
    0xbe, 0x7f, 0x10, 0x0, 0xb, 0xe7, 0xf1, 0x0,
    0x0, 0xbe, 0x7f, 0x10, 0x0, 0xb, 0xe7, 0xf3,
    0x11, 0x11, 0xbe, 0x7f, 0xff, 0xff, 0xff, 0xe7,
    0xf5, 0x44, 0x44, 0xce, 0x7f, 0x10, 0x0, 0xb,
    0xe7, 0xf1, 0x0, 0x0, 0xbe, 0x7f, 0x10, 0x0,
    0xb, 0xe7, 0xf1, 0x0, 0x0, 0xbe, 0x7f, 0x10,
    0x0, 0xb, 0xe0,

    /* U+0049 "I" */
    0x6f, 0xff, 0xff, 0xff, 0xc1, 0x44, 0x5f, 0xa4,
    0x43, 0x0, 0x1, 0xf8, 0x0, 0x0, 0x0, 0x1f,
    0x80, 0x0, 0x0, 0x1, 0xf8, 0x0, 0x0, 0x0,
    0x1f, 0x80, 0x0, 0x0, 0x1, 0xf8, 0x0, 0x0,
    0x0, 0x1f, 0x80, 0x0, 0x0, 0x1, 0xf8, 0x0,
    0x0, 0x0, 0x1f, 0x80, 0x0, 0x0, 0x1, 0xf8,
    0x0, 0x1, 0x44, 0x5f, 0xa4, 0x43, 0x6f, 0xff,
    0xff, 0xff, 0xc0,

    /* U+004A "J" */
    0x4, 0xff, 0xff, 0xff, 0x20, 0x16, 0x66, 0x6a,
    0xf2, 0x0, 0x0, 0x0, 0x7f, 0x20, 0x0, 0x0,
    0x7, 0xf2, 0x0, 0x0, 0x0, 0x7f, 0x20, 0x0,
    0x0, 0x7, 0xf2, 0x0, 0x0, 0x0, 0x7f, 0x20,
    0x0, 0x0, 0x7, 0xf2, 0x0, 0x0, 0x0, 0x7f,
    0x20, 0x20, 0x0, 0x8, 0xf1, 0x6f, 0x30, 0x0,
    0xcf, 0x1, 0xde, 0x87, 0xbf, 0x60, 0x1, 0xae,
    0xfc, 0x50, 0x0,

    /* U+004B "K" */
    0x6f, 0x30, 0x0, 0x7, 0xf6, 0x6f, 0x30, 0x0,
    0x5f, 0x90, 0x6f, 0x30, 0x3, 0xfb, 0x0, 0x6f,
    0x30, 0x1e, 0xd0, 0x0, 0x6f, 0x30, 0xde, 0x10,
    0x0, 0x6f, 0x3b, 0xf5, 0x0, 0x0, 0x6f, 0xbf,
    0xed, 0x0, 0x0, 0x6f, 0xf5, 0x5f, 0x70, 0x0,
    0x6f, 0x80, 0xb, 0xf2, 0x0, 0x6f, 0x30, 0x1,
    0xfb, 0x0, 0x6f, 0x30, 0x0, 0x7f, 0x60, 0x6f,
    0x30, 0x0, 0xc, 0xe1, 0x6f, 0x30, 0x0, 0x3,
    0xfa,

    /* U+004C "L" */
    0xbe, 0x0, 0x0, 0x0, 0xb, 0xe0, 0x0, 0x0,
    0x0, 0xbe, 0x0, 0x0, 0x0, 0xb, 0xe0, 0x0,
    0x0, 0x0, 0xbe, 0x0, 0x0, 0x0, 0xb, 0xe0,
    0x0, 0x0, 0x0, 0xbe, 0x0, 0x0, 0x0, 0xb,
    0xe0, 0x0, 0x0, 0x0, 0xbe, 0x0, 0x0, 0x0,
    0xb, 0xe0, 0x0, 0x0, 0x0, 0xbe, 0x0, 0x0,
    0x0, 0xb, 0xe6, 0x66, 0x66, 0x61, 0xbf, 0xff,
    0xff, 0xff, 0x20,

    /* U+004D "M" */
    0xbf, 0x80, 0x0, 0x1f, 0xf1, 0xbf, 0xe0, 0x0,
    0x7f, 0xf1, 0xbd, 0xf5, 0x0, 0xed, 0xf1, 0xbc,
    0x9c, 0x4, 0xf6, 0xf1, 0xbc, 0x3f, 0x2b, 0x95,
    0xf1, 0xbc, 0xc, 0xbf, 0x25, 0xf1, 0xbc, 0x5,
    0xfc, 0x5, 0xf1, 0xbc, 0x0, 0xe5, 0x5, 0xf1,
    0xbc, 0x0, 0x70, 0x5, 0xf1, 0xbc, 0x0, 0x0,
    0x5, 0xf1, 0xbc, 0x0, 0x0, 0x5, 0xf1, 0xbc,
    0x0, 0x0, 0x5, 0xf1, 0xbc, 0x0, 0x0, 0x5,
    0xf1,

    /* U+004E "N" */
    0x7f, 0xf0, 0x0, 0x9, 0xe7, 0xff, 0x60, 0x0,
    0x9e, 0x7f, 0xbc, 0x0, 0x9, 0xe7, 0xf4, 0xf3,
    0x0, 0x9e, 0x7f, 0xe, 0xa0, 0x9, 0xe7, 0xf0,
    0x7f, 0x10, 0x9e, 0x7f, 0x1, 0xf7, 0x9, 0xe7,
    0xf0, 0xa, 0xd0, 0x9e, 0x7f, 0x0, 0x3f, 0x49,
    0xe7, 0xf0, 0x0, 0xdb, 0x9e, 0x7f, 0x0, 0x6,
    0xfb, 0xe7, 0xf0, 0x0, 0xf, 0xfe, 0x7f, 0x0,
    0x0, 0x9f, 0xe0,

    /* U+004F "O" */
    0x0, 0x7d, 0xfe, 0xa1, 0x0, 0xa, 0xfa, 0x68,
    0xee, 0x10, 0x3f, 0x80, 0x0, 0x2f, 0xa0, 0x9f,
    0x10, 0x0, 0xa, 0xf0, 0xcd, 0x0, 0x0, 0x7,
    0xf2, 0xec, 0x0, 0x0, 0x5, 0xf4, 0xec, 0x0,
    0x0, 0x5, 0xf5, 0xec, 0x0, 0x0, 0x5, 0xf4,
    0xcd, 0x0, 0x0, 0x7, 0xf2, 0x9f, 0x10, 0x0,
    0xa, 0xf0, 0x4f, 0x80, 0x0, 0x2f, 0xa0, 0xa,
    0xfa, 0x68, 0xee, 0x10, 0x0, 0x7d, 0xfe, 0xa2,
    0x0,

    /* U+0050 "P" */
    0x4f, 0xff, 0xff, 0xd8, 0x0, 0x4f, 0x96, 0x66,
    0x9f, 0xb0, 0x4f, 0x50, 0x0, 0x8, 0xf2, 0x4f,
    0x50, 0x0, 0x6, 0xf4, 0x4f, 0x50, 0x0, 0x7,
    0xf2, 0x4f, 0x61, 0x11, 0x4e, 0xd0, 0x4f, 0xff,
    0xff, 0xfd, 0x20, 0x4f, 0x84, 0x44, 0x20, 0x0,
    0x4f, 0x50, 0x0, 0x0, 0x0, 0x4f, 0x50, 0x0,
    0x0, 0x0, 0x4f, 0x50, 0x0, 0x0, 0x0, 0x4f,
    0x50, 0x0, 0x0, 0x0, 0x4f, 0x50, 0x0, 0x0,
    0x0,

    /* U+0051 "Q" */
    0x0, 0x6d, 0xfe, 0xa1, 0x0, 0x9, 0xfa, 0x68,
    0xee, 0x10, 0x3f, 0x80, 0x0, 0x2f, 0x90, 0x8f,
    0x10, 0x0, 0xa, 0xe0, 0xcd, 0x0, 0x0, 0x7,
    0xf2, 0xec, 0x0, 0x0, 0x6, 0xf4, 0xec, 0x0,
    0x0, 0x5, 0xf5, 0xdc, 0x0, 0x0, 0x5, 0xf4,
    0xcd, 0x0, 0x0, 0x6, 0xf3, 0xae, 0x0, 0x0,
    0x8, 0xf1, 0x6f, 0x40, 0x0, 0xe, 0xc0, 0xd,
    0xe3, 0x1, 0xaf, 0x40, 0x2, 0xdf, 0xff, 0xf6,
    0x0, 0x0, 0x4, 0xf9, 0x10, 0x0, 0x0, 0x0,
    0xf7, 0x0, 0x0, 0x0, 0x0, 0x8f, 0xff, 0x50,
    0x0, 0x0, 0x2, 0x33, 0x10,

    /* U+0052 "R" */
    0x4f, 0xff, 0xff, 0xd8, 0x0, 0x4f, 0x96, 0x66,
    0x9f, 0xa0, 0x4f, 0x50, 0x0, 0x8, 0xf2, 0x4f,
    0x50, 0x0, 0x6, 0xf4, 0x4f, 0x50, 0x0, 0x7,
    0xf2, 0x4f, 0x51, 0x11, 0x4e, 0xd0, 0x4f, 0xff,
    0xff, 0xfc, 0x20, 0x4f, 0x74, 0x8f, 0x40, 0x0,
    0x4f, 0x50, 0xd, 0xc0, 0x0, 0x4f, 0x50, 0x5,
    0xf6, 0x0, 0x4f, 0x50, 0x0, 0xce, 0x0, 0x4f,
    0x50, 0x0, 0x3f, 0x80, 0x4f, 0x50, 0x0, 0xa,
    0xf2,

    /* U+0053 "S" */
    0x0, 0x29, 0xdf, 0xec, 0x60, 0x0, 0x2e, 0xe8,
    0x67, 0xbf, 0xb0, 0x8, 0xf3, 0x0, 0x0, 0x78,
    0x0, 0xaf, 0x0, 0x0, 0x0, 0x0, 0x8, 0xf3,
    0x0, 0x0, 0x0, 0x0, 0x1e, 0xf9, 0x52, 0x0,
    0x0, 0x0, 0x18, 0xdf, 0xff, 0x91, 0x0, 0x0,
    0x0, 0x2, 0x7f, 0xb0, 0x0, 0x0, 0x0, 0x0,
    0x7f, 0x20, 0x0, 0x0, 0x0, 0x5, 0xf4, 0xc,
    0xa0, 0x0, 0x0, 0xbf, 0x10, 0x6f, 0xe8, 0x67,
    0xcf, 0x80, 0x0, 0x3a, 0xef, 0xfc, 0x60, 0x0,

    /* U+0054 "T" */
    0x8f, 0xff, 0xff, 0xff, 0xff, 0xe3, 0x66, 0x66,
    0xfb, 0x66, 0x65, 0x0, 0x0, 0x1f, 0x80, 0x0,
    0x0, 0x0, 0x1, 0xf8, 0x0, 0x0, 0x0, 0x0,
    0x1f, 0x80, 0x0, 0x0, 0x0, 0x1, 0xf8, 0x0,
    0x0, 0x0, 0x0, 0x1f, 0x80, 0x0, 0x0, 0x0,
    0x1, 0xf8, 0x0, 0x0, 0x0, 0x0, 0x1f, 0x80,
    0x0, 0x0, 0x0, 0x1, 0xf8, 0x0, 0x0, 0x0,
    0x0, 0x1f, 0x80, 0x0, 0x0, 0x0, 0x1, 0xf8,
    0x0, 0x0, 0x0, 0x0, 0x1f, 0x80, 0x0, 0x0,

    /* U+0055 "U" */
    0x7f, 0x10, 0x0, 0xb, 0xe7, 0xf1, 0x0, 0x0,
    0xbe, 0x7f, 0x10, 0x0, 0xb, 0xe7, 0xf1, 0x0,
    0x0, 0xbe, 0x7f, 0x10, 0x0, 0xb, 0xe7, 0xf1,
    0x0, 0x0, 0xbe, 0x7f, 0x10, 0x0, 0xb, 0xe7,
    0xf1, 0x0, 0x0, 0xbd, 0x7f, 0x20, 0x0, 0xc,
    0xd5, 0xf3, 0x0, 0x0, 0xdc, 0x2f, 0x80, 0x0,
    0x1f, 0x90, 0xbf, 0x96, 0x7d, 0xf2, 0x1, 0x9e,
    0xff, 0xb3, 0x0,

    /* U+0056 "V" */
    0x2f, 0x80, 0x0, 0x0, 0x1f, 0x90, 0xdc, 0x0,
    0x0, 0x5, 0xf4, 0x8, 0xf1, 0x0, 0x0, 0xaf,
    0x0, 0x4f, 0x60, 0x0, 0xe, 0xa0, 0x0, 0xea,
    0x0, 0x3, 0xf5, 0x0, 0xa, 0xf0, 0x0, 0x8f,
    0x10, 0x0, 0x5f, 0x40, 0xc, 0xb0, 0x0, 0x1,
    0xf8, 0x1, 0xf7, 0x0, 0x0, 0xc, 0xd0, 0x6f,
    0x20, 0x0, 0x0, 0x7f, 0x2a, 0xd0, 0x0, 0x0,
    0x2, 0xf6, 0xe8, 0x0, 0x0, 0x0, 0xd, 0xef,
    0x30, 0x0, 0x0, 0x0, 0x8f, 0xe0, 0x0, 0x0,

    /* U+0057 "W" */
    0x4f, 0x20, 0x0, 0x0, 0xb, 0xb3, 0xf3, 0x0,
    0x0, 0x0, 0xc9, 0x2f, 0x40, 0x0, 0x0, 0xd,
    0x80, 0xf5, 0x4, 0xfb, 0x0, 0xe7, 0xf, 0x60,
    0x7f, 0xe0, 0xf, 0x50, 0xe8, 0xb, 0x9f, 0x21,
    0xf4, 0xd, 0x90, 0xe4, 0xe5, 0x2f, 0x30, 0xba,
    0x1f, 0x1b, 0x83, 0xf2, 0xa, 0xb5, 0xe0, 0x8c,
    0x4f, 0x0, 0x9c, 0x8b, 0x4, 0xf5, 0xf0, 0x7,
    0xdc, 0x80, 0x1f, 0x9e, 0x0, 0x6f, 0xf5, 0x0,
    0xef, 0xc0, 0x5, 0xff, 0x10, 0xb, 0xfb, 0x0,

    /* U+0058 "X" */
    0xe, 0xd0, 0x0, 0x0, 0x4f, 0x70, 0x4f, 0x70,
    0x0, 0xd, 0xc0, 0x0, 0xaf, 0x10, 0x8, 0xf3,
    0x0, 0x1, 0xeb, 0x2, 0xf8, 0x0, 0x0, 0x6,
    0xf5, 0xcd, 0x0, 0x0, 0x0, 0xb, 0xff, 0x30,
    0x0, 0x0, 0x0, 0x5f, 0xd0, 0x0, 0x0, 0x0,
    0xd, 0xdf, 0x60, 0x0, 0x0, 0x9, 0xf2, 0xaf,
    0x10, 0x0, 0x3, 0xf7, 0x1, 0xeb, 0x0, 0x0,
    0xdd, 0x0, 0x6, 0xf5, 0x0, 0x8f, 0x30, 0x0,
    0xc, 0xe1, 0x3f, 0x80, 0x0, 0x0, 0x3f, 0x90,

    /* U+0059 "Y" */
    0x6f, 0x60, 0x0, 0x0, 0x1e, 0xc0, 0xc, 0xe1,
    0x0, 0x0, 0x8f, 0x30, 0x3, 0xf8, 0x0, 0x2,
    0xfa, 0x0, 0x0, 0xaf, 0x20, 0xa, 0xf1, 0x0,
    0x0, 0x1f, 0xa0, 0x3f, 0x70, 0x0, 0x0, 0x7,
    0xf3, 0xcd, 0x0, 0x0, 0x0, 0x0, 0xde, 0xf4,
    0x0, 0x0, 0x0, 0x0, 0x5f, 0xb0, 0x0, 0x0,
    0x0, 0x0, 0x1f, 0x80, 0x0, 0x0, 0x0, 0x0,
    0x1f, 0x80, 0x0, 0x0, 0x0, 0x0, 0x1f, 0x80,
    0x0, 0x0, 0x0, 0x0, 0x1f, 0x80, 0x0, 0x0,
    0x0, 0x0, 0x1f, 0x80, 0x0, 0x0,

    /* U+005A "Z" */
    0xc, 0xff, 0xff, 0xff, 0xff, 0x20, 0x46, 0x66,
    0x66, 0x6e, 0xf1, 0x0, 0x0, 0x0, 0x6, 0xf5,
    0x0, 0x0, 0x0, 0x2, 0xfa, 0x0, 0x0, 0x0,
    0x0, 0xdd, 0x0, 0x0, 0x0, 0x0, 0x9f, 0x20,
    0x0, 0x0, 0x0, 0x5f, 0x60, 0x0, 0x0, 0x0,
    0x2f, 0xa0, 0x0, 0x0, 0x0, 0xc, 0xe1, 0x0,
    0x0, 0x0, 0x8, 0xf3, 0x0, 0x0, 0x0, 0x4,
    0xf7, 0x0, 0x0, 0x0, 0x0, 0xee, 0x66, 0x66,
    0x66, 0x62, 0x1f, 0xff, 0xff, 0xff, 0xff, 0x70,

    /* U+005B "[" */
    0xbf, 0xff, 0xf9, 0xba, 0x22, 0x21, 0xb9, 0x0,
    0x0, 0xb9, 0x0, 0x0, 0xb9, 0x0, 0x0, 0xb9,
    0x0, 0x0, 0xb9, 0x0, 0x0, 0xb9, 0x0, 0x0,
    0xb9, 0x0, 0x0, 0xb9, 0x0, 0x0, 0xb9, 0x0,
    0x0, 0xb9, 0x0, 0x0, 0xb9, 0x0, 0x0, 0xb9,
    0x0, 0x0, 0xb9, 0x0, 0x0, 0xb9, 0x0, 0x0,
    0xbf, 0xff, 0xf9, 0x12, 0x22, 0x21,

    /* U+005C "\\" */
    0x1f, 0x40, 0x0, 0x0, 0x0, 0xba, 0x0, 0x0,
    0x0, 0x5, 0xf1, 0x0, 0x0, 0x0, 0xe, 0x70,
    0x0, 0x0, 0x0, 0x8d, 0x0, 0x0, 0x0, 0x2,
    0xf3, 0x0, 0x0, 0x0, 0xc, 0x90, 0x0, 0x0,
    0x0, 0x6f, 0x0, 0x0, 0x0, 0x0, 0xf6, 0x0,
    0x0, 0x0, 0x9, 0xc0, 0x0, 0x0, 0x0, 0x3f,
    0x20, 0x0, 0x0, 0x0, 0xd8, 0x0, 0x0, 0x0,
    0x6, 0xe0, 0x0, 0x0, 0x0, 0x1f, 0x50, 0x0,
    0x0, 0x0, 0xab, 0x0, 0x0, 0x0, 0x4, 0xf1,
    0x0, 0x0, 0x0, 0xd, 0x70,

    /* U+005D "]" */
    0x3f, 0xff, 0xff, 0x20, 0x22, 0x25, 0xf2, 0x0,
    0x0, 0x3f, 0x20, 0x0, 0x3, 0xf2, 0x0, 0x0,
    0x3f, 0x20, 0x0, 0x3, 0xf2, 0x0, 0x0, 0x3f,
    0x20, 0x0, 0x3, 0xf2, 0x0, 0x0, 0x3f, 0x20,
    0x0, 0x3, 0xf2, 0x0, 0x0, 0x3f, 0x20, 0x0,
    0x3, 0xf2, 0x0, 0x0, 0x3f, 0x20, 0x0, 0x3,
    0xf2, 0x0, 0x0, 0x3f, 0x20, 0x0, 0x3, 0xf2,
    0x2f, 0xff, 0xff, 0x20, 0x22, 0x22, 0x20,

    /* U+005E "^" */
    0x0, 0x0, 0x6f, 0xd0, 0x0, 0x0, 0x0, 0x1e,
    0xbf, 0x60, 0x0, 0x0, 0x8, 0xe0, 0xae, 0x0,
    0x0, 0x1, 0xf6, 0x1, 0xf7, 0x0, 0x0, 0xad,
    0x0, 0x8, 0xf1, 0x0, 0x3f, 0x40, 0x0, 0xe,
    0x90, 0xc, 0xb0, 0x0, 0x0, 0x6f, 0x20, 0x83,
    0x0, 0x0, 0x0, 0x92,

    /* U+005F "_" */
    0x11, 0x11, 0x11, 0x11, 0x10, 0xdf, 0xff, 0xff,
    0xff, 0xf4, 0x44, 0x44, 0x44, 0x44, 0x41,

    /* U+0060 "`" */
    0x18, 0x10, 0x1f, 0x90, 0x6, 0xf1, 0x0, 0xa4,

    /* U+0061 "a" */
    0x2, 0xae, 0xfd, 0x60, 0x0, 0x2f, 0xb5, 0x58,
    0xf9, 0x0, 0x5, 0x0, 0x0, 0x9f, 0x0, 0x0,
    0x0, 0x0, 0x7f, 0x10, 0x5, 0xbe, 0xff, 0xff,
    0x10, 0x4f, 0xa4, 0x22, 0x8f, 0x10, 0xae, 0x0,
    0x0, 0x7f, 0x10, 0xae, 0x0, 0x0, 0x9f, 0x10,
    0x5f, 0x71, 0x27, 0xcf, 0x62, 0x5, 0xdf, 0xe8,
    0xc, 0xf7,

    /* U+0062 "b" */
    0x3f, 0x50, 0x0, 0x0, 0x0, 0x3f, 0x50, 0x0,
    0x0, 0x0, 0x3f, 0x50, 0x0, 0x0, 0x0, 0x3f,
    0x50, 0x0, 0x0, 0x0, 0x3f, 0x56, 0xdf, 0xd5,
    0x0, 0x3f, 0xba, 0x67, 0xdf, 0x50, 0x3f, 0x90,
    0x0, 0xd, 0xd0, 0x3f, 0x50, 0x0, 0x7, 0xf2,
    0x3f, 0x50, 0x0, 0x6, 0xf3, 0x3f, 0x50, 0x0,
    0x6, 0xf3, 0x3f, 0x50, 0x0, 0x7, 0xf1, 0x3f,
    0x90, 0x0, 0xd, 0xd0, 0x3f, 0xba, 0x67, 0xdf,
    0x50, 0x3f, 0x56, 0xdf, 0xd5, 0x0,

    /* U+0063 "c" */
    0x0, 0x4b, 0xff, 0xb3, 0x0, 0x5f, 0xb6, 0x5b,
    0xf3, 0xe, 0xb0, 0x0, 0x9, 0x33, 0xf5, 0x0,
    0x0, 0x0, 0x5f, 0x30, 0x0, 0x0, 0x6, 0xf3,
    0x0, 0x0, 0x0, 0x3f, 0x50, 0x0, 0x0, 0x0,
    0xeb, 0x0, 0x0, 0x96, 0x5, 0xfc, 0x65, 0xaf,
    0x40, 0x4, 0xbf, 0xfc, 0x40,

    /* U+0064 "d" */
    0x0, 0x0, 0x0, 0xe, 0x90, 0x0, 0x0, 0x0,
    0xe9, 0x0, 0x0, 0x0, 0xe, 0x90, 0x0, 0x0,
    0x0, 0xe9, 0x2, 0xbf, 0xfa, 0x1e, 0x90, 0xef,
    0x86, 0x8b, 0xf9, 0x7f, 0x40, 0x0, 0x2f, 0x9b,
    0xe0, 0x0, 0x0, 0xe9, 0xdc, 0x0, 0x0, 0xe,
    0x9d, 0xc0, 0x0, 0x0, 0xe9, 0xbe, 0x0, 0x0,
    0xe, 0x97, 0xf4, 0x0, 0x2, 0xf9, 0xe, 0xf9,
    0x68, 0xae, 0x90, 0x2b, 0xff, 0xa1, 0xe9,

    /* U+0065 "e" */
    0x0, 0x6c, 0xfe, 0xa1, 0x0, 0x8, 0xf9, 0x46,
    0xce, 0x20, 0x3f, 0x60, 0x0, 0xd, 0xb0, 0x8f,
    0x0, 0x0, 0x9, 0xf0, 0xbf, 0xff, 0xff, 0xff,
    0xf1, 0xbe, 0x33, 0x33, 0x33, 0x30, 0x8f, 0x0,
    0x0, 0x0, 0x0, 0x3f, 0x70, 0x0, 0xa, 0x60,
    0x8, 0xfa, 0x66, 0xcf, 0x40, 0x0, 0x6c, 0xfe,
    0xb3, 0x0,

    /* U+0066 "f" */
    0x0, 0x0, 0x6e, 0xff, 0xf5, 0x0, 0x0, 0xf9,
    0x44, 0x41, 0x0, 0x1, 0xf6, 0x0, 0x0, 0x0,
    0x1, 0xf6, 0x0, 0x0, 0x9f, 0xff, 0xff, 0xff,
    0xf5, 0x24, 0x45, 0xf9, 0x44, 0x41, 0x0, 0x1,
    0xf6, 0x0, 0x0, 0x0, 0x1, 0xf6, 0x0, 0x0,
    0x0, 0x1, 0xf6, 0x0, 0x0, 0x0, 0x1, 0xf6,
    0x0, 0x0, 0x0, 0x1, 0xf6, 0x0, 0x0, 0x0,
    0x1, 0xf6, 0x0, 0x0, 0x14, 0x45, 0xf9, 0x44,
    0x40, 0x6f, 0xff, 0xff, 0xff, 0xe0,

    /* U+0067 "g" */
    0x0, 0x0, 0x0, 0x0, 0x10, 0x0, 0x0, 0x0,
    0x3f, 0xf9, 0x0, 0x6d, 0xfe, 0xc8, 0x42, 0x7,
    0xf7, 0x35, 0xdc, 0x0, 0xf, 0x90, 0x0, 0x4f,
    0x40, 0x2f, 0x70, 0x0, 0x2f, 0x70, 0xf, 0x80,
    0x0, 0x4f, 0x50, 0xa, 0xe4, 0x2, 0xcd, 0x0,
    0x0, 0xaf, 0xff, 0xb2, 0x0, 0x8, 0xa2, 0x20,
    0x0, 0x0, 0xe, 0xb6, 0x66, 0x64, 0x0, 0x6,
    0xff, 0xff, 0xff, 0xd1, 0x4e, 0x20, 0x0, 0x4,
    0xf8, 0xbc, 0x0, 0x0, 0x0, 0xd9, 0x8f, 0x84,
    0x33, 0x5a, 0xf4, 0x7, 0xcf, 0xff, 0xea, 0x30,

    /* U+0068 "h" */
    0x2f, 0x60, 0x0, 0x0, 0x2, 0xf6, 0x0, 0x0,
    0x0, 0x2f, 0x60, 0x0, 0x0, 0x2, 0xf6, 0x0,
    0x0, 0x0, 0x2f, 0x67, 0xef, 0xb2, 0x2, 0xfc,
    0xa6, 0x7e, 0xf1, 0x2f, 0x90, 0x0, 0x3f, 0x72,
    0xf6, 0x0, 0x0, 0xf9, 0x2f, 0x60, 0x0, 0xe,
    0xa2, 0xf6, 0x0, 0x0, 0xea, 0x2f, 0x60, 0x0,
    0xe, 0xa2, 0xf6, 0x0, 0x0, 0xea, 0x2f, 0x60,
    0x0, 0xe, 0xa2, 0xf6, 0x0, 0x0, 0xea,

    /* U+0069 "i" */
    0x0, 0xa, 0xf4, 0x0, 0x0, 0x0, 0xdf, 0x60,
    0x0, 0x0, 0x1, 0x30, 0x0, 0x0, 0x0, 0x0,
    0x0, 0x0, 0xff, 0xff, 0xf1, 0x0, 0x4, 0x44,
    0x9f, 0x10, 0x0, 0x0, 0x7, 0xf1, 0x0, 0x0,
    0x0, 0x7f, 0x10, 0x0, 0x0, 0x7, 0xf1, 0x0,
    0x0, 0x0, 0x7f, 0x10, 0x0, 0x0, 0x7, 0xf1,
    0x0, 0x0, 0x0, 0x7f, 0x10, 0x0, 0x44, 0x49,
    0xf5, 0x44, 0x1f, 0xff, 0xff, 0xff, 0xf6,

    /* U+006A "j" */
    0x0, 0x0, 0x8, 0xf7, 0x0, 0x0, 0xa, 0xf9,
    0x0, 0x0, 0x0, 0x30, 0x0, 0x0, 0x0, 0x0,
    0x3f, 0xff, 0xff, 0xf3, 0x14, 0x44, 0x48, 0xf3,
    0x0, 0x0, 0x5, 0xf3, 0x0, 0x0, 0x5, 0xf3,
    0x0, 0x0, 0x5, 0xf3, 0x0, 0x0, 0x5, 0xf3,
    0x0, 0x0, 0x5, 0xf3, 0x0, 0x0, 0x5, 0xf3,
    0x0, 0x0, 0x5, 0xf3, 0x0, 0x0, 0x5, 0xf3,
    0x0, 0x0, 0x5, 0xf3, 0x0, 0x0, 0x5, 0xf3,
    0x4, 0x44, 0x48, 0xf1, 0x1f, 0xff, 0xfe, 0x70,

    /* U+006B "k" */
    0xf8, 0x0, 0x0, 0x0, 0xf, 0x80, 0x0, 0x0,
    0x0, 0xf8, 0x0, 0x0, 0x0, 0xf, 0x80, 0x0,
    0x0, 0x0, 0xf8, 0x0, 0x1, 0xdd, 0x1f, 0x80,
    0x2, 0xec, 0x10, 0xf8, 0x3, 0xec, 0x0, 0xf,
    0x83, 0xec, 0x0, 0x0, 0xfb, 0xff, 0xc0, 0x0,
    0xf, 0xf7, 0x4f, 0x80, 0x0, 0xf9, 0x0, 0x8f,
    0x40, 0xf, 0x80, 0x0, 0xce, 0x10, 0xf8, 0x0,
    0x2, 0xfc, 0xf, 0x80, 0x0, 0x5, 0xf8,

    /* U+006C "l" */
    0x7f, 0xff, 0xf7, 0x0, 0x2, 0x44, 0x5f, 0x70,
    0x0, 0x0, 0x1, 0xf7, 0x0, 0x0, 0x0, 0x1f,
    0x70, 0x0, 0x0, 0x1, 0xf7, 0x0, 0x0, 0x0,
    0x1f, 0x70, 0x0, 0x0, 0x1, 0xf7, 0x0, 0x0,
    0x0, 0x1f, 0x70, 0x0, 0x0, 0x1, 0xf7, 0x0,
    0x0, 0x0, 0x1f, 0x70, 0x0, 0x0, 0x1, 0xf7,
    0x0, 0x0, 0x0, 0x1f, 0x70, 0x0, 0x24, 0x45,
    0xf9, 0x44, 0x37, 0xff, 0xff, 0xff, 0xfe,

    /* U+006D "m" */
    0xf8, 0xcf, 0xa2, 0xdf, 0x90, 0xfc, 0x16, 0xfb,
    0x16, 0xf2, 0xf7, 0x0, 0xf6, 0x1, 0xf5, 0xf7,
    0x0, 0xf6, 0x0, 0xf5, 0xf7, 0x0, 0xf6, 0x0,
    0xf6, 0xf7, 0x0, 0xf6, 0x0, 0xf6, 0xf7, 0x0,
    0xf6, 0x0, 0xf6, 0xf7, 0x0, 0xf6, 0x0, 0xf6,
    0xf7, 0x0, 0xf6, 0x0, 0xf6, 0xf7, 0x0, 0xf6,
    0x0, 0xf6,

    /* U+006E "n" */
    0x2f, 0x68, 0xef, 0xb2, 0x2, 0xfc, 0x72, 0x4c,
    0xf1, 0x2f, 0x80, 0x0, 0x2f, 0x72, 0xf6, 0x0,
    0x0, 0xe9, 0x2f, 0x60, 0x0, 0xe, 0xa2, 0xf6,
    0x0, 0x0, 0xea, 0x2f, 0x60, 0x0, 0xe, 0xa2,
    0xf6, 0x0, 0x0, 0xea, 0x2f, 0x60, 0x0, 0xe,
    0xa2, 0xf6, 0x0, 0x0, 0xea,

    /* U+006F "o" */
    0x0, 0x7d, 0xfe, 0xa1, 0x0, 0xa, 0xf9, 0x57,
    0xde, 0x10, 0x4f, 0x50, 0x0, 0x1e, 0xa0, 0x9f,
    0x0, 0x0, 0x9, 0xf0, 0xbe, 0x0, 0x0, 0x7,
    0xf1, 0xbe, 0x0, 0x0, 0x7, 0xf1, 0x9f, 0x0,
    0x0, 0x9, 0xf0, 0x4f, 0x50, 0x0, 0x1e, 0xa0,
    0x9, 0xf9, 0x57, 0xde, 0x10, 0x0, 0x7d, 0xfe,
    0xa1, 0x0,

    /* U+0070 "p" */
    0x3f, 0x57, 0xef, 0xd5, 0x0, 0x3f, 0xc7, 0x23,
    0xaf, 0x50, 0x3f, 0x70, 0x0, 0xc, 0xd0, 0x3f,
    0x50, 0x0, 0x7, 0xf2, 0x3f, 0x50, 0x0, 0x6,
    0xf3, 0x3f, 0x50, 0x0, 0x6, 0xf3, 0x3f, 0x50,
    0x0, 0x7, 0xf1, 0x3f, 0x90, 0x0, 0xd, 0xd0,
    0x3f, 0xba, 0x67, 0xdf, 0x50, 0x3f, 0x56, 0xdf,
    0xd5, 0x0, 0x3f, 0x50, 0x0, 0x0, 0x0, 0x3f,
    0x50, 0x0, 0x0, 0x0, 0x3f, 0x50, 0x0, 0x0,
    0x0, 0x3f, 0x50, 0x0, 0x0, 0x0,

    /* U+0071 "q" */
    0x2, 0xbf, 0xfa, 0x1e, 0x90, 0xef, 0x86, 0x8b,
    0xf9, 0x7f, 0x40, 0x0, 0x2f, 0x9b, 0xe0, 0x0,
    0x0, 0xe9, 0xdc, 0x0, 0x0, 0xe, 0x9d, 0xc0,
    0x0, 0x0, 0xe9, 0xbe, 0x0, 0x0, 0xe, 0x97,
    0xf4, 0x0, 0x2, 0xf9, 0xe, 0xf9, 0x68, 0xae,
    0x90, 0x2b, 0xff, 0xa1, 0xe9, 0x0, 0x0, 0x0,
    0xe, 0x90, 0x0, 0x0, 0x0, 0xe9, 0x0, 0x0,
    0x0, 0xe, 0x90, 0x0, 0x0, 0x0, 0xe9,

    /* U+0072 "r" */
    0x8f, 0xff, 0xd0, 0x8e, 0xfa, 0x24, 0x4c, 0xd9,
    0x95, 0x42, 0x0, 0xa, 0xe6, 0x0, 0x0, 0x0,
    0xa, 0xf0, 0x0, 0x0, 0x0, 0xa, 0xd0, 0x0,
    0x0, 0x0, 0xa, 0xd0, 0x0, 0x0, 0x0, 0xa,
    0xd0, 0x0, 0x0, 0x0, 0xa, 0xd0, 0x0, 0x0,
    0x24, 0x4c, 0xe4, 0x44, 0x0, 0x8f, 0xff, 0xff,
    0xfe, 0x0,

    /* U+0073 "s" */
    0x0, 0x8d, 0xff, 0xc5, 0x0, 0xce, 0x74, 0x59,
    0xf7, 0x2f, 0x60, 0x0, 0x3, 0x1, 0xfa, 0x0,
    0x0, 0x0, 0x6, 0xff, 0xc9, 0x61, 0x0, 0x1,
    0x58, 0xae, 0xf5, 0x0, 0x0, 0x0, 0xb, 0xe2,
    0x80, 0x0, 0x0, 0xae, 0x4f, 0xd7, 0x45, 0x9f,
    0x70, 0x29, 0xdf, 0xec, 0x50,

    /* U+0074 "t" */
    0x0, 0x0, 0xf8, 0x0, 0x0, 0x0, 0x0, 0xf8,
    0x0, 0x0, 0x0, 0x1, 0xf8, 0x0, 0x0, 0x4f,
    0xff, 0xff, 0xff, 0xff, 0x14, 0x44, 0xfa, 0x44,
    0x44, 0x0, 0x0, 0xf8, 0x0, 0x0, 0x0, 0x0,
    0xf8, 0x0, 0x0, 0x0, 0x0, 0xf8, 0x0, 0x0,
    0x0, 0x0, 0xf8, 0x0, 0x0, 0x0, 0x0, 0xf8,
    0x0, 0x0, 0x0, 0x0, 0xf8, 0x0, 0x0, 0x0,
    0x0, 0xda, 0x44, 0x44, 0x0, 0x0, 0x4e, 0xff,
    0xff,

    /* U+0075 "u" */
    0x4f, 0x40, 0x0, 0xf, 0x84, 0xf4, 0x0, 0x0,
    0xf8, 0x4f, 0x40, 0x0, 0xf, 0x84, 0xf4, 0x0,
    0x0, 0xf8, 0x4f, 0x40, 0x0, 0xf, 0x84, 0xf4,
    0x0, 0x0, 0xf8, 0x3f, 0x50, 0x0, 0xf, 0x81,
    0xf9, 0x0, 0x3, 0xf8, 0xa, 0xf9, 0x68, 0xaf,
    0x80, 0x9, 0xef, 0xb1, 0xf8,

    /* U+0076 "v" */
    0x9e, 0x0, 0x0, 0x7, 0xf0, 0x4f, 0x40, 0x0,
    0xd, 0xa0, 0xe, 0x90, 0x0, 0x2f, 0x40, 0x8,
    0xe0, 0x0, 0x7e, 0x0, 0x3, 0xf4, 0x0, 0xd9,
    0x0, 0x0, 0xd9, 0x2, 0xf4, 0x0, 0x0, 0x8e,
    0x8, 0xe0, 0x0, 0x0, 0x2f, 0x4d, 0x80, 0x0,
    0x0, 0xc, 0xcf, 0x30, 0x0, 0x0, 0x7, 0xfd,
    0x0, 0x0,

    /* U+0077 "w" */
    0x5f, 0x0, 0x3f, 0xa0, 0x8, 0xc3, 0xf1, 0x6,
    0xed, 0x0, 0xa9, 0xf, 0x30, 0x98, 0xf0, 0xc,
    0x70, 0xe5, 0xc, 0x4d, 0x30, 0xf4, 0xc, 0x80,
    0xf1, 0xa6, 0x1f, 0x20, 0x9a, 0x2e, 0x7, 0x93,
    0xf0, 0x7, 0xc5, 0xb0, 0x4d, 0x5d, 0x0, 0x4e,
    0x88, 0x1, 0xf7, 0xb0, 0x2, 0xfd, 0x50, 0xe,
    0xd8, 0x0, 0xf, 0xf2, 0x0, 0xbf, 0x60,

    /* U+0078 "x" */
    0x6f, 0x60, 0x0, 0xd, 0xc0, 0xa, 0xf2, 0x0,
    0x9f, 0x20, 0x1, 0xec, 0x4, 0xf5, 0x0, 0x0,
    0x3f, 0x9e, 0x90, 0x0, 0x0, 0x7, 0xfd, 0x0,
    0x0, 0x0, 0x9, 0xfe, 0x10, 0x0, 0x0, 0x5f,
    0x6e, 0xb0, 0x0, 0x1, 0xe9, 0x5, 0xf7, 0x0,
    0xc, 0xd0, 0x0, 0x9f, 0x30, 0x7f, 0x30, 0x0,
    0xd, 0xd0,

    /* U+0079 "y" */
    0xcc, 0x0, 0x0, 0x5, 0xf3, 0x6f, 0x20, 0x0,
    0xb, 0xc0, 0xf, 0x80, 0x0, 0x1f, 0x60, 0x9,
    0xe0, 0x0, 0x7f, 0x0, 0x3, 0xf5, 0x0, 0xd9,
    0x0, 0x0, 0xdb, 0x4, 0xf3, 0x0, 0x0, 0x6f,
    0x1a, 0xd0, 0x0, 0x0, 0xf, 0x8f, 0x60, 0x0,
    0x0, 0x9, 0xff, 0x10, 0x0, 0x0, 0x3, 0xfa,
    0x0, 0x0, 0x0, 0x4, 0xf3, 0x0, 0x0, 0x0,
    0xa, 0xd0, 0x0, 0x0, 0x14, 0x4f, 0x60, 0x0,
    0x0, 0x6f, 0xfa, 0x0, 0x0, 0x0,

    /* U+007A "z" */
    0x2f, 0xff, 0xff, 0xff, 0x90, 0x44, 0x44, 0x48,
    0xf7, 0x0, 0x0, 0x2, 0xfa, 0x0, 0x0, 0x1,
    0xec, 0x0, 0x0, 0x0, 0xcd, 0x10, 0x0, 0x0,
    0xbe, 0x20, 0x0, 0x0, 0x9f, 0x30, 0x0, 0x0,
    0x7f, 0x50, 0x0, 0x0, 0x4f, 0xb4, 0x44, 0x44,
    0x36, 0xff, 0xff, 0xff, 0xfc,

    /* U+007B "{" */
    0x0, 0x2d, 0xff, 0xf6, 0x0, 0x8d, 0x22, 0x21,
    0x0, 0x8c, 0x0, 0x0, 0x0, 0x7e, 0x0, 0x0,
    0x0, 0x1f, 0x60, 0x0, 0x0, 0x6, 0xf1, 0x0,
    0x0, 0x0, 0xf6, 0x0, 0x0, 0x17, 0xf2, 0x0,
    0xff, 0xfd, 0x30, 0x0, 0x33, 0x4a, 0xe1, 0x0,
    0x0, 0x0, 0xf6, 0x0, 0x0, 0x4, 0xf3, 0x0,
    0x0, 0xe, 0x80, 0x0, 0x0, 0x6e, 0x0, 0x0,
    0x0, 0x8c, 0x0, 0x0, 0x0, 0x8c, 0x0, 0x0,
    0x0, 0x3f, 0xff, 0xf6, 0x0, 0x1, 0x22, 0x21,

    /* U+007C "|" */
    0xf5, 0xf5, 0xf5, 0xf5, 0xf5, 0xf5, 0xf5, 0xf5,
    0xf5, 0xf5, 0xf5, 0xf5, 0xf5, 0xf5, 0xf5, 0xf5,
    0xf5,

    /* U+007D "}" */
    0xff, 0xff, 0x70, 0x0, 0x22, 0x27, 0xe0, 0x0,
    0x0, 0x6, 0xe0, 0x0, 0x0, 0x8, 0xd0, 0x0,
    0x0, 0x1e, 0x70, 0x0, 0x0, 0xbc, 0x0, 0x0,
    0x0, 0xf5, 0x0, 0x0, 0x0, 0xbb, 0x20, 0x0,
    0x0, 0x9, 0xff, 0xf6, 0x0, 0x9d, 0x53, 0x31,
    0x0, 0xf5, 0x0, 0x0, 0x0, 0xca, 0x0, 0x0,
    0x0, 0x2f, 0x50, 0x0, 0x0, 0x9, 0xc0, 0x0,
    0x0, 0x6, 0xe0, 0x0, 0x0, 0x6, 0xe0, 0x0,
    0xff, 0xff, 0x90, 0x0, 0x22, 0x22, 0x0, 0x0,

    /* U+007E "~" */
    0x0, 0x0, 0x0, 0x0, 0x0, 0x0, 0x8, 0xfd,
    0x20, 0x0, 0xa3, 0x4, 0xf5, 0xae, 0x10, 0x1f,
    0x20, 0xb8, 0x0, 0xbc, 0x29, 0xc0, 0xd, 0x40,
    0x0, 0xcf, 0xe3, 0x0, 0x0, 0x0, 0x0, 0x20,
    0x0,

    /* U+00A0 " " */

    /* U+00A1 "¡" */
    0x6f, 0xc0, 0xaf, 0xf1, 0x29, 0x60, 0x0, 0x0,
    0x0, 0x0, 0x8, 0x0, 0xc, 0x20, 0xd, 0x30,
    0xf, 0x50, 0x1f, 0x70, 0x2f, 0x80, 0x2f, 0x80,
    0x2f, 0x80, 0x2f, 0x80,

    /* U+00A2 "¢" */
    0x0, 0x0, 0xb7, 0x0, 0x0, 0x0, 0xb, 0x70,
    0x0, 0x0, 0x5d, 0xff, 0xd4, 0x0, 0x5f, 0xac,
    0x9a, 0xf4, 0xd, 0xb0, 0xb7, 0x9, 0x33, 0xf5,
    0xb, 0x70, 0x0, 0x5f, 0x30, 0xb7, 0x0, 0x5,
    0xf3, 0xb, 0x70, 0x0, 0x3f, 0x50, 0xb7, 0x0,
    0x0, 0xea, 0xb, 0x70, 0x75, 0x5, 0xfa, 0xc9,
    0x9f, 0x50, 0x5, 0xdf, 0xfd, 0x50, 0x0, 0x0,
    0xb7, 0x0, 0x0, 0x0, 0xb, 0x70, 0x0,

    /* U+00A3 "£" */
    0x0, 0x3, 0xbe, 0xfd, 0x80, 0x0, 0x6, 0xfc,
    0x76, 0x9f, 0xd1, 0x0, 0xfc, 0x0, 0x0, 0x29,
    0x10, 0x1f, 0x80, 0x0, 0x0, 0x0, 0x0, 0xf9,
    0x0, 0x0, 0x0, 0x0, 0xb, 0xe0, 0x0, 0x0,
    0x0, 0xf, 0xff, 0xff, 0xfe, 0x0, 0x0, 0x35,
    0xf9, 0x33, 0x30, 0x0, 0x0, 0x1f, 0x60, 0x0,
    0x0, 0x0, 0x4, 0xf3, 0x0, 0x0, 0x0, 0x1,
    0xdc, 0x0, 0x0, 0x0, 0x0, 0x9f, 0xa8, 0x88,
    0x88, 0x81, 0x9, 0xff, 0xff, 0xff, 0xff, 0x30,

    /* U+00A4 "¤" */
    0x3a, 0x0, 0x0, 0x6, 0x72, 0xf6, 0x0, 0x1,
    0xe8, 0x8, 0xed, 0xfe, 0xde, 0x0, 0x6f, 0x84,
    0x6e, 0xc0, 0xe, 0xa0, 0x0, 0x4f, 0x52, 0xf7,
    0x0, 0x0, 0xf8, 0x2f, 0x70, 0x0, 0xf, 0x80,
    0xf9, 0x0, 0x3, 0xf5, 0x8, 0xf5, 0x13, 0xce,
    0x0, 0x6f, 0xff, 0xff, 0xd0, 0x1f, 0x80, 0x32,
    0x2f, 0x64, 0xd0, 0x0, 0x0, 0x89, 0x0, 0x0,
    0x0, 0x0, 0x0,

    /* U+00A5 "¥" */
    0x5f, 0x70, 0x0, 0x0, 0x1f, 0xb0, 0xce, 0x0,
    0x0, 0x8, 0xf3, 0x4, 0xf7, 0x0, 0x1, 0xfa,
    0x0, 0xb, 0xe0, 0x0, 0x8f, 0x20, 0x0, 0x3f,
    0x70, 0x1f, 0x90, 0x0, 0x0, 0xae, 0x8, 0xf1,
    0x0, 0x0, 0x13, 0xf8, 0xf9, 0x10, 0x0, 0x9f,
    0xff, 0xff, 0xff, 0xf0, 0x2, 0x44, 0x4f, 0x94,
    0x43, 0x0, 0x0, 0x1, 0xf7, 0x0, 0x0, 0x0,
    0x0, 0x1f, 0x70, 0x0, 0x0, 0x25, 0x55, 0xf9,
    0x55, 0x40, 0x9, 0xff, 0xff, 0xff, 0xff, 0x0,

    /* U+00A6 "¦" */
    0xf5, 0xf5, 0xf5, 0xf5, 0xf5, 0xf5, 0xc4, 0x0,
    0x0, 0x0, 0xc4, 0xf5, 0xf5, 0xf5, 0xf5, 0xf5,
    0xf5,

    /* U+00A7 "§" */
    0x0, 0x4b, 0xee, 0xc6, 0x0, 0x4f, 0xb5, 0x6a,
    0xd0, 0xb, 0xd0, 0x0, 0x0, 0x0, 0xbd, 0x0,
    0x0, 0x0, 0x4, 0xfc, 0x40, 0x0, 0x0, 0xa,
    0xef, 0xfa, 0x30, 0xb, 0x90, 0x26, 0xdf, 0x55,
    0xf1, 0x0, 0x0, 0xdd, 0x6f, 0x30, 0x0, 0x9,
    0xd1, 0xfe, 0x50, 0x0, 0xd6, 0x2, 0xbf, 0xfb,
    0xc5, 0x0, 0x0, 0x16, 0xcf, 0x90, 0x0, 0x0,
    0x0, 0x8f, 0x10, 0x0, 0x0, 0x5, 0xf3, 0x3,
    0xa3, 0x13, 0xde, 0x0, 0x5e, 0xff, 0xfc, 0x20,
    0x0, 0x1, 0x31, 0x0, 0x0,

    /* U+00A8 "¨" */
    0x0, 0x0, 0x0, 0x0, 0xed, 0x6, 0xf5, 0xe,
    0xc0, 0x6f, 0x50,

    /* U+00A9 "©" */
    0x0, 0x7, 0xce, 0xd9, 0x20, 0x0, 0x1, 0xdb,
    0x42, 0x38, 0xf6, 0x0, 0xc, 0x80, 0x0, 0x0,
    0x3f, 0x30, 0x6d, 0x0, 0x9d, 0xd4, 0x8, 0xc0,
    0xb6, 0x9, 0xc3, 0x6e, 0x0, 0xf1, 0xe3, 0xf,
    0x50, 0x0, 0x0, 0xd5, 0xf3, 0x1f, 0x30, 0x0,
    0x0, 0xc6, 0xe3, 0xf, 0x40, 0x0, 0x0, 0xd5,
    0xc5, 0xb, 0xa0, 0x2d, 0x10, 0xf2, 0x7c, 0x1,
    0xcf, 0xf8, 0x6, 0xd0, 0xe, 0x60, 0x1, 0x0,
    0x1e, 0x50, 0x3, 0xe8, 0x10, 0x5, 0xe8, 0x0,
    0x0, 0x2a, 0xff, 0xfc, 0x50, 0x0, 0x0, 0x0,
    0x1, 0x0, 0x0, 0x0,

    /* U+00AA "ª" */
    0x5, 0xdf, 0xc3, 0x0, 0xc3, 0x7, 0xd0, 0x0,
    0x0, 0x2f, 0x0, 0x7d, 0xde, 0xf1, 0x4e, 0x10,
    0x2f, 0x14, 0xe0, 0x8, 0xf3, 0x9, 0xdc, 0x4b,
    0xb0,

    /* U+00AB "«" */
    0x0, 0x0, 0x0, 0x0, 0x0, 0x0, 0x7, 0x90,
    0x3, 0xd0, 0x0, 0xaf, 0x40, 0x5f, 0x90, 0x1c,
    0xf5, 0x8, 0xfa, 0x0, 0x9f, 0x50, 0x3f, 0xb0,
    0x0, 0x8f, 0x80, 0x2f, 0xd1, 0x0, 0x9, 0xf8,
    0x4, 0xfc, 0x0, 0x0, 0x6f, 0x70, 0x2d, 0xc0,
    0x0, 0x4, 0x70, 0x1, 0x90,

    /* U+00AC "¬" */
    0x0, 0x0, 0x0, 0x0, 0xd, 0xff, 0xff, 0xff,
    0xfe, 0x33, 0x33, 0x33, 0x38, 0xe0, 0x0, 0x0,
    0x0, 0x6e, 0x0, 0x0, 0x0, 0x6, 0xe0, 0x0,
    0x0, 0x0, 0x4a,

    /* U+00AD "­" */

    /* U+00AE "®" */
    0x2, 0xac, 0xc5, 0x0, 0x1d, 0xba, 0xa9, 0x70,
    0x95, 0xa2, 0xb1, 0xd0, 0xc2, 0xaa, 0xa0, 0xc2,
    0x95, 0xa2, 0xc0, 0xd0, 0x1c, 0x40, 0x2a, 0x70,
    0x2, 0xac, 0xb5, 0x0,

    /* U+00AF "¯" */
    0x1, 0x11, 0x10, 0xff, 0xff, 0xf5, 0x33, 0x33,
    0x31,

    /* U+00B0 "°" */
    0x0, 0x0, 0x0, 0x0, 0x3b, 0xfd, 0x60, 0x1e,
    0xa4, 0x6f, 0x66, 0xe0, 0x0, 0x8d, 0x7d, 0x0,
    0x7, 0xd2, 0xf7, 0x13, 0xe8, 0x5, 0xef, 0xfa,
    0x0, 0x0, 0x20, 0x0,

    /* U+00B1 "±" */
    0x0, 0x0, 0xd5, 0x0, 0x0, 0x0, 0x0, 0xf6,
    0x0, 0x0, 0x0, 0x0, 0xf6, 0x0, 0x0, 0x0,
    0x0, 0xf7, 0x0, 0x0, 0xdf, 0xff, 0xff, 0xff,
    0xf3, 0x33, 0x33, 0xf8, 0x33, 0x30, 0x0, 0x0,
    0xf6, 0x0, 0x0, 0x0, 0x0, 0xf6, 0x0, 0x0,
    0x0, 0x0, 0xf6, 0x0, 0x0, 0x0, 0x0, 0x0,
    0x0, 0x0, 0x34, 0x44, 0x44, 0x44, 0x40, 0xdf,
    0xff, 0xff, 0xff, 0xf3,

    /* U+00B2 "²" */
    0x2c, 0xfd, 0x50, 0xa7, 0x7, 0xf0, 0x0, 0x4,
    0xf0, 0x0, 0x1d, 0x70, 0x2, 0xd7, 0x0, 0x5d,
    0x30, 0x0, 0xdf, 0xff, 0xf5,

    /* U+00B3 "³" */
    0x3, 0xdf, 0xd5, 0x0, 0x65, 0x6, 0xf0, 0x0,
    0x0, 0x7d, 0x0, 0x6, 0xfe, 0x30, 0x0, 0x0,
    0x4f, 0x0, 0x93, 0x5, 0xf1, 0x5, 0xdf, 0xd5,
    0x0,

    /* U+00B4 "´" */
    0x0, 0x73, 0x2, 0xf7, 0xa, 0xc0, 0xb, 0x20,

    /* U+00B5 "µ" */
    0x2f, 0x60, 0x0, 0xf, 0x82, 0xf6, 0x0, 0x0,
    0xf8, 0x2f, 0x60, 0x0, 0xf, 0x82, 0xf6, 0x0,
    0x0, 0xf8, 0x2f, 0x60, 0x0, 0xf, 0x82, 0xf6,
    0x0, 0x0, 0xf8, 0x2f, 0x60, 0x0, 0xf, 0x82,
    0xf9, 0x0, 0x1, 0xf8, 0x2f, 0xf6, 0x24, 0xaf,
    0x82, 0xf9, 0xdf, 0xc2, 0xf8, 0x2f, 0x50, 0x0,
    0x0, 0x2, 0xf6, 0x0, 0x0, 0x0, 0x2f, 0x60,
    0x0, 0x0, 0x2, 0xf6, 0x0, 0x0, 0x0,

    /* U+00B6 "¶" */
    0x0, 0x2a, 0xef, 0xff, 0xf9, 0x2, 0xff, 0xff,
    0x93, 0xd9, 0xb, 0xff, 0xff, 0x80, 0xc9, 0xf,
    0xff, 0xff, 0x80, 0xc9, 0x1f, 0xff, 0xff, 0x80,
    0xc9, 0xf, 0xff, 0xff, 0x80, 0xc9, 0x9, 0xff,
    0xff, 0x80, 0xc9, 0x0, 0xaf, 0xff, 0x80, 0xc9,
    0x0, 0x4, 0x9f, 0x80, 0xc9, 0x0, 0x0, 0xe,
    0x80, 0xc9, 0x0, 0x0, 0xe, 0x80, 0xc9, 0x0,
    0x0, 0xe, 0x80, 0xc9, 0x0, 0x0, 0xe, 0x80,
    0xc9, 0x0, 0x0, 0xe, 0x80, 0xc9, 0x0, 0x0,
    0xe, 0x80, 0xc9, 0x0, 0x0, 0xe, 0x80, 0xc9,
    0x0, 0x0, 0x2, 0x10, 0x21,

    /* U+00B7 "·" */
    0x29, 0x60, 0xaf, 0xf1, 0x6f, 0xc0,

    /* U+00B8 "¸" */
    0x4, 0x10, 0x0, 0xd1, 0x0, 0x9, 0xb9, 0x3,
    0x5, 0xf0, 0x9f, 0xf8, 0x0, 0x10, 0x0,

    /* U+00B9 "¹" */
    0x0, 0xaf, 0x90, 0x0, 0xab, 0x99, 0x0, 0x6,
    0x9, 0x90, 0x0, 0x0, 0x99, 0x0, 0x0, 0x9,
    0x90, 0x0, 0x0, 0x99, 0x0, 0xa, 0xff, 0xff,
    0x70,

    /* U+00BA "º" */
    0x2, 0xbf, 0xd6, 0x0, 0xd8, 0x3, 0xf3, 0x3f,
    0x0, 0xa, 0x94, 0xf0, 0x0, 0x9b, 0x3f, 0x0,
    0xa, 0x90, 0xd8, 0x13, 0xf3, 0x2, 0xbf, 0xd6,
    0x0,

    /* U+00BB "»" */
    0x0, 0x0, 0x0, 0x0, 0x0, 0x88, 0x0, 0x3c,
    0x10, 0x0, 0x3f, 0xa0, 0xc, 0xe3, 0x0, 0x4,
    0xfc, 0x11, 0xcf, 0x50, 0x0, 0x4f, 0xa0, 0x1d,
    0xf0, 0x0, 0x8f, 0x90, 0x3f, 0xe0, 0x7, 0xf9,
    0x2, 0xed, 0x20, 0x6f, 0x70, 0x1e, 0xb1, 0x0,
    0x64, 0x0, 0x19, 0x0, 0x0,

    /* U+00BC "¼" */
    0x0, 0x0, 0x0, 0x0, 0x0, 0x0, 0x9, 0xfc,
    0x0, 0x0, 0x9, 0xc0, 0x6b, 0x7c, 0x0, 0x0,
    0x3f, 0x30, 0x0, 0x7c, 0x0, 0x0, 0xb9, 0x0,
    0x0, 0x7c, 0x0, 0x5, 0xf1, 0x0, 0x0, 0x7c,
    0x0, 0xd, 0x70, 0x0, 0x3f, 0xff, 0xf4, 0x15,
    0x0, 0x0, 0x0, 0x0, 0x0, 0x0, 0x37, 0x10,
    0x0, 0xa, 0x60, 0x0, 0xdf, 0x30, 0x0, 0x4f,
    0x10, 0x9, 0x6f, 0x30, 0x0, 0xd8, 0x0, 0x3c,
    0xf, 0x30, 0x5, 0xf1, 0x0, 0xc3, 0xf, 0x30,
    0xd, 0x70, 0x0, 0xfe, 0xef, 0xe1, 0x6d, 0x0,
    0x0, 0x0, 0xe, 0x30,

    /* U+00BD "½" */
    0x0, 0x0, 0x0, 0x0, 0x0, 0x0, 0x9, 0xfc,
    0x0, 0x0, 0x9, 0xc0, 0x6b, 0x7c, 0x0, 0x0,
    0x3f, 0x30, 0x0, 0x7c, 0x0, 0x0, 0xb9, 0x0,
    0x0, 0x7c, 0x0, 0x4, 0xf1, 0x0, 0x0, 0x7c,
    0x0, 0xd, 0x70, 0x0, 0x3f, 0xff, 0xf4, 0x15,
    0x0, 0x0, 0x0, 0x0, 0x0, 0x0, 0x0, 0x0,
    0x0, 0x2, 0x20, 0x2c, 0xfc, 0x20, 0x0, 0x1f,
    0x50, 0x87, 0x1b, 0x90, 0x0, 0xab, 0x0, 0x0,
    0xc, 0x60, 0x3, 0xf2, 0x0, 0x1, 0xb8, 0x0,
    0xc, 0x90, 0x0, 0x4d, 0x50, 0x0, 0x5e, 0x10,
    0x0, 0xbf, 0xff, 0xe0,

    /* U+00BE "¾" */
    0xa, 0xed, 0x50, 0x0, 0x9, 0xc0, 0x29, 0x6,
    0xf0, 0x0, 0x2f, 0x30, 0x0, 0x6, 0xd0, 0x0,
    0xc9, 0x0, 0x0, 0xff, 0x40, 0x5, 0xf1, 0x0,
    0x24, 0x4, 0xf0, 0xe, 0x60, 0x0, 0x1b, 0xfe,
    0x80, 0x3, 0x0, 0x0, 0x0, 0x0, 0x0, 0x0,
    0x49, 0x10, 0x0, 0xb, 0x70, 0x1, 0xdf, 0x30,
    0x0, 0x5f, 0x10, 0x9, 0x6f, 0x30, 0x0, 0xd8,
    0x0, 0x3c, 0xf, 0x30, 0x6, 0xe0, 0x0, 0xc3,
    0xf, 0x30, 0xd, 0x70, 0x0, 0xfe, 0xef, 0xe1,
    0x6d, 0x0, 0x0, 0x0, 0xe, 0x30,

    /* U+00BF "¿" */
    0x0, 0x2, 0xee, 0x30, 0x0, 0x0, 0x5f, 0xf6,
    0x0, 0x0, 0x0, 0x88, 0x10, 0x0, 0x0, 0x0,
    0x0, 0x0, 0x0, 0x0, 0x0, 0x0, 0x0, 0x0,
    0xa, 0xd0, 0x0, 0x0, 0x0, 0xad, 0x0, 0x0,
    0x6, 0xdf, 0xd0, 0x0, 0x8, 0xf8, 0x20, 0x0,
    0x1, 0xf9, 0x0, 0x0, 0x0, 0x4f, 0x60, 0x0,
    0x3, 0x12, 0xf9, 0x0, 0x1, 0xeb, 0xa, 0xfa,
    0x67, 0xee, 0x20, 0x7, 0xdf, 0xea, 0x20,

    /* U+00C0 "À" */
    0x0, 0x1, 0x81, 0x0, 0x0, 0x0, 0x0, 0x1f,
    0x90, 0x0, 0x0, 0x0, 0x0, 0x6f, 0x10, 0x0,
    0x0, 0x0, 0x0, 0xa4, 0x0, 0x0, 0x0, 0x0,
    0x0, 0x0, 0x0, 0x0, 0x0, 0x8, 0xfe, 0x0,
    0x0, 0x0, 0x0, 0xde, 0xf3, 0x0, 0x0, 0x0,
    0x2f, 0x6f, 0x80, 0x0, 0x0, 0x7, 0xf1, 0xad,
    0x0, 0x0, 0x0, 0xcc, 0x6, 0xf2, 0x0, 0x0,
    0x1f, 0x70, 0x1f, 0x70, 0x0, 0x6, 0xf2, 0x0,
    0xcc, 0x0, 0x0, 0xbe, 0x11, 0x18, 0xf1, 0x0,
    0xf, 0xff, 0xff, 0xff, 0x60, 0x5, 0xf7, 0x44,
    0x44, 0xeb, 0x0, 0xaf, 0x0, 0x0, 0x9, 0xf1,
    0xe, 0xa0, 0x0, 0x0, 0x5f, 0x54, 0xf6, 0x0,
    0x0, 0x0, 0xfa,

    /* U+00C1 "Á" */
    0x0, 0x0, 0x0, 0x73, 0x0, 0x0, 0x0, 0x0,
    0x2f, 0x70, 0x0, 0x0, 0x0, 0xa, 0xc0, 0x0,
    0x0, 0x0, 0x0, 0xb2, 0x0, 0x0, 0x0, 0x0,
    0x0, 0x0, 0x0, 0x0, 0x0, 0x8, 0xfe, 0x0,
    0x0, 0x0, 0x0, 0xde, 0xf3, 0x0, 0x0, 0x0,
    0x2f, 0x6f, 0x80, 0x0, 0x0, 0x7, 0xf1, 0xad,
    0x0, 0x0, 0x0, 0xcc, 0x6, 0xf2, 0x0, 0x0,
    0x1f, 0x70, 0x1f, 0x70, 0x0, 0x6, 0xf2, 0x0,
    0xcc, 0x0, 0x0, 0xbe, 0x11, 0x18, 0xf1, 0x0,
    0xf, 0xff, 0xff, 0xff, 0x60, 0x5, 0xf7, 0x44,
    0x44, 0xeb, 0x0, 0xaf, 0x0, 0x0, 0x9, 0xf1,
    0xe, 0xa0, 0x0, 0x0, 0x5f, 0x54, 0xf6, 0x0,
    0x0, 0x0, 0xfa,

    /* U+00C2 "Â" */
    0x0, 0x0, 0x38, 0x60, 0x0, 0x0, 0x0, 0x1e,
    0xdf, 0x60, 0x0, 0x0, 0xc, 0xb0, 0x6f, 0x30,
    0x0, 0x1, 0x90, 0x0, 0x65, 0x0, 0x0, 0x0,
    0x0, 0x0, 0x0, 0x0, 0x0, 0x8, 0xfe, 0x0,
    0x0, 0x0, 0x0, 0xde, 0xf3, 0x0, 0x0, 0x0,
    0x2f, 0x6f, 0x80, 0x0, 0x0, 0x7, 0xf1, 0xad,
    0x0, 0x0, 0x0, 0xcc, 0x6, 0xf2, 0x0, 0x0,
    0x1f, 0x70, 0x1f, 0x70, 0x0, 0x6, 0xf2, 0x0,
    0xcc, 0x0, 0x0, 0xbe, 0x11, 0x18, 0xf1, 0x0,
    0xf, 0xff, 0xff, 0xff, 0x60, 0x5, 0xf7, 0x44,
    0x44, 0xeb, 0x0, 0xaf, 0x0, 0x0, 0x9, 0xf1,
    0xe, 0xa0, 0x0, 0x0, 0x5f, 0x54, 0xf6, 0x0,
    0x0, 0x0, 0xfa,

    /* U+00C3 "Ã" */
    0x0, 0x0, 0x0, 0x0, 0x0, 0x0, 0x1, 0xdf,
    0xa3, 0x24, 0x0, 0x0, 0x27, 0x4a, 0xff, 0x80,
    0x0, 0x0, 0x0, 0x1, 0x20, 0x0, 0x0, 0x0,
    0x0, 0x0, 0x0, 0x0, 0x0, 0x8, 0xfe, 0x0,
    0x0, 0x0, 0x0, 0xde, 0xf3, 0x0, 0x0, 0x0,
    0x2f, 0x6f, 0x80, 0x0, 0x0, 0x7, 0xf1, 0xad,
    0x0, 0x0, 0x0, 0xcc, 0x6, 0xf2, 0x0, 0x0,
    0x1f, 0x70, 0x1f, 0x70, 0x0, 0x6, 0xf2, 0x0,
    0xcc, 0x0, 0x0, 0xbe, 0x11, 0x18, 0xf1, 0x0,
    0xf, 0xff, 0xff, 0xff, 0x60, 0x5, 0xf7, 0x44,
    0x44, 0xeb, 0x0, 0xaf, 0x0, 0x0, 0x9, 0xf1,
    0xe, 0xa0, 0x0, 0x0, 0x5f, 0x54, 0xf6, 0x0,
    0x0, 0x0, 0xfa,

    /* U+00C4 "Ä" */
    0x0, 0xe, 0xc0, 0x6f, 0x50, 0x0, 0x0, 0xed,
    0x6, 0xf5, 0x0, 0x0, 0x0, 0x0, 0x0, 0x0,
    0x0, 0x0, 0x0, 0x0, 0x0, 0x0, 0x0, 0x0,
    0x8f, 0xe0, 0x0, 0x0, 0x0, 0xd, 0xef, 0x30,
    0x0, 0x0, 0x2, 0xf6, 0xf8, 0x0, 0x0, 0x0,
    0x7f, 0x1a, 0xd0, 0x0, 0x0, 0xc, 0xc0, 0x6f,
    0x20, 0x0, 0x1, 0xf7, 0x1, 0xf7, 0x0, 0x0,
    0x6f, 0x20, 0xc, 0xc0, 0x0, 0xb, 0xe1, 0x11,
    0x8f, 0x10, 0x0, 0xff, 0xff, 0xff, 0xf6, 0x0,
    0x5f, 0x74, 0x44, 0x4e, 0xb0, 0xa, 0xf0, 0x0,
    0x0, 0x9f, 0x10, 0xea, 0x0, 0x0, 0x5, 0xf5,
    0x4f, 0x60, 0x0, 0x0, 0xf, 0xa0,

    /* U+00C5 "Å" */
    0x0, 0x0, 0x8e, 0xb1, 0x0, 0x0, 0x0, 0x4c,
    0x7, 0xa0, 0x0, 0x0, 0x7, 0x90, 0x3d, 0x0,
    0x0, 0x0, 0x4c, 0x7, 0xa0, 0x0, 0x0, 0x0,
    0x8e, 0xb1, 0x0, 0x0, 0x0, 0x0, 0x0, 0x0,
    0x0, 0x0, 0x0, 0x8f, 0xe0, 0x0, 0x0, 0x0,
    0xd, 0xef, 0x30, 0x0, 0x0, 0x2, 0xf6, 0xf8,
    0x0, 0x0, 0x0, 0x7f, 0x1a, 0xd0, 0x0, 0x0,
    0xc, 0xc0, 0x6f, 0x20, 0x0, 0x1, 0xf7, 0x1,
    0xf7, 0x0, 0x0, 0x6f, 0x20, 0xc, 0xc0, 0x0,
    0xb, 0xe1, 0x11, 0x8f, 0x10, 0x0, 0xff, 0xff,
    0xff, 0xf6, 0x0, 0x5f, 0x74, 0x44, 0x4e, 0xb0,
    0xa, 0xf0, 0x0, 0x0, 0x9f, 0x10, 0xea, 0x0,
    0x0, 0x5, 0xf5, 0x4f, 0x60, 0x0, 0x0, 0xf,
    0xa0,

    /* U+00C6 "Æ" */
    0x0, 0x0, 0xdf, 0xff, 0xff, 0xa0, 0x0, 0x2f,
    0x8f, 0x95, 0x53, 0x0, 0x7, 0xf1, 0xf7, 0x0,
    0x0, 0x0, 0xcb, 0x1f, 0x70, 0x0, 0x0, 0x1f,
    0x61, 0xf7, 0x0, 0x0, 0x5, 0xf1, 0x1f, 0x70,
    0x0, 0x0, 0xac, 0x1, 0xff, 0xff, 0x60, 0xf,
    0x80, 0x1f, 0x93, 0x31, 0x4, 0xff, 0xff, 0xf7,
    0x0, 0x0, 0x9f, 0x33, 0x4f, 0x70, 0x0, 0xd,
    0xa0, 0x1, 0xf7, 0x0, 0x2, 0xf6, 0x0, 0x1f,
    0x95, 0x53, 0x7f, 0x10, 0x1, 0xff, 0xff, 0xa0,

    /* U+00C7 "Ç" */
    0x0, 0x3b, 0xff, 0xc4, 0x0, 0x4, 0xfd, 0x77,
    0xcf, 0x50, 0xe, 0xd0, 0x0, 0xa, 0xe0, 0x4f,
    0x50, 0x0, 0x1, 0x20, 0x7f, 0x20, 0x0, 0x0,
    0x0, 0x9f, 0x0, 0x0, 0x0, 0x0, 0xaf, 0x0,
    0x0, 0x0, 0x0, 0xaf, 0x0, 0x0, 0x0, 0x0,
    0x8f, 0x20, 0x0, 0x0, 0x0, 0x5f, 0x50, 0x0,
    0x1, 0x20, 0xf, 0xc0, 0x0, 0xa, 0xf0, 0x7,
    0xfd, 0x77, 0xbf, 0x60, 0x0, 0x6e, 0xff, 0xc5,
    0x0, 0x0, 0x0, 0xc3, 0x0, 0x0, 0x0, 0x0,
    0x6b, 0xd0, 0x0, 0x0, 0x3, 0x34, 0xf1, 0x0,
    0x0, 0x6, 0xef, 0x80, 0x0,

    /* U+00C8 "È" */
    0x0, 0x7, 0x20, 0x0, 0x0, 0x1, 0xea, 0x0,
    0x0, 0x0, 0x4, 0xf2, 0x0, 0x0, 0x0, 0x9,
    0x50, 0x0, 0x0, 0x0, 0x0, 0x0, 0x4, 0xff,
    0xff, 0xff, 0xfe, 0x4f, 0x96, 0x66, 0x66, 0x54,
    0xf5, 0x0, 0x0, 0x0, 0x4f, 0x50, 0x0, 0x0,
    0x4, 0xf5, 0x0, 0x0, 0x0, 0x4f, 0x61, 0x11,
    0x11, 0x4, 0xff, 0xff, 0xff, 0xfa, 0x4f, 0x84,
    0x44, 0x44, 0x24, 0xf5, 0x0, 0x0, 0x0, 0x4f,
    0x50, 0x0, 0x0, 0x4, 0xf5, 0x0, 0x0, 0x0,
    0x4f, 0x96, 0x66, 0x66, 0x54, 0xff, 0xff, 0xff,
    0xfe,

    /* U+00C9 "É" */
    0x0, 0x0, 0x6, 0x40, 0x0, 0x0, 0x1, 0xf8,
    0x0, 0x0, 0x0, 0x9d, 0x0, 0x0, 0x0, 0xb,
    0x30, 0x0, 0x0, 0x0, 0x0, 0x0, 0x4, 0xff,
    0xff, 0xff, 0xfe, 0x4f, 0x96, 0x66, 0x66, 0x54,
    0xf5, 0x0, 0x0, 0x0, 0x4f, 0x50, 0x0, 0x0,
    0x4, 0xf5, 0x0, 0x0, 0x0, 0x4f, 0x61, 0x11,
    0x11, 0x4, 0xff, 0xff, 0xff, 0xfa, 0x4f, 0x84,
    0x44, 0x44, 0x24, 0xf5, 0x0, 0x0, 0x0, 0x4f,
    0x50, 0x0, 0x0, 0x4, 0xf5, 0x0, 0x0, 0x0,
    0x4f, 0x96, 0x66, 0x66, 0x54, 0xff, 0xff, 0xff,
    0xfe,

    /* U+00CA "Ê" */
    0x0, 0x2, 0x87, 0x0, 0x0, 0x1, 0xdd, 0xf8,
    0x0, 0x0, 0xbc, 0x15, 0xf4, 0x0, 0x19, 0x0,
    0x5, 0x60, 0x0, 0x0, 0x0, 0x0, 0x4, 0xff,
    0xff, 0xff, 0xfe, 0x4f, 0x96, 0x66, 0x66, 0x54,
    0xf5, 0x0, 0x0, 0x0, 0x4f, 0x50, 0x0, 0x0,
    0x4, 0xf5, 0x0, 0x0, 0x0, 0x4f, 0x61, 0x11,
    0x11, 0x4, 0xff, 0xff, 0xff, 0xfa, 0x4f, 0x84,
    0x44, 0x44, 0x24, 0xf5, 0x0, 0x0, 0x0, 0x4f,
    0x50, 0x0, 0x0, 0x4, 0xf5, 0x0, 0x0, 0x0,
    0x4f, 0x96, 0x66, 0x66, 0x54, 0xff, 0xff, 0xff,
    0xfe,

    /* U+00CB "Ë" */
    0x0, 0xdd, 0x5, 0xf7, 0x0, 0xd, 0xe0, 0x5f,
    0x70, 0x0, 0x0, 0x0, 0x0, 0x0, 0x0, 0x0,
    0x0, 0x0, 0x4f, 0xff, 0xff, 0xff, 0xe4, 0xf9,
    0x66, 0x66, 0x65, 0x4f, 0x50, 0x0, 0x0, 0x4,
    0xf5, 0x0, 0x0, 0x0, 0x4f, 0x50, 0x0, 0x0,
    0x4, 0xf6, 0x11, 0x11, 0x10, 0x4f, 0xff, 0xff,
    0xff, 0xa4, 0xf8, 0x44, 0x44, 0x42, 0x4f, 0x50,
    0x0, 0x0, 0x4, 0xf5, 0x0, 0x0, 0x0, 0x4f,
    0x50, 0x0, 0x0, 0x4, 0xf9, 0x66, 0x66, 0x65,
    0x4f, 0xff, 0xff, 0xff, 0xe0,

    /* U+00CC "Ì" */
    0x0, 0x18, 0x10, 0x0, 0x0, 0x1, 0xf9, 0x0,
    0x0, 0x0, 0x6, 0xf1, 0x0, 0x0, 0x0, 0xa,
    0x40, 0x0, 0x0, 0x0, 0x0, 0x0, 0x6, 0xff,
    0xff, 0xff, 0xfc, 0x14, 0x45, 0xfa, 0x44, 0x30,
    0x0, 0x1f, 0x80, 0x0, 0x0, 0x1, 0xf8, 0x0,
    0x0, 0x0, 0x1f, 0x80, 0x0, 0x0, 0x1, 0xf8,
    0x0, 0x0, 0x0, 0x1f, 0x80, 0x0, 0x0, 0x1,
    0xf8, 0x0, 0x0, 0x0, 0x1f, 0x80, 0x0, 0x0,
    0x1, 0xf8, 0x0, 0x0, 0x0, 0x1f, 0x80, 0x0,
    0x14, 0x45, 0xfa, 0x44, 0x36, 0xff, 0xff, 0xff,
    0xfc,

    /* U+00CD "Í" */
    0x0, 0x0, 0x7, 0x30, 0x0, 0x0, 0x2, 0xf7,
    0x0, 0x0, 0x0, 0xac, 0x0, 0x0, 0x0, 0xb,
    0x20, 0x0, 0x0, 0x0, 0x0, 0x0, 0x6, 0xff,
    0xff, 0xff, 0xfc, 0x14, 0x45, 0xfa, 0x44, 0x30,
    0x0, 0x1f, 0x80, 0x0, 0x0, 0x1, 0xf8, 0x0,
    0x0, 0x0, 0x1f, 0x80, 0x0, 0x0, 0x1, 0xf8,
    0x0, 0x0, 0x0, 0x1f, 0x80, 0x0, 0x0, 0x1,
    0xf8, 0x0, 0x0, 0x0, 0x1f, 0x80, 0x0, 0x0,
    0x1, 0xf8, 0x0, 0x0, 0x0, 0x1f, 0x80, 0x0,
    0x14, 0x45, 0xfa, 0x44, 0x36, 0xff, 0xff, 0xff,
    0xfc,

    /* U+00CE "Î" */
    0x0, 0x3, 0x86, 0x0, 0x0, 0x1, 0xed, 0xf6,
    0x0, 0x0, 0xcb, 0x6, 0xf3, 0x0, 0x19, 0x0,
    0x6, 0x50, 0x0, 0x0, 0x0, 0x0, 0x6, 0xff,
    0xff, 0xff, 0xfc, 0x14, 0x45, 0xfa, 0x44, 0x30,
    0x0, 0x1f, 0x80, 0x0, 0x0, 0x1, 0xf8, 0x0,
    0x0, 0x0, 0x1f, 0x80, 0x0, 0x0, 0x1, 0xf8,
    0x0, 0x0, 0x0, 0x1f, 0x80, 0x0, 0x0, 0x1,
    0xf8, 0x0, 0x0, 0x0, 0x1f, 0x80, 0x0, 0x0,
    0x1, 0xf8, 0x0, 0x0, 0x0, 0x1f, 0x80, 0x0,
    0x14, 0x45, 0xfa, 0x44, 0x36, 0xff, 0xff, 0xff,
    0xfc,

    /* U+00CF "Ï" */
    0x0, 0xec, 0x6, 0xf5, 0x0, 0xe, 0xd0, 0x6f,
    0x50, 0x0, 0x0, 0x0, 0x0, 0x0, 0x0, 0x0,
    0x0, 0x0, 0x6f, 0xff, 0xff, 0xff, 0xc1, 0x44,
    0x5f, 0xa4, 0x43, 0x0, 0x1, 0xf8, 0x0, 0x0,
    0x0, 0x1f, 0x80, 0x0, 0x0, 0x1, 0xf8, 0x0,
    0x0, 0x0, 0x1f, 0x80, 0x0, 0x0, 0x1, 0xf8,
    0x0, 0x0, 0x0, 0x1f, 0x80, 0x0, 0x0, 0x1,
    0xf8, 0x0, 0x0, 0x0, 0x1f, 0x80, 0x0, 0x0,
    0x1, 0xf8, 0x0, 0x1, 0x44, 0x5f, 0xa4, 0x43,
    0x6f, 0xff, 0xff, 0xff, 0xc0,

    /* U+00D0 "Ð" */
    0x1, 0xff, 0xff, 0xe9, 0x10, 0x0, 0x1f, 0xb6,
    0x68, 0xfe, 0x10, 0x1, 0xf8, 0x0, 0x3, 0xf9,
    0x0, 0x1f, 0x80, 0x0, 0xb, 0xf0, 0x1, 0xf8,
    0x0, 0x0, 0x7f, 0x29, 0xff, 0xff, 0xf3, 0x5,
    0xf4, 0x14, 0xfa, 0x33, 0x0, 0x5f, 0x50, 0x1f,
    0x80, 0x0, 0x5, 0xf4, 0x1, 0xf8, 0x0, 0x0,
    0x7f, 0x20, 0x1f, 0x80, 0x0, 0xb, 0xf0, 0x1,
    0xf8, 0x0, 0x3, 0xf9, 0x0, 0x1f, 0xb6, 0x68,
    0xfe, 0x10, 0x1, 0xff, 0xff, 0xe9, 0x10, 0x0,

    /* U+00D1 "Ñ" */
    0x0, 0x0, 0x0, 0x0, 0x0, 0x1d, 0xfa, 0x32,
    0x40, 0x2, 0x74, 0xaf, 0xf8, 0x0, 0x0, 0x0,
    0x12, 0x0, 0x0, 0x0, 0x0, 0x0, 0x7, 0xff,
    0x0, 0x0, 0x9e, 0x7f, 0xf6, 0x0, 0x9, 0xe7,
    0xfb, 0xc0, 0x0, 0x9e, 0x7f, 0x4f, 0x30, 0x9,
    0xe7, 0xf0, 0xea, 0x0, 0x9e, 0x7f, 0x7, 0xf1,
    0x9, 0xe7, 0xf0, 0x1f, 0x70, 0x9e, 0x7f, 0x0,
    0xad, 0x9, 0xe7, 0xf0, 0x3, 0xf4, 0x9e, 0x7f,
    0x0, 0xd, 0xb9, 0xe7, 0xf0, 0x0, 0x6f, 0xbe,
    0x7f, 0x0, 0x0, 0xff, 0xe7, 0xf0, 0x0, 0x9,
    0xfe,

    /* U+00D2 "Ò" */
    0x0, 0x4, 0x0, 0x0, 0x0, 0x0, 0x3f, 0x70,
    0x0, 0x0, 0x0, 0x8, 0xe0, 0x0, 0x0, 0x0,
    0x0, 0xd5, 0x0, 0x0, 0x0, 0x0, 0x0, 0x0,
    0x0, 0x0, 0x7d, 0xfe, 0xa1, 0x0, 0xa, 0xfa,
    0x68, 0xee, 0x10, 0x3f, 0x80, 0x0, 0x2f, 0xa0,
    0x9f, 0x10, 0x0, 0xa, 0xf0, 0xcd, 0x0, 0x0,
    0x7, 0xf2, 0xec, 0x0, 0x0, 0x5, 0xf4, 0xec,
    0x0, 0x0, 0x5, 0xf5, 0xec, 0x0, 0x0, 0x5,
    0xf4, 0xcd, 0x0, 0x0, 0x7, 0xf2, 0x9f, 0x10,
    0x0, 0xa, 0xf0, 0x4f, 0x80, 0x0, 0x2f, 0xa0,
    0xa, 0xfa, 0x68, 0xee, 0x10, 0x0, 0x7d, 0xfe,
    0xa2, 0x0,

    /* U+00D3 "Ó" */
    0x0, 0x0, 0x4, 0x10, 0x0, 0x0, 0x0, 0x1f,
    0x90, 0x0, 0x0, 0x0, 0x8e, 0x0, 0x0, 0x0,
    0x0, 0xe4, 0x0, 0x0, 0x0, 0x0, 0x0, 0x0,
    0x0, 0x0, 0x7d, 0xfe, 0xa1, 0x0, 0xa, 0xfa,
    0x68, 0xee, 0x10, 0x3f, 0x80, 0x0, 0x2f, 0xa0,
    0x9f, 0x10, 0x0, 0xa, 0xf0, 0xcd, 0x0, 0x0,
    0x7, 0xf2, 0xec, 0x0, 0x0, 0x5, 0xf4, 0xec,
    0x0, 0x0, 0x5, 0xf5, 0xec, 0x0, 0x0, 0x5,
    0xf4, 0xcd, 0x0, 0x0, 0x7, 0xf2, 0x9f, 0x10,
    0x0, 0xa, 0xf0, 0x4f, 0x80, 0x0, 0x2f, 0xa0,
    0xa, 0xfa, 0x68, 0xee, 0x10, 0x0, 0x7d, 0xfe,
    0xa2, 0x0,

    /* U+00D4 "Ô" */
    0x0, 0x9, 0xfe, 0x10, 0x0, 0x0, 0x4f, 0x9f,
    0xa0, 0x0, 0x0, 0xd9, 0x4, 0xf5, 0x0, 0x1,
    0x90, 0x0, 0x65, 0x0, 0x0, 0x0, 0x0, 0x0,
    0x0, 0x0, 0x7d, 0xfe, 0xa1, 0x0, 0xa, 0xfa,
    0x68, 0xee, 0x10, 0x3f, 0x80, 0x0, 0x2f, 0xa0,
    0x9f, 0x10, 0x0, 0xa, 0xf0, 0xcd, 0x0, 0x0,
    0x7, 0xf2, 0xec, 0x0, 0x0, 0x5, 0xf4, 0xec,
    0x0, 0x0, 0x5, 0xf5, 0xec, 0x0, 0x0, 0x5,
    0xf4, 0xcd, 0x0, 0x0, 0x7, 0xf2, 0x9f, 0x10,
    0x0, 0xa, 0xf0, 0x4f, 0x80, 0x0, 0x2f, 0xa0,
    0xa, 0xfa, 0x68, 0xee, 0x10, 0x0, 0x7d, 0xfe,
    0xa2, 0x0,

    /* U+00D5 "Õ" */
    0x0, 0x0, 0x0, 0x0, 0x0, 0x1, 0xdf, 0xa3,
    0x24, 0x0, 0x2, 0x74, 0xaf, 0xf8, 0x0, 0x0,
    0x0, 0x1, 0x20, 0x0, 0x0, 0x0, 0x0, 0x0,
    0x0, 0x0, 0x7d, 0xfe, 0xa1, 0x0, 0xa, 0xfa,
    0x68, 0xee, 0x10, 0x3f, 0x80, 0x0, 0x2f, 0xa0,
    0x9f, 0x10, 0x0, 0xa, 0xf0, 0xcd, 0x0, 0x0,
    0x7, 0xf2, 0xec, 0x0, 0x0, 0x5, 0xf4, 0xec,
    0x0, 0x0, 0x5, 0xf5, 0xec, 0x0, 0x0, 0x5,
    0xf4, 0xcd, 0x0, 0x0, 0x7, 0xf2, 0x9f, 0x10,
    0x0, 0xa, 0xf0, 0x4f, 0x80, 0x0, 0x2f, 0xa0,
    0xa, 0xfa, 0x68, 0xee, 0x10, 0x0, 0x7d, 0xfe,
    0xa2, 0x0,

    /* U+00D6 "Ö" */
    0x0, 0x0, 0x0, 0x0, 0x0, 0x0, 0xed, 0x6,
    0xf5, 0x0, 0x0, 0xec, 0x6, 0xf5, 0x0, 0x0,
    0x0, 0x0, 0x0, 0x0, 0x0, 0x0, 0x0, 0x0,
    0x0, 0x0, 0x7d, 0xfe, 0xa1, 0x0, 0xa, 0xfa,
    0x68, 0xee, 0x10, 0x3f, 0x80, 0x0, 0x2f, 0xa0,
    0x9f, 0x10, 0x0, 0xa, 0xf0, 0xcd, 0x0, 0x0,
    0x7, 0xf2, 0xec, 0x0, 0x0, 0x5, 0xf4, 0xec,
    0x0, 0x0, 0x5, 0xf5, 0xec, 0x0, 0x0, 0x5,
    0xf4, 0xcd, 0x0, 0x0, 0x7, 0xf2, 0x9f, 0x10,
    0x0, 0xa, 0xf0, 0x4f, 0x80, 0x0, 0x2f, 0xa0,
    0xa, 0xfa, 0x68, 0xee, 0x10, 0x0, 0x7d, 0xfe,
    0xa2, 0x0,

    /* U+00D7 "×" */
    0x8, 0x10, 0x0, 0x7, 0x21, 0xdd, 0x10, 0x7,
    0xf5, 0x1, 0xdd, 0x17, 0xf5, 0x0, 0x1, 0xde,
    0xf5, 0x0, 0x0, 0x8, 0xfd, 0x10, 0x0, 0x8,
    0xf7, 0xdd, 0x10, 0x8, 0xf5, 0x1, 0xdd, 0x11,
    0xe5, 0x0, 0x1, 0xd7, 0x0, 0x0, 0x0, 0x0,
    0x0,

    /* U+00D8 "Ø" */
    0x0, 0x0, 0x0, 0x0, 0x5, 0x0, 0x0, 0x7d,
    0xfe, 0x96, 0xf3, 0x0, 0xaf, 0xa6, 0x8e, 0xfa,
    0x0, 0x3f, 0x80, 0x0, 0x7f, 0x90, 0x9, 0xf1,
    0x0, 0x2f, 0xdf, 0x0, 0xcd, 0x0, 0xb, 0xa6,
    0xf2, 0xe, 0xc0, 0x5, 0xe1, 0x5f, 0x40, 0xec,
    0x1, 0xe6, 0x5, 0xf5, 0xe, 0xc0, 0xac, 0x0,
    0x5f, 0x40, 0xcd, 0x4f, 0x20, 0x7, 0xf3, 0x9,
    0xfd, 0x70, 0x0, 0xaf, 0x0, 0x3f, 0xe0, 0x0,
    0x2f, 0xa0, 0x4, 0xff, 0xa6, 0x8e, 0xe1, 0x0,
    0xda, 0x6d, 0xfe, 0xa2, 0x0, 0x4, 0x10, 0x0,
    0x0, 0x0, 0x0,

    /* U+00D9 "Ù" */
    0x0, 0x18, 0x10, 0x0, 0x0, 0x1, 0xf9, 0x0,
    0x0, 0x0, 0x6, 0xf1, 0x0, 0x0, 0x0, 0xa,
    0x40, 0x0, 0x0, 0x0, 0x0, 0x0, 0x7, 0xf1,
    0x0, 0x0, 0xbe, 0x7f, 0x10, 0x0, 0xb, 0xe7,
    0xf1, 0x0, 0x0, 0xbe, 0x7f, 0x10, 0x0, 0xb,
    0xe7, 0xf1, 0x0, 0x0, 0xbe, 0x7f, 0x10, 0x0,
    0xb, 0xe7, 0xf1, 0x0, 0x0, 0xbe, 0x7f, 0x10,
    0x0, 0xb, 0xd7, 0xf2, 0x0, 0x0, 0xcd, 0x5f,
    0x30, 0x0, 0xd, 0xc2, 0xf8, 0x0, 0x1, 0xf9,
    0xb, 0xf9, 0x67, 0xdf, 0x20, 0x19, 0xef, 0xfb,
    0x30,

    /* U+00DA "Ú" */
    0x0, 0x0, 0x7, 0x30, 0x0, 0x0, 0x2, 0xf7,
    0x0, 0x0, 0x0, 0xac, 0x0, 0x0, 0x0, 0xb,
    0x20, 0x0, 0x0, 0x0, 0x0, 0x0, 0x7, 0xf1,
    0x0, 0x0, 0xbe, 0x7f, 0x10, 0x0, 0xb, 0xe7,
    0xf1, 0x0, 0x0, 0xbe, 0x7f, 0x10, 0x0, 0xb,
    0xe7, 0xf1, 0x0, 0x0, 0xbe, 0x7f, 0x10, 0x0,
    0xb, 0xe7, 0xf1, 0x0, 0x0, 0xbe, 0x7f, 0x10,
    0x0, 0xb, 0xd7, 0xf2, 0x0, 0x0, 0xcd, 0x5f,
    0x30, 0x0, 0xd, 0xc2, 0xf8, 0x0, 0x1, 0xf9,
    0xb, 0xf9, 0x67, 0xdf, 0x20, 0x19, 0xef, 0xfb,
    0x30,

    /* U+00DB "Û" */
    0x0, 0x9, 0xfe, 0x10, 0x0, 0x4, 0xf8, 0xeb,
    0x0, 0x1, 0xe8, 0x3, 0xf6, 0x0, 0x6, 0x0,
    0x4, 0x30, 0x0, 0x0, 0x0, 0x0, 0x7, 0xf1,
    0x0, 0x0, 0xbe, 0x7f, 0x10, 0x0, 0xb, 0xe7,
    0xf1, 0x0, 0x0, 0xbe, 0x7f, 0x10, 0x0, 0xb,
    0xe7, 0xf1, 0x0, 0x0, 0xbe, 0x7f, 0x10, 0x0,
    0xb, 0xe7, 0xf1, 0x0, 0x0, 0xbe, 0x7f, 0x10,
    0x0, 0xb, 0xd7, 0xf2, 0x0, 0x0, 0xcd, 0x5f,
    0x30, 0x0, 0xd, 0xc2, 0xf8, 0x0, 0x1, 0xf9,
    0xb, 0xf9, 0x67, 0xdf, 0x20, 0x19, 0xef, 0xfb,
    0x30,

    /* U+00DC "Ü" */
    0x0, 0x0, 0x0, 0x0, 0x0, 0xe, 0xd0, 0x6f,
    0x50, 0x0, 0xec, 0x6, 0xf5, 0x0, 0x0, 0x0,
    0x0, 0x0, 0x0, 0x0, 0x0, 0x0, 0x7, 0xf1,
    0x0, 0x0, 0xbe, 0x7f, 0x10, 0x0, 0xb, 0xe7,
    0xf1, 0x0, 0x0, 0xbe, 0x7f, 0x10, 0x0, 0xb,
    0xe7, 0xf1, 0x0, 0x0, 0xbe, 0x7f, 0x10, 0x0,
    0xb, 0xe7, 0xf1, 0x0, 0x0, 0xbe, 0x7f, 0x10,
    0x0, 0xb, 0xd7, 0xf2, 0x0, 0x0, 0xcd, 0x5f,
    0x30, 0x0, 0xd, 0xc2, 0xf8, 0x0, 0x1, 0xf9,
    0xb, 0xf9, 0x67, 0xdf, 0x20, 0x19, 0xef, 0xfb,
    0x30,

    /* U+00DD "Ý" */
    0x0, 0x0, 0x0, 0x73, 0x0, 0x0, 0x0, 0x0,
    0x2, 0xf7, 0x0, 0x0, 0x0, 0x0, 0xa, 0xc0,
    0x0, 0x0, 0x0, 0x0, 0xb, 0x20, 0x0, 0x0,
    0x0, 0x0, 0x0, 0x0, 0x0, 0x0, 0x6f, 0x60,
    0x0, 0x0, 0x1e, 0xc0, 0xc, 0xe1, 0x0, 0x0,
    0x8f, 0x30, 0x3, 0xf8, 0x0, 0x2, 0xfa, 0x0,
    0x0, 0xaf, 0x20, 0xa, 0xf1, 0x0, 0x0, 0x1f,
    0xa0, 0x3f, 0x70, 0x0, 0x0, 0x7, 0xf3, 0xcd,
    0x0, 0x0, 0x0, 0x0, 0xde, 0xf4, 0x0, 0x0,
    0x0, 0x0, 0x5f, 0xb0, 0x0, 0x0, 0x0, 0x0,
    0x1f, 0x80, 0x0, 0x0, 0x0, 0x0, 0x1f, 0x80,
    0x0, 0x0, 0x0, 0x0, 0x1f, 0x80, 0x0, 0x0,
    0x0, 0x0, 0x1f, 0x80, 0x0, 0x0, 0x0, 0x0,
    0x1f, 0x80, 0x0, 0x0,

    /* U+00DE "Þ" */
    0x4f, 0x50, 0x0, 0x0, 0x0, 0x4f, 0x50, 0x0,
    0x0, 0x0, 0x4f, 0x61, 0x11, 0x0, 0x0, 0x4f,
    0xff, 0xff, 0xfa, 0x10, 0x4f, 0x84, 0x44, 0x7f,
    0xb0, 0x4f, 0x50, 0x0, 0x7, 0xf2, 0x4f, 0x50,
    0x0, 0x5, 0xf4, 0x4f, 0x50, 0x0, 0x6, 0xf2,
    0x4f, 0x61, 0x11, 0x4e, 0xd0, 0x4f, 0xff, 0xff,
    0xfc, 0x20, 0x4f, 0x84, 0x44, 0x20, 0x0, 0x4f,
    0x50, 0x0, 0x0, 0x0, 0x4f, 0x50, 0x0, 0x0,
    0x0,

    /* U+00DF "ß" */
    0x5, 0xef, 0xfb, 0x0, 0x0, 0xe, 0x95, 0x53,
    0x0, 0x0, 0xf, 0x70, 0x0, 0x0, 0x0, 0x1f,
    0x70, 0x0, 0x0, 0x0, 0x1f, 0xff, 0xff, 0xff,
    0xf0, 0x1f, 0x94, 0x44, 0x4c, 0xe0, 0x1f, 0x70,
    0x0, 0x4f, 0x40, 0x1f, 0x70, 0x1, 0xe8, 0x0,
    0x1f, 0x70, 0xc, 0xc0, 0x0, 0x1f, 0x70, 0x7f,
    0x20, 0x0, 0x1f, 0x70, 0xcf, 0xd9, 0x20, 0x1f,
    0x70, 0x12, 0x5d, 0xf3, 0x1f, 0x70, 0x0, 0x1,
    0xfa, 0x1f, 0x70, 0x0, 0x0, 0xcd, 0x0, 0x0,
    0x0, 0x0, 0xdc, 0x0, 0x0, 0x0, 0x2, 0xf8,
    0x0, 0x1, 0x45, 0x8e, 0xd1, 0x0, 0x5, 0xff,
    0xd8, 0x0,

    /* U+00E0 "à" */
    0x0, 0x38, 0x0, 0x0, 0x0, 0x0, 0x5f, 0x40,
    0x0, 0x0, 0x0, 0xa, 0xc0, 0x0, 0x0, 0x0,
    0x1, 0xb1, 0x0, 0x0, 0x0, 0x0, 0x0, 0x0,
    0x0, 0x2, 0xae, 0xfd, 0x60, 0x0, 0x2f, 0xb5,
    0x58, 0xf9, 0x0, 0x5, 0x0, 0x0, 0x9f, 0x0,
    0x0, 0x0, 0x0, 0x7f, 0x10, 0x5, 0xbe, 0xff,
    0xff, 0x10, 0x4f, 0xa4, 0x22, 0x8f, 0x10, 0xae,
    0x0, 0x0, 0x7f, 0x10, 0xae, 0x0, 0x0, 0x9f,
    0x10, 0x5f, 0x71, 0x27, 0xcf, 0x62, 0x5, 0xdf,
    0xe8, 0xc, 0xf7,

    /* U+00E1 "á" */
    0x0, 0x0, 0x8, 0x10, 0x0, 0x0, 0x0, 0x7f,
    0x20, 0x0, 0x0, 0x0, 0xe7, 0x0, 0x0, 0x0,
    0x3, 0xb0, 0x0, 0x0, 0x0, 0x0, 0x0, 0x0,
    0x0, 0x2, 0xae, 0xfd, 0x60, 0x0, 0x2f, 0xb5,
    0x58, 0xf9, 0x0, 0x5, 0x0, 0x0, 0x9f, 0x0,
    0x0, 0x0, 0x0, 0x7f, 0x10, 0x5, 0xbe, 0xff,
    0xff, 0x10, 0x4f, 0xa4, 0x22, 0x8f, 0x10, 0xae,
    0x0, 0x0, 0x7f, 0x10, 0xae, 0x0, 0x0, 0x9f,
    0x10, 0x5f, 0x71, 0x27, 0xcf, 0x62, 0x5, 0xdf,
    0xe8, 0xc, 0xf7,

    /* U+00E2 "â" */
    0x0, 0x5, 0x84, 0x0, 0x0, 0x0, 0x5f, 0xdf,
    0x20, 0x0, 0x2, 0xf7, 0xa, 0xd0, 0x0, 0x4,
    0x60, 0x0, 0x92, 0x0, 0x0, 0x0, 0x0, 0x0,
    0x0, 0x2, 0xae, 0xfd, 0x60, 0x0, 0x2f, 0xb5,
    0x58, 0xf9, 0x0, 0x5, 0x0, 0x0, 0x9f, 0x0,
    0x0, 0x0, 0x0, 0x7f, 0x10, 0x5, 0xbe, 0xff,
    0xff, 0x10, 0x4f, 0xa4, 0x22, 0x8f, 0x10, 0xae,
    0x0, 0x0, 0x7f, 0x10, 0xae, 0x0, 0x0, 0x9f,
    0x10, 0x5f, 0x71, 0x27, 0xcf, 0x62, 0x5, 0xdf,
    0xe8, 0xc, 0xf7,

    /* U+00E3 "ã" */
    0x4, 0xee, 0x81, 0x31, 0x0, 0x6, 0x66, 0xdf,
    0xf4, 0x0, 0x0, 0x0, 0x3, 0x10, 0x0, 0x0,
    0x0, 0x0, 0x0, 0x0, 0x2, 0xae, 0xfd, 0x60,
    0x0, 0x2f, 0xb5, 0x58, 0xf9, 0x0, 0x5, 0x0,
    0x0, 0x9f, 0x0, 0x0, 0x0, 0x0, 0x7f, 0x10,
    0x5, 0xbe, 0xff, 0xff, 0x10, 0x4f, 0xa4, 0x22,
    0x8f, 0x10, 0xae, 0x0, 0x0, 0x7f, 0x10, 0xae,
    0x0, 0x0, 0x9f, 0x10, 0x5f, 0x71, 0x27, 0xcf,
    0x62, 0x5, 0xdf, 0xe8, 0xc, 0xf7,

    /* U+00E4 "ä" */
    0x4, 0xf8, 0xb, 0xe1, 0x0, 0x4, 0xf8, 0xb,
    0xf1, 0x0, 0x0, 0x0, 0x0, 0x0, 0x0, 0x2,
    0xae, 0xfd, 0x60, 0x0, 0x2f, 0xb5, 0x58, 0xf9,
    0x0, 0x5, 0x0, 0x0, 0x9f, 0x0, 0x0, 0x0,
    0x0, 0x7f, 0x10, 0x5, 0xbe, 0xff, 0xff, 0x10,
    0x4f, 0xa4, 0x22, 0x8f, 0x10, 0xae, 0x0, 0x0,
    0x7f, 0x10, 0xae, 0x0, 0x0, 0x9f, 0x10, 0x5f,
    0x71, 0x27, 0xcf, 0x62, 0x5, 0xdf, 0xe8, 0xc,
    0xf7,

    /* U+00E5 "å" */
    0x0, 0x2b, 0xea, 0x0, 0x0, 0x0, 0xb7, 0xa,
    0x70, 0x0, 0x0, 0xb7, 0xa, 0x70, 0x0, 0x0,
    0x2c, 0xea, 0x0, 0x0, 0x0, 0x0, 0x0, 0x0,
    0x0, 0x2, 0xae, 0xfd, 0x60, 0x0, 0x2f, 0xb5,
    0x58, 0xf9, 0x0, 0x5, 0x0, 0x0, 0x9f, 0x0,
    0x0, 0x0, 0x0, 0x7f, 0x10, 0x5, 0xbe, 0xff,
    0xff, 0x10, 0x4f, 0xa4, 0x22, 0x8f, 0x10, 0xae,
    0x0, 0x0, 0x7f, 0x10, 0xae, 0x0, 0x0, 0x9f,
    0x10, 0x5f, 0x71, 0x27, 0xcf, 0x62, 0x5, 0xdf,
    0xe8, 0xc, 0xf7,

    /* U+00E6 "æ" */
    0x6, 0xdf, 0xb1, 0x7e, 0xf9, 0x0, 0x5f, 0x53,
    0xcd, 0xd3, 0x4d, 0x80, 0x3, 0x0, 0x5f, 0x40,
    0x5, 0xe0, 0x0, 0x0, 0x3f, 0x20, 0x3, 0xf0,
    0x6, 0xce, 0xff, 0xff, 0xff, 0xf0, 0x6f, 0x62,
    0x5f, 0x42, 0x22, 0x20, 0xba, 0x0, 0x3f, 0x30,
    0x0, 0x0, 0xca, 0x0, 0x6f, 0x70, 0x6, 0x80,
    0x8e, 0x55, 0xb7, 0xf5, 0x5f, 0x60, 0xa, 0xfd,
    0x30, 0x8e, 0xe7, 0x0,

    /* U+00E7 "ç" */
    0x0, 0x4b, 0xff, 0xb3, 0x0, 0x5f, 0xb6, 0x5b,
    0xf3, 0xe, 0xb0, 0x0, 0x9, 0x33, 0xf5, 0x0,
    0x0, 0x0, 0x5f, 0x30, 0x0, 0x0, 0x5, 0xf3,
    0x0, 0x0, 0x0, 0x3f, 0x50, 0x0, 0x0, 0x0,
    0xdb, 0x0, 0x0, 0x85, 0x5, 0xfb, 0x55, 0xaf,
    0x50, 0x4, 0xcf, 0xfc, 0x40, 0x0, 0x0, 0xd1,
    0x0, 0x0, 0x0, 0x7, 0xcb, 0x0, 0x0, 0x4,
    0x25, 0xf0, 0x0, 0x0, 0x7f, 0xe7, 0x0,

    /* U+00E8 "è" */
    0x0, 0x18, 0x20, 0x0, 0x0, 0x0, 0x1e, 0x90,
    0x0, 0x0, 0x0, 0x5, 0xf2, 0x0, 0x0, 0x0,
    0x0, 0x94, 0x0, 0x0, 0x0, 0x0, 0x0, 0x0,
    0x0, 0x0, 0x6c, 0xfe, 0xa1, 0x0, 0x8, 0xf9,
    0x46, 0xce, 0x20, 0x3f, 0x60, 0x0, 0xd, 0xb0,
    0x8f, 0x0, 0x0, 0x9, 0xf0, 0xbf, 0xff, 0xff,
    0xff, 0xf1, 0xbe, 0x33, 0x33, 0x33, 0x30, 0x8f,
    0x0, 0x0, 0x0, 0x0, 0x3f, 0x70, 0x0, 0xa,
    0x60, 0x8, 0xfa, 0x66, 0xcf, 0x40, 0x0, 0x6c,
    0xfe, 0xb3, 0x0,

    /* U+00E9 "é" */
    0x0, 0x0, 0x7, 0x40, 0x0, 0x0, 0x0, 0x2f,
    0x70, 0x0, 0x0, 0x0, 0xac, 0x0, 0x0, 0x0,
    0x0, 0xb2, 0x0, 0x0, 0x0, 0x0, 0x0, 0x0,
    0x0, 0x0, 0x6c, 0xfe, 0xa1, 0x0, 0x8, 0xf9,
    0x46, 0xce, 0x20, 0x3f, 0x60, 0x0, 0xd, 0xb0,
    0x8f, 0x0, 0x0, 0x9, 0xf0, 0xbf, 0xff, 0xff,
    0xff, 0xf1, 0xbe, 0x33, 0x33, 0x33, 0x30, 0x8f,
    0x0, 0x0, 0x0, 0x0, 0x3f, 0x70, 0x0, 0xa,
    0x60, 0x8, 0xfa, 0x66, 0xcf, 0x40, 0x0, 0x6c,
    0xfe, 0xb3, 0x0,

    /* U+00EA "ê" */
    0x0, 0x3, 0x86, 0x0, 0x0, 0x0, 0x1e, 0xdf,
    0x70, 0x0, 0x0, 0xcc, 0x5, 0xf4, 0x0, 0x1,
    0x90, 0x0, 0x55, 0x0, 0x0, 0x0, 0x0, 0x0,
    0x0, 0x0, 0x6c, 0xfe, 0xa1, 0x0, 0x8, 0xf9,
    0x46, 0xce, 0x20, 0x3f, 0x60, 0x0, 0xd, 0xb0,
    0x8f, 0x0, 0x0, 0x9, 0xf0, 0xbf, 0xff, 0xff,
    0xff, 0xf1, 0xbe, 0x33, 0x33, 0x33, 0x30, 0x8f,
    0x0, 0x0, 0x0, 0x0, 0x3f, 0x70, 0x0, 0xa,
    0x60, 0x8, 0xfa, 0x66, 0xcf, 0x40, 0x0, 0x6c,
    0xfe, 0xb3, 0x0,

    /* U+00EB "ë" */
    0x0, 0xed, 0x6, 0xf6, 0x0, 0x0, 0xed, 0x6,
    0xf6, 0x0, 0x0, 0x0, 0x0, 0x0, 0x0, 0x0,
    0x6c, 0xfe, 0xa1, 0x0, 0x8, 0xf9, 0x46, 0xce,
    0x20, 0x3f, 0x60, 0x0, 0xd, 0xb0, 0x8f, 0x0,
    0x0, 0x9, 0xf0, 0xbf, 0xff, 0xff, 0xff, 0xf1,
    0xbe, 0x33, 0x33, 0x33, 0x30, 0x8f, 0x0, 0x0,
    0x0, 0x0, 0x3f, 0x70, 0x0, 0xa, 0x60, 0x8,
    0xfa, 0x66, 0xcf, 0x40, 0x0, 0x6c, 0xfe, 0xb3,
    0x0,

    /* U+00EC "ì" */
    0x0, 0x6b, 0x0, 0x0, 0x0, 0x4, 0xf4, 0x0,
    0x0, 0x0, 0xa, 0xc0, 0x0, 0x0, 0x0, 0x18,
    0x0, 0x0, 0x0, 0x0, 0x0, 0x0, 0xf, 0xff,
    0xff, 0x10, 0x0, 0x44, 0x49, 0xf1, 0x0, 0x0,
    0x0, 0x7f, 0x10, 0x0, 0x0, 0x7, 0xf1, 0x0,
    0x0, 0x0, 0x7f, 0x10, 0x0, 0x0, 0x7, 0xf1,
    0x0, 0x0, 0x0, 0x7f, 0x10, 0x0, 0x0, 0x7,
    0xf1, 0x0, 0x4, 0x44, 0x9f, 0x54, 0x41, 0xff,
    0xff, 0xff, 0xff, 0x60,

    /* U+00ED "í" */
    0x0, 0x0, 0x2c, 0x20, 0x0, 0x0, 0xa, 0xd0,
    0x0, 0x0, 0x2, 0xf3, 0x0, 0x0, 0x0, 0x36,
    0x0, 0x0, 0x0, 0x0, 0x0, 0x0, 0xf, 0xff,
    0xff, 0x10, 0x0, 0x44, 0x49, 0xf1, 0x0, 0x0,
    0x0, 0x7f, 0x10, 0x0, 0x0, 0x7, 0xf1, 0x0,
    0x0, 0x0, 0x7f, 0x10, 0x0, 0x0, 0x7, 0xf1,
    0x0, 0x0, 0x0, 0x7f, 0x10, 0x0, 0x0, 0x7,
    0xf1, 0x0, 0x4, 0x44, 0x9f, 0x54, 0x41, 0xff,
    0xff, 0xff, 0xff, 0x60,

    /* U+00EE "î" */
    0x0, 0x6, 0x83, 0x0, 0x0, 0x7, 0xfc, 0xe2,
    0x0, 0x4, 0xf4, 0xa, 0xd0, 0x0, 0x44, 0x0,
    0x7, 0x10, 0x0, 0x0, 0x0, 0x0, 0xf, 0xff,
    0xff, 0x10, 0x0, 0x44, 0x49, 0xf1, 0x0, 0x0,
    0x0, 0x7f, 0x10, 0x0, 0x0, 0x7, 0xf1, 0x0,
    0x0, 0x0, 0x7f, 0x10, 0x0, 0x0, 0x7, 0xf1,
    0x0, 0x0, 0x0, 0x7f, 0x10, 0x0, 0x0, 0x7,
    0xf1, 0x0, 0x4, 0x44, 0x9f, 0x54, 0x41, 0xff,
    0xff, 0xff, 0xff, 0x60,

    /* U+00EF "ï" */
    0x5, 0xf6, 0xc, 0xe0, 0x0, 0x5f, 0x70, 0xde,
    0x0, 0x0, 0x0, 0x0, 0x0, 0xf, 0xff, 0xff,
    0x10, 0x0, 0x44, 0x49, 0xf1, 0x0, 0x0, 0x0,
    0x7f, 0x10, 0x0, 0x0, 0x7, 0xf1, 0x0, 0x0,
    0x0, 0x7f, 0x10, 0x0, 0x0, 0x7, 0xf1, 0x0,
    0x0, 0x0, 0x7f, 0x10, 0x0, 0x0, 0x7, 0xf1,
    0x0, 0x4, 0x44, 0x9f, 0x54, 0x41, 0xff, 0xff,
    0xff, 0xff, 0x60,

    /* U+00F0 "ð" */
    0x0, 0x0, 0x0, 0x0, 0x0, 0x1, 0x9f, 0x95,
    0xe6, 0x0, 0x0, 0x4, 0xff, 0x60, 0x0, 0x0,
    0x4e, 0x8b, 0xd0, 0x0, 0x0, 0x2, 0x0, 0xd9,
    0x0, 0x0, 0x8e, 0xfc, 0x7f, 0x20, 0xa, 0xf9,
    0x57, 0xdd, 0x80, 0x4f, 0x50, 0x0, 0x1e, 0xd0,
    0x9f, 0x0, 0x0, 0x9, 0xf0, 0xbe, 0x0, 0x0,
    0x7, 0xf1, 0xbe, 0x0, 0x0, 0x7, 0xf1, 0x9f,
    0x0, 0x0, 0x9, 0xf0, 0x4f, 0x50, 0x0, 0x1e,
    0xa0, 0xa, 0xf9, 0x57, 0xdf, 0x20, 0x0, 0x7d,
    0xfe, 0xa2, 0x0,

    /* U+00F1 "ñ" */
    0x1, 0xcf, 0xa3, 0x14, 0x0, 0x28, 0x4a, 0xff,
    0x90, 0x0, 0x0, 0x1, 0x30, 0x0, 0x0, 0x0,
    0x0, 0x0, 0x2f, 0x68, 0xef, 0xb2, 0x2, 0xfc,
    0x72, 0x4c, 0xf1, 0x2f, 0x80, 0x0, 0x2f, 0x72,
    0xf6, 0x0, 0x0, 0xe9, 0x2f, 0x60, 0x0, 0xe,
    0xa2, 0xf6, 0x0, 0x0, 0xea, 0x2f, 0x60, 0x0,
    0xe, 0xa2, 0xf6, 0x0, 0x0, 0xea, 0x2f, 0x60,
    0x0, 0xe, 0xa2, 0xf6, 0x0, 0x0, 0xea,

    /* U+00F2 "ò" */
    0x0, 0x18, 0x10, 0x0, 0x0, 0x0, 0x1f, 0x90,
    0x0, 0x0, 0x0, 0x6, 0xf1, 0x0, 0x0, 0x0,
    0x0, 0xa4, 0x0, 0x0, 0x0, 0x0, 0x0, 0x0,
    0x0, 0x0, 0x7d, 0xfe, 0xa1, 0x0, 0xa, 0xf9,
    0x57, 0xde, 0x10, 0x4f, 0x50, 0x0, 0x1e, 0xa0,
    0x9f, 0x0, 0x0, 0x9, 0xf0, 0xbe, 0x0, 0x0,
    0x7, 0xf1, 0xbe, 0x0, 0x0, 0x7, 0xf1, 0x9f,
    0x0, 0x0, 0x9, 0xf0, 0x4f, 0x50, 0x0, 0x1e,
    0xa0, 0x9, 0xf9, 0x57, 0xde, 0x10, 0x0, 0x7d,
    0xfe, 0xa1, 0x0,

    /* U+00F3 "ó" */
    0x0, 0x0, 0x7, 0x30, 0x0, 0x0, 0x0, 0x2f,
    0x70, 0x0, 0x0, 0x0, 0xac, 0x0, 0x0, 0x0,
    0x0, 0xb2, 0x0, 0x0, 0x0, 0x0, 0x0, 0x0,
    0x0, 0x0, 0x7d, 0xfe, 0xa1, 0x0, 0xa, 0xf9,
    0x57, 0xde, 0x10, 0x4f, 0x50, 0x0, 0x1e, 0xa0,
    0x9f, 0x0, 0x0, 0x9, 0xf0, 0xbe, 0x0, 0x0,
    0x7, 0xf1, 0xbe, 0x0, 0x0, 0x7, 0xf1, 0x9f,
    0x0, 0x0, 0x9, 0xf0, 0x4f, 0x50, 0x0, 0x1e,
    0xa0, 0x9, 0xf9, 0x57, 0xde, 0x10, 0x0, 0x7d,
    0xfe, 0xa1, 0x0,

    /* U+00F4 "ô" */
    0x0, 0x3, 0x86, 0x0, 0x0, 0x0, 0x1e, 0xdf,
    0x60, 0x0, 0x0, 0xcb, 0x6, 0xf3, 0x0, 0x1,
    0x90, 0x0, 0x65, 0x0, 0x0, 0x0, 0x0, 0x0,
    0x0, 0x0, 0x7d, 0xfe, 0xa1, 0x0, 0xa, 0xf9,
    0x57, 0xde, 0x10, 0x4f, 0x50, 0x0, 0x1e, 0xa0,
    0x9f, 0x0, 0x0, 0x9, 0xf0, 0xbe, 0x0, 0x0,
    0x7, 0xf1, 0xbe, 0x0, 0x0, 0x7, 0xf1, 0x9f,
    0x0, 0x0, 0x9, 0xf0, 0x4f, 0x50, 0x0, 0x1e,
    0xa0, 0x9, 0xf9, 0x57, 0xde, 0x10, 0x0, 0x7d,
    0xfe, 0xa1, 0x0,

    /* U+00F5 "õ" */
    0x1, 0xcf, 0xa2, 0x13, 0x0, 0x2, 0x85, 0xbf,
    0xf8, 0x0, 0x0, 0x0, 0x2, 0x20, 0x0, 0x0,
    0x0, 0x0, 0x0, 0x0, 0x0, 0x7d, 0xfe, 0xa1,
    0x0, 0xa, 0xf9, 0x57, 0xde, 0x10, 0x4f, 0x50,
    0x0, 0x1e, 0xa0, 0x9f, 0x0, 0x0, 0x9, 0xf0,
    0xbe, 0x0, 0x0, 0x7, 0xf1, 0xbe, 0x0, 0x0,
    0x7, 0xf1, 0x9f, 0x0, 0x0, 0x9, 0xf0, 0x4f,
    0x50, 0x0, 0x1e, 0xa0, 0x9, 0xf9, 0x57, 0xde,
    0x10, 0x0, 0x7d, 0xfe, 0xa1, 0x0,

    /* U+00F6 "ö" */
    0x0, 0xec, 0x6, 0xf5, 0x0, 0x0, 0xed, 0x6,
    0xf5, 0x0, 0x0, 0x0, 0x0, 0x0, 0x0, 0x0,
    0x7d, 0xfe, 0xa1, 0x0, 0xa, 0xf9, 0x57, 0xde,
    0x10, 0x4f, 0x50, 0x0, 0x1e, 0xa0, 0x9f, 0x0,
    0x0, 0x9, 0xf0, 0xbe, 0x0, 0x0, 0x7, 0xf1,
    0xbe, 0x0, 0x0, 0x7, 0xf1, 0x9f, 0x0, 0x0,
    0x9, 0xf0, 0x4f, 0x50, 0x0, 0x1e, 0xa0, 0x9,
    0xf9, 0x57, 0xde, 0x10, 0x0, 0x7d, 0xfe, 0xa1,
    0x0,

    /* U+00F7 "÷" */
    0x0, 0x0, 0x31, 0x0, 0x0, 0x0, 0x6, 0xfc,
    0x0, 0x0, 0x0, 0x4, 0xfa, 0x0, 0x0, 0x0,
    0x0, 0x0, 0x0, 0x0, 0x0, 0x0, 0x0, 0x0,
    0x0, 0xdf, 0xff, 0xff, 0xff, 0xf3, 0x33, 0x33,
    0x33, 0x33, 0x30, 0x0, 0x0, 0x31, 0x0, 0x0,
    0x0, 0x6, 0xfc, 0x0, 0x0, 0x0, 0x4, 0xfa,
    0x0, 0x0,

    /* U+00F8 "ø" */
    0x0, 0x0, 0x0, 0x0, 0x4, 0x0, 0x0, 0x7d,
    0xfd, 0x94, 0xf3, 0x0, 0xaf, 0x95, 0x6d, 0xf6,
    0x0, 0x4f, 0x50, 0x0, 0xcf, 0x90, 0x9, 0xf0,
    0x0, 0xba, 0x9e, 0x0, 0xbe, 0x0, 0x8c, 0x7,
    0xf1, 0xa, 0xe0, 0x6d, 0x10, 0x7f, 0x10, 0x8f,
    0x4e, 0x20, 0x9, 0xf0, 0x2, 0xff, 0x40, 0x1,
    0xea, 0x0, 0x1e, 0xf9, 0x57, 0xde, 0x10, 0xc,
    0x96, 0xcf, 0xea, 0x10, 0x0, 0x40, 0x0, 0x0,
    0x0, 0x0,

    /* U+00F9 "ù" */
    0x0, 0x2c, 0x20, 0x0, 0x0, 0x0, 0xea, 0x0,
    0x0, 0x0, 0x4, 0xf2, 0x0, 0x0, 0x0, 0x7,
    0x20, 0x0, 0x0, 0x0, 0x0, 0x0, 0x4, 0xf4,
    0x0, 0x0, 0xf8, 0x4f, 0x40, 0x0, 0xf, 0x84,
    0xf4, 0x0, 0x0, 0xf8, 0x4f, 0x40, 0x0, 0xf,
    0x84, 0xf4, 0x0, 0x0, 0xf8, 0x4f, 0x40, 0x0,
    0xf, 0x83, 0xf5, 0x0, 0x0, 0xf8, 0x1f, 0x90,
    0x0, 0x3f, 0x80, 0xaf, 0x96, 0x8a, 0xf8, 0x0,
    0x9e, 0xfb, 0x1f, 0x80,

    /* U+00FA "ú" */
    0x0, 0x0, 0xb, 0x60, 0x0, 0x0, 0x5, 0xf4,
    0x0, 0x0, 0x0, 0xc9, 0x0, 0x0, 0x0, 0x8,
    0x0, 0x0, 0x0, 0x0, 0x0, 0x0, 0x4, 0xf4,
    0x0, 0x0, 0xf8, 0x4f, 0x40, 0x0, 0xf, 0x84,
    0xf4, 0x0, 0x0, 0xf8, 0x4f, 0x40, 0x0, 0xf,
    0x84, 0xf4, 0x0, 0x0, 0xf8, 0x4f, 0x40, 0x0,
    0xf, 0x83, 0xf5, 0x0, 0x0, 0xf8, 0x1f, 0x90,
    0x0, 0x3f, 0x80, 0xaf, 0x96, 0x8a, 0xf8, 0x0,
    0x9e, 0xfb, 0x1f, 0x80,

    /* U+00FB "û" */
    0x0, 0x3, 0x86, 0x0, 0x0, 0x2, 0xfc, 0xf6,
    0x0, 0x1, 0xd9, 0x5, 0xf4, 0x0, 0x16, 0x0,
    0x4, 0x30, 0x0, 0x0, 0x0, 0x0, 0x4, 0xf4,
    0x0, 0x0, 0xf8, 0x4f, 0x40, 0x0, 0xf, 0x84,
    0xf4, 0x0, 0x0, 0xf8, 0x4f, 0x40, 0x0, 0xf,
    0x84, 0xf4, 0x0, 0x0, 0xf8, 0x4f, 0x40, 0x0,
    0xf, 0x83, 0xf5, 0x0, 0x0, 0xf8, 0x1f, 0x90,
    0x0, 0x3f, 0x80, 0xaf, 0x96, 0x8a, 0xf8, 0x0,
    0x9e, 0xfb, 0x1f, 0x80,

    /* U+00FC "ü" */
    0x1, 0xec, 0x7, 0xf5, 0x0, 0x1e, 0xc0, 0x7f,
    0x50, 0x0, 0x0, 0x0, 0x0, 0x4, 0xf4, 0x0,
    0x0, 0xf8, 0x4f, 0x40, 0x0, 0xf, 0x84, 0xf4,
    0x0, 0x0, 0xf8, 0x4f, 0x40, 0x0, 0xf, 0x84,
    0xf4, 0x0, 0x0, 0xf8, 0x4f, 0x40, 0x0, 0xf,
    0x83, 0xf5, 0x0, 0x0, 0xf8, 0x1f, 0x90, 0x0,
    0x3f, 0x80, 0xaf, 0x96, 0x8a, 0xf8, 0x0, 0x9e,
    0xfb, 0x1f, 0x80,

    /* U+00FD "ý" */
    0x0, 0x0, 0xb, 0x60, 0x0, 0x0, 0x0, 0x4f,
    0x40, 0x0, 0x0, 0x0, 0xca, 0x0, 0x0, 0x0,
    0x0, 0x81, 0x0, 0x0, 0x0, 0x0, 0x0, 0x0,
    0x0, 0xcc, 0x0, 0x0, 0x5, 0xf3, 0x6f, 0x20,
    0x0, 0xb, 0xc0, 0xf, 0x80, 0x0, 0x1f, 0x60,
    0x9, 0xe0, 0x0, 0x7f, 0x0, 0x3, 0xf5, 0x0,
    0xd9, 0x0, 0x0, 0xdb, 0x4, 0xf3, 0x0, 0x0,
    0x6f, 0x1a, 0xd0, 0x0, 0x0, 0xf, 0x8f, 0x60,
    0x0, 0x0, 0x9, 0xff, 0x10, 0x0, 0x0, 0x3,
    0xfa, 0x0, 0x0, 0x0, 0x4, 0xf3, 0x0, 0x0,
    0x0, 0xa, 0xd0, 0x0, 0x0, 0x14, 0x4f, 0x60,
    0x0, 0x0, 0x6f, 0xfa, 0x0, 0x0, 0x0,

    /* U+00FE "þ" */
    0x3f, 0x50, 0x0, 0x0, 0x0, 0x3f, 0x50, 0x0,
    0x0, 0x0, 0x3f, 0x50, 0x0, 0x0, 0x0, 0x3f,
    0x50, 0x0, 0x0, 0x0, 0x3f, 0x56, 0xdf, 0xd5,
    0x0, 0x3f, 0xba, 0x67, 0xdf, 0x50, 0x3f, 0x90,
    0x0, 0xd, 0xd0, 0x3f, 0x50, 0x0, 0x7, 0xf2,
    0x3f, 0x50, 0x0, 0x6, 0xf3, 0x3f, 0x50, 0x0,
    0x6, 0xf3, 0x3f, 0x50, 0x0, 0x7, 0xf1, 0x3f,
    0x90, 0x0, 0xd, 0xd0, 0x3f, 0xba, 0x67, 0xdf,
    0x50, 0x3f, 0x56, 0xdf, 0xd5, 0x0, 0x3f, 0x50,
    0x0, 0x0, 0x0, 0x3f, 0x50, 0x0, 0x0, 0x0,
    0x3f, 0x50, 0x0, 0x0, 0x0, 0x3f, 0x50, 0x0,
    0x0, 0x0,

    /* U+00FF "ÿ" */
    0x0, 0xec, 0x6, 0xf5, 0x0, 0x0, 0xed, 0x6,
    0xf5, 0x0, 0x0, 0x0, 0x0, 0x0, 0x0, 0xcc,
    0x0, 0x0, 0x5, 0xf3, 0x6f, 0x20, 0x0, 0xb,
    0xc0, 0xf, 0x80, 0x0, 0x1f, 0x60, 0x9, 0xe0,
    0x0, 0x7f, 0x0, 0x3, 0xf5, 0x0, 0xd9, 0x0,
    0x0, 0xdb, 0x4, 0xf3, 0x0, 0x0, 0x6f, 0x1a,
    0xd0, 0x0, 0x0, 0xf, 0x8f, 0x60, 0x0, 0x0,
    0x9, 0xff, 0x10, 0x0, 0x0, 0x3, 0xfa, 0x0,
    0x0, 0x0, 0x4, 0xf3, 0x0, 0x0, 0x0, 0xa,
    0xd0, 0x0, 0x0, 0x14, 0x4f, 0x60, 0x0, 0x0,
    0x6f, 0xfa, 0x0, 0x0, 0x0,

    /* U+2013 "–" */
    0x11, 0x11, 0x11, 0x11, 0x10, 0xdf, 0xff, 0xff,
    0xff, 0xf4, 0x34, 0x44, 0x44, 0x44, 0x41,

    /* U+2014 "—" */
    0x11, 0x11, 0x11, 0x11, 0x11, 0x10, 0xff, 0xff,
    0xff, 0xff, 0xff, 0xf6, 0x44, 0x44, 0x44, 0x44,
    0x44, 0x41,

    /* U+2015 "―" */
    0x11, 0x11, 0x11, 0x11, 0x11, 0x10, 0xff, 0xff,
    0xff, 0xff, 0xff, 0xf6, 0x44, 0x44, 0x44, 0x44,
    0x44, 0x41,

    /* U+2018 "‘" */
    0x0, 0x5f, 0x10, 0xb, 0xd0, 0x2, 0xfa, 0x0,
    0x9f, 0x70, 0xf, 0xf4, 0x0, 0x44, 0x0,

    /* U+2019 "’" */
    0xd, 0xf7, 0xf, 0xf1, 0x3f, 0xa0, 0x6f, 0x30,
    0x9d, 0x0, 0x22, 0x0,

    /* U+201A "‚" */
    0x0, 0x44, 0x10, 0x4f, 0xf0, 0x7, 0xf9, 0x0,
    0xaf, 0x30, 0xd, 0xc0, 0x0, 0xf5, 0x0,

    /* U+201C "“" */
    0x0, 0x7e, 0x0, 0xe, 0x70, 0xd, 0xb0, 0x5,
    0xf4, 0x4, 0xf8, 0x0, 0xcf, 0x10, 0xbf, 0x50,
    0x2f, 0xe0, 0x2f, 0xf2, 0x9, 0xfb, 0x1, 0x44,
    0x0, 0x34, 0x20,

    /* U+201D "”" */
    0xf, 0xf5, 0x7, 0xfd, 0x3, 0xfe, 0x0, 0xaf,
    0x70, 0x6f, 0x80, 0xd, 0xf1, 0x9, 0xf1, 0x0,
    0xfa, 0x0, 0xca, 0x0, 0x3f, 0x30, 0x3, 0x10,
    0x1, 0x30, 0x0,

    /* U+201E "„" */
    0x3, 0x41, 0x1, 0x43, 0x0, 0xff, 0x30, 0x8f,
    0xc0, 0x3f, 0xd0, 0xb, 0xf5, 0x6, 0xf6, 0x0,
    0xee, 0x0, 0x9f, 0x0, 0x1f, 0x80, 0xd, 0x90,
    0x4, 0xf1, 0x0,

    /* U+2020 "†" */
    0x0, 0x0, 0xf5, 0x0, 0x0, 0x0, 0x0, 0xf5,
    0x0, 0x0, 0x0, 0x0, 0xf5, 0x0, 0x0, 0x0,
    0x0, 0xf5, 0x0, 0x0, 0xaf, 0xff, 0xff, 0xff,
    0xf1, 0x23, 0x33, 0xf7, 0x33, 0x30, 0x0, 0x0,
    0xf5, 0x0, 0x0, 0x0, 0x0, 0xf5, 0x0, 0x0,
    0x0, 0x0, 0xf5, 0x0, 0x0, 0x0, 0x0, 0xf5,
    0x0, 0x0, 0x0, 0x0, 0xf5, 0x0, 0x0, 0x0,
    0x0, 0xf5, 0x0, 0x0, 0x0, 0x0, 0xf5, 0x0,
    0x0, 0x0, 0x0, 0xf5, 0x0, 0x0, 0x0, 0x0,
    0xf5, 0x0, 0x0, 0x0, 0x0, 0xf5, 0x0, 0x0,
    0x0, 0x0, 0xf5, 0x0, 0x0, 0x0, 0x0, 0xf5,
    0x0, 0x0,

    /* U+2021 "‡" */
    0x0, 0x0, 0xf5, 0x0, 0x0, 0x0, 0x0, 0xf5,
    0x0, 0x0, 0x0, 0x0, 0xf5, 0x0, 0x0, 0x0,
    0x0, 0xf5, 0x0, 0x0, 0xaf, 0xff, 0xff, 0xff,
    0xf1, 0x23, 0x33, 0xf7, 0x33, 0x30, 0x0, 0x0,
    0xf5, 0x0, 0x0, 0x0, 0x0, 0xf5, 0x0, 0x0,
    0x0, 0x0, 0xf5, 0x0, 0x0, 0x0, 0x0, 0xf5,
    0x0, 0x0, 0x0, 0x0, 0xf5, 0x0, 0x0, 0x0,
    0x0, 0xf5, 0x0, 0x0, 0x23, 0x33, 0xf7, 0x33,
    0x30, 0xaf, 0xff, 0xff, 0xff, 0xf1, 0x0, 0x0,
    0xf5, 0x0, 0x0, 0x0, 0x0, 0xf5, 0x0, 0x0,
    0x0, 0x0, 0xf5, 0x0, 0x0, 0x0, 0x0, 0xf5,
    0x0, 0x0,

    /* U+2022 "•" */
    0x3, 0x75, 0x0, 0x5f, 0xff, 0xb0, 0x9f, 0xff,
    0xf0, 0x8f, 0xff, 0xe0, 0x1c, 0xfe, 0x50,

    /* U+2026 "…" */
    0x5, 0x60, 0x17, 0x30, 0x37, 0x12, 0xff, 0x37,
    0xfd, 0xc, 0xf8, 0xe, 0xe1, 0x5f, 0xa0, 0x9f,
    0x50,

    /* U+2039 "‹" */
    0x0, 0x0, 0x0, 0x0, 0xa6, 0x1, 0xce, 0x22,
    0xde, 0x30, 0xcf, 0x30, 0xb, 0xf6, 0x0, 0xb,
    0xf5, 0x0, 0x8, 0xf4, 0x0, 0x6, 0x50,

    /* U+203A "›" */
    0x0, 0x0, 0x0, 0x1d, 0x20, 0x0, 0xa, 0xf4,
    0x0, 0x0, 0xbf, 0x70, 0x0, 0xc, 0xf2, 0x0,
    0x1d, 0xf1, 0x1, 0xde, 0x30, 0xd, 0xd2, 0x0,
    0xa, 0x0, 0x0,

    /* U+2190 "←" */
    0x0, 0x0, 0x40, 0x0, 0x0, 0x0, 0x0, 0xbe,
    0x0, 0x0, 0x0, 0x0, 0xbe, 0x20, 0x0, 0x0,
    0x0, 0xbe, 0x54, 0x44, 0x44, 0x43, 0x5f, 0xff,
    0xff, 0xff, 0xff, 0xe0, 0x7f, 0x50, 0x0, 0x0,
    0x0, 0x0, 0x7f, 0x50, 0x0, 0x0, 0x0, 0x0,
    0x7e, 0x0, 0x0, 0x0, 0x0, 0x0, 0x10, 0x0,
    0x0, 0x0,

    /* U+2191 "↑" */
    0x0, 0x0, 0x30, 0x0, 0x0, 0x0, 0x5f, 0xa0,
    0x0, 0x0, 0x5f, 0xff, 0xa0, 0x0, 0x5f, 0x7e,
    0x6f, 0xa0, 0x1f, 0x80, 0xf4, 0x3f, 0x50, 0x20,
    0xf, 0x50, 0x20, 0x0, 0x0, 0xf5, 0x0, 0x0,
    0x0, 0xf, 0x50, 0x0, 0x0, 0x0, 0xf5, 0x0,
    0x0, 0x0, 0xf, 0x50, 0x0, 0x0, 0x0, 0xf5,
    0x0, 0x0, 0x0, 0xf, 0x50, 0x0, 0x0, 0x0,
    0xf5, 0x0, 0x0, 0x0, 0xf, 0x50, 0x0,

    /* U+2192 "→" */
    0x0, 0x0, 0x0, 0x13, 0x0, 0x0, 0x0, 0x0,
    0x0, 0x8f, 0x30, 0x0, 0x0, 0x0, 0x0, 0xa,
    0xf3, 0x0, 0x24, 0x44, 0x44, 0x44, 0xbf, 0x30,
    0x7f, 0xff, 0xff, 0xff, 0xff, 0xc0, 0x0, 0x0,
    0x0, 0x1, 0xcd, 0x10, 0x0, 0x0, 0x0, 0x1d,
    0xd1, 0x0, 0x0, 0x0, 0x0, 0x8d, 0x10, 0x0,
    0x0, 0x0, 0x0, 0x1, 0x0, 0x0,

    /* U+2193 "↓" */
    0x0, 0x0, 0x41, 0x0, 0x0, 0x0, 0xf, 0x50,
    0x0, 0x0, 0x0, 0xf5, 0x0, 0x0, 0x0, 0xf,
    0x50, 0x0, 0x0, 0x0, 0xf5, 0x0, 0x0, 0x0,
    0xf, 0x50, 0x0, 0x0, 0x0, 0xf5, 0x0, 0x0,
    0x0, 0xf, 0x50, 0x0, 0x0, 0x0, 0xf5, 0x0,
    0x0, 0x50, 0xf, 0x50, 0x50, 0x1e, 0xb0, 0xf4,
    0x6f, 0x50, 0x2e, 0xae, 0x9f, 0x60, 0x0, 0x2e,
    0xff, 0x60, 0x0, 0x0, 0x2e, 0x60, 0x0, 0x0,
    0x0, 0x0, 0x0, 0x0,

    /* U+2194 "↔" */
    0x0, 0x3, 0x20, 0x5, 0x0, 0x0, 0x0, 0x3e,
    0x90, 0x3f, 0x80, 0x0, 0x3, 0xea, 0x0, 0x5,
    0xf8, 0x0, 0x3e, 0xb4, 0x44, 0x44, 0x7f, 0x80,
    0xbf, 0xff, 0xff, 0xff, 0xff, 0xf2, 0x1c, 0xc1,
    0x0, 0x0, 0x8f, 0x40, 0x1, 0xcd, 0x10, 0x9,
    0xf4, 0x0, 0x0, 0x1c, 0x90, 0x3f, 0x40, 0x0,
    0x0, 0x0, 0x0, 0x1, 0x0, 0x0,

    /* U+2195 "↕" */
    0x0, 0x0, 0x30, 0x0, 0x0, 0x0, 0x5f, 0xa0,
    0x0, 0x0, 0x5f, 0xff, 0xa0, 0x0, 0x5f, 0x7e,
    0x6f, 0xa0, 0x1f, 0x80, 0xf4, 0x3f, 0x50, 0x20,
    0xf, 0x50, 0x20, 0x0, 0x0, 0xf5, 0x0, 0x0,
    0x0, 0xf, 0x50, 0x0, 0x0, 0x0, 0xf5, 0x0,
    0x0, 0x50, 0xf, 0x50, 0x50, 0x1e, 0xb0, 0xf4,
    0x6f, 0x50, 0x2e, 0xae, 0x9f, 0x60, 0x0, 0x2e,
    0xff, 0x60, 0x0, 0x0, 0x2e, 0x60, 0x0, 0x0,
    0x0, 0x0, 0x0, 0x0,

    /* U+2196 "↖" */
    0xde, 0xee, 0xe9, 0x0, 0x0, 0xef, 0x96, 0x64,
    0x0, 0x0, 0xea, 0xf5, 0x0, 0x0, 0x0, 0xe5,
    0x7f, 0x60, 0x0, 0x0, 0xe5, 0x7, 0xf6, 0x0,
    0x0, 0xa3, 0x0, 0x7f, 0x60, 0x0, 0x0, 0x0,
    0x7, 0xf6, 0x0, 0x0, 0x0, 0x0, 0x7f, 0x60,
    0x0, 0x0, 0x0, 0x7, 0xf6, 0x0, 0x0, 0x0,
    0x0, 0x74,

    /* U+2197 "↗" */
    0x0, 0x0, 0x4e, 0xee, 0xee, 0x40, 0x0, 0x1,
    0x66, 0x7f, 0xf4, 0x0, 0x0, 0x0, 0x2d, 0xbf,
    0x40, 0x0, 0x0, 0x2e, 0xc0, 0xf4, 0x0, 0x0,
    0x2e, 0xc0, 0xf, 0x40, 0x0, 0x2e, 0xc0, 0x0,
    0xb3, 0x0, 0x2e, 0xc0, 0x0, 0x0, 0x0, 0x2e,
    0xc0, 0x0, 0x0, 0x0, 0x2e, 0xc0, 0x0, 0x0,
    0x0, 0x1, 0x90, 0x0, 0x0, 0x0, 0x0,

    /* U+2198 "↘" */
    0x6, 0x0, 0x0, 0x0, 0x0, 0x3, 0xf9, 0x0,
    0x0, 0x0, 0x0, 0x4, 0xf9, 0x0, 0x0, 0x0,
    0x0, 0x4, 0xf9, 0x0, 0x0, 0x0, 0x0, 0x3,
    0xf9, 0x0, 0x7, 0x20, 0x0, 0x3, 0xf9, 0x0,
    0xf4, 0x0, 0x0, 0x3, 0xf9, 0xf, 0x40, 0x0,
    0x0, 0x3, 0xf8, 0xf4, 0x0, 0x0, 0x3, 0x35,
    0xff, 0x40, 0x0, 0x4, 0xff, 0xff, 0xf4, 0x0,
    0x0, 0x1, 0x11, 0x11, 0x0,

    /* U+2199 "↙" */
    0x0, 0x0, 0x0, 0x0, 0x42, 0x0, 0x0, 0x0,
    0x4, 0xf8, 0x0, 0x0, 0x0, 0x4f, 0x90, 0x0,
    0x0, 0x4, 0xf9, 0x0, 0x72, 0x0, 0x4f, 0x90,
    0x0, 0xe5, 0x4, 0xf9, 0x0, 0x0, 0xe5, 0x4f,
    0x80, 0x0, 0x0, 0xe8, 0xf8, 0x0, 0x0, 0x0,
    0xef, 0x93, 0x32, 0x0, 0x0, 0xef, 0xff, 0xfa,
    0x0, 0x0, 0x11, 0x11, 0x10, 0x0, 0x0,

    /* U+21A9 "↩" */
    0x0, 0x0, 0x0, 0xb, 0x92, 0x0, 0x0, 0x0,
    0x0, 0x6, 0xcf, 0x30, 0x0, 0x0, 0x10, 0x0,
    0xc, 0xc0, 0x0, 0x8, 0xe0, 0x0, 0x7, 0xf0,
    0x0, 0x8f, 0x50, 0x0, 0x9, 0xe0, 0x8, 0xf4,
    0x0, 0x1, 0x6f, 0x70, 0x5f, 0xff, 0xff, 0xff,
    0xf8, 0x0, 0xb, 0xe5, 0x34, 0x43, 0x0, 0x0,
    0x0, 0xbe, 0x30, 0x0, 0x0, 0x0, 0x0, 0xb,
    0xe0, 0x0, 0x0, 0x0, 0x0, 0x0, 0x40, 0x0,
    0x0, 0x0,

    /* U+21AA "↪" */
    0x0, 0x7b, 0x30, 0x0, 0x0, 0x0, 0xc, 0xe8,
    0x20, 0x0, 0x0, 0x0, 0x6f, 0x20, 0x0, 0x1,
    0x0, 0x0, 0x9d, 0x0, 0x0, 0x9d, 0x10, 0x0,
    0x8e, 0x0, 0x0, 0x1d, 0xd1, 0x0, 0x2f, 0xa2,
    0x0, 0x1, 0xcd, 0x10, 0x4, 0xdf, 0xff, 0xff,
    0xff, 0xc0, 0x0, 0x2, 0x34, 0x33, 0xbe, 0x30,
    0x0, 0x0, 0x0, 0xa, 0xe3, 0x0, 0x0, 0x0,
    0x0, 0x9e, 0x30, 0x0, 0x0, 0x0, 0x0, 0x12,
    0x0, 0x0,

    /* U+21B0 "↰" */
    0x0, 0x0, 0x10, 0x0, 0x0, 0x0, 0x1, 0xe7,
    0x0, 0x0, 0x0, 0x1e, 0xc0, 0x0, 0x0, 0x1,
    0xeb, 0x0, 0x0, 0x0, 0xd, 0xfe, 0xff, 0xff,
    0xfe, 0x4, 0xfa, 0x44, 0x44, 0x8e, 0x0, 0x4f,
    0x80, 0x0, 0x6e, 0x0, 0x4, 0xf6, 0x0, 0x6e,
    0x0, 0x0, 0x41, 0x0, 0x6e, 0x0, 0x0, 0x0,
    0x0, 0x6e, 0x0, 0x0, 0x0, 0x0, 0x6e, 0x0,
    0x0, 0x0, 0x0, 0x6e, 0x0, 0x0, 0x0, 0x0,
    0x6e, 0x0, 0x0, 0x0, 0x0, 0x5e,

    /* U+21B1 "↱" */
    0x0, 0x0, 0x1, 0x0, 0x0, 0x0, 0x0, 0xd,
    0x80, 0x0, 0x0, 0x0, 0x4, 0xf8, 0x0, 0x0,
    0x0, 0x0, 0x4f, 0x80, 0x5f, 0xff, 0xff, 0xff,
    0xf6, 0x5f, 0x44, 0x44, 0x5e, 0xc0, 0x5e, 0x0,
    0x1, 0xdc, 0x0, 0x5e, 0x0, 0xd, 0xc0, 0x0,
    0x5e, 0x0, 0x4, 0x10, 0x0, 0x5e, 0x0, 0x0,
    0x0, 0x0, 0x5e, 0x0, 0x0, 0x0, 0x0, 0x5e,
    0x0, 0x0, 0x0, 0x0, 0x5e, 0x0, 0x0, 0x0,
    0x0, 0x5e, 0x0, 0x0, 0x0, 0x0,

    /* U+21B2 "↲" */
    0x0, 0x0, 0x0, 0x0, 0x0, 0x0, 0x0, 0x0,
    0x0, 0x6e, 0x0, 0x0, 0x0, 0x0, 0x6e, 0x0,
    0x0, 0x0, 0x0, 0x6e, 0x0, 0x0, 0x0, 0x0,
    0x6e, 0x0, 0x0, 0x0, 0x0, 0x6e, 0x0, 0x0,
    0x51, 0x0, 0x6e, 0x0, 0x5, 0xf6, 0x0, 0x6e,
    0x0, 0x5f, 0x70, 0x0, 0x6e, 0x5, 0xfa, 0x55,
    0x55, 0x9e, 0xd, 0xfd, 0xef, 0xff, 0xfd, 0x1,
    0xdc, 0x10, 0x0, 0x0, 0x0, 0x1d, 0xc1, 0x0,
    0x0, 0x0, 0x1, 0xd6, 0x0, 0x0, 0x0, 0x0,
    0x0, 0x0, 0x0,

    /* U+21B3 "↳" */
    0x0, 0x0, 0x0, 0x0, 0x0, 0x5e, 0x0, 0x0,
    0x0, 0x0, 0x5e, 0x0, 0x0, 0x0, 0x0, 0x5e,
    0x0, 0x0, 0x0, 0x0, 0x5e, 0x0, 0x0, 0x0,
    0x0, 0x5e, 0x0, 0x0, 0x0, 0x0, 0x5e, 0x0,
    0x5, 0x10, 0x0, 0x5e, 0x0, 0xd, 0xd1, 0x0,
    0x5e, 0x0, 0x1, 0xdd, 0x10, 0x5f, 0x55, 0x55,
    0x5e, 0xd1, 0x5f, 0xff, 0xfe, 0xee, 0xf6, 0x0,
    0x0, 0x0, 0x5f, 0x70, 0x0, 0x0, 0x5, 0xf7,
    0x0, 0x0, 0x0, 0xd, 0x70, 0x0, 0x0, 0x0,
    0x0, 0x0, 0x0,

    /* U+21B6 "↶" */
    0x0, 0x0, 0x0, 0x35, 0x30, 0x0, 0x0, 0x0,
    0x1c, 0xfe, 0xfc, 0x20, 0x0, 0x0, 0xbc, 0x10,
    0x1c, 0xc0, 0x0, 0x2, 0xf2, 0x0, 0x2, 0xf3,
    0x0, 0x5, 0xf0, 0x0, 0x0, 0xc4, 0x0, 0x6,
    0xe0, 0x0, 0x0, 0x0, 0x0, 0x6, 0xe0, 0x0,
    0x0, 0x0, 0x14, 0x6, 0xe0, 0x14, 0x0, 0x0,
    0x6f, 0x56, 0xd0, 0xcd, 0x0, 0x0, 0x8, 0xf9,
    0xdc, 0xd1, 0x0, 0x0, 0x0, 0x8f, 0xfd, 0x10,
    0x0, 0x0, 0x0, 0x8, 0xd1, 0x0, 0x0, 0x0,
    0x0, 0x0, 0x0, 0x0, 0x0, 0x0,

    /* U+21B7 "↷" */
    0x0, 0x15, 0x52, 0x0, 0x0, 0x0, 0x6, 0xff,
    0xef, 0x70, 0x0, 0x0, 0x3f, 0x80, 0x5, 0xf4,
    0x0, 0x0, 0x9c, 0x0, 0x0, 0x9c, 0x0, 0x0,
    0xa7, 0x0, 0x0, 0x5f, 0x0, 0x0, 0x0, 0x0,
    0x0, 0x4f, 0x0, 0x0, 0x0, 0x0, 0x0, 0x4f,
    0x0, 0x0, 0x0, 0x0, 0x50, 0x4f, 0x0, 0x50,
    0x0, 0x4, 0xf7, 0x3f, 0xa, 0xe1, 0x0, 0x0,
    0x5f, 0x9f, 0x9e, 0x30, 0x0, 0x0, 0x6, 0xff,
    0xe3, 0x0, 0x0, 0x0, 0x0, 0x6e, 0x30, 0x0,
    0x0, 0x0, 0x0, 0x0, 0x0, 0x0,

    /* U+21BA "↺" */
    0x0, 0x0, 0x3, 0x44, 0x44, 0x20, 0x0, 0x0,
    0xef, 0xff, 0xf8, 0x0, 0x1, 0xe, 0xfc, 0x10,
    0x0, 0x6, 0xe0, 0xe7, 0xdd, 0x10, 0x4, 0xf4,
    0xe, 0x51, 0xcc, 0x0, 0xd8, 0x0, 0xe5, 0x2,
    0xf4, 0x3f, 0x10, 0x2, 0x10, 0xb, 0xa6, 0xd0,
    0x0, 0x0, 0x0, 0x7d, 0x7c, 0x0, 0x0, 0x0,
    0x6, 0xe6, 0xe0, 0x0, 0x0, 0x0, 0x8c, 0x3f,
    0x20, 0x0, 0x0, 0xd, 0x90, 0xcb, 0x0, 0x0,
    0x5, 0xf2, 0x2, 0xfa, 0x20, 0x6, 0xf8, 0x0,
    0x2, 0xbf, 0xff, 0xe6, 0x0, 0x0, 0x0, 0x13,
    0x20, 0x0, 0x0,

    /* U+21BB "↻" */
    0x14, 0x44, 0x44, 0x0, 0x0, 0x5, 0xff, 0xff,
    0xf2, 0x0, 0x0, 0x0, 0x8, 0xff, 0x21, 0x0,
    0x0, 0xa, 0xf5, 0xf2, 0xbb, 0x0, 0x7, 0xf3,
    0x2f, 0x21, 0xd9, 0x0, 0xe7, 0x2, 0xf2, 0x2,
    0xf3, 0x4f, 0x10, 0x3, 0x0, 0xb, 0x96, 0xd0,
    0x0, 0x0, 0x0, 0x7c, 0x7c, 0x0, 0x0, 0x0,
    0x6, 0xe6, 0xe0, 0x0, 0x0, 0x0, 0x7c, 0x2f,
    0x30, 0x0, 0x0, 0xc, 0x90, 0xcc, 0x0, 0x0,
    0x5, 0xf2, 0x2, 0xfb, 0x20, 0x6, 0xf8, 0x0,
    0x2, 0xbf, 0xff, 0xe6, 0x0, 0x0, 0x0, 0x13,
    0x20, 0x0, 0x0,

    /* U+21C4 "⇄" */
    0x0, 0x0, 0x0, 0x12, 0x0, 0x0, 0x0, 0x0,
    0x0, 0x9e, 0x20, 0x0, 0x0, 0x0, 0x0, 0xb,
    0xe2, 0x0, 0x13, 0x33, 0x33, 0x33, 0xbe, 0x20,
    0x7f, 0xff, 0xff, 0xff, 0xff, 0xc0, 0x1, 0x11,
    0x11, 0x11, 0xbd, 0x10, 0x0, 0x0, 0x50, 0xc,
    0xd1, 0x0, 0x0, 0xb, 0xe0, 0x9e, 0x20, 0x0,
    0x0, 0xbe, 0x20, 0x1, 0x0, 0x0, 0xb, 0xe5,
    0x44, 0x44, 0x44, 0x30, 0x5f, 0xff, 0xff, 0xff,
    0xff, 0xe0, 0x7, 0xf5, 0x0, 0x0, 0x0, 0x0,
    0x0, 0x7f, 0x50, 0x0, 0x0, 0x0, 0x0, 0x7,
    0xe0, 0x0, 0x0, 0x0, 0x0, 0x0, 0x10, 0x0,
    0x0, 0x0,

    /* U+21C6 "⇆" */
    0x0, 0x0, 0x30, 0x0, 0x0, 0x0, 0x0, 0xa,
    0xe0, 0x0, 0x0, 0x0, 0x0, 0xaf, 0x30, 0x0,
    0x0, 0x0, 0xa, 0xe5, 0x33, 0x33, 0x33, 0x20,
    0x6f, 0xff, 0xff, 0xff, 0xff, 0xe0, 0x9, 0xe4,
    0x11, 0x11, 0x11, 0x10, 0x0, 0x9f, 0x40, 0x24,
    0x0, 0x0, 0x0, 0x9, 0xe0, 0x8f, 0x30, 0x0,
    0x0, 0x0, 0x20, 0x9, 0xf3, 0x0, 0x24, 0x44,
    0x44, 0x43, 0xbf, 0x30, 0x7f, 0xff, 0xff, 0xff,
    0xff, 0xc0, 0x0, 0x0, 0x0, 0x1, 0xcd, 0x10,
    0x0, 0x0, 0x0, 0x1d, 0xd1, 0x0, 0x0, 0x0,
    0x0, 0x8d, 0x10, 0x0, 0x0, 0x0, 0x0, 0x1,
    0x0, 0x0,

    /* U+2202 "∂" */
    0x0, 0x22, 0x0, 0x0, 0x0, 0x0, 0x4d, 0xe4,
    0x0, 0x0, 0x0, 0x0, 0x9f, 0x70, 0x0, 0x0,
    0x0, 0x6, 0xf5, 0x0, 0x0, 0x15, 0x63, 0x8f,
    0x10, 0x4, 0xef, 0xef, 0xbe, 0x80, 0x1f, 0xb1,
    0x0, 0x7f, 0xd0, 0x7f, 0x10, 0x0, 0xb, 0xf0,
    0xae, 0x0, 0x0, 0x8, 0xf1, 0xbe, 0x0, 0x0,
    0x7, 0xf1, 0xaf, 0x0, 0x0, 0x8, 0xf0, 0x6f,
    0x30, 0x0, 0xc, 0xb0, 0xd, 0xd5, 0x13, 0xaf,
    0x30, 0x1, 0xbf, 0xff, 0xe5, 0x0, 0x0, 0x1,
    0x32, 0x0, 0x0,

    /* U+2206 "∆" */
    0x0, 0x0, 0x0, 0x0, 0x0, 0x0, 0x0, 0x7,
    0xff, 0x0, 0x0, 0x0, 0x0, 0xce, 0xf4, 0x0,
    0x0, 0x0, 0x2f, 0x6e, 0xa0, 0x0, 0x0, 0x7,
    0xf1, 0x9e, 0x0, 0x0, 0x0, 0xcc, 0x4, 0xf4,
    0x0, 0x0, 0x1f, 0x70, 0xf, 0x90, 0x0, 0x6,
    0xf2, 0x0, 0xae, 0x0, 0x0, 0xcd, 0x0, 0x5,
    0xf4, 0x0, 0x1f, 0x80, 0x0, 0x1f, 0x90, 0x6,
    0xf3, 0x0, 0x0, 0xbe, 0x0, 0xbe, 0x0, 0x0,
    0x6, 0xf3, 0xf, 0xc6, 0x66, 0x66, 0x7f, 0x81,
    0xff, 0xff, 0xff, 0xff, 0xf9,

    /* U+220F "∏" */
    0x24, 0x44, 0x44, 0x44, 0x38, 0xff, 0xff, 0xff,
    0xfe, 0x8f, 0x32, 0x22, 0x2b, 0xe8, 0xf1, 0x0,
    0x0, 0xae, 0x8f, 0x10, 0x0, 0xa, 0xe8, 0xf1,
    0x0, 0x0, 0xae, 0x8f, 0x10, 0x0, 0xa, 0xe8,
    0xf1, 0x0, 0x0, 0xae, 0x8f, 0x10, 0x0, 0xa,
    0xe8, 0xf1, 0x0, 0x0, 0xae, 0x8f, 0x10, 0x0,
    0xa, 0xe8, 0xf1, 0x0, 0x0, 0xae, 0x8f, 0x10,
    0x0, 0xa, 0xe8, 0xf1, 0x0, 0x0, 0xae,

    /* U+2211 "∑" */
    0x34, 0x44, 0x44, 0x44, 0x40, 0xdf, 0xff, 0xff,
    0xff, 0xf1, 0x8f, 0x52, 0x22, 0x22, 0x20, 0xd,
    0xd0, 0x0, 0x0, 0x0, 0x2, 0xf9, 0x0, 0x0,
    0x0, 0x0, 0x7f, 0x40, 0x0, 0x0, 0x0, 0xb,
    0xe1, 0x0, 0x0, 0x0, 0x1, 0xeb, 0x0, 0x0,
    0x0, 0x0, 0x4f, 0x60, 0x0, 0x0, 0x0, 0xe,
    0xa0, 0x0, 0x0, 0x0, 0x8f, 0x30, 0x0, 0x0,
    0x4, 0xf8, 0x0, 0x0, 0x0, 0x1e, 0xc0, 0x0,
    0x0, 0x0, 0xaf, 0x20, 0x0, 0x0, 0x5, 0xf5,
    0x0, 0x0, 0x0, 0x2f, 0xa0, 0x0, 0x0, 0x0,
    0xbf, 0x87, 0x77, 0x77, 0x70, 0xcf, 0xff, 0xff,
    0xff, 0xf1,

    /* U+2212 "−" */
    0x45, 0x55, 0x55, 0x55, 0x50, 0xef, 0xff, 0xff,
    0xff, 0xf1
};


/*---------------------
 *  GLYPH DESCRIPTION
 *--------------------*/

static const lv_font_fmt_txt_glyph_dsc_t glyph_dsc[] = {
    {.bitmap_index = 0, .adv_w = 0, .box_w = 0, .box_h = 0, .ofs_x = 0, .ofs_y = 0} /* id = 0 reserved */,
    {.bitmap_index = 0, .adv_w = 182, .box_w = 0, .box_h = 0, .ofs_x = 0, .ofs_y = 0},
    {.bitmap_index = 0, .adv_w = 182, .box_w = 4, .box_h = 13, .ofs_x = 4, .ofs_y = 0},
    {.bitmap_index = 26, .adv_w = 182, .box_w = 6, .box_h = 6, .ofs_x = 3, .ofs_y = 8},
    {.bitmap_index = 44, .adv_w = 182, .box_w = 12, .box_h = 13, .ofs_x = 0, .ofs_y = 0},
    {.bitmap_index = 122, .adv_w = 182, .box_w = 11, .box_h = 18, .ofs_x = 0, .ofs_y = -2},
    {.bitmap_index = 221, .adv_w = 182, .box_w = 12, .box_h = 13, .ofs_x = 0, .ofs_y = 0},
    {.bitmap_index = 299, .adv_w = 182, .box_w = 11, .box_h = 13, .ofs_x = 0, .ofs_y = 0},
    {.bitmap_index = 371, .adv_w = 182, .box_w = 3, .box_h = 6, .ofs_x = 4, .ofs_y = 8},
    {.bitmap_index = 380, .adv_w = 182, .box_w = 7, .box_h = 17, .ofs_x = 3, .ofs_y = -3},
    {.bitmap_index = 440, .adv_w = 182, .box_w = 6, .box_h = 17, .ofs_x = 2, .ofs_y = -3},
    {.bitmap_index = 491, .adv_w = 182, .box_w = 11, .box_h = 10, .ofs_x = 0, .ofs_y = 0},
    {.bitmap_index = 546, .adv_w = 182, .box_w = 10, .box_h = 10, .ofs_x = 1, .ofs_y = 1},
    {.bitmap_index = 596, .adv_w = 182, .box_w = 5, .box_h = 6, .ofs_x = 3, .ofs_y = -3},
    {.bitmap_index = 611, .adv_w = 182, .box_w = 7, .box_h = 2, .ofs_x = 2, .ofs_y = 5},
    {.bitmap_index = 618, .adv_w = 182, .box_w = 4, .box_h = 3, .ofs_x = 4, .ofs_y = 0},
    {.bitmap_index = 624, .adv_w = 182, .box_w = 9, .box_h = 17, .ofs_x = 1, .ofs_y = -3},
    {.bitmap_index = 701, .adv_w = 182, .box_w = 10, .box_h = 13, .ofs_x = 1, .ofs_y = 0},
    {.bitmap_index = 766, .adv_w = 182, .box_w = 10, .box_h = 13, .ofs_x = 1, .ofs_y = 0},
    {.bitmap_index = 831, .adv_w = 182, .box_w = 10, .box_h = 13, .ofs_x = 1, .ofs_y = 0},
    {.bitmap_index = 896, .adv_w = 182, .box_w = 10, .box_h = 13, .ofs_x = 0, .ofs_y = 0},
    {.bitmap_index = 961, .adv_w = 182, .box_w = 11, .box_h = 13, .ofs_x = 0, .ofs_y = 0},
    {.bitmap_index = 1033, .adv_w = 182, .box_w = 10, .box_h = 13, .ofs_x = 1, .ofs_y = 0},
    {.bitmap_index = 1098, .adv_w = 182, .box_w = 10, .box_h = 13, .ofs_x = 1, .ofs_y = 0},
    {.bitmap_index = 1163, .adv_w = 182, .box_w = 10, .box_h = 13, .ofs_x = 1, .ofs_y = 0},
    {.bitmap_index = 1228, .adv_w = 182, .box_w = 10, .box_h = 13, .ofs_x = 1, .ofs_y = 0},
    {.bitmap_index = 1293, .adv_w = 182, .box_w = 10, .box_h = 13, .ofs_x = 1, .ofs_y = 0},
    {.bitmap_index = 1358, .adv_w = 182, .box_w = 4, .box_h = 10, .ofs_x = 4, .ofs_y = 0},
    {.bitmap_index = 1378, .adv_w = 182, .box_w = 5, .box_h = 13, .ofs_x = 3, .ofs_y = -3},
    {.bitmap_index = 1411, .adv_w = 182, .box_w = 9, .box_h = 12, .ofs_x = 1, .ofs_y = 0},
    {.bitmap_index = 1465, .adv_w = 182, .box_w = 10, .box_h = 7, .ofs_x = 1, .ofs_y = 3},
    {.bitmap_index = 1500, .adv_w = 182, .box_w = 9, .box_h = 12, .ofs_x = 1, .ofs_y = 0},
    {.bitmap_index = 1554, .adv_w = 182, .box_w = 9, .box_h = 13, .ofs_x = 1, .ofs_y = 0},
    {.bitmap_index = 1613, .adv_w = 182, .box_w = 9, .box_h = 16, .ofs_x = 1, .ofs_y = -3},
    {.bitmap_index = 1685, .adv_w = 182, .box_w = 11, .box_h = 13, .ofs_x = 0, .ofs_y = 0},
    {.bitmap_index = 1757, .adv_w = 182, .box_w = 10, .box_h = 13, .ofs_x = 1, .ofs_y = 0},
    {.bitmap_index = 1822, .adv_w = 182, .box_w = 10, .box_h = 13, .ofs_x = 1, .ofs_y = 0},
    {.bitmap_index = 1887, .adv_w = 182, .box_w = 10, .box_h = 13, .ofs_x = 1, .ofs_y = 0},
    {.bitmap_index = 1952, .adv_w = 182, .box_w = 9, .box_h = 13, .ofs_x = 1, .ofs_y = 0},
    {.bitmap_index = 2011, .adv_w = 182, .box_w = 10, .box_h = 13, .ofs_x = 1, .ofs_y = 0},
    {.bitmap_index = 2076, .adv_w = 182, .box_w = 9, .box_h = 13, .ofs_x = 1, .ofs_y = 0},
    {.bitmap_index = 2135, .adv_w = 182, .box_w = 9, .box_h = 13, .ofs_x = 1, .ofs_y = 0},
    {.bitmap_index = 2194, .adv_w = 182, .box_w = 9, .box_h = 13, .ofs_x = 1, .ofs_y = 0},
    {.bitmap_index = 2253, .adv_w = 182, .box_w = 9, .box_h = 13, .ofs_x = 1, .ofs_y = 0},
    {.bitmap_index = 2312, .adv_w = 182, .box_w = 10, .box_h = 13, .ofs_x = 1, .ofs_y = 0},
    {.bitmap_index = 2377, .adv_w = 182, .box_w = 9, .box_h = 13, .ofs_x = 2, .ofs_y = 0},
    {.bitmap_index = 2436, .adv_w = 182, .box_w = 10, .box_h = 13, .ofs_x = 1, .ofs_y = 0},
    {.bitmap_index = 2501, .adv_w = 182, .box_w = 9, .box_h = 13, .ofs_x = 1, .ofs_y = 0},
    {.bitmap_index = 2560, .adv_w = 182, .box_w = 10, .box_h = 13, .ofs_x = 1, .ofs_y = 0},
    {.bitmap_index = 2625, .adv_w = 182, .box_w = 10, .box_h = 13, .ofs_x = 1, .ofs_y = 0},
    {.bitmap_index = 2690, .adv_w = 182, .box_w = 10, .box_h = 17, .ofs_x = 1, .ofs_y = -4},
    {.bitmap_index = 2775, .adv_w = 182, .box_w = 10, .box_h = 13, .ofs_x = 1, .ofs_y = 0},
    {.bitmap_index = 2840, .adv_w = 182, .box_w = 11, .box_h = 13, .ofs_x = 0, .ofs_y = 0},
    {.bitmap_index = 2912, .adv_w = 182, .box_w = 11, .box_h = 13, .ofs_x = 0, .ofs_y = 0},
    {.bitmap_index = 2984, .adv_w = 182, .box_w = 9, .box_h = 13, .ofs_x = 1, .ofs_y = 0},
    {.bitmap_index = 3043, .adv_w = 182, .box_w = 11, .box_h = 13, .ofs_x = 0, .ofs_y = 0},
    {.bitmap_index = 3115, .adv_w = 182, .box_w = 11, .box_h = 13, .ofs_x = 0, .ofs_y = 0},
    {.bitmap_index = 3187, .adv_w = 182, .box_w = 11, .box_h = 13, .ofs_x = 0, .ofs_y = 0},
    {.bitmap_index = 3259, .adv_w = 182, .box_w = 12, .box_h = 13, .ofs_x = 0, .ofs_y = 0},
    {.bitmap_index = 3337, .adv_w = 182, .box_w = 11, .box_h = 13, .ofs_x = 0, .ofs_y = 0},
    {.bitmap_index = 3409, .adv_w = 182, .box_w = 6, .box_h = 18, .ofs_x = 4, .ofs_y = -4},
    {.bitmap_index = 3463, .adv_w = 182, .box_w = 9, .box_h = 17, .ofs_x = 1, .ofs_y = -3},
    {.bitmap_index = 3540, .adv_w = 182, .box_w = 7, .box_h = 18, .ofs_x = 1, .ofs_y = -4},
    {.bitmap_index = 3603, .adv_w = 182, .box_w = 11, .box_h = 8, .ofs_x = 0, .ofs_y = 5},
    {.bitmap_index = 3647, .adv_w = 182, .box_w = 10, .box_h = 3, .ofs_x = 1, .ofs_y = -4},
    {.bitmap_index = 3662, .adv_w = 182, .box_w = 4, .box_h = 4, .ofs_x = 3, .ofs_y = 11},
    {.bitmap_index = 3670, .adv_w = 182, .box_w = 10, .box_h = 10, .ofs_x = 1, .ofs_y = 0},
    {.bitmap_index = 3720, .adv_w = 182, .box_w = 10, .box_h = 14, .ofs_x = 1, .ofs_y = 0},
    {.bitmap_index = 3790, .adv_w = 182, .box_w = 9, .box_h = 10, .ofs_x = 1, .ofs_y = 0},
    {.bitmap_index = 3835, .adv_w = 182, .box_w = 9, .box_h = 14, .ofs_x = 1, .ofs_y = 0},
    {.bitmap_index = 3898, .adv_w = 182, .box_w = 10, .box_h = 10, .ofs_x = 1, .ofs_y = 0},
    {.bitmap_index = 3948, .adv_w = 182, .box_w = 10, .box_h = 14, .ofs_x = 1, .ofs_y = 0},
    {.bitmap_index = 4018, .adv_w = 182, .box_w = 10, .box_h = 16, .ofs_x = 1, .ofs_y = -4},
    {.bitmap_index = 4098, .adv_w = 182, .box_w = 9, .box_h = 14, .ofs_x = 1, .ofs_y = 0},
    {.bitmap_index = 4161, .adv_w = 182, .box_w = 9, .box_h = 14, .ofs_x = 2, .ofs_y = 0},
    {.bitmap_index = 4224, .adv_w = 182, .box_w = 8, .box_h = 18, .ofs_x = 1, .ofs_y = -4},
    {.bitmap_index = 4296, .adv_w = 182, .box_w = 9, .box_h = 14, .ofs_x = 2, .ofs_y = 0},
    {.bitmap_index = 4359, .adv_w = 182, .box_w = 9, .box_h = 14, .ofs_x = 1, .ofs_y = 0},
    {.bitmap_index = 4422, .adv_w = 182, .box_w = 10, .box_h = 10, .ofs_x = 1, .ofs_y = 0},
    {.bitmap_index = 4472, .adv_w = 182, .box_w = 9, .box_h = 10, .ofs_x = 1, .ofs_y = 0},
    {.bitmap_index = 4517, .adv_w = 182, .box_w = 10, .box_h = 10, .ofs_x = 1, .ofs_y = 0},
    {.bitmap_index = 4567, .adv_w = 182, .box_w = 10, .box_h = 14, .ofs_x = 1, .ofs_y = -4},
    {.bitmap_index = 4637, .adv_w = 182, .box_w = 9, .box_h = 14, .ofs_x = 1, .ofs_y = -4},
    {.bitmap_index = 4700, .adv_w = 182, .box_w = 10, .box_h = 10, .ofs_x = 1, .ofs_y = 0},
    {.bitmap_index = 4750, .adv_w = 182, .box_w = 9, .box_h = 10, .ofs_x = 1, .ofs_y = 0},
    {.bitmap_index = 4795, .adv_w = 182, .box_w = 10, .box_h = 13, .ofs_x = 0, .ofs_y = 0},
    {.bitmap_index = 4860, .adv_w = 182, .box_w = 9, .box_h = 10, .ofs_x = 1, .ofs_y = 0},
    {.bitmap_index = 4905, .adv_w = 182, .box_w = 10, .box_h = 10, .ofs_x = 1, .ofs_y = 0},
    {.bitmap_index = 4955, .adv_w = 182, .box_w = 11, .box_h = 10, .ofs_x = 0, .ofs_y = 0},
    {.bitmap_index = 5010, .adv_w = 182, .box_w = 10, .box_h = 10, .ofs_x = 1, .ofs_y = 0},
    {.bitmap_index = 5060, .adv_w = 182, .box_w = 10, .box_h = 14, .ofs_x = 1, .ofs_y = -4},
    {.bitmap_index = 5130, .adv_w = 182, .box_w = 9, .box_h = 10, .ofs_x = 1, .ofs_y = 0},
    {.bitmap_index = 5175, .adv_w = 182, .box_w = 8, .box_h = 18, .ofs_x = 2, .ofs_y = -4},
    {.bitmap_index = 5247, .adv_w = 182, .box_w = 2, .box_h = 17, .ofs_x = 5, .ofs_y = -3},
    {.bitmap_index = 5264, .adv_w = 182, .box_w = 8, .box_h = 18, .ofs_x = 2, .ofs_y = -4},
    {.bitmap_index = 5336, .adv_w = 182, .box_w = 11, .box_h = 6, .ofs_x = 0, .ofs_y = 3},
    {.bitmap_index = 5369, .adv_w = 182, .box_w = 0, .box_h = 0, .ofs_x = 0, .ofs_y = 0},
    {.bitmap_index = 5369, .adv_w = 182, .box_w = 4, .box_h = 14, .ofs_x = 4, .ofs_y = -4},
    {.bitmap_index = 5397, .adv_w = 182, .box_w = 9, .box_h = 14, .ofs_x = 1, .ofs_y = -2},
    {.bitmap_index = 5460, .adv_w = 182, .box_w = 11, .box_h = 13, .ofs_x = 0, .ofs_y = 0},
    {.bitmap_index = 5532, .adv_w = 182, .box_w = 9, .box_h = 13, .ofs_x = 1, .ofs_y = -1},
    {.bitmap_index = 5591, .adv_w = 182, .box_w = 11, .box_h = 13, .ofs_x = 0, .ofs_y = 0},
    {.bitmap_index = 5663, .adv_w = 182, .box_w = 2, .box_h = 17, .ofs_x = 5, .ofs_y = -3},
    {.bitmap_index = 5680, .adv_w = 182, .box_w = 9, .box_h = 17, .ofs_x = 1, .ofs_y = -4},
    {.bitmap_index = 5757, .adv_w = 182, .box_w = 7, .box_h = 3, .ofs_x = 2, .ofs_y = 12},
    {.bitmap_index = 5768, .adv_w = 182, .box_w = 12, .box_h = 14, .ofs_x = 0, .ofs_y = -1},
    {.bitmap_index = 5852, .adv_w = 182, .box_w = 7, .box_h = 7, .ofs_x = 2, .ofs_y = 6},
    {.bitmap_index = 5877, .adv_w = 182, .box_w = 10, .box_h = 9, .ofs_x = 1, .ofs_y = 1},
    {.bitmap_index = 5922, .adv_w = 182, .box_w = 9, .box_h = 6, .ofs_x = 1, .ofs_y = 1},
    {.bitmap_index = 5949, .adv_w = 0, .box_w = 0, .box_h = 0, .ofs_x = 0, .ofs_y = 0},
    {.bitmap_index = 5949, .adv_w = 182, .box_w = 8, .box_h = 7, .ofs_x = 2, .ofs_y = 6},
    {.bitmap_index = 5977, .adv_w = 182, .box_w = 6, .box_h = 3, .ofs_x = 3, .ofs_y = 11},
    {.bitmap_index = 5986, .adv_w = 182, .box_w = 7, .box_h = 8, .ofs_x = 2, .ofs_y = 6},
    {.bitmap_index = 6014, .adv_w = 182, .box_w = 10, .box_h = 12, .ofs_x = 1, .ofs_y = 0},
    {.bitmap_index = 6074, .adv_w = 182, .box_w = 6, .box_h = 7, .ofs_x = 3, .ofs_y = 6},
    {.bitmap_index = 6095, .adv_w = 182, .box_w = 7, .box_h = 7, .ofs_x = 2, .ofs_y = 6},
    {.bitmap_index = 6120, .adv_w = 182, .box_w = 4, .box_h = 4, .ofs_x = 4, .ofs_y = 11},
    {.bitmap_index = 6128, .adv_w = 182, .box_w = 9, .box_h = 14, .ofs_x = 1, .ofs_y = -4},
    {.bitmap_index = 6191, .adv_w = 182, .box_w = 10, .box_h = 17, .ofs_x = 0, .ofs_y = -4},
    {.bitmap_index = 6276, .adv_w = 182, .box_w = 4, .box_h = 3, .ofs_x = 4, .ofs_y = 4},
    {.bitmap_index = 6282, .adv_w = 182, .box_w = 5, .box_h = 6, .ofs_x = 4, .ofs_y = -5},
    {.bitmap_index = 6297, .adv_w = 182, .box_w = 7, .box_h = 7, .ofs_x = 2, .ofs_y = 6},
    {.bitmap_index = 6322, .adv_w = 182, .box_w = 7, .box_h = 7, .ofs_x = 2, .ofs_y = 6},
    {.bitmap_index = 6347, .adv_w = 182, .box_w = 10, .box_h = 9, .ofs_x = 1, .ofs_y = 1},
    {.bitmap_index = 6392, .adv_w = 182, .box_w = 12, .box_h = 14, .ofs_x = 0, .ofs_y = 0},
    {.bitmap_index = 6476, .adv_w = 182, .box_w = 12, .box_h = 14, .ofs_x = 0, .ofs_y = 0},
    {.bitmap_index = 6560, .adv_w = 182, .box_w = 12, .box_h = 13, .ofs_x = 0, .ofs_y = 0},
    {.bitmap_index = 6638, .adv_w = 182, .box_w = 9, .box_h = 14, .ofs_x = 1, .ofs_y = -4},
    {.bitmap_index = 6701, .adv_w = 182, .box_w = 11, .box_h = 18, .ofs_x = 0, .ofs_y = 0},
    {.bitmap_index = 6800, .adv_w = 182, .box_w = 11, .box_h = 18, .ofs_x = 0, .ofs_y = 0},
    {.bitmap_index = 6899, .adv_w = 182, .box_w = 11, .box_h = 18, .ofs_x = 0, .ofs_y = 0},
    {.bitmap_index = 6998, .adv_w = 182, .box_w = 11, .box_h = 18, .ofs_x = 0, .ofs_y = 0},
    {.bitmap_index = 7097, .adv_w = 182, .box_w = 11, .box_h = 17, .ofs_x = 0, .ofs_y = 0},
    {.bitmap_index = 7191, .adv_w = 182, .box_w = 11, .box_h = 19, .ofs_x = 0, .ofs_y = 0},
    {.bitmap_index = 7296, .adv_w = 182, .box_w = 11, .box_h = 13, .ofs_x = 0, .ofs_y = 0},
    {.bitmap_index = 7368, .adv_w = 182, .box_w = 10, .box_h = 17, .ofs_x = 1, .ofs_y = -4},
    {.bitmap_index = 7453, .adv_w = 182, .box_w = 9, .box_h = 18, .ofs_x = 1, .ofs_y = 0},
    {.bitmap_index = 7534, .adv_w = 182, .box_w = 9, .box_h = 18, .ofs_x = 1, .ofs_y = 0},
    {.bitmap_index = 7615, .adv_w = 182, .box_w = 9, .box_h = 18, .ofs_x = 1, .ofs_y = 0},
    {.bitmap_index = 7696, .adv_w = 182, .box_w = 9, .box_h = 17, .ofs_x = 1, .ofs_y = 0},
    {.bitmap_index = 7773, .adv_w = 182, .box_w = 9, .box_h = 18, .ofs_x = 1, .ofs_y = 0},
    {.bitmap_index = 7854, .adv_w = 182, .box_w = 9, .box_h = 18, .ofs_x = 1, .ofs_y = 0},
    {.bitmap_index = 7935, .adv_w = 182, .box_w = 9, .box_h = 18, .ofs_x = 1, .ofs_y = 0},
    {.bitmap_index = 8016, .adv_w = 182, .box_w = 9, .box_h = 17, .ofs_x = 1, .ofs_y = 0},
    {.bitmap_index = 8093, .adv_w = 182, .box_w = 11, .box_h = 13, .ofs_x = 0, .ofs_y = 0},
    {.bitmap_index = 8165, .adv_w = 182, .box_w = 9, .box_h = 18, .ofs_x = 1, .ofs_y = 0},
    {.bitmap_index = 8246, .adv_w = 182, .box_w = 10, .box_h = 18, .ofs_x = 1, .ofs_y = 0},
    {.bitmap_index = 8336, .adv_w = 182, .box_w = 10, .box_h = 18, .ofs_x = 1, .ofs_y = 0},
    {.bitmap_index = 8426, .adv_w = 182, .box_w = 10, .box_h = 18, .ofs_x = 1, .ofs_y = 0},
    {.bitmap_index = 8516, .adv_w = 182, .box_w = 10, .box_h = 18, .ofs_x = 1, .ofs_y = 0},
    {.bitmap_index = 8606, .adv_w = 182, .box_w = 10, .box_h = 18, .ofs_x = 1, .ofs_y = 0},
    {.bitmap_index = 8696, .adv_w = 182, .box_w = 9, .box_h = 9, .ofs_x = 1, .ofs_y = 1},
    {.bitmap_index = 8737, .adv_w = 182, .box_w = 11, .box_h = 15, .ofs_x = 0, .ofs_y = -1},
    {.bitmap_index = 8820, .adv_w = 182, .box_w = 9, .box_h = 18, .ofs_x = 1, .ofs_y = 0},
    {.bitmap_index = 8901, .adv_w = 182, .box_w = 9, .box_h = 18, .ofs_x = 1, .ofs_y = 0},
    {.bitmap_index = 8982, .adv_w = 182, .box_w = 9, .box_h = 18, .ofs_x = 1, .ofs_y = 0},
    {.bitmap_index = 9063, .adv_w = 182, .box_w = 9, .box_h = 18, .ofs_x = 1, .ofs_y = 0},
    {.bitmap_index = 9144, .adv_w = 182, .box_w = 12, .box_h = 18, .ofs_x = 0, .ofs_y = 0},
    {.bitmap_index = 9252, .adv_w = 182, .box_w = 10, .box_h = 13, .ofs_x = 1, .ofs_y = 0},
    {.bitmap_index = 9317, .adv_w = 182, .box_w = 10, .box_h = 18, .ofs_x = 1, .ofs_y = -4},
    {.bitmap_index = 9407, .adv_w = 182, .box_w = 10, .box_h = 15, .ofs_x = 1, .ofs_y = 0},
    {.bitmap_index = 9482, .adv_w = 182, .box_w = 10, .box_h = 15, .ofs_x = 1, .ofs_y = 0},
    {.bitmap_index = 9557, .adv_w = 182, .box_w = 10, .box_h = 15, .ofs_x = 1, .ofs_y = 0},
    {.bitmap_index = 9632, .adv_w = 182, .box_w = 10, .box_h = 14, .ofs_x = 1, .ofs_y = 0},
    {.bitmap_index = 9702, .adv_w = 182, .box_w = 10, .box_h = 13, .ofs_x = 1, .ofs_y = 0},
    {.bitmap_index = 9767, .adv_w = 182, .box_w = 10, .box_h = 15, .ofs_x = 1, .ofs_y = 0},
    {.bitmap_index = 9842, .adv_w = 182, .box_w = 12, .box_h = 10, .ofs_x = 0, .ofs_y = 0},
    {.bitmap_index = 9902, .adv_w = 182, .box_w = 9, .box_h = 14, .ofs_x = 1, .ofs_y = -4},
    {.bitmap_index = 9965, .adv_w = 182, .box_w = 10, .box_h = 15, .ofs_x = 1, .ofs_y = 0},
    {.bitmap_index = 10040, .adv_w = 182, .box_w = 10, .box_h = 15, .ofs_x = 1, .ofs_y = 0},
    {.bitmap_index = 10115, .adv_w = 182, .box_w = 10, .box_h = 15, .ofs_x = 1, .ofs_y = 0},
    {.bitmap_index = 10190, .adv_w = 182, .box_w = 10, .box_h = 13, .ofs_x = 1, .ofs_y = 0},
    {.bitmap_index = 10255, .adv_w = 182, .box_w = 9, .box_h = 15, .ofs_x = 2, .ofs_y = 0},
    {.bitmap_index = 10323, .adv_w = 182, .box_w = 9, .box_h = 15, .ofs_x = 2, .ofs_y = 0},
    {.bitmap_index = 10391, .adv_w = 182, .box_w = 9, .box_h = 15, .ofs_x = 2, .ofs_y = 0},
    {.bitmap_index = 10459, .adv_w = 182, .box_w = 9, .box_h = 13, .ofs_x = 2, .ofs_y = 0},
    {.bitmap_index = 10518, .adv_w = 182, .box_w = 10, .box_h = 15, .ofs_x = 1, .ofs_y = 0},
    {.bitmap_index = 10593, .adv_w = 182, .box_w = 9, .box_h = 14, .ofs_x = 1, .ofs_y = 0},
    {.bitmap_index = 10656, .adv_w = 182, .box_w = 10, .box_h = 15, .ofs_x = 1, .ofs_y = 0},
    {.bitmap_index = 10731, .adv_w = 182, .box_w = 10, .box_h = 15, .ofs_x = 1, .ofs_y = 0},
    {.bitmap_index = 10806, .adv_w = 182, .box_w = 10, .box_h = 15, .ofs_x = 1, .ofs_y = 0},
    {.bitmap_index = 10881, .adv_w = 182, .box_w = 10, .box_h = 14, .ofs_x = 1, .ofs_y = 0},
    {.bitmap_index = 10951, .adv_w = 182, .box_w = 10, .box_h = 13, .ofs_x = 1, .ofs_y = 0},
    {.bitmap_index = 11016, .adv_w = 182, .box_w = 10, .box_h = 10, .ofs_x = 1, .ofs_y = 1},
    {.bitmap_index = 11066, .adv_w = 182, .box_w = 11, .box_h = 12, .ofs_x = 0, .ofs_y = -1},
    {.bitmap_index = 11132, .adv_w = 182, .box_w = 9, .box_h = 15, .ofs_x = 1, .ofs_y = 0},
    {.bitmap_index = 11200, .adv_w = 182, .box_w = 9, .box_h = 15, .ofs_x = 1, .ofs_y = 0},
    {.bitmap_index = 11268, .adv_w = 182, .box_w = 9, .box_h = 15, .ofs_x = 1, .ofs_y = 0},
    {.bitmap_index = 11336, .adv_w = 182, .box_w = 9, .box_h = 13, .ofs_x = 1, .ofs_y = 0},
    {.bitmap_index = 11395, .adv_w = 182, .box_w = 10, .box_h = 19, .ofs_x = 1, .ofs_y = -4},
    {.bitmap_index = 11490, .adv_w = 182, .box_w = 10, .box_h = 18, .ofs_x = 1, .ofs_y = -4},
    {.bitmap_index = 11580, .adv_w = 182, .box_w = 10, .box_h = 17, .ofs_x = 1, .ofs_y = -4},
    {.bitmap_index = 11665, .adv_w = 182, .box_w = 10, .box_h = 3, .ofs_x = 1, .ofs_y = 4},
    {.bitmap_index = 11680, .adv_w = 182, .box_w = 12, .box_h = 3, .ofs_x = 0, .ofs_y = 4},
    {.bitmap_index = 11698, .adv_w = 182, .box_w = 12, .box_h = 3, .ofs_x = 0, .ofs_y = 4},
    {.bitmap_index = 11716, .adv_w = 182, .box_w = 5, .box_h = 6, .ofs_x = 3, .ofs_y = 8},
    {.bitmap_index = 11731, .adv_w = 182, .box_w = 4, .box_h = 6, .ofs_x = 4, .ofs_y = 8},
    {.bitmap_index = 11743, .adv_w = 182, .box_w = 5, .box_h = 6, .ofs_x = 3, .ofs_y = -3},
    {.bitmap_index = 11758, .adv_w = 182, .box_w = 9, .box_h = 6, .ofs_x = 1, .ofs_y = 8},
    {.bitmap_index = 11785, .adv_w = 182, .box_w = 9, .box_h = 6, .ofs_x = 2, .ofs_y = 8},
    {.bitmap_index = 11812, .adv_w = 182, .box_w = 9, .box_h = 6, .ofs_x = 2, .ofs_y = -3},
    {.bitmap_index = 11839, .adv_w = 182, .box_w = 10, .box_h = 18, .ofs_x = 1, .ofs_y = -4},
    {.bitmap_index = 11929, .adv_w = 182, .box_w = 10, .box_h = 18, .ofs_x = 1, .ofs_y = -4},
    {.bitmap_index = 12019, .adv_w = 182, .box_w = 6, .box_h = 5, .ofs_x = 3, .ofs_y = 4},
    {.bitmap_index = 12034, .adv_w = 182, .box_w = 11, .box_h = 3, .ofs_x = 0, .ofs_y = 0},
    {.bitmap_index = 12051, .adv_w = 182, .box_w = 5, .box_h = 9, .ofs_x = 3, .ofs_y = 1},
    {.bitmap_index = 12074, .adv_w = 182, .box_w = 6, .box_h = 9, .ofs_x = 3, .ofs_y = 1},
    {.bitmap_index = 12101, .adv_w = 182, .box_w = 11, .box_h = 9, .ofs_x = 0, .ofs_y = 2},
    {.bitmap_index = 12151, .adv_w = 182, .box_w = 9, .box_h = 14, .ofs_x = 1, .ofs_y = 0},
    {.bitmap_index = 12214, .adv_w = 182, .box_w = 12, .box_h = 9, .ofs_x = 0, .ofs_y = 2},
    {.bitmap_index = 12268, .adv_w = 182, .box_w = 9, .box_h = 15, .ofs_x = 1, .ofs_y = -1},
    {.bitmap_index = 12336, .adv_w = 182, .box_w = 12, .box_h = 9, .ofs_x = 0, .ofs_y = 2},
    {.bitmap_index = 12390, .adv_w = 182, .box_w = 9, .box_h = 15, .ofs_x = 1, .ofs_y = -1},
    {.bitmap_index = 12458, .adv_w = 182, .box_w = 10, .box_h = 10, .ofs_x = 1, .ofs_y = 2},
    {.bitmap_index = 12508, .adv_w = 182, .box_w = 11, .box_h = 10, .ofs_x = 0, .ofs_y = 2},
    {.bitmap_index = 12563, .adv_w = 182, .box_w = 11, .box_h = 11, .ofs_x = 0, .ofs_y = 1},
    {.bitmap_index = 12624, .adv_w = 182, .box_w = 10, .box_h = 11, .ofs_x = 1, .ofs_y = 1},
    {.bitmap_index = 12679, .adv_w = 182, .box_w = 12, .box_h = 11, .ofs_x = 0, .ofs_y = 1},
    {.bitmap_index = 12745, .adv_w = 182, .box_w = 12, .box_h = 11, .ofs_x = 0, .ofs_y = 1},
    {.bitmap_index = 12811, .adv_w = 182, .box_w = 10, .box_h = 14, .ofs_x = 0, .ofs_y = 0},
    {.bitmap_index = 12881, .adv_w = 182, .box_w = 10, .box_h = 14, .ofs_x = 1, .ofs_y = 0},
    {.bitmap_index = 12951, .adv_w = 182, .box_w = 10, .box_h = 15, .ofs_x = 0, .ofs_y = -1},
    {.bitmap_index = 13026, .adv_w = 182, .box_w = 10, .box_h = 15, .ofs_x = 1, .ofs_y = -1},
    {.bitmap_index = 13101, .adv_w = 182, .box_w = 12, .box_h = 13, .ofs_x = 0, .ofs_y = 0},
    {.bitmap_index = 13179, .adv_w = 182, .box_w = 12, .box_h = 13, .ofs_x = 0, .ofs_y = 0},
    {.bitmap_index = 13257, .adv_w = 182, .box_w = 11, .box_h = 15, .ofs_x = 0, .ofs_y = -1},
    {.bitmap_index = 13340, .adv_w = 182, .box_w = 11, .box_h = 15, .ofs_x = 0, .ofs_y = -1},
    {.bitmap_index = 13423, .adv_w = 182, .box_w = 12, .box_h = 15, .ofs_x = 0, .ofs_y = -1},
    {.bitmap_index = 13513, .adv_w = 182, .box_w = 12, .box_h = 15, .ofs_x = 0, .ofs_y = -1},
    {.bitmap_index = 13603, .adv_w = 182, .box_w = 10, .box_h = 15, .ofs_x = 1, .ofs_y = -1},
    {.bitmap_index = 13678, .adv_w = 182, .box_w = 11, .box_h = 14, .ofs_x = 0, .ofs_y = 0},
    {.bitmap_index = 13755, .adv_w = 182, .box_w = 9, .box_h = 14, .ofs_x = 1, .ofs_y = 0},
    {.bitmap_index = 13818, .adv_w = 182, .box_w = 10, .box_h = 18, .ofs_x = 1, .ofs_y = -4},
    {.bitmap_index = 13908, .adv_w = 182, .box_w = 10, .box_h = 2, .ofs_x = 1, .ofs_y = 5}
};

/*---------------------
 *  CHARACTER MAPPING
 *--------------------*/

static const uint16_t unicode_list_2[] = {
    0x0, 0x1, 0x2, 0x5, 0x6, 0x7, 0x9, 0xa,
    0xb, 0xd, 0xe, 0xf, 0x13, 0x26, 0x27, 0x17d,
    0x17e, 0x17f, 0x180, 0x181, 0x182, 0x183, 0x184, 0x185,
    0x186, 0x196, 0x197, 0x19d, 0x19e, 0x19f, 0x1a0, 0x1a3,
    0x1a4, 0x1a7, 0x1a8, 0x1b1, 0x1b3, 0x1ef, 0x1f3, 0x1fc,
    0x1fe, 0x1ff
};

/*Collect the unicode lists and glyph_id offsets*/
static const lv_font_fmt_txt_cmap_t cmaps[] =
{
    {
        .range_start = 32, .range_length = 95, .glyph_id_start = 1,
        .unicode_list = NULL, .glyph_id_ofs_list = NULL, .list_length = 0, .type = LV_FONT_FMT_TXT_CMAP_FORMAT0_TINY
    },
    {
        .range_start = 160, .range_length = 96, .glyph_id_start = 96,
        .unicode_list = NULL, .glyph_id_ofs_list = NULL, .list_length = 0, .type = LV_FONT_FMT_TXT_CMAP_FORMAT0_TINY
    },
    {
        .range_start = 8211, .range_length = 512, .glyph_id_start = 192,
        .unicode_list = unicode_list_2, .glyph_id_ofs_list = NULL, .list_length = 42, .type = LV_FONT_FMT_TXT_CMAP_SPARSE_TINY
    }
};



/*--------------------
 *  ALL CUSTOM DATA
 *--------------------*/

#if LVGL_VERSION_MAJOR == 8
/*Store all the custom data of the font*/
static  lv_font_fmt_txt_glyph_cache_t cache;
#endif

#if LVGL_VERSION_MAJOR >= 8
static const lv_font_fmt_txt_dsc_t font_dsc = {
#else
static lv_font_fmt_txt_dsc_t font_dsc = {
#endif
    .glyph_bitmap = glyph_bitmap,
    .glyph_dsc = glyph_dsc,
    .cmaps = cmaps,
    .kern_dsc = NULL,
    .kern_scale = 0,
    .cmap_num = 3,
    .bpp = 4,
    .kern_classes = 0,
    .bitmap_format = 0,
#if LVGL_VERSION_MAJOR == 8
    .cache = &cache
#endif
};



/*-----------------
 *  PUBLIC FONT
 *----------------*/

/*Initialize a public general font descriptor*/
#if LVGL_VERSION_MAJOR >= 8
const lv_font_t pos_font_mono_19 = {
#else
lv_font_t pos_font_mono_19 = {
#endif
    .get_glyph_dsc = lv_font_get_glyph_dsc_fmt_txt,    /*Function pointer to get glyph's data*/
    .get_glyph_bitmap = lv_font_get_bitmap_fmt_txt,    /*Function pointer to get glyph's bitmap*/
    .line_height = 24,          /*The maximum line height required by the font*/
    .base_line = 5,             /*Baseline measured from the bottom of the line*/
#if !(LVGL_VERSION_MAJOR == 6 && LVGL_VERSION_MINOR == 0)
    .subpx = LV_FONT_SUBPX_NONE,
#endif
#if LV_VERSION_CHECK(7, 4, 0) || LVGL_VERSION_MAJOR >= 8
    .underline_position = -3,
    .underline_thickness = 1,
#endif
    .dsc = &font_dsc,          /*The custom font data. Will be accessed by `get_glyph_bitmap/dsc` */
#if LV_VERSION_CHECK(8, 2, 0) || LVGL_VERSION_MAJOR >= 9
    .fallback = NULL,
#endif
    .user_data = NULL,
};



#endif /*#if POS_FONT_MONO_19*/

