/*******************************************************************************
 * Size: 32 px
 * Bpp: 4
 * Opts: --font /home/dolby/work/fonts/IBMPlexSans-SemiBold.ttf --range 0x20-0x7E,0xA0-0xFF,0x2013-0x2026,0x2039-0x203A,0x2190-0x2212 --size 32 --bpp 4 --format lvgl --no-compress --lv-font-name pos_font_sans_32_semibold -o /mnt/c/K230/ui/pocketui/fonts/pos_font_sans_32_semibold.c
 ******************************************************************************/

#ifdef LV_LVGL_H_INCLUDE_SIMPLE
#include "lvgl.h"
#else
#include "lvgl/lvgl.h"
#endif

#ifndef POS_FONT_SANS_32_SEMIBOLD
#define POS_FONT_SANS_32_SEMIBOLD 1
#endif

#if POS_FONT_SANS_32_SEMIBOLD

/*-----------------
 *    BITMAPS
 *----------------*/

/*Store the image of the glyphs*/
static LV_ATTRIBUTE_LARGE_CONST const uint8_t glyph_bitmap[] = {
    /* U+0020 " " */

    /* U+0021 "!" */
    0x3f, 0xff, 0xf2, 0x3f, 0xff, 0xf2, 0x3f, 0xff,
    0xf2, 0x3f, 0xff, 0xf2, 0x3f, 0xff, 0xf2, 0x3f,
    0xff, 0xf2, 0x2f, 0xff, 0xf1, 0xf, 0xff, 0xf0,
    0xe, 0xff, 0xd0, 0xc, 0xff, 0xb0, 0x9, 0xff,
    0x90, 0x7, 0xff, 0x60, 0x5, 0xff, 0x40, 0x3,
    0xff, 0x20, 0x0, 0xff, 0x0, 0x0, 0x87, 0x0,
    0x0, 0x11, 0x0, 0x1d, 0xff, 0xc0, 0x8f, 0xff,
    0xf6, 0x9f, 0xff, 0xf8, 0x7f, 0xff, 0xf5, 0xa,
    0xfe, 0x90,

    /* U+0022 "\"" */
    0xaf, 0xff, 0x0, 0xe, 0xff, 0xba, 0xff, 0xf0,
    0x0, 0xef, 0xfb, 0xaf, 0xff, 0x0, 0xe, 0xff,
    0xba, 0xff, 0xf0, 0x0, 0xef, 0xfb, 0xaf, 0xff,
    0x0, 0xe, 0xff, 0xba, 0xff, 0xf0, 0x0, 0xef,
    0xfb, 0xaf, 0xff, 0x0, 0xe, 0xff, 0xba, 0xff,
    0xf0, 0x0, 0xef, 0xfb, 0xaf, 0xff, 0x0, 0xe,
    0xff, 0xb9, 0xee, 0xe0, 0x0, 0xde, 0xea,

    /* U+0023 "#" */
    0x0, 0x0, 0x0, 0xe, 0xfc, 0x0, 0x0, 0x2f,
    0xf8, 0x0, 0x0, 0x0, 0x0, 0x2, 0xff, 0x90,
    0x0, 0x5, 0xff, 0x50, 0x0, 0x0, 0x0, 0x0,
    0x5f, 0xf5, 0x0, 0x0, 0x8f, 0xf2, 0x0, 0x0,
    0x0, 0x0, 0x8, 0xff, 0x20, 0x0, 0xc, 0xff,
    0x0, 0x0, 0x0, 0x0, 0x0, 0xbf, 0xf0, 0x0,
    0x0, 0xff, 0xc0, 0x0, 0x0, 0xc, 0xff, 0xff,
    0xff, 0xff, 0xff, 0xff, 0xff, 0xff, 0xf2, 0x0,
    0xcf, 0xff, 0xff, 0xff, 0xff, 0xff, 0xff, 0xff,
    0xff, 0x20, 0x7, 0x99, 0xbf, 0xfc, 0x99, 0x99,
    0xdf, 0xfa, 0x99, 0x91, 0x0, 0x0, 0x7, 0xff,
    0x40, 0x0, 0xa, 0xff, 0x0, 0x0, 0x0, 0x0,
    0x0, 0x9f, 0xf2, 0x0, 0x0, 0xdf, 0xe0, 0x0,
    0x0, 0x0, 0x0, 0xc, 0xff, 0x0, 0x0, 0xf,
    0xfb, 0x0, 0x0, 0x0, 0x0, 0x0, 0xef, 0xc0,
    0x0, 0x2, 0xff, 0x90, 0x0, 0x0, 0x0, 0x0,
    0x1f, 0xfa, 0x0, 0x0, 0x4f, 0xf6, 0x0, 0x0,
    0x1, 0x99, 0x9a, 0xff, 0xc9, 0x99, 0x9c, 0xff,
    0xb9, 0x97, 0x0, 0x2f, 0xff, 0xff, 0xff, 0xff,
    0xff, 0xff, 0xff, 0xff, 0xc0, 0x2, 0xff, 0xff,
    0xff, 0xff, 0xff, 0xff, 0xff, 0xff, 0xfc, 0x0,
    0x0, 0x0, 0xcf, 0xf0, 0x0, 0x0, 0xff, 0xb0,
    0x0, 0x0, 0x0, 0x0, 0xe, 0xfd, 0x0, 0x0,
    0x2f, 0xf8, 0x0, 0x0, 0x0, 0x0, 0x1, 0xff,
    0xa0, 0x0, 0x4, 0xff, 0x60, 0x0, 0x0, 0x0,
    0x0, 0x4f, 0xf7, 0x0, 0x0, 0x7f, 0xf3, 0x0,
    0x0, 0x0, 0x0, 0x6, 0xff, 0x40, 0x0, 0xa,
    0xff, 0x0, 0x0, 0x0, 0x0, 0x0, 0x9f, 0xf2,
    0x0, 0x0, 0xcf, 0xe0, 0x0, 0x0, 0x0,

    /* U+0024 "$" */
    0x0, 0x0, 0x0, 0x5, 0x77, 0x20, 0x0, 0x0,
    0x0, 0x0, 0x0, 0x0, 0xdf, 0xf5, 0x0, 0x0,
    0x0, 0x0, 0x0, 0x0, 0xd, 0xff, 0x50, 0x0,
    0x0, 0x0, 0x0, 0x0, 0x37, 0xef, 0xfb, 0x51,
    0x0, 0x0, 0x0, 0x6, 0xef, 0xff, 0xff, 0xff,
    0xfb, 0x20, 0x0, 0x9, 0xff, 0xff, 0xff, 0xff,
    0xff, 0xff, 0x50, 0x6, 0xff, 0xff, 0xdd, 0xff,
    0xcf, 0xff, 0xff, 0x20, 0xdf, 0xff, 0x80, 0x8f,
    0xf1, 0x1b, 0xff, 0x40, 0xf, 0xff, 0xe0, 0x8,
    0xff, 0x10, 0x8, 0x20, 0x1, 0xff, 0xfc, 0x0,
    0x8f, 0xf1, 0x0, 0x0, 0x0, 0xf, 0xff, 0xf1,
    0x8, 0xff, 0x10, 0x0, 0x0, 0x0, 0xbf, 0xff,
    0xe6, 0x9f, 0xf1, 0x0, 0x0, 0x0, 0x3, 0xff,
    0xff, 0xff, 0xff, 0x61, 0x0, 0x0, 0x0, 0x5,
    0xff, 0xff, 0xff, 0xff, 0xfb, 0x40, 0x0, 0x0,
    0x1, 0x9f, 0xff, 0xff, 0xff, 0xff, 0xa0, 0x0,
    0x0, 0x0, 0x4, 0xbf, 0xff, 0xff, 0xff, 0xb0,
    0x0, 0x0, 0x0, 0x8, 0xff, 0x5b, 0xff, 0xff,
    0x40, 0x0, 0x0, 0x0, 0x8f, 0xf1, 0x9, 0xff,
    0xf9, 0x0, 0x0, 0x0, 0x8, 0xff, 0x10, 0x3f,
    0xff, 0xa0, 0x5, 0x10, 0x0, 0x8f, 0xf1, 0x3,
    0xff, 0xfa, 0x7, 0xfd, 0x30, 0x8, 0xff, 0x10,
    0xaf, 0xff, 0x67, 0xff, 0xff, 0x93, 0x8f, 0xf4,
    0xaf, 0xff, 0xf1, 0x1d, 0xff, 0xff, 0xff, 0xff,
    0xff, 0xff, 0xf5, 0x0, 0x1a, 0xff, 0xff, 0xff,
    0xff, 0xff, 0xf6, 0x0, 0x0, 0x3, 0x9e, 0xff,
    0xff, 0xfd, 0x81, 0x0, 0x0, 0x0, 0x0, 0x0,
    0xdf, 0xf5, 0x0, 0x0, 0x0, 0x0, 0x0, 0x0,
    0xd, 0xff, 0x50, 0x0, 0x0, 0x0, 0x0, 0x0,
    0x0, 0xdf, 0xf5, 0x0, 0x0, 0x0,

    /* U+0025 "%" */
    0x0, 0x6, 0xcf, 0xfe, 0xa3, 0x0, 0x0, 0x0,
    0x0, 0x2, 0xff, 0xf9, 0x0, 0x0, 0x0, 0xcf,
    0xff, 0xff, 0xff, 0x60, 0x0, 0x0, 0x0, 0xc,
    0xff, 0xd0, 0x0, 0x0, 0x8, 0xff, 0xf9, 0x7d,
    0xff, 0xf2, 0x0, 0x0, 0x0, 0x8f, 0xff, 0x30,
    0x0, 0x0, 0xf, 0xff, 0x90, 0x1, 0xff, 0xf8,
    0x0, 0x0, 0x3, 0xff, 0xf7, 0x0, 0x0, 0x0,
    0x2f, 0xff, 0x50, 0x0, 0xcf, 0xfb, 0x0, 0x0,
    0xd, 0xff, 0xc0, 0x0, 0x0, 0x0, 0x3f, 0xff,
    0x50, 0x0, 0xbf, 0xfc, 0x0, 0x0, 0x9f, 0xff,
    0x20, 0x0, 0x0, 0x0, 0x3f, 0xff, 0x50, 0x0,
    0xbf, 0xfc, 0x0, 0x5, 0xff, 0xf6, 0x0, 0x0,
    0x0, 0x0, 0x1f, 0xff, 0x70, 0x0, 0xdf, 0xfa,
    0x0, 0x1e, 0xff, 0xa0, 0x0, 0x0, 0x0, 0x0,
    0xc, 0xff, 0xe3, 0x7, 0xff, 0xf5, 0x0, 0xbf,
    0xfe, 0x10, 0x0, 0x0, 0x0, 0x0, 0x3, 0xff,
    0xff, 0xff, 0xff, 0xc0, 0x7, 0xff, 0xf4, 0x4,
    0xbe, 0xfe, 0xa3, 0x0, 0x0, 0x3d, 0xff, 0xff,
    0xfa, 0x0, 0x2f, 0xff, 0x80, 0x7f, 0xff, 0xff,
    0xff, 0x50, 0x0, 0x0, 0x35, 0x64, 0x10, 0x0,
    0xdf, 0xfd, 0x3, 0xff, 0xfb, 0x7c, 0xff, 0xf2,
    0x0, 0x0, 0x0, 0x0, 0x0, 0x8, 0xff, 0xf2,
    0xa, 0xff, 0xd0, 0x0, 0xff, 0xf8, 0x0, 0x0,
    0x0, 0x0, 0x0, 0x4f, 0xff, 0x70, 0xe, 0xff,
    0x80, 0x0, 0xbf, 0xfc, 0x0, 0x0, 0x0, 0x0,
    0x1, 0xef, 0xfb, 0x0, 0xf, 0xff, 0x70, 0x0,
    0x9f, 0xfe, 0x0, 0x0, 0x0, 0x0, 0xa, 0xff,
    0xe1, 0x0, 0x1f, 0xff, 0x70, 0x0, 0x9f, 0xff,
    0x0, 0x0, 0x0, 0x0, 0x5f, 0xff, 0x50, 0x0,
    0xf, 0xff, 0x70, 0x0, 0x9f, 0xfe, 0x0, 0x0,
    0x0, 0x2, 0xff, 0xfa, 0x0, 0x0, 0xe, 0xff,
    0x80, 0x0, 0xbf, 0xfc, 0x0, 0x0, 0x0, 0xc,
    0xff, 0xd0, 0x0, 0x0, 0xa, 0xff, 0xd0, 0x0,
    0xff, 0xf8, 0x0, 0x0, 0x0, 0x7f, 0xff, 0x30,
    0x0, 0x0, 0x3, 0xff, 0xfb, 0x7c, 0xff, 0xf2,
    0x0, 0x0, 0x3, 0xff, 0xf8, 0x0, 0x0, 0x0,
    0x0, 0x7f, 0xff, 0xff, 0xff, 0x60, 0x0, 0x0,
    0xd, 0xff, 0xc0, 0x0, 0x0, 0x0, 0x0, 0x4,
    0xbe, 0xfe, 0xa3, 0x0,

    /* U+0026 "&" */
    0x0, 0x0, 0x2, 0x9d, 0xff, 0xeb, 0x50, 0x0,
    0x0, 0x0, 0x0, 0x0, 0x0, 0x7f, 0xff, 0xff,
    0xff, 0xfc, 0x10, 0x0, 0x0, 0x0, 0x0, 0x6,
    0xff, 0xff, 0xff, 0xff, 0xff, 0xc0, 0x0, 0x0,
    0x0, 0x0, 0xe, 0xff, 0xfa, 0x33, 0x8f, 0xff,
    0xf3, 0x0, 0x0, 0x0, 0x0, 0x2f, 0xff, 0xe0,
    0x0, 0xa, 0xff, 0xf5, 0x0, 0x0, 0x0, 0x0,
    0x1f, 0xff, 0xc0, 0x0, 0xa, 0xff, 0xf3, 0x0,
    0x0, 0x0, 0x0, 0xd, 0xff, 0xf3, 0x0, 0x2f,
    0xff, 0xd0, 0x0, 0x0, 0x0, 0x0, 0x6, 0xff,
    0xfe, 0x26, 0xff, 0xff, 0x30, 0x0, 0x0, 0x0,
    0x0, 0x0, 0xaf, 0xff, 0xff, 0xff, 0xe3, 0x0,
    0x0, 0x0, 0x0, 0x0, 0x0, 0xe, 0xff, 0xff,
    0xfa, 0x10, 0x2, 0x66, 0x66, 0x40, 0x0, 0x2,
    0xcf, 0xff, 0xff, 0xe2, 0x0, 0x8, 0xff, 0xff,
    0xa0, 0x0, 0x4f, 0xff, 0xff, 0xff, 0xfe, 0x10,
    0xa, 0xff, 0xff, 0xa0, 0x2, 0xff, 0xff, 0x72,
    0xef, 0xff, 0xd1, 0xd, 0xff, 0xff, 0xa0, 0xa,
    0xff, 0xf8, 0x0, 0x3f, 0xff, 0xfc, 0x3f, 0xff,
    0x60, 0x0, 0xf, 0xff, 0xf1, 0x0, 0x3, 0xff,
    0xff, 0xff, 0xff, 0x10, 0x0, 0x2f, 0xff, 0xf0,
    0x0, 0x0, 0x4f, 0xff, 0xff, 0xfb, 0x0, 0x0,
    0x2f, 0xff, 0xf2, 0x0, 0x0, 0x5, 0xff, 0xff,
    0xf4, 0x0, 0x0, 0xf, 0xff, 0xfb, 0x0, 0x0,
    0x1, 0xdf, 0xff, 0xf9, 0x0, 0x0, 0x9, 0xff,
    0xff, 0xe8, 0x67, 0xaf, 0xff, 0xff, 0xff, 0x70,
    0x0, 0x1, 0xef, 0xff, 0xff, 0xff, 0xff, 0xff,
    0xff, 0xff, 0xf5, 0x0, 0x0, 0x2c, 0xff, 0xff,
    0xff, 0xff, 0xfc, 0x3d, 0xff, 0xff, 0x30, 0x0,
    0x0, 0x5a, 0xdf, 0xff, 0xfc, 0x60, 0x1, 0xef,
    0xff, 0xe2,

    /* U+0027 "'" */
    0xaf, 0xff, 0xaf, 0xff, 0xaf, 0xff, 0xaf, 0xff,
    0xaf, 0xff, 0xaf, 0xff, 0xaf, 0xff, 0xaf, 0xff,
    0xaf, 0xff, 0x9e, 0xee,

    /* U+0028 "(" */
    0x0, 0x0, 0x0, 0x89, 0x97, 0x0, 0x0, 0x0,
    0xcf, 0xfe, 0x20, 0x0, 0x0, 0xaf, 0xff, 0x30,
    0x0, 0x0, 0x5f, 0xff, 0x70, 0x0, 0x0, 0xe,
    0xff, 0xd0, 0x0, 0x0, 0x6, 0xff, 0xf5, 0x0,
    0x0, 0x0, 0xdf, 0xfd, 0x0, 0x0, 0x0, 0x3f,
    0xff, 0x70, 0x0, 0x0, 0x8, 0xff, 0xf2, 0x0,
    0x0, 0x0, 0xcf, 0xfe, 0x0, 0x0, 0x0, 0xf,
    0xff, 0xb0, 0x0, 0x0, 0x2, 0xff, 0xf8, 0x0,
    0x0, 0x0, 0x4f, 0xff, 0x70, 0x0, 0x0, 0x5,
    0xff, 0xf7, 0x0, 0x0, 0x0, 0x6f, 0xff, 0x70,
    0x0, 0x0, 0x5, 0xff, 0xf7, 0x0, 0x0, 0x0,
    0x5f, 0xff, 0x70, 0x0, 0x0, 0x3, 0xff, 0xf8,
    0x0, 0x0, 0x0, 0x1f, 0xff, 0xa0, 0x0, 0x0,
    0x0, 0xef, 0xfc, 0x0, 0x0, 0x0, 0xa, 0xff,
    0xf0, 0x0, 0x0, 0x0, 0x5f, 0xff, 0x50, 0x0,
    0x0, 0x0, 0xff, 0xfa, 0x0, 0x0, 0x0, 0x9,
    0xff, 0xf2, 0x0, 0x0, 0x0, 0x2f, 0xff, 0x90,
    0x0, 0x0, 0x0, 0x9f, 0xff, 0x30, 0x0, 0x0,
    0x1, 0xef, 0xfd, 0x0, 0x0, 0x0, 0x3, 0xff,
    0xfa, 0x0, 0x0, 0x0, 0x4, 0xff, 0xf9, 0x0,

    /* U+0029 ")" */
    0x8, 0x99, 0x70, 0x0, 0x0, 0x0, 0x4f, 0xff,
    0x90, 0x0, 0x0, 0x0, 0x7f, 0xff, 0x60, 0x0,
    0x0, 0x0, 0xbf, 0xff, 0x20, 0x0, 0x0, 0x1,
    0xff, 0xfb, 0x0, 0x0, 0x0, 0x8, 0xff, 0xf3,
    0x0, 0x0, 0x0, 0x1f, 0xff, 0xa0, 0x0, 0x0,
    0x0, 0xbf, 0xff, 0x0, 0x0, 0x0, 0x6, 0xff,
    0xf4, 0x0, 0x0, 0x0, 0x2f, 0xff, 0x80, 0x0,
    0x0, 0x0, 0xff, 0xfc, 0x0, 0x0, 0x0, 0xc,
    0xff, 0xe0, 0x0, 0x0, 0x0, 0xbf, 0xff, 0x10,
    0x0, 0x0, 0xa, 0xff, 0xf2, 0x0, 0x0, 0x0,
    0xaf, 0xff, 0x20, 0x0, 0x0, 0xa, 0xff, 0xf2,
    0x0, 0x0, 0x0, 0xbf, 0xff, 0x10, 0x0, 0x0,
    0xb, 0xff, 0xf0, 0x0, 0x0, 0x0, 0xdf, 0xfd,
    0x0, 0x0, 0x0, 0xf, 0xff, 0xa0, 0x0, 0x0,
    0x4, 0xff, 0xf6, 0x0, 0x0, 0x0, 0x8f, 0xff,
    0x20, 0x0, 0x0, 0xe, 0xff, 0xc0, 0x0, 0x0,
    0x5, 0xff, 0xf6, 0x0, 0x0, 0x0, 0xdf, 0xfe,
    0x0, 0x0, 0x0, 0x6f, 0xff, 0x50, 0x0, 0x0,
    0x2f, 0xff, 0xb0, 0x0, 0x0, 0xd, 0xff, 0xe1,
    0x0, 0x0, 0xc, 0xff, 0xe2, 0x0, 0x0, 0x0,

    /* U+002A "*" */
    0x0, 0x0, 0x0, 0xdf, 0xfa, 0x0, 0x0, 0x0,
    0x0, 0x0, 0x0, 0xdf, 0xf9, 0x0, 0x0, 0x0,
    0x0, 0x0, 0x0, 0xcf, 0xf9, 0x0, 0x0, 0x0,
    0x4, 0x0, 0x0, 0xbf, 0xf8, 0x0, 0x0, 0x40,
    0x3f, 0xe8, 0x20, 0xaf, 0xf7, 0x3, 0x9f, 0xf0,
    0x8f, 0xff, 0xfb, 0xcf, 0xfb, 0xcf, 0xff, 0xf5,
    0xbf, 0xff, 0xff, 0xff, 0xff, 0xff, 0xff, 0xf8,
    0x1, 0x6b, 0xff, 0xff, 0xff, 0xfe, 0xa5, 0x10,
    0x0, 0x0, 0xc, 0xff, 0xff, 0x90, 0x0, 0x0,
    0x0, 0x0, 0x7f, 0xff, 0xff, 0xf4, 0x0, 0x0,
    0x0, 0x4, 0xff, 0xf8, 0xcf, 0xfe, 0x20, 0x0,
    0x0, 0x2f, 0xff, 0xd0, 0x2f, 0xff, 0xd0, 0x0,
    0x0, 0xdf, 0xff, 0x30, 0x6, 0xff, 0xfa, 0x0,
    0x0, 0x4e, 0xf8, 0x0, 0x0, 0xcf, 0xc2, 0x0,
    0x0, 0x1, 0x80, 0x0, 0x0, 0x27, 0x0, 0x0,

    /* U+002B "+" */
    0x0, 0x0, 0x1, 0x77, 0x72, 0x0, 0x0, 0x0,
    0x0, 0x0, 0x3, 0xff, 0xf6, 0x0, 0x0, 0x0,
    0x0, 0x0, 0x3, 0xff, 0xf6, 0x0, 0x0, 0x0,
    0x0, 0x0, 0x3, 0xff, 0xf6, 0x0, 0x0, 0x0,
    0x0, 0x0, 0x3, 0xff, 0xf6, 0x0, 0x0, 0x0,
    0x0, 0x0, 0x3, 0xff, 0xf6, 0x0, 0x0, 0x0,
    0x34, 0x44, 0x46, 0xff, 0xf8, 0x44, 0x44, 0x40,
    0xdf, 0xff, 0xff, 0xff, 0xff, 0xff, 0xff, 0xf1,
    0xdf, 0xff, 0xff, 0xff, 0xff, 0xff, 0xff, 0xf1,
    0xdf, 0xff, 0xff, 0xff, 0xff, 0xff, 0xff, 0xf1,
    0x0, 0x0, 0x3, 0xff, 0xf6, 0x0, 0x0, 0x0,
    0x0, 0x0, 0x3, 0xff, 0xf6, 0x0, 0x0, 0x0,
    0x0, 0x0, 0x3, 0xff, 0xf6, 0x0, 0x0, 0x0,
    0x0, 0x0, 0x3, 0xff, 0xf6, 0x0, 0x0, 0x0,
    0x0, 0x0, 0x3, 0xff, 0xf6, 0x0, 0x0, 0x0,
    0x0, 0x0, 0x3, 0xff, 0xf6, 0x0, 0x0, 0x0,

    /* U+002C "," */
    0x0, 0x26, 0x50, 0x0, 0x5f, 0xff, 0xd0, 0xb,
    0xff, 0xff, 0x40, 0xcf, 0xff, 0xf4, 0x8, 0xff,
    0xff, 0x20, 0x8, 0xff, 0xf0, 0x0, 0x3f, 0xf9,
    0x0, 0xb, 0xff, 0x20, 0x7, 0xff, 0x70, 0x5,
    0xff, 0x80, 0x0,

    /* U+002D "-" */
    0x0, 0x0, 0x0, 0x0, 0x0, 0x2, 0xff, 0xff,
    0xff, 0xff, 0xf0, 0x2f, 0xff, 0xff, 0xff, 0xff,
    0x2, 0xff, 0xff, 0xff, 0xff, 0xf0, 0x2f, 0xff,
    0xff, 0xff, 0xff, 0x0,

    /* U+002E "." */
    0x0, 0x32, 0x0, 0x3e, 0xff, 0xa0, 0xbf, 0xff,
    0xf3, 0xcf, 0xff, 0xf5, 0xaf, 0xff, 0xf2, 0x1b,
    0xfe, 0x70,

    /* U+002F "/" */
    0x0, 0x0, 0x0, 0x0, 0xd, 0xff, 0x90, 0x0,
    0x0, 0x0, 0x2, 0xff, 0xf4, 0x0, 0x0, 0x0,
    0x0, 0x7f, 0xfe, 0x0, 0x0, 0x0, 0x0, 0xc,
    0xff, 0xa0, 0x0, 0x0, 0x0, 0x1, 0xff, 0xf5,
    0x0, 0x0, 0x0, 0x0, 0x6f, 0xff, 0x0, 0x0,
    0x0, 0x0, 0xc, 0xff, 0xa0, 0x0, 0x0, 0x0,
    0x1, 0xff, 0xf5, 0x0, 0x0, 0x0, 0x0, 0x6f,
    0xff, 0x0, 0x0, 0x0, 0x0, 0xb, 0xff, 0xb0,
    0x0, 0x0, 0x0, 0x1, 0xff, 0xf6, 0x0, 0x0,
    0x0, 0x0, 0x5f, 0xff, 0x10, 0x0, 0x0, 0x0,
    0xb, 0xff, 0xb0, 0x0, 0x0, 0x0, 0x0, 0xff,
    0xf6, 0x0, 0x0, 0x0, 0x0, 0x5f, 0xff, 0x10,
    0x0, 0x0, 0x0, 0xa, 0xff, 0xc0, 0x0, 0x0,
    0x0, 0x0, 0xff, 0xf7, 0x0, 0x0, 0x0, 0x0,
    0x4f, 0xff, 0x20, 0x0, 0x0, 0x0, 0x9, 0xff,
    0xc0, 0x0, 0x0, 0x0, 0x0, 0xef, 0xf7, 0x0,
    0x0, 0x0, 0x0, 0x4f, 0xff, 0x20, 0x0, 0x0,
    0x0, 0x9, 0xff, 0xd0, 0x0, 0x0, 0x0, 0x0,
    0xef, 0xf8, 0x0, 0x0, 0x0, 0x0, 0x3f, 0xff,
    0x30, 0x0, 0x0, 0x0, 0x8, 0xff, 0xd0, 0x0,
    0x0, 0x0, 0x0, 0xef, 0xf8, 0x0, 0x0, 0x0,
    0x0, 0x3f, 0xff, 0x30, 0x0, 0x0, 0x0, 0x8,
    0xff, 0xe0, 0x0, 0x0, 0x0, 0x0, 0x68, 0x85,
    0x0, 0x0, 0x0, 0x0, 0x0,

    /* U+0030 "0" */
    0x0, 0x0, 0x17, 0xce, 0xfe, 0xc8, 0x20, 0x0,
    0x0, 0x0, 0x5e, 0xff, 0xff, 0xff, 0xff, 0x70,
    0x0, 0x0, 0x5f, 0xff, 0xff, 0xff, 0xff, 0xff,
    0x80, 0x0, 0x1f, 0xff, 0xff, 0xa8, 0xae, 0xff,
    0xff, 0x30, 0x9, 0xff, 0xfe, 0x20, 0x0, 0x1c,
    0xff, 0xfc, 0x0, 0xef, 0xff, 0x60, 0x0, 0x0,
    0x3f, 0xff, 0xf1, 0x3f, 0xff, 0xf1, 0x0, 0x0,
    0x0, 0xdf, 0xff, 0x66, 0xff, 0xfe, 0x0, 0x0,
    0x0, 0xa, 0xff, 0xf9, 0x9f, 0xff, 0xc0, 0x0,
    0x0, 0x0, 0x9f, 0xff, 0xca, 0xff, 0xfc, 0x0,
    0x0, 0x0, 0x9, 0xff, 0xfd, 0xbf, 0xff, 0xc0,
    0x0, 0x0, 0x0, 0x9f, 0xff, 0xeb, 0xff, 0xfc,
    0x0, 0x0, 0x0, 0x9, 0xff, 0xfe, 0xaf, 0xff,
    0xc0, 0x0, 0x0, 0x0, 0x9f, 0xff, 0xd9, 0xff,
    0xfc, 0x0, 0x0, 0x0, 0x9, 0xff, 0xfc, 0x6f,
    0xff, 0xd0, 0x0, 0x0, 0x0, 0xaf, 0xff, 0x94,
    0xff, 0xff, 0x10, 0x0, 0x0, 0xd, 0xff, 0xf6,
    0xe, 0xff, 0xf6, 0x0, 0x0, 0x3, 0xff, 0xff,
    0x10, 0x9f, 0xff, 0xe2, 0x0, 0x1, 0xcf, 0xff,
    0xc0, 0x1, 0xff, 0xff, 0xfa, 0x8a, 0xef, 0xff,
    0xf3, 0x0, 0x5, 0xff, 0xff, 0xff, 0xff, 0xff,
    0xf8, 0x0, 0x0, 0x5, 0xef, 0xff, 0xff, 0xff,
    0xf8, 0x0, 0x0, 0x0, 0x1, 0x7c, 0xef, 0xec,
    0x82, 0x0, 0x0,

    /* U+0031 "1" */
    0x0, 0x0, 0x9, 0xff, 0xff, 0xff, 0x30, 0x0,
    0x0, 0x0, 0x0, 0x7f, 0xff, 0xff, 0xff, 0x30,
    0x0, 0x0, 0x0, 0x5, 0xff, 0xff, 0xff, 0xff,
    0x30, 0x0, 0x0, 0x0, 0x3f, 0xff, 0xf5, 0xff,
    0xff, 0x30, 0x0, 0x0, 0x1, 0xef, 0xff, 0x70,
    0xff, 0xff, 0x30, 0x0, 0x0, 0xc, 0xff, 0xfa,
    0x0, 0xff, 0xff, 0x30, 0x0, 0x0, 0x7f, 0xff,
    0xc0, 0x0, 0xff, 0xff, 0x30, 0x0, 0x0, 0x8,
    0xfd, 0x10, 0x0, 0xff, 0xff, 0x30, 0x0, 0x0,
    0x0, 0x52, 0x0, 0x0, 0xff, 0xff, 0x30, 0x0,
    0x0, 0x0, 0x0, 0x0, 0x0, 0xff, 0xff, 0x30,
    0x0, 0x0, 0x0, 0x0, 0x0, 0x0, 0xff, 0xff,
    0x30, 0x0, 0x0, 0x0, 0x0, 0x0, 0x0, 0xff,
    0xff, 0x30, 0x0, 0x0, 0x0, 0x0, 0x0, 0x0,
    0xff, 0xff, 0x30, 0x0, 0x0, 0x0, 0x0, 0x0,
    0x0, 0xff, 0xff, 0x30, 0x0, 0x0, 0x0, 0x0,
    0x0, 0x0, 0xff, 0xff, 0x30, 0x0, 0x0, 0x0,
    0x0, 0x0, 0x0, 0xff, 0xff, 0x30, 0x0, 0x0,
    0x0, 0x0, 0x0, 0x0, 0xff, 0xff, 0x30, 0x0,
    0x0, 0x0, 0x0, 0x0, 0x0, 0xff, 0xff, 0x30,
    0x0, 0x0, 0x0, 0x66, 0x66, 0x66, 0xff, 0xff,
    0x86, 0x66, 0x61, 0x1, 0xff, 0xff, 0xff, 0xff,
    0xff, 0xff, 0xff, 0xf4, 0x1, 0xff, 0xff, 0xff,
    0xff, 0xff, 0xff, 0xff, 0xf4, 0x1, 0xff, 0xff,
    0xff, 0xff, 0xff, 0xff, 0xff, 0xf4,

    /* U+0032 "2" */
    0x0, 0x0, 0x28, 0xce, 0xfe, 0xc8, 0x20, 0x0,
    0x0, 0x0, 0x8f, 0xff, 0xff, 0xff, 0xff, 0x80,
    0x0, 0x0, 0xaf, 0xff, 0xff, 0xff, 0xff, 0xff,
    0x80, 0x0, 0x7f, 0xff, 0xfe, 0xba, 0xdf, 0xff,
    0xff, 0x30, 0xf, 0xff, 0xfa, 0x0, 0x0, 0x7f,
    0xff, 0xf9, 0x2, 0xcf, 0xfd, 0x0, 0x0, 0x0,
    0xcf, 0xff, 0xc0, 0x0, 0x28, 0x50, 0x0, 0x0,
    0x9, 0xff, 0xfd, 0x0, 0x0, 0x0, 0x0, 0x0,
    0x0, 0xaf, 0xff, 0xc0, 0x0, 0x0, 0x0, 0x0,
    0x0, 0xd, 0xff, 0xf8, 0x0, 0x0, 0x0, 0x0,
    0x0, 0x6, 0xff, 0xff, 0x20, 0x0, 0x0, 0x0,
    0x0, 0x3, 0xff, 0xff, 0x80, 0x0, 0x0, 0x0,
    0x0, 0x4, 0xff, 0xff, 0xc0, 0x0, 0x0, 0x0,
    0x0, 0x5, 0xff, 0xff, 0xc1, 0x0, 0x0, 0x0,
    0x0, 0x8, 0xff, 0xff, 0xb0, 0x0, 0x0, 0x0,
    0x0, 0xa, 0xff, 0xff, 0x80, 0x0, 0x0, 0x0,
    0x0, 0x1c, 0xff, 0xff, 0x50, 0x0, 0x0, 0x0,
    0x0, 0x3e, 0xff, 0xfd, 0x20, 0x0, 0x0, 0x0,
    0x0, 0x5f, 0xff, 0xfb, 0x10, 0x0, 0x0, 0x0,
    0x0, 0xf, 0xff, 0xfe, 0x88, 0x88, 0x88, 0x88,
    0x88, 0x30, 0xff, 0xff, 0xff, 0xff, 0xff, 0xff,
    0xff, 0xf7, 0xf, 0xff, 0xff, 0xff, 0xff, 0xff,
    0xff, 0xff, 0x70, 0xff, 0xff, 0xff, 0xff, 0xff,
    0xff, 0xff, 0xf7,

    /* U+0033 "3" */
    0x0, 0x0, 0x5, 0xbe, 0xff, 0xeb, 0x71, 0x0,
    0x0, 0x0, 0x4e, 0xff, 0xff, 0xff, 0xff, 0xf7,
    0x0, 0x0, 0x6f, 0xff, 0xff, 0xff, 0xff, 0xff,
    0xf8, 0x0, 0x2f, 0xff, 0xfe, 0x97, 0x8c, 0xff,
    0xff, 0xf2, 0x0, 0x6f, 0xf8, 0x0, 0x0, 0x6,
    0xff, 0xff, 0x70, 0x0, 0x26, 0x0, 0x0, 0x0,
    0xf, 0xff, 0xf8, 0x0, 0x0, 0x0, 0x0, 0x0,
    0x0, 0xff, 0xff, 0x60, 0x0, 0x0, 0x0, 0x0,
    0x0, 0x7f, 0xff, 0xe1, 0x0, 0x0, 0x0, 0x68,
    0x89, 0xdf, 0xff, 0xf4, 0x0, 0x0, 0x0, 0xd,
    0xff, 0xff, 0xfe, 0x91, 0x0, 0x0, 0x0, 0x0,
    0xdf, 0xff, 0xff, 0xc6, 0x0, 0x0, 0x0, 0x0,
    0xd, 0xff, 0xff, 0xff, 0xfe, 0x30, 0x0, 0x0,
    0x0, 0x0, 0x2, 0x5d, 0xff, 0xfe, 0x10, 0x0,
    0x0, 0x0, 0x0, 0x0, 0xd, 0xff, 0xf8, 0x0,
    0x0, 0x0, 0x0, 0x0, 0x0, 0x8f, 0xff, 0xc0,
    0x0, 0x20, 0x0, 0x0, 0x0, 0x8, 0xff, 0xfe,
    0x0, 0x6f, 0x80, 0x0, 0x0, 0x0, 0xbf, 0xff,
    0xd0, 0xaf, 0xff, 0x80, 0x0, 0x0, 0x5f, 0xff,
    0xf9, 0xb, 0xff, 0xff, 0xe9, 0x78, 0xcf, 0xff,
    0xff, 0x20, 0x1d, 0xff, 0xff, 0xff, 0xff, 0xff,
    0xff, 0x60, 0x0, 0xa, 0xff, 0xff, 0xff, 0xff,
    0xfe, 0x50, 0x0, 0x0, 0x3, 0x8c, 0xef, 0xfd,
    0xa6, 0x0, 0x0,

    /* U+0034 "4" */
    0x0, 0x0, 0x0, 0x0, 0x6f, 0xff, 0xff, 0x20,
    0x0, 0x0, 0x0, 0x0, 0x1, 0xef, 0xff, 0xff,
    0x20, 0x0, 0x0, 0x0, 0x0, 0x9, 0xff, 0xff,
    0xff, 0x20, 0x0, 0x0, 0x0, 0x0, 0x3f, 0xff,
    0xff, 0xff, 0x20, 0x0, 0x0, 0x0, 0x0, 0xdf,
    0xfa, 0xdf, 0xff, 0x20, 0x0, 0x0, 0x0, 0x7,
    0xff, 0xf1, 0xdf, 0xff, 0x20, 0x0, 0x0, 0x0,
    0x1f, 0xff, 0x60, 0xdf, 0xff, 0x20, 0x0, 0x0,
    0x0, 0xbf, 0xfd, 0x0, 0xdf, 0xff, 0x20, 0x0,
    0x0, 0x5, 0xff, 0xf3, 0x0, 0xdf, 0xff, 0x20,
    0x0, 0x0, 0xe, 0xff, 0xa0, 0x0, 0xdf, 0xff,
    0x20, 0x0, 0x0, 0x8f, 0xff, 0x10, 0x0, 0xdf,
    0xff, 0x20, 0x0, 0x2, 0xff, 0xf6, 0x0, 0x0,
    0xdf, 0xff, 0x20, 0x0, 0xc, 0xff, 0xd0, 0x0,
    0x0, 0xdf, 0xff, 0x20, 0x0, 0x6f, 0xff, 0x30,
    0x0, 0x0, 0xdf, 0xff, 0x20, 0x0, 0xef, 0xfc,
    0x44, 0x44, 0x44, 0xef, 0xff, 0x54, 0x40, 0xff,
    0xff, 0xff, 0xff, 0xff, 0xff, 0xff, 0xff, 0xf0,
    0xff, 0xff, 0xff, 0xff, 0xff, 0xff, 0xff, 0xff,
    0xf0, 0xff, 0xff, 0xff, 0xff, 0xff, 0xff, 0xff,
    0xff, 0xf0, 0x0, 0x0, 0x0, 0x0, 0x0, 0xdf,
    0xff, 0x20, 0x0, 0x0, 0x0, 0x0, 0x0, 0x0,
    0xdf, 0xff, 0x20, 0x0, 0x0, 0x0, 0x0, 0x0,
    0x0, 0xdf, 0xff, 0x20, 0x0, 0x0, 0x0, 0x0,
    0x0, 0x0, 0xdf, 0xff, 0x20, 0x0,

    /* U+0035 "5" */
    0x0, 0xbf, 0xff, 0xff, 0xff, 0xff, 0xff, 0xf7,
    0x0, 0xc, 0xff, 0xff, 0xff, 0xff, 0xff, 0xff,
    0x70, 0x0, 0xdf, 0xff, 0xff, 0xff, 0xff, 0xff,
    0xf7, 0x0, 0xe, 0xff, 0xca, 0xaa, 0xaa, 0xaa,
    0xaa, 0x40, 0x0, 0xff, 0xf5, 0x0, 0x0, 0x0,
    0x0, 0x0, 0x0, 0x1f, 0xff, 0x40, 0x0, 0x0,
    0x0, 0x0, 0x0, 0x2, 0xff, 0xf3, 0x0, 0x0,
    0x0, 0x0, 0x0, 0x0, 0x3f, 0xff, 0x20, 0x6d,
    0xff, 0xc7, 0x10, 0x0, 0x4, 0xff, 0xf1, 0xaf,
    0xff, 0xff, 0xfe, 0x40, 0x0, 0x5f, 0xff, 0x6f,
    0xff, 0xff, 0xff, 0xff, 0x30, 0x6, 0xff, 0xff,
    0xe9, 0x78, 0xdf, 0xff, 0xfd, 0x0, 0x5c, 0xef,
    0x90, 0x0, 0x0, 0xbf, 0xff, 0xf4, 0x0, 0x0,
    0x10, 0x0, 0x0, 0x1, 0xff, 0xff, 0x80, 0x0,
    0x0, 0x0, 0x0, 0x0, 0xc, 0xff, 0xfa, 0x0,
    0x0, 0x0, 0x0, 0x0, 0x0, 0xbf, 0xff, 0xa0,
    0x0, 0x40, 0x0, 0x0, 0x0, 0xd, 0xff, 0xf9,
    0x0, 0x8f, 0x80, 0x0, 0x0, 0x2, 0xff, 0xff,
    0x60, 0xbf, 0xff, 0x70, 0x0, 0x0, 0xbf, 0xff,
    0xf1, 0xb, 0xff, 0xff, 0xd9, 0x78, 0xef, 0xff,
    0xf8, 0x0, 0x1d, 0xff, 0xff, 0xff, 0xff, 0xff,
    0xfc, 0x0, 0x0, 0xb, 0xff, 0xff, 0xff, 0xff,
    0xf9, 0x0, 0x0, 0x0, 0x3, 0x9d, 0xff, 0xec,
    0x82, 0x0, 0x0,

    /* U+0036 "6" */
    0x0, 0x0, 0x0, 0x3, 0xef, 0xff, 0xf8, 0x0,
    0x0, 0x0, 0x0, 0x6, 0xff, 0xff, 0xe4, 0x0,
    0x0, 0x0, 0x0, 0x7, 0xff, 0xff, 0xc1, 0x0,
    0x0, 0x0, 0x0, 0x6, 0xff, 0xff, 0xb0, 0x0,
    0x0, 0x0, 0x0, 0x3, 0xff, 0xff, 0xa0, 0x0,
    0x0, 0x0, 0x0, 0x0, 0xdf, 0xff, 0xc0, 0x0,
    0x0, 0x0, 0x0, 0x0, 0x8f, 0xff, 0xe1, 0x0,
    0x0, 0x0, 0x0, 0x0, 0x1f, 0xff, 0xf5, 0x0,
    0x23, 0x10, 0x0, 0x0, 0x7, 0xff, 0xfd, 0x7,
    0xff, 0xff, 0xd6, 0x0, 0x0, 0xcf, 0xff, 0x6b,
    0xff, 0xff, 0xff, 0xfb, 0x0, 0x1f, 0xff, 0xf9,
    0xff, 0xff, 0xff, 0xff, 0xf9, 0x4, 0xff, 0xff,
    0xf9, 0x20, 0x16, 0xef, 0xff, 0xf2, 0x5f, 0xff,
    0xf8, 0x0, 0x0, 0x2, 0xff, 0xff, 0x86, 0xff,
    0xff, 0x10, 0x0, 0x0, 0xa, 0xff, 0xfb, 0x5f,
    0xff, 0xf0, 0x0, 0x0, 0x0, 0x8f, 0xff, 0xc4,
    0xff, 0xff, 0x0, 0x0, 0x0, 0x9, 0xff, 0xfb,
    0xf, 0xff, 0xf2, 0x0, 0x0, 0x0, 0xcf, 0xff,
    0x80, 0xaf, 0xff, 0xb0, 0x0, 0x0, 0x5f, 0xff,
    0xf3, 0x3, 0xff, 0xff, 0xd7, 0x56, 0xaf, 0xff,
    0xfa, 0x0, 0x6, 0xff, 0xff, 0xff, 0xff, 0xff,
    0xfd, 0x10, 0x0, 0x5, 0xef, 0xff, 0xff, 0xff,
    0xfa, 0x10, 0x0, 0x0, 0x1, 0x7b, 0xef, 0xfd,
    0x93, 0x0, 0x0,

    /* U+0037 "7" */
    0x1f, 0xff, 0xff, 0xff, 0xff, 0xff, 0xff, 0xff,
    0x61, 0xff, 0xff, 0xff, 0xff, 0xff, 0xff, 0xff,
    0xf6, 0x1f, 0xff, 0xff, 0xff, 0xff, 0xff, 0xff,
    0xff, 0x61, 0xff, 0xfa, 0x66, 0x66, 0x66, 0x6f,
    0xff, 0xf5, 0x1f, 0xff, 0x70, 0x0, 0x0, 0x4,
    0xff, 0xff, 0x1, 0xff, 0xf7, 0x0, 0x0, 0x0,
    0xbf, 0xff, 0x90, 0x1f, 0xff, 0x70, 0x0, 0x0,
    0x1f, 0xff, 0xf2, 0x0, 0x77, 0x73, 0x0, 0x0,
    0x8, 0xff, 0xfc, 0x0, 0x0, 0x0, 0x0, 0x0,
    0x0, 0xef, 0xff, 0x50, 0x0, 0x0, 0x0, 0x0,
    0x0, 0x5f, 0xff, 0xe0, 0x0, 0x0, 0x0, 0x0,
    0x0, 0xc, 0xff, 0xf8, 0x0, 0x0, 0x0, 0x0,
    0x0, 0x3, 0xff, 0xff, 0x20, 0x0, 0x0, 0x0,
    0x0, 0x0, 0x9f, 0xff, 0xb0, 0x0, 0x0, 0x0,
    0x0, 0x0, 0x1f, 0xff, 0xf4, 0x0, 0x0, 0x0,
    0x0, 0x0, 0x7, 0xff, 0xfe, 0x0, 0x0, 0x0,
    0x0, 0x0, 0x0, 0xdf, 0xff, 0x70, 0x0, 0x0,
    0x0, 0x0, 0x0, 0x4f, 0xff, 0xf1, 0x0, 0x0,
    0x0, 0x0, 0x0, 0xb, 0xff, 0xfa, 0x0, 0x0,
    0x0, 0x0, 0x0, 0x2, 0xff, 0xff, 0x40, 0x0,
    0x0, 0x0, 0x0, 0x0, 0x8f, 0xff, 0xd0, 0x0,
    0x0, 0x0, 0x0, 0x0, 0xe, 0xff, 0xf7, 0x0,
    0x0, 0x0, 0x0, 0x0, 0x6, 0xff, 0xff, 0x10,
    0x0, 0x0, 0x0,

    /* U+0038 "8" */
    0x0, 0x0, 0x49, 0xde, 0xff, 0xda, 0x50, 0x0,
    0x0, 0x1, 0xbf, 0xff, 0xff, 0xff, 0xff, 0xd3,
    0x0, 0x0, 0xdf, 0xff, 0xff, 0xff, 0xff, 0xff,
    0xf2, 0x0, 0x7f, 0xff, 0xfb, 0x64, 0x6a, 0xff,
    0xff, 0xb0, 0xc, 0xff, 0xf9, 0x0, 0x0, 0x5,
    0xff, 0xff, 0x0, 0xdf, 0xff, 0x20, 0x0, 0x0,
    0xf, 0xff, 0xf1, 0xc, 0xff, 0xf2, 0x0, 0x0,
    0x0, 0xff, 0xff, 0x0, 0x6f, 0xff, 0x70, 0x0,
    0x0, 0x4f, 0xff, 0x90, 0x0, 0xaf, 0xff, 0x93,
    0x23, 0x7e, 0xff, 0xd1, 0x0, 0x0, 0x7e, 0xff,
    0xff, 0xff, 0xff, 0x90, 0x0, 0x0, 0x1, 0x8f,
    0xff, 0xff, 0xff, 0xa2, 0x0, 0x0, 0x7, 0xff,
    0xff, 0xff, 0xff, 0xff, 0xf9, 0x0, 0x8, 0xff,
    0xfe, 0x72, 0x1, 0x5d, 0xff, 0xfb, 0x2, 0xff,
    0xff, 0x40, 0x0, 0x0, 0x2f, 0xff, 0xf5, 0x7f,
    0xff, 0xe0, 0x0, 0x0, 0x0, 0xbf, 0xff, 0xa8,
    0xff, 0xfd, 0x0, 0x0, 0x0, 0xa, 0xff, 0xfb,
    0x7f, 0xff, 0xf0, 0x0, 0x0, 0x0, 0xcf, 0xff,
    0xa4, 0xff, 0xff, 0x70, 0x0, 0x0, 0x4f, 0xff,
    0xf7, 0xd, 0xff, 0xff, 0xb6, 0x46, 0x9f, 0xff,
    0xff, 0x10, 0x2e, 0xff, 0xff, 0xff, 0xff, 0xff,
    0xff, 0x50, 0x0, 0x2c, 0xff, 0xff, 0xff, 0xff,
    0xfe, 0x40, 0x0, 0x0, 0x4, 0x9d, 0xef, 0xfd,
    0xa5, 0x0, 0x0,

    /* U+0039 "9" */
    0x0, 0x0, 0x28, 0xce, 0xfe, 0xc8, 0x10, 0x0,
    0x0, 0x0, 0x9f, 0xff, 0xff, 0xff, 0xff, 0x70,
    0x0, 0x0, 0xbf, 0xff, 0xff, 0xff, 0xff, 0xff,
    0x90, 0x0, 0x8f, 0xff, 0xfc, 0x75, 0x7c, 0xff,
    0xff, 0x50, 0xf, 0xff, 0xf9, 0x0, 0x0, 0x8,
    0xff, 0xfd, 0x5, 0xff, 0xff, 0x0, 0x0, 0x0,
    0xf, 0xff, 0xf3, 0x8f, 0xff, 0xc0, 0x0, 0x0,
    0x0, 0xcf, 0xff, 0x79, 0xff, 0xfc, 0x0, 0x0,
    0x0, 0xc, 0xff, 0xf8, 0x7f, 0xff, 0xf0, 0x0,
    0x0, 0x0, 0xef, 0xff, 0x94, 0xff, 0xff, 0x80,
    0x0, 0x0, 0x7f, 0xff, 0xf8, 0xd, 0xff, 0xff,
    0xb6, 0x46, 0xbf, 0xff, 0xff, 0x70, 0x4f, 0xff,
    0xff, 0xff, 0xff, 0x8f, 0xff, 0xf4, 0x0, 0x5f,
    0xff, 0xff, 0xff, 0xb4, 0xff, 0xff, 0x0, 0x0,
    0x29, 0xdf, 0xfc, 0x50, 0xbf, 0xff, 0xa0, 0x0,
    0x0, 0x0, 0x0, 0x0, 0x4f, 0xff, 0xf3, 0x0,
    0x0, 0x0, 0x0, 0x0, 0xd, 0xff, 0xfb, 0x0,
    0x0, 0x0, 0x0, 0x0, 0xa, 0xff, 0xff, 0x20,
    0x0, 0x0, 0x0, 0x0, 0x9, 0xff, 0xff, 0x60,
    0x0, 0x0, 0x0, 0x0, 0xa, 0xff, 0xff, 0x90,
    0x0, 0x0, 0x0, 0x0, 0x1b, 0xff, 0xff, 0xa0,
    0x0, 0x0, 0x0, 0x0, 0x3d, 0xff, 0xff, 0x90,
    0x0, 0x0, 0x0, 0x0, 0x6f, 0xff, 0xff, 0x50,
    0x0, 0x0, 0x0,

    /* U+003A ":" */
    0x8, 0xef, 0xa0, 0x4f, 0xff, 0xf7, 0x7f, 0xff,
    0xfa, 0x5f, 0xff, 0xf8, 0xc, 0xff, 0xe2, 0x0,
    0x23, 0x0, 0x0, 0x0, 0x0, 0x0, 0x0, 0x0,
    0x0, 0x0, 0x0, 0x0, 0x0, 0x0, 0x0, 0x0,
    0x0, 0x0, 0x23, 0x0, 0xc, 0xff, 0xd1, 0x5f,
    0xff, 0xf8, 0x7f, 0xff, 0xfa, 0x4f, 0xff, 0xf7,
    0x8, 0xef, 0xa0,

    /* U+003B ";" */
    0x0, 0x8e, 0xfa, 0x0, 0x4f, 0xff, 0xf7, 0x7,
    0xff, 0xff, 0xa0, 0x5f, 0xff, 0xf8, 0x0, 0xcf,
    0xfe, 0x20, 0x0, 0x23, 0x0, 0x0, 0x0, 0x0,
    0x0, 0x0, 0x0, 0x0, 0x0, 0x0, 0x0, 0x0,
    0x0, 0x0, 0x0, 0x0, 0x0, 0x0, 0x0, 0x0,
    0x0, 0x0, 0x0, 0x8e, 0xea, 0x0, 0x4f, 0xff,
    0xf7, 0x7, 0xff, 0xff, 0xa0, 0x6f, 0xff, 0xf9,
    0x0, 0xdf, 0xff, 0x60, 0x0, 0xcf, 0xf1, 0x0,
    0x2f, 0xfb, 0x0, 0xc, 0xff, 0x20, 0x9, 0xff,
    0x50, 0x2, 0x77, 0x40, 0x0,

    /* U+003C "<" */
    0x0, 0x0, 0x0, 0x0, 0x0, 0x0, 0x80, 0x0,
    0x0, 0x0, 0x0, 0x0, 0x4d, 0xf0, 0x0, 0x0,
    0x0, 0x0, 0x1a, 0xff, 0xf0, 0x0, 0x0, 0x0,
    0x5, 0xef, 0xff, 0xf0, 0x0, 0x0, 0x2, 0xbf,
    0xff, 0xff, 0x90, 0x0, 0x0, 0x7f, 0xff, 0xff,
    0xc3, 0x0, 0x0, 0x3d, 0xff, 0xff, 0xe6, 0x0,
    0x0, 0x8, 0xff, 0xff, 0xfa, 0x10, 0x0, 0x0,
    0xcf, 0xff, 0xfd, 0x30, 0x0, 0x0, 0x0, 0xdf,
    0xff, 0xa0, 0x0, 0x0, 0x0, 0x0, 0xdf, 0xff,
    0xf9, 0x10, 0x0, 0x0, 0x0, 0x3c, 0xff, 0xff,
    0xe6, 0x0, 0x0, 0x0, 0x0, 0x7f, 0xff, 0xff,
    0xc2, 0x0, 0x0, 0x0, 0x2, 0xbf, 0xff, 0xff,
    0x80, 0x0, 0x0, 0x0, 0x5, 0xef, 0xff, 0xfe,
    0x50, 0x0, 0x0, 0x0, 0x1a, 0xff, 0xff, 0xf0,
    0x0, 0x0, 0x0, 0x0, 0x4d, 0xff, 0xf0, 0x0,
    0x0, 0x0, 0x0, 0x0, 0x8f, 0xf0, 0x0, 0x0,
    0x0, 0x0, 0x0, 0x2, 0xc0, 0x0, 0x0, 0x0,
    0x0, 0x0, 0x0, 0x0,

    /* U+003D "=" */
    0x34, 0x44, 0x44, 0x44, 0x44, 0x44, 0x44, 0x40,
    0xdf, 0xff, 0xff, 0xff, 0xff, 0xff, 0xff, 0xf1,
    0xdf, 0xff, 0xff, 0xff, 0xff, 0xff, 0xff, 0xf1,
    0xdf, 0xff, 0xff, 0xff, 0xff, 0xff, 0xff, 0xf1,
    0x0, 0x0, 0x0, 0x0, 0x0, 0x0, 0x0, 0x0,
    0x0, 0x0, 0x0, 0x0, 0x0, 0x0, 0x0, 0x0,
    0x0, 0x0, 0x0, 0x0, 0x0, 0x0, 0x0, 0x0,
    0x45, 0x55, 0x55, 0x55, 0x55, 0x55, 0x55, 0x50,
    0xdf, 0xff, 0xff, 0xff, 0xff, 0xff, 0xff, 0xf1,
    0xdf, 0xff, 0xff, 0xff, 0xff, 0xff, 0xff, 0xf1,
    0xdf, 0xff, 0xff, 0xff, 0xff, 0xff, 0xff, 0xf1,

    /* U+003E ">" */
    0x81, 0x0, 0x0, 0x0, 0x0, 0x0, 0x0, 0xde,
    0x60, 0x0, 0x0, 0x0, 0x0, 0x0, 0xdf, 0xfc,
    0x20, 0x0, 0x0, 0x0, 0x0, 0xdf, 0xff, 0xf7,
    0x0, 0x0, 0x0, 0x0, 0x6f, 0xff, 0xff, 0xd3,
    0x0, 0x0, 0x0, 0x1, 0xaf, 0xff, 0xff, 0x90,
    0x0, 0x0, 0x0, 0x4, 0xdf, 0xff, 0xfe, 0x50,
    0x0, 0x0, 0x0, 0x8, 0xff, 0xff, 0xfb, 0x10,
    0x0, 0x0, 0x0, 0x2b, 0xff, 0xff, 0xf0, 0x0,
    0x0, 0x0, 0x0, 0x7f, 0xff, 0xf0, 0x0, 0x0,
    0x0, 0x7, 0xff, 0xff, 0xf0, 0x0, 0x0, 0x4,
    0xdf, 0xff, 0xfe, 0x40, 0x0, 0x1, 0xaf, 0xff,
    0xff, 0x90, 0x0, 0x0, 0x6f, 0xff, 0xff, 0xd3,
    0x0, 0x0, 0x3c, 0xff, 0xff, 0xf7, 0x0, 0x0,
    0x0, 0xdf, 0xff, 0xfc, 0x20, 0x0, 0x0, 0x0,
    0xdf, 0xfe, 0x60, 0x0, 0x0, 0x0, 0x0, 0xdf,
    0xa1, 0x0, 0x0, 0x0, 0x0, 0x0, 0xb4, 0x0,
    0x0, 0x0, 0x0, 0x0, 0x0, 0x0, 0x0, 0x0,
    0x0, 0x0, 0x0, 0x0,

    /* U+003F "?" */
    0x0, 0x1, 0x7b, 0xef, 0xfd, 0x93, 0x0, 0x0,
    0x4, 0xef, 0xff, 0xff, 0xff, 0xfa, 0x0, 0x3,
    0xff, 0xff, 0xff, 0xff, 0xff, 0xfb, 0x0, 0xdf,
    0xff, 0xfa, 0x8a, 0xff, 0xff, 0xf5, 0x4f, 0xff,
    0xc1, 0x0, 0x1, 0xef, 0xff, 0xa0, 0x16, 0xc2,
    0x0, 0x0, 0x9, 0xff, 0xfc, 0x0, 0x0, 0x0,
    0x0, 0x0, 0x9f, 0xff, 0xb0, 0x0, 0x0, 0x0,
    0x0, 0x1e, 0xff, 0xf7, 0x0, 0x0, 0x0, 0x3,
    0x7e, 0xff, 0xfe, 0x10, 0x0, 0x0, 0xcf, 0xff,
    0xff, 0xfe, 0x30, 0x0, 0x0, 0xc, 0xff, 0xff,
    0xfa, 0x10, 0x0, 0x0, 0x0, 0xcf, 0xff, 0x60,
    0x0, 0x0, 0x0, 0x0, 0xc, 0xff, 0xf2, 0x0,
    0x0, 0x0, 0x0, 0x0, 0xcf, 0xff, 0x20, 0x0,
    0x0, 0x0, 0x0, 0x0, 0x0, 0x0, 0x0, 0x0,
    0x0, 0x0, 0x0, 0x0, 0x0, 0x0, 0x0, 0x0,
    0x0, 0x0, 0x0, 0x1, 0x0, 0x0, 0x0, 0x0,
    0x0, 0x0, 0x9f, 0xfe, 0x30, 0x0, 0x0, 0x0,
    0x0, 0x3f, 0xff, 0xfb, 0x0, 0x0, 0x0, 0x0,
    0x5, 0xff, 0xff, 0xd0, 0x0, 0x0, 0x0, 0x0,
    0x2f, 0xff, 0xfa, 0x0, 0x0, 0x0, 0x0, 0x0,
    0x7e, 0xfc, 0x20, 0x0, 0x0,

    /* U+0040 "@" */
    0x0, 0x0, 0x0, 0x0, 0x5, 0x9c, 0xef, 0xfd,
    0xb7, 0x30, 0x0, 0x0, 0x0, 0x0, 0x0, 0x0,
    0x7, 0xff, 0xff, 0xff, 0xff, 0xff, 0xfc, 0x40,
    0x0, 0x0, 0x0, 0x0, 0x3, 0xef, 0xff, 0xfb,
    0xa8, 0x9a, 0xef, 0xff, 0xf9, 0x0, 0x0, 0x0,
    0x0, 0x4f, 0xff, 0xd5, 0x0, 0x0, 0x0, 0x2,
    0x9f, 0xff, 0xb0, 0x0, 0x0, 0x2, 0xff, 0xf8,
    0x0, 0x0, 0x0, 0x0, 0x0, 0x3, 0xdf, 0xf9,
    0x0, 0x0, 0xd, 0xff, 0x60, 0x0, 0x0, 0x0,
    0x0, 0x0, 0x0, 0x1e, 0xff, 0x30, 0x0, 0x6f,
    0xf9, 0x0, 0x0, 0x38, 0x96, 0x0, 0x55, 0x50,
    0x3, 0xff, 0xc0, 0x0, 0xdf, 0xe0, 0x0, 0xa,
    0xff, 0xff, 0xd2, 0xff, 0xf0, 0x0, 0xaf, 0xf2,
    0x4, 0xff, 0x80, 0x0, 0x8f, 0xff, 0xff, 0xfb,
    0xff, 0xf0, 0x0, 0x4f, 0xf6, 0x8, 0xff, 0x30,
    0x1, 0xff, 0xfb, 0x20, 0x3d, 0xff, 0xf0, 0x0,
    0xf, 0xfa, 0xc, 0xfe, 0x0, 0x6, 0xff, 0xe0,
    0x0, 0x4, 0xff, 0xf0, 0x0, 0xe, 0xfc, 0xd,
    0xfd, 0x0, 0xa, 0xff, 0xb0, 0x0, 0x1, 0xff,
    0xf0, 0x0, 0xd, 0xfd, 0xf, 0xfc, 0x0, 0xb,
    0xff, 0x90, 0x0, 0x1, 0xff, 0xf0, 0x0, 0xd,
    0xfd, 0xf, 0xfb, 0x0, 0xc, 0xff, 0x90, 0x0,
    0x1, 0xff, 0xf0, 0x0, 0xe, 0xfc, 0xe, 0xfc,
    0x0, 0xb, 0xff, 0xa0, 0x0, 0x1, 0xff, 0xf0,
    0x0, 0xf, 0xfa, 0xd, 0xfd, 0x0, 0x8, 0xff,
    0xc0, 0x0, 0x3, 0xff, 0xf0, 0x0, 0x4f, 0xf6,
    0xb, 0xff, 0x0, 0x3, 0xff, 0xf5, 0x0, 0xa,
    0xff, 0xf2, 0x0, 0xcf, 0xf1, 0x7, 0xff, 0x40,
    0x0, 0xcf, 0xff, 0xb9, 0xde, 0xaf, 0xfd, 0x9d,
    0xff, 0x80, 0x3, 0xff, 0xa0, 0x0, 0x2e, 0xff,
    0xff, 0xf5, 0x3f, 0xff, 0xff, 0xfb, 0x0, 0x0,
    0xcf, 0xf2, 0x0, 0x1, 0x9e, 0xfd, 0x50, 0x4,
    0xbe, 0xfc, 0x60, 0x0, 0x0, 0x5f, 0xfc, 0x0,
    0x0, 0x0, 0x0, 0x0, 0x0, 0x0, 0x0, 0x0,
    0x0, 0x0, 0xb, 0xff, 0xb0, 0x0, 0x0, 0x0,
    0x0, 0x0, 0x0, 0x0, 0x0, 0x0, 0x0, 0x1,
    0xef, 0xfd, 0x40, 0x0, 0x0, 0x0, 0x0, 0x0,
    0x0, 0x0, 0x0, 0x0, 0x0, 0x1d, 0xff, 0xfc,
    0x73, 0x10, 0x0, 0x0, 0x0, 0x0, 0x0, 0x0,
    0x0, 0x0, 0x0, 0x9f, 0xff, 0xff, 0xff, 0xff,
    0xff, 0xff, 0x90, 0x0, 0x0, 0x0, 0x0, 0x0,
    0x2, 0x9e, 0xff, 0xff, 0xff, 0xff, 0xff, 0x90,
    0x0, 0x0, 0x0, 0x0, 0x0, 0x0, 0x0, 0x35,
    0x68, 0x88, 0x88, 0x88, 0x40, 0x0, 0x0,

    /* U+0041 "A" */
    0x0, 0x0, 0x0, 0x0, 0xff, 0xff, 0xf9, 0x0,
    0x0, 0x0, 0x0, 0x0, 0x0, 0x0, 0x5f, 0xff,
    0xff, 0xe0, 0x0, 0x0, 0x0, 0x0, 0x0, 0x0,
    0xb, 0xff, 0xff, 0xff, 0x30, 0x0, 0x0, 0x0,
    0x0, 0x0, 0x0, 0xff, 0xff, 0xff, 0xf9, 0x0,
    0x0, 0x0, 0x0, 0x0, 0x0, 0x6f, 0xff, 0x7f,
    0xff, 0xe0, 0x0, 0x0, 0x0, 0x0, 0x0, 0xb,
    0xff, 0xf1, 0xbf, 0xff, 0x40, 0x0, 0x0, 0x0,
    0x0, 0x1, 0xff, 0xfc, 0x6, 0xff, 0xf9, 0x0,
    0x0, 0x0, 0x0, 0x0, 0x6f, 0xff, 0x70, 0x1f,
    0xff, 0xe0, 0x0, 0x0, 0x0, 0x0, 0xb, 0xff,
    0xf2, 0x0, 0xcf, 0xff, 0x40, 0x0, 0x0, 0x0,
    0x1, 0xff, 0xfd, 0x0, 0x7, 0xff, 0xf9, 0x0,
    0x0, 0x0, 0x0, 0x6f, 0xff, 0x80, 0x0, 0x2f,
    0xff, 0xe0, 0x0, 0x0, 0x0, 0xc, 0xff, 0xf3,
    0x0, 0x0, 0xdf, 0xff, 0x40, 0x0, 0x0, 0x1,
    0xff, 0xfe, 0x0, 0x0, 0x8, 0xff, 0xf9, 0x0,
    0x0, 0x0, 0x7f, 0xff, 0xff, 0xff, 0xff, 0xff,
    0xff, 0xe0, 0x0, 0x0, 0xc, 0xff, 0xff, 0xff,
    0xff, 0xff, 0xff, 0xff, 0x40, 0x0, 0x1, 0xff,
    0xff, 0xff, 0xff, 0xff, 0xff, 0xff, 0xfa, 0x0,
    0x0, 0x7f, 0xff, 0xd9, 0x99, 0x99, 0x99, 0xbf,
    0xff, 0xf0, 0x0, 0xc, 0xff, 0xf6, 0x0, 0x0,
    0x0, 0x1, 0xff, 0xff, 0x40, 0x2, 0xff, 0xff,
    0x10, 0x0, 0x0, 0x0, 0xb, 0xff, 0xfa, 0x0,
    0x7f, 0xff, 0xc0, 0x0, 0x0, 0x0, 0x0, 0x6f,
    0xff, 0xf0, 0xd, 0xff, 0xf7, 0x0, 0x0, 0x0,
    0x0, 0x1, 0xff, 0xff, 0x52, 0xff, 0xff, 0x10,
    0x0, 0x0, 0x0, 0x0, 0xb, 0xff, 0xfa,

    /* U+0042 "B" */
    0x6f, 0xff, 0xff, 0xff, 0xff, 0xff, 0xd8, 0x10,
    0x0, 0x6f, 0xff, 0xff, 0xff, 0xff, 0xff, 0xff,
    0xf4, 0x0, 0x6f, 0xff, 0xff, 0xff, 0xff, 0xff,
    0xff, 0xff, 0x10, 0x6f, 0xff, 0xe9, 0x99, 0x99,
    0xae, 0xff, 0xff, 0x80, 0x6f, 0xff, 0xd0, 0x0,
    0x0, 0x0, 0xdf, 0xff, 0xc0, 0x6f, 0xff, 0xd0,
    0x0, 0x0, 0x0, 0x8f, 0xff, 0xd0, 0x6f, 0xff,
    0xd0, 0x0, 0x0, 0x0, 0x8f, 0xff, 0xc0, 0x6f,
    0xff, 0xd0, 0x0, 0x0, 0x0, 0xaf, 0xff, 0x90,
    0x6f, 0xff, 0xd0, 0x0, 0x0, 0x6, 0xff, 0xff,
    0x20, 0x6f, 0xff, 0xff, 0xff, 0xff, 0xff, 0xff,
    0xd3, 0x0, 0x6f, 0xff, 0xff, 0xff, 0xff, 0xff,
    0xfa, 0x40, 0x0, 0x6f, 0xff, 0xff, 0xff, 0xff,
    0xff, 0xff, 0xfc, 0x10, 0x6f, 0xff, 0xe7, 0x77,
    0x77, 0x78, 0xef, 0xff, 0xc0, 0x6f, 0xff, 0xd0,
    0x0, 0x0, 0x0, 0x2f, 0xff, 0xf5, 0x6f, 0xff,
    0xd0, 0x0, 0x0, 0x0, 0xc, 0xff, 0xf9, 0x6f,
    0xff, 0xd0, 0x0, 0x0, 0x0, 0xb, 0xff, 0xfb,
    0x6f, 0xff, 0xd0, 0x0, 0x0, 0x0, 0xc, 0xff,
    0xfa, 0x6f, 0xff, 0xd0, 0x0, 0x0, 0x0, 0x3f,
    0xff, 0xf7, 0x6f, 0xff, 0xe9, 0x99, 0x99, 0x9a,
    0xff, 0xff, 0xf1, 0x6f, 0xff, 0xff, 0xff, 0xff,
    0xff, 0xff, 0xff, 0x80, 0x6f, 0xff, 0xff, 0xff,
    0xff, 0xff, 0xff, 0xfa, 0x0, 0x6f, 0xff, 0xff,
    0xff, 0xff, 0xff, 0xfc, 0x50, 0x0,

    /* U+0043 "C" */
    0x0, 0x0, 0x0, 0x49, 0xde, 0xfe, 0xc8, 0x20,
    0x0, 0x0, 0x0, 0x3, 0xcf, 0xff, 0xff, 0xff,
    0xff, 0x90, 0x0, 0x0, 0x5, 0xff, 0xff, 0xff,
    0xff, 0xff, 0xff, 0xb0, 0x0, 0x3, 0xff, 0xff,
    0xff, 0xcc, 0xdf, 0xff, 0xff, 0x80, 0x0, 0xdf,
    0xff, 0xf7, 0x0, 0x0, 0x3c, 0xff, 0xff, 0x20,
    0x4f, 0xff, 0xf5, 0x0, 0x0, 0x0, 0xd, 0xff,
    0x81, 0xa, 0xff, 0xfb, 0x0, 0x0, 0x0, 0x0,
    0x48, 0x10, 0x0, 0xef, 0xff, 0x50, 0x0, 0x0,
    0x0, 0x0, 0x0, 0x0, 0x2f, 0xff, 0xf3, 0x0,
    0x0, 0x0, 0x0, 0x0, 0x0, 0x3, 0xff, 0xff,
    0x20, 0x0, 0x0, 0x0, 0x0, 0x0, 0x0, 0x4f,
    0xff, 0xf2, 0x0, 0x0, 0x0, 0x0, 0x0, 0x0,
    0x5, 0xff, 0xff, 0x20, 0x0, 0x0, 0x0, 0x0,
    0x0, 0x0, 0x4f, 0xff, 0xf2, 0x0, 0x0, 0x0,
    0x0, 0x0, 0x0, 0x2, 0xff, 0xff, 0x30, 0x0,
    0x0, 0x0, 0x0, 0x0, 0x0, 0xf, 0xff, 0xf5,
    0x0, 0x0, 0x0, 0x0, 0x0, 0x0, 0x0, 0xcf,
    0xff, 0xa0, 0x0, 0x0, 0x0, 0x2, 0xc4, 0x0,
    0x6, 0xff, 0xff, 0x40, 0x0, 0x0, 0x0, 0xcf,
    0xfb, 0x20, 0xe, 0xff, 0xff, 0x60, 0x0, 0x3,
    0xcf, 0xff, 0xf2, 0x0, 0x4f, 0xff, 0xff, 0xfc,
    0xce, 0xff, 0xff, 0xf8, 0x0, 0x0, 0x7f, 0xff,
    0xff, 0xff, 0xff, 0xff, 0xfa, 0x0, 0x0, 0x0,
    0x5e, 0xff, 0xff, 0xff, 0xff, 0xf7, 0x0, 0x0,
    0x0, 0x0, 0x5, 0xad, 0xff, 0xec, 0x81, 0x0,
    0x0,

    /* U+0044 "D" */
    0x6f, 0xff, 0xff, 0xff, 0xfe, 0xda, 0x50, 0x0,
    0x0, 0x6, 0xff, 0xff, 0xff, 0xff, 0xff, 0xff,
    0xd4, 0x0, 0x0, 0x6f, 0xff, 0xff, 0xff, 0xff,
    0xff, 0xff, 0xf6, 0x0, 0x6, 0xff, 0xff, 0xbb,
    0xbb, 0xcf, 0xff, 0xff, 0xf4, 0x0, 0x6f, 0xff,
    0xd0, 0x0, 0x0, 0x6, 0xff, 0xff, 0xe0, 0x6,
    0xff, 0xfd, 0x0, 0x0, 0x0, 0x3, 0xff, 0xff,
    0x60, 0x6f, 0xff, 0xd0, 0x0, 0x0, 0x0, 0x9,
    0xff, 0xfc, 0x6, 0xff, 0xfd, 0x0, 0x0, 0x0,
    0x0, 0x4f, 0xff, 0xf0, 0x6f, 0xff, 0xd0, 0x0,
    0x0, 0x0, 0x2, 0xff, 0xff, 0x36, 0xff, 0xfd,
    0x0, 0x0, 0x0, 0x0, 0x1f, 0xff, 0xf4, 0x6f,
    0xff, 0xd0, 0x0, 0x0, 0x0, 0x1, 0xff, 0xff,
    0x56, 0xff, 0xfd, 0x0, 0x0, 0x0, 0x0, 0x1f,
    0xff, 0xf5, 0x6f, 0xff, 0xd0, 0x0, 0x0, 0x0,
    0x1, 0xff, 0xff, 0x46, 0xff, 0xfd, 0x0, 0x0,
    0x0, 0x0, 0x2f, 0xff, 0xf3, 0x6f, 0xff, 0xd0,
    0x0, 0x0, 0x0, 0x4, 0xff, 0xff, 0x6, 0xff,
    0xfd, 0x0, 0x0, 0x0, 0x0, 0x9f, 0xff, 0xc0,
    0x6f, 0xff, 0xd0, 0x0, 0x0, 0x0, 0x3f, 0xff,
    0xf6, 0x6, 0xff, 0xfd, 0x0, 0x0, 0x0, 0x5e,
    0xff, 0xfe, 0x0, 0x6f, 0xff, 0xfb, 0xbb, 0xbc,
    0xff, 0xff, 0xff, 0x40, 0x6, 0xff, 0xff, 0xff,
    0xff, 0xff, 0xff, 0xff, 0x70, 0x0, 0x6f, 0xff,
    0xff, 0xff, 0xff, 0xff, 0xfd, 0x40, 0x0, 0x6,
    0xff, 0xff, 0xff, 0xff, 0xfd, 0xa5, 0x0, 0x0,
    0x0,

    /* U+0045 "E" */
    0x6f, 0xff, 0xff, 0xff, 0xff, 0xff, 0xff, 0xf5,
    0x6f, 0xff, 0xff, 0xff, 0xff, 0xff, 0xff, 0xf5,
    0x6f, 0xff, 0xff, 0xff, 0xff, 0xff, 0xff, 0xf5,
    0x6f, 0xff, 0xfb, 0xbb, 0xbb, 0xbb, 0xbb, 0xb4,
    0x6f, 0xff, 0xd0, 0x0, 0x0, 0x0, 0x0, 0x0,
    0x6f, 0xff, 0xd0, 0x0, 0x0, 0x0, 0x0, 0x0,
    0x6f, 0xff, 0xd0, 0x0, 0x0, 0x0, 0x0, 0x0,
    0x6f, 0xff, 0xd0, 0x0, 0x0, 0x0, 0x0, 0x0,
    0x6f, 0xff, 0xd0, 0x0, 0x0, 0x0, 0x0, 0x0,
    0x6f, 0xff, 0xff, 0xff, 0xff, 0xff, 0xff, 0x20,
    0x6f, 0xff, 0xff, 0xff, 0xff, 0xff, 0xff, 0x20,
    0x6f, 0xff, 0xff, 0xff, 0xff, 0xff, 0xff, 0x20,
    0x6f, 0xff, 0xfb, 0xbb, 0xbb, 0xbb, 0xbb, 0x10,
    0x6f, 0xff, 0xd0, 0x0, 0x0, 0x0, 0x0, 0x0,
    0x6f, 0xff, 0xd0, 0x0, 0x0, 0x0, 0x0, 0x0,
    0x6f, 0xff, 0xd0, 0x0, 0x0, 0x0, 0x0, 0x0,
    0x6f, 0xff, 0xd0, 0x0, 0x0, 0x0, 0x0, 0x0,
    0x6f, 0xff, 0xd0, 0x0, 0x0, 0x0, 0x0, 0x0,
    0x6f, 0xff, 0xfb, 0xbb, 0xbb, 0xbb, 0xbb, 0xb3,
    0x6f, 0xff, 0xff, 0xff, 0xff, 0xff, 0xff, 0xf5,
    0x6f, 0xff, 0xff, 0xff, 0xff, 0xff, 0xff, 0xf5,
    0x6f, 0xff, 0xff, 0xff, 0xff, 0xff, 0xff, 0xf5,

    /* U+0046 "F" */
    0x6f, 0xff, 0xff, 0xff, 0xff, 0xff, 0xff, 0xf6,
    0xff, 0xff, 0xff, 0xff, 0xff, 0xff, 0xff, 0x6f,
    0xff, 0xff, 0xff, 0xff, 0xff, 0xff, 0xf6, 0xff,
    0xff, 0xbb, 0xbb, 0xbb, 0xbb, 0xbb, 0x6f, 0xff,
    0xd0, 0x0, 0x0, 0x0, 0x0, 0x6, 0xff, 0xfd,
    0x0, 0x0, 0x0, 0x0, 0x0, 0x6f, 0xff, 0xd0,
    0x0, 0x0, 0x0, 0x0, 0x6, 0xff, 0xfd, 0x0,
    0x0, 0x0, 0x0, 0x0, 0x6f, 0xff, 0xd0, 0x0,
    0x0, 0x0, 0x0, 0x6, 0xff, 0xff, 0xff, 0xff,
    0xff, 0xff, 0xb0, 0x6f, 0xff, 0xff, 0xff, 0xff,
    0xff, 0xfb, 0x6, 0xff, 0xff, 0xff, 0xff, 0xff,
    0xff, 0xb0, 0x6f, 0xff, 0xfb, 0xbb, 0xbb, 0xbb,
    0xb7, 0x6, 0xff, 0xfd, 0x0, 0x0, 0x0, 0x0,
    0x0, 0x6f, 0xff, 0xd0, 0x0, 0x0, 0x0, 0x0,
    0x6, 0xff, 0xfd, 0x0, 0x0, 0x0, 0x0, 0x0,
    0x6f, 0xff, 0xd0, 0x0, 0x0, 0x0, 0x0, 0x6,
    0xff, 0xfd, 0x0, 0x0, 0x0, 0x0, 0x0, 0x6f,
    0xff, 0xd0, 0x0, 0x0, 0x0, 0x0, 0x6, 0xff,
    0xfd, 0x0, 0x0, 0x0, 0x0, 0x0, 0x6f, 0xff,
    0xd0, 0x0, 0x0, 0x0, 0x0, 0x6, 0xff, 0xfd,
    0x0, 0x0, 0x0, 0x0, 0x0,

    /* U+0047 "G" */
    0x0, 0x0, 0x0, 0x38, 0xce, 0xff, 0xda, 0x50,
    0x0, 0x0, 0x0, 0x0, 0x2b, 0xff, 0xff, 0xff,
    0xff, 0xfd, 0x30, 0x0, 0x0, 0x3, 0xef, 0xff,
    0xff, 0xff, 0xff, 0xff, 0xf5, 0x0, 0x0, 0x1e,
    0xff, 0xff, 0xfd, 0xbd, 0xff, 0xff, 0xff, 0x30,
    0x0, 0xbf, 0xff, 0xf8, 0x10, 0x0, 0x6, 0xff,
    0xff, 0xd0, 0x3, 0xff, 0xff, 0x50, 0x0, 0x0,
    0x0, 0x2f, 0xfa, 0x20, 0xa, 0xff, 0xfb, 0x0,
    0x0, 0x0, 0x0, 0x4, 0x20, 0x0, 0xe, 0xff,
    0xf5, 0x0, 0x0, 0x0, 0x0, 0x0, 0x0, 0x0,
    0x2f, 0xff, 0xf3, 0x0, 0x0, 0x0, 0x0, 0x0,
    0x0, 0x0, 0x3f, 0xff, 0xf2, 0x0, 0x0, 0x7,
    0x88, 0x88, 0x88, 0x84, 0x4f, 0xff, 0xf2, 0x0,
    0x0, 0xf, 0xff, 0xff, 0xff, 0xf8, 0x5f, 0xff,
    0xf2, 0x0, 0x0, 0xf, 0xff, 0xff, 0xff, 0xf8,
    0x3f, 0xff, 0xf2, 0x0, 0x0, 0xf, 0xff, 0xff,
    0xff, 0xf8, 0x2f, 0xff, 0xf3, 0x0, 0x0, 0x0,
    0x0, 0x8, 0xff, 0xf8, 0xf, 0xff, 0xf5, 0x0,
    0x0, 0x0, 0x0, 0x9, 0xff, 0xf8, 0xb, 0xff,
    0xfb, 0x0, 0x0, 0x0, 0x0, 0xb, 0xff, 0xf8,
    0x5, 0xff, 0xff, 0x50, 0x0, 0x0, 0x0, 0x3f,
    0xff, 0xf8, 0x0, 0xdf, 0xff, 0xf8, 0x10, 0x0,
    0x6, 0xef, 0xff, 0xf8, 0x0, 0x3f, 0xff, 0xff,
    0xfd, 0xbd, 0xff, 0xfc, 0xff, 0xf8, 0x0, 0x6,
    0xff, 0xff, 0xff, 0xff, 0xff, 0xf5, 0xff, 0xf8,
    0x0, 0x0, 0x4e, 0xff, 0xff, 0xff, 0xff, 0x62,
    0xff, 0xf8, 0x0, 0x0, 0x0, 0x6b, 0xef, 0xfd,
    0x92, 0x2, 0xff, 0xf8,

    /* U+0048 "H" */
    0x6f, 0xff, 0xd0, 0x0, 0x0, 0x0, 0x0, 0xdf,
    0xff, 0x66, 0xff, 0xfd, 0x0, 0x0, 0x0, 0x0,
    0xd, 0xff, 0xf6, 0x6f, 0xff, 0xd0, 0x0, 0x0,
    0x0, 0x0, 0xdf, 0xff, 0x66, 0xff, 0xfd, 0x0,
    0x0, 0x0, 0x0, 0xd, 0xff, 0xf6, 0x6f, 0xff,
    0xd0, 0x0, 0x0, 0x0, 0x0, 0xdf, 0xff, 0x66,
    0xff, 0xfd, 0x0, 0x0, 0x0, 0x0, 0xd, 0xff,
    0xf6, 0x6f, 0xff, 0xd0, 0x0, 0x0, 0x0, 0x0,
    0xdf, 0xff, 0x66, 0xff, 0xfd, 0x0, 0x0, 0x0,
    0x0, 0xd, 0xff, 0xf6, 0x6f, 0xff, 0xd0, 0x0,
    0x0, 0x0, 0x0, 0xdf, 0xff, 0x66, 0xff, 0xff,
    0xff, 0xff, 0xff, 0xff, 0xff, 0xff, 0xf6, 0x6f,
    0xff, 0xff, 0xff, 0xff, 0xff, 0xff, 0xff, 0xff,
    0x66, 0xff, 0xff, 0xff, 0xff, 0xff, 0xff, 0xff,
    0xff, 0xf6, 0x6f, 0xff, 0xfb, 0xbb, 0xbb, 0xbb,
    0xbb, 0xff, 0xff, 0x66, 0xff, 0xfd, 0x0, 0x0,
    0x0, 0x0, 0xd, 0xff, 0xf6, 0x6f, 0xff, 0xd0,
    0x0, 0x0, 0x0, 0x0, 0xdf, 0xff, 0x66, 0xff,
    0xfd, 0x0, 0x0, 0x0, 0x0, 0xd, 0xff, 0xf6,
    0x6f, 0xff, 0xd0, 0x0, 0x0, 0x0, 0x0, 0xdf,
    0xff, 0x66, 0xff, 0xfd, 0x0, 0x0, 0x0, 0x0,
    0xd, 0xff, 0xf6, 0x6f, 0xff, 0xd0, 0x0, 0x0,
    0x0, 0x0, 0xdf, 0xff, 0x66, 0xff, 0xfd, 0x0,
    0x0, 0x0, 0x0, 0xd, 0xff, 0xf6, 0x6f, 0xff,
    0xd0, 0x0, 0x0, 0x0, 0x0, 0xdf, 0xff, 0x66,
    0xff, 0xfd, 0x0, 0x0, 0x0, 0x0, 0xd, 0xff,
    0xf6,

    /* U+0049 "I" */
    0x4f, 0xff, 0xff, 0xff, 0xff, 0xd4, 0xff, 0xff,
    0xff, 0xff, 0xfd, 0x4f, 0xff, 0xff, 0xff, 0xff,
    0xd1, 0x66, 0x9f, 0xff, 0xe6, 0x65, 0x0, 0x5,
    0xff, 0xfd, 0x0, 0x0, 0x0, 0x5f, 0xff, 0xd0,
    0x0, 0x0, 0x5, 0xff, 0xfd, 0x0, 0x0, 0x0,
    0x5f, 0xff, 0xd0, 0x0, 0x0, 0x5, 0xff, 0xfd,
    0x0, 0x0, 0x0, 0x5f, 0xff, 0xd0, 0x0, 0x0,
    0x5, 0xff, 0xfd, 0x0, 0x0, 0x0, 0x5f, 0xff,
    0xd0, 0x0, 0x0, 0x5, 0xff, 0xfd, 0x0, 0x0,
    0x0, 0x5f, 0xff, 0xd0, 0x0, 0x0, 0x5, 0xff,
    0xfd, 0x0, 0x0, 0x0, 0x5f, 0xff, 0xd0, 0x0,
    0x0, 0x5, 0xff, 0xfd, 0x0, 0x0, 0x0, 0x5f,
    0xff, 0xd0, 0x0, 0x16, 0x69, 0xff, 0xfe, 0x66,
    0x54, 0xff, 0xff, 0xff, 0xff, 0xfd, 0x4f, 0xff,
    0xff, 0xff, 0xff, 0xd4, 0xff, 0xff, 0xff, 0xff,
    0xfd,

    /* U+004A "J" */
    0x0, 0x5, 0xff, 0xff, 0xff, 0xff, 0xff, 0xf0,
    0x0, 0x5f, 0xff, 0xff, 0xff, 0xff, 0xff, 0x0,
    0x5, 0xff, 0xff, 0xff, 0xff, 0xff, 0xf0, 0x0,
    0x27, 0x77, 0x77, 0x79, 0xff, 0xff, 0x0, 0x0,
    0x0, 0x0, 0x0, 0x4f, 0xff, 0xf0, 0x0, 0x0,
    0x0, 0x0, 0x4, 0xff, 0xff, 0x0, 0x0, 0x0,
    0x0, 0x0, 0x4f, 0xff, 0xf0, 0x0, 0x0, 0x0,
    0x0, 0x4, 0xff, 0xff, 0x0, 0x0, 0x0, 0x0,
    0x0, 0x4f, 0xff, 0xf0, 0x0, 0x0, 0x0, 0x0,
    0x4, 0xff, 0xff, 0x0, 0x0, 0x0, 0x0, 0x0,
    0x4f, 0xff, 0xf0, 0x0, 0x0, 0x0, 0x0, 0x4,
    0xff, 0xff, 0x0, 0x0, 0x0, 0x0, 0x0, 0x4f,
    0xff, 0xf0, 0x0, 0x0, 0x0, 0x0, 0x4, 0xff,
    0xff, 0x0, 0x0, 0x0, 0x0, 0x0, 0x4f, 0xff,
    0xf0, 0x2, 0x56, 0x0, 0x0, 0x5, 0xff, 0xfe,
    0xe, 0xff, 0xf2, 0x0, 0x0, 0x8f, 0xff, 0xd0,
    0xdf, 0xff, 0xc1, 0x0, 0x3f, 0xff, 0xfa, 0x6,
    0xff, 0xff, 0xfb, 0xcf, 0xff, 0xff, 0x40, 0xc,
    0xff, 0xff, 0xff, 0xff, 0xff, 0xa0, 0x0, 0x1c,
    0xff, 0xff, 0xff, 0xff, 0xa0, 0x0, 0x0, 0x5,
    0xbe, 0xff, 0xd9, 0x30, 0x0,

    /* U+004B "K" */
    0x6f, 0xff, 0xd0, 0x0, 0x0, 0x0, 0xb, 0xff,
    0xff, 0x30, 0x6f, 0xff, 0xd0, 0x0, 0x0, 0x0,
    0x8f, 0xff, 0xf5, 0x0, 0x6f, 0xff, 0xd0, 0x0,
    0x0, 0x5, 0xff, 0xff, 0x70, 0x0, 0x6f, 0xff,
    0xd0, 0x0, 0x0, 0x3f, 0xff, 0xf9, 0x0, 0x0,
    0x6f, 0xff, 0xd0, 0x0, 0x1, 0xef, 0xff, 0xb0,
    0x0, 0x0, 0x6f, 0xff, 0xd0, 0x0, 0xc, 0xff,
    0xfd, 0x10, 0x0, 0x0, 0x6f, 0xff, 0xd0, 0x0,
    0xaf, 0xff, 0xe2, 0x0, 0x0, 0x0, 0x6f, 0xff,
    0xd0, 0x6, 0xff, 0xff, 0x30, 0x0, 0x0, 0x0,
    0x6f, 0xff, 0xd0, 0x3f, 0xff, 0xf5, 0x0, 0x0,
    0x0, 0x0, 0x6f, 0xff, 0xd1, 0xef, 0xff, 0xf1,
    0x0, 0x0, 0x0, 0x0, 0x6f, 0xff, 0xdb, 0xff,
    0xff, 0xfa, 0x0, 0x0, 0x0, 0x0, 0x6f, 0xff,
    0xff, 0xff, 0xff, 0xff, 0x50, 0x0, 0x0, 0x0,
    0x6f, 0xff, 0xff, 0xf6, 0xdf, 0xff, 0xe1, 0x0,
    0x0, 0x0, 0x6f, 0xff, 0xff, 0x80, 0x3f, 0xff,
    0xfa, 0x0, 0x0, 0x0, 0x6f, 0xff, 0xfb, 0x0,
    0x9, 0xff, 0xff, 0x40, 0x0, 0x0, 0x6f, 0xff,
    0xe0, 0x0, 0x0, 0xef, 0xff, 0xe0, 0x0, 0x0,
    0x6f, 0xff, 0xd0, 0x0, 0x0, 0x4f, 0xff, 0xf9,
    0x0, 0x0, 0x6f, 0xff, 0xd0, 0x0, 0x0, 0xa,
    0xff, 0xff, 0x40, 0x0, 0x6f, 0xff, 0xd0, 0x0,
    0x0, 0x1, 0xff, 0xff, 0xd0, 0x0, 0x6f, 0xff,
    0xd0, 0x0, 0x0, 0x0, 0x6f, 0xff, 0xf9, 0x0,
    0x6f, 0xff, 0xd0, 0x0, 0x0, 0x0, 0xc, 0xff,
    0xff, 0x30, 0x6f, 0xff, 0xd0, 0x0, 0x0, 0x0,
    0x2, 0xff, 0xff, 0xd0,

    /* U+004C "L" */
    0x6f, 0xff, 0xd0, 0x0, 0x0, 0x0, 0x0, 0x6f,
    0xff, 0xd0, 0x0, 0x0, 0x0, 0x0, 0x6f, 0xff,
    0xd0, 0x0, 0x0, 0x0, 0x0, 0x6f, 0xff, 0xd0,
    0x0, 0x0, 0x0, 0x0, 0x6f, 0xff, 0xd0, 0x0,
    0x0, 0x0, 0x0, 0x6f, 0xff, 0xd0, 0x0, 0x0,
    0x0, 0x0, 0x6f, 0xff, 0xd0, 0x0, 0x0, 0x0,
    0x0, 0x6f, 0xff, 0xd0, 0x0, 0x0, 0x0, 0x0,
    0x6f, 0xff, 0xd0, 0x0, 0x0, 0x0, 0x0, 0x6f,
    0xff, 0xd0, 0x0, 0x0, 0x0, 0x0, 0x6f, 0xff,
    0xd0, 0x0, 0x0, 0x0, 0x0, 0x6f, 0xff, 0xd0,
    0x0, 0x0, 0x0, 0x0, 0x6f, 0xff, 0xd0, 0x0,
    0x0, 0x0, 0x0, 0x6f, 0xff, 0xd0, 0x0, 0x0,
    0x0, 0x0, 0x6f, 0xff, 0xd0, 0x0, 0x0, 0x0,
    0x0, 0x6f, 0xff, 0xd0, 0x0, 0x0, 0x0, 0x0,
    0x6f, 0xff, 0xd0, 0x0, 0x0, 0x0, 0x0, 0x6f,
    0xff, 0xd0, 0x0, 0x0, 0x0, 0x0, 0x6f, 0xff,
    0xfb, 0xbb, 0xbb, 0xbb, 0xb7, 0x6f, 0xff, 0xff,
    0xff, 0xff, 0xff, 0xfa, 0x6f, 0xff, 0xff, 0xff,
    0xff, 0xff, 0xfa, 0x6f, 0xff, 0xff, 0xff, 0xff,
    0xff, 0xfa,

    /* U+004D "M" */
    0x6f, 0xff, 0xfa, 0x0, 0x0, 0x0, 0x0, 0x0,
    0x5f, 0xff, 0xf7, 0x6f, 0xff, 0xff, 0x30, 0x0,
    0x0, 0x0, 0x0, 0xdf, 0xff, 0xf7, 0x6f, 0xff,
    0xff, 0xb0, 0x0, 0x0, 0x0, 0x6, 0xff, 0xff,
    0xf7, 0x6f, 0xff, 0xff, 0xf4, 0x0, 0x0, 0x0,
    0xe, 0xff, 0xff, 0xf7, 0x6f, 0xff, 0xff, 0xfc,
    0x0, 0x0, 0x0, 0x7f, 0xff, 0xff, 0xf7, 0x6f,
    0xff, 0xff, 0xff, 0x50, 0x0, 0x0, 0xef, 0xff,
    0xff, 0xf7, 0x6f, 0xff, 0xcf, 0xff, 0xd0, 0x0,
    0x8, 0xff, 0xfb, 0xff, 0xf7, 0x6f, 0xff, 0xa9,
    0xff, 0xf6, 0x0, 0x1f, 0xff, 0xb8, 0xff, 0xf7,
    0x6f, 0xff, 0xa2, 0xff, 0xfe, 0x0, 0x9f, 0xff,
    0x38, 0xff, 0xf7, 0x6f, 0xff, 0xa0, 0x9f, 0xff,
    0x71, 0xff, 0xfb, 0x8, 0xff, 0xf7, 0x6f, 0xff,
    0xa0, 0x1f, 0xff, 0xea, 0xff, 0xf3, 0x8, 0xff,
    0xf7, 0x6f, 0xff, 0xa0, 0x8, 0xff, 0xff, 0xff,
    0xa0, 0x8, 0xff, 0xf7, 0x6f, 0xff, 0xa0, 0x0,
    0xef, 0xff, 0xff, 0x10, 0x8, 0xff, 0xf7, 0x6f,
    0xff, 0xa0, 0x0, 0x6f, 0xff, 0xf8, 0x0, 0x8,
    0xff, 0xf7, 0x6f, 0xff, 0xa0, 0x0, 0xd, 0xff,
    0xe1, 0x0, 0x8, 0xff, 0xf7, 0x6f, 0xff, 0xa0,
    0x0, 0x5, 0xff, 0x70, 0x0, 0x8, 0xff, 0xf7,
    0x6f, 0xff, 0xa0, 0x0, 0x0, 0xcd, 0x0, 0x0,
    0x8, 0xff, 0xf7, 0x6f, 0xff, 0xa0, 0x0, 0x0,
    0x35, 0x0, 0x0, 0x8, 0xff, 0xf7, 0x6f, 0xff,
    0xa0, 0x0, 0x0, 0x0, 0x0, 0x0, 0x8, 0xff,
    0xf7, 0x6f, 0xff, 0xa0, 0x0, 0x0, 0x0, 0x0,
    0x0, 0x8, 0xff, 0xf7, 0x6f, 0xff, 0xa0, 0x0,
    0x0, 0x0, 0x0, 0x0, 0x8, 0xff, 0xf7, 0x6f,
    0xff, 0xa0, 0x0, 0x0, 0x0, 0x0, 0x0, 0x8,
    0xff, 0xf7,

    /* U+004E "N" */
    0x6f, 0xff, 0xf8, 0x0, 0x0, 0x0, 0x0, 0x9f,
    0xff, 0x66, 0xff, 0xff, 0xf2, 0x0, 0x0, 0x0,
    0x9, 0xff, 0xf6, 0x6f, 0xff, 0xff, 0xc0, 0x0,
    0x0, 0x0, 0x9f, 0xff, 0x66, 0xff, 0xff, 0xff,
    0x50, 0x0, 0x0, 0x9, 0xff, 0xf6, 0x6f, 0xff,
    0xff, 0xfe, 0x0, 0x0, 0x0, 0x9f, 0xff, 0x66,
    0xff, 0xff, 0xff, 0xf8, 0x0, 0x0, 0x9, 0xff,
    0xf6, 0x6f, 0xff, 0xcf, 0xff, 0xf2, 0x0, 0x0,
    0x9f, 0xff, 0x66, 0xff, 0xfa, 0x9f, 0xff, 0xb0,
    0x0, 0x9, 0xff, 0xf6, 0x6f, 0xff, 0xa1, 0xff,
    0xff, 0x50, 0x0, 0x9f, 0xff, 0x66, 0xff, 0xfa,
    0x9, 0xff, 0xfe, 0x0, 0x9, 0xff, 0xf6, 0x6f,
    0xff, 0xa0, 0x1f, 0xff, 0xf8, 0x0, 0x9f, 0xff,
    0x66, 0xff, 0xfa, 0x0, 0x7f, 0xff, 0xf1, 0x9,
    0xff, 0xf6, 0x6f, 0xff, 0xa0, 0x0, 0xdf, 0xff,
    0x90, 0x9f, 0xff, 0x66, 0xff, 0xfa, 0x0, 0x4,
    0xff, 0xff, 0x19, 0xff, 0xf6, 0x6f, 0xff, 0xa0,
    0x0, 0xb, 0xff, 0xf9, 0x9f, 0xff, 0x66, 0xff,
    0xfa, 0x0, 0x0, 0x2f, 0xff, 0xfb, 0xff, 0xf6,
    0x6f, 0xff, 0xa0, 0x0, 0x0, 0x8f, 0xff, 0xff,
    0xff, 0x66, 0xff, 0xfa, 0x0, 0x0, 0x0, 0xef,
    0xff, 0xff, 0xf6, 0x6f, 0xff, 0xa0, 0x0, 0x0,
    0x5, 0xff, 0xff, 0xff, 0x66, 0xff, 0xfa, 0x0,
    0x0, 0x0, 0xb, 0xff, 0xff, 0xf6, 0x6f, 0xff,
    0xa0, 0x0, 0x0, 0x0, 0x2f, 0xff, 0xff, 0x66,
    0xff, 0xfa, 0x0, 0x0, 0x0, 0x0, 0x8f, 0xff,
    0xf6,

    /* U+004F "O" */
    0x0, 0x0, 0x0, 0x49, 0xde, 0xfe, 0xc8, 0x30,
    0x0, 0x0, 0x0, 0x0, 0x3, 0xdf, 0xff, 0xff,
    0xff, 0xff, 0xb1, 0x0, 0x0, 0x0, 0x5, 0xff,
    0xff, 0xff, 0xff, 0xff, 0xff, 0xe3, 0x0, 0x0,
    0x3, 0xff, 0xff, 0xff, 0xcb, 0xdf, 0xff, 0xff,
    0xe1, 0x0, 0x0, 0xdf, 0xff, 0xf7, 0x0, 0x0,
    0x1a, 0xff, 0xff, 0xa0, 0x0, 0x4f, 0xff, 0xf5,
    0x0, 0x0, 0x0, 0x9, 0xff, 0xff, 0x10, 0xb,
    0xff, 0xfb, 0x0, 0x0, 0x0, 0x0, 0xe, 0xff,
    0xf7, 0x0, 0xef, 0xff, 0x60, 0x0, 0x0, 0x0,
    0x0, 0x9f, 0xff, 0xb0, 0x2f, 0xff, 0xf3, 0x0,
    0x0, 0x0, 0x0, 0x6, 0xff, 0xfe, 0x3, 0xff,
    0xff, 0x20, 0x0, 0x0, 0x0, 0x0, 0x5f, 0xff,
    0xf0, 0x4f, 0xff, 0xf2, 0x0, 0x0, 0x0, 0x0,
    0x5, 0xff, 0xff, 0x15, 0xff, 0xff, 0x20, 0x0,
    0x0, 0x0, 0x0, 0x5f, 0xff, 0xf1, 0x3f, 0xff,
    0xf2, 0x0, 0x0, 0x0, 0x0, 0x5, 0xff, 0xff,
    0x2, 0xff, 0xff, 0x30, 0x0, 0x0, 0x0, 0x0,
    0x6f, 0xff, 0xe0, 0xe, 0xff, 0xf6, 0x0, 0x0,
    0x0, 0x0, 0x9, 0xff, 0xfb, 0x0, 0xbf, 0xff,
    0xb0, 0x0, 0x0, 0x0, 0x0, 0xef, 0xff, 0x70,
    0x4, 0xff, 0xff, 0x50, 0x0, 0x0, 0x0, 0x9f,
    0xff, 0xf1, 0x0, 0xd, 0xff, 0xff, 0x70, 0x0,
    0x1, 0xaf, 0xff, 0xfa, 0x0, 0x0, 0x3f, 0xff,
    0xff, 0xfc, 0xbd, 0xff, 0xff, 0xfe, 0x10, 0x0,
    0x0, 0x5f, 0xff, 0xff, 0xff, 0xff, 0xff, 0xfe,
    0x30, 0x0, 0x0, 0x0, 0x3d, 0xff, 0xff, 0xff,
    0xff, 0xfb, 0x20, 0x0, 0x0, 0x0, 0x0, 0x5,
    0x9d, 0xef, 0xec, 0x83, 0x0, 0x0, 0x0,

    /* U+0050 "P" */
    0x6f, 0xff, 0xff, 0xff, 0xff, 0xfe, 0xc7, 0x0,
    0x0, 0x6f, 0xff, 0xff, 0xff, 0xff, 0xff, 0xff,
    0xe3, 0x0, 0x6f, 0xff, 0xff, 0xff, 0xff, 0xff,
    0xff, 0xfe, 0x10, 0x6f, 0xff, 0xfa, 0xaa, 0xaa,
    0xbe, 0xff, 0xff, 0x90, 0x6f, 0xff, 0xd0, 0x0,
    0x0, 0x0, 0xaf, 0xff, 0xf0, 0x6f, 0xff, 0xd0,
    0x0, 0x0, 0x0, 0x3f, 0xff, 0xf2, 0x6f, 0xff,
    0xd0, 0x0, 0x0, 0x0, 0x1f, 0xff, 0xf4, 0x6f,
    0xff, 0xd0, 0x0, 0x0, 0x0, 0x1f, 0xff, 0xf3,
    0x6f, 0xff, 0xd0, 0x0, 0x0, 0x0, 0x4f, 0xff,
    0xf1, 0x6f, 0xff, 0xd0, 0x0, 0x0, 0x4, 0xdf,
    0xff, 0xd0, 0x6f, 0xff, 0xff, 0xff, 0xff, 0xff,
    0xff, 0xff, 0x60, 0x6f, 0xff, 0xff, 0xff, 0xff,
    0xff, 0xff, 0xfb, 0x0, 0x6f, 0xff, 0xff, 0xff,
    0xff, 0xff, 0xff, 0x90, 0x0, 0x6f, 0xff, 0xfa,
    0xaa, 0xaa, 0x98, 0x61, 0x0, 0x0, 0x6f, 0xff,
    0xd0, 0x0, 0x0, 0x0, 0x0, 0x0, 0x0, 0x6f,
    0xff, 0xd0, 0x0, 0x0, 0x0, 0x0, 0x0, 0x0,
    0x6f, 0xff, 0xd0, 0x0, 0x0, 0x0, 0x0, 0x0,
    0x0, 0x6f, 0xff, 0xd0, 0x0, 0x0, 0x0, 0x0,
    0x0, 0x0, 0x6f, 0xff, 0xd0, 0x0, 0x0, 0x0,
    0x0, 0x0, 0x0, 0x6f, 0xff, 0xd0, 0x0, 0x0,
    0x0, 0x0, 0x0, 0x0, 0x6f, 0xff, 0xd0, 0x0,
    0x0, 0x0, 0x0, 0x0, 0x0, 0x6f, 0xff, 0xd0,
    0x0, 0x0, 0x0, 0x0, 0x0, 0x0,

    /* U+0051 "Q" */
    0x0, 0x0, 0x0, 0x49, 0xde, 0xfe, 0xc8, 0x20,
    0x0, 0x0, 0x0, 0x0, 0x2, 0xcf, 0xff, 0xff,
    0xff, 0xff, 0xa1, 0x0, 0x0, 0x0, 0x3, 0xff,
    0xff, 0xff, 0xff, 0xff, 0xff, 0xd1, 0x0, 0x0,
    0x1, 0xef, 0xff, 0xff, 0xcb, 0xdf, 0xff, 0xff,
    0xd0, 0x0, 0x0, 0xbf, 0xff, 0xf8, 0x10, 0x0,
    0x2b, 0xff, 0xff, 0x80, 0x0, 0x2f, 0xff, 0xf7,
    0x0, 0x0, 0x0, 0xa, 0xff, 0xfe, 0x0, 0x9,
    0xff, 0xfd, 0x0, 0x0, 0x0, 0x0, 0x1f, 0xff,
    0xf6, 0x0, 0xdf, 0xff, 0x70, 0x0, 0x0, 0x0,
    0x0, 0xaf, 0xff, 0xa0, 0x1f, 0xff, 0xf3, 0x0,
    0x0, 0x0, 0x0, 0x7, 0xff, 0xfd, 0x3, 0xff,
    0xff, 0x20, 0x0, 0x0, 0x0, 0x0, 0x6f, 0xff,
    0xf0, 0x4f, 0xff, 0xf2, 0x0, 0x0, 0x0, 0x0,
    0x5, 0xff, 0xff, 0x5, 0xff, 0xff, 0x20, 0x0,
    0x0, 0x0, 0x0, 0x5f, 0xff, 0xf1, 0x4f, 0xff,
    0xf2, 0x0, 0x0, 0x0, 0x0, 0x5, 0xff, 0xff,
    0x13, 0xff, 0xff, 0x20, 0x0, 0x0, 0x0, 0x0,
    0x6f, 0xff, 0xf0, 0x1f, 0xff, 0xf3, 0x0, 0x0,
    0x0, 0x0, 0x7, 0xff, 0xfe, 0x0, 0xef, 0xff,
    0x60, 0x0, 0x0, 0x0, 0x0, 0xaf, 0xff, 0xb0,
    0xa, 0xff, 0xfc, 0x0, 0x0, 0x0, 0x0, 0xf,
    0xff, 0xf7, 0x0, 0x4f, 0xff, 0xf6, 0x0, 0x0,
    0x0, 0x9, 0xff, 0xff, 0x10, 0x0, 0xcf, 0xff,
    0xf7, 0x0, 0x0, 0x19, 0xff, 0xff, 0x90, 0x0,
    0x3, 0xff, 0xff, 0xfe, 0xba, 0xbf, 0xff, 0xff,
    0xe1, 0x0, 0x0, 0x5, 0xff, 0xff, 0xff, 0xff,
    0xff, 0xff, 0xe3, 0x0, 0x0, 0x0, 0x4, 0xef,
    0xff, 0xff, 0xff, 0xff, 0xc2, 0x0, 0x0, 0x0,
    0x0, 0x0, 0x6b, 0xff, 0xff, 0xfa, 0x40, 0x0,
    0x0, 0x0, 0x0, 0x0, 0x0, 0x6, 0xff, 0xf9,
    0x0, 0x0, 0x0, 0x0, 0x0, 0x0, 0x0, 0x0,
    0x5f, 0xff, 0x90, 0x0, 0x0, 0x0, 0x0, 0x0,
    0x0, 0x0, 0x3, 0xff, 0xff, 0xff, 0xf0, 0x0,
    0x0, 0x0, 0x0, 0x0, 0x0, 0xe, 0xff, 0xff,
    0xff, 0x0, 0x0, 0x0, 0x0, 0x0, 0x0, 0x0,
    0x3e, 0xff, 0xff, 0xf0, 0x0, 0x0, 0x0, 0x0,
    0x0, 0x0, 0x0, 0x4, 0x67, 0x77, 0x0, 0x0,
    0x0,

    /* U+0052 "R" */
    0x6f, 0xff, 0xff, 0xff, 0xff, 0xfe, 0xc7, 0x0,
    0x0, 0x6f, 0xff, 0xff, 0xff, 0xff, 0xff, 0xff,
    0xe3, 0x0, 0x6f, 0xff, 0xff, 0xff, 0xff, 0xff,
    0xff, 0xfe, 0x10, 0x6f, 0xff, 0xfa, 0xaa, 0xaa,
    0xbe, 0xff, 0xff, 0x90, 0x6f, 0xff, 0xd0, 0x0,
    0x0, 0x0, 0xaf, 0xff, 0xf0, 0x6f, 0xff, 0xd0,
    0x0, 0x0, 0x0, 0x3f, 0xff, 0xf2, 0x6f, 0xff,
    0xd0, 0x0, 0x0, 0x0, 0x1f, 0xff, 0xf4, 0x6f,
    0xff, 0xd0, 0x0, 0x0, 0x0, 0x1f, 0xff, 0xf4,
    0x6f, 0xff, 0xd0, 0x0, 0x0, 0x0, 0x4f, 0xff,
    0xf1, 0x6f, 0xff, 0xd0, 0x0, 0x0, 0x4, 0xdf,
    0xff, 0xd0, 0x6f, 0xff, 0xff, 0xff, 0xff, 0xff,
    0xff, 0xff, 0x50, 0x6f, 0xff, 0xff, 0xff, 0xff,
    0xff, 0xff, 0xf9, 0x0, 0x6f, 0xff, 0xff, 0xff,
    0xff, 0xff, 0xfe, 0x60, 0x0, 0x6f, 0xff, 0xe8,
    0x88, 0x8f, 0xff, 0xf5, 0x0, 0x0, 0x6f, 0xff,
    0xd0, 0x0, 0xa, 0xff, 0xfd, 0x0, 0x0, 0x6f,
    0xff, 0xd0, 0x0, 0x3, 0xff, 0xff, 0x60, 0x0,
    0x6f, 0xff, 0xd0, 0x0, 0x0, 0xbf, 0xff, 0xe0,
    0x0, 0x6f, 0xff, 0xd0, 0x0, 0x0, 0x3f, 0xff,
    0xf6, 0x0, 0x6f, 0xff, 0xd0, 0x0, 0x0, 0xb,
    0xff, 0xfe, 0x0, 0x6f, 0xff, 0xd0, 0x0, 0x0,
    0x3, 0xff, 0xff, 0x70, 0x6f, 0xff, 0xd0, 0x0,
    0x0, 0x0, 0xbf, 0xff, 0xe0, 0x6f, 0xff, 0xd0,
    0x0, 0x0, 0x0, 0x3f, 0xff, 0xf7,

    /* U+0053 "S" */
    0x0, 0x0, 0x27, 0xbe, 0xff, 0xdb, 0x71, 0x0,
    0x0, 0x0, 0x8f, 0xff, 0xff, 0xff, 0xff, 0xf8,
    0x0, 0x0, 0xbf, 0xff, 0xff, 0xff, 0xff, 0xff,
    0xfc, 0x10, 0x6f, 0xff, 0xff, 0xdb, 0xce, 0xff,
    0xff, 0xf5, 0xc, 0xff, 0xfd, 0x20, 0x0, 0x3,
    0xcf, 0xf5, 0x0, 0xff, 0xff, 0x40, 0x0, 0x0,
    0x0, 0x83, 0x0, 0xf, 0xff, 0xf3, 0x0, 0x0,
    0x0, 0x0, 0x0, 0x0, 0xff, 0xff, 0x80, 0x0,
    0x0, 0x0, 0x0, 0x0, 0xa, 0xff, 0xff, 0xb6,
    0x20, 0x0, 0x0, 0x0, 0x0, 0x2f, 0xff, 0xff,
    0xff, 0xfc, 0x94, 0x0, 0x0, 0x0, 0x3e, 0xff,
    0xff, 0xff, 0xff, 0xfe, 0x50, 0x0, 0x0, 0x18,
    0xdf, 0xff, 0xff, 0xff, 0xff, 0x90, 0x0, 0x0,
    0x0, 0x25, 0x7a, 0xdf, 0xff, 0xff, 0x40, 0x0,
    0x0, 0x0, 0x0, 0x0, 0x3e, 0xff, 0xfb, 0x0,
    0x0, 0x0, 0x0, 0x0, 0x0, 0x6f, 0xff, 0xe0,
    0x0, 0x0, 0x0, 0x0, 0x0, 0x4, 0xff, 0xfe,
    0x0, 0xbd, 0x10, 0x0, 0x0, 0x0, 0x8f, 0xff,
    0xd1, 0xcf, 0xff, 0x71, 0x0, 0x0, 0x6f, 0xff,
    0xf9, 0x7f, 0xff, 0xff, 0xfd, 0xbc, 0xef, 0xff,
    0xff, 0x20, 0x7f, 0xff, 0xff, 0xff, 0xff, 0xff,
    0xff, 0x60, 0x0, 0x3d, 0xff, 0xff, 0xff, 0xff,
    0xfe, 0x40, 0x0, 0x0, 0x5, 0xad, 0xff, 0xfd,
    0xa5, 0x0, 0x0,

    /* U+0054 "T" */
    0x2f, 0xff, 0xff, 0xff, 0xff, 0xff, 0xff, 0xff,
    0xfb, 0x2f, 0xff, 0xff, 0xff, 0xff, 0xff, 0xff,
    0xff, 0xfb, 0x2f, 0xff, 0xff, 0xff, 0xff, 0xff,
    0xff, 0xff, 0xfb, 0x2b, 0xbb, 0xbb, 0xbf, 0xff,
    0xfd, 0xbb, 0xbb, 0xb8, 0x0, 0x0, 0x0, 0xd,
    0xff, 0xf6, 0x0, 0x0, 0x0, 0x0, 0x0, 0x0,
    0xd, 0xff, 0xf6, 0x0, 0x0, 0x0, 0x0, 0x0,
    0x0, 0xd, 0xff, 0xf6, 0x0, 0x0, 0x0, 0x0,
    0x0, 0x0, 0xd, 0xff, 0xf6, 0x0, 0x0, 0x0,
    0x0, 0x0, 0x0, 0xd, 0xff, 0xf6, 0x0, 0x0,
    0x0, 0x0, 0x0, 0x0, 0xd, 0xff, 0xf6, 0x0,
    0x0, 0x0, 0x0, 0x0, 0x0, 0xd, 0xff, 0xf6,
    0x0, 0x0, 0x0, 0x0, 0x0, 0x0, 0xd, 0xff,
    0xf6, 0x0, 0x0, 0x0, 0x0, 0x0, 0x0, 0xd,
    0xff, 0xf6, 0x0, 0x0, 0x0, 0x0, 0x0, 0x0,
    0xd, 0xff, 0xf6, 0x0, 0x0, 0x0, 0x0, 0x0,
    0x0, 0xd, 0xff, 0xf6, 0x0, 0x0, 0x0, 0x0,
    0x0, 0x0, 0xd, 0xff, 0xf6, 0x0, 0x0, 0x0,
    0x0, 0x0, 0x0, 0xd, 0xff, 0xf6, 0x0, 0x0,
    0x0, 0x0, 0x0, 0x0, 0xd, 0xff, 0xf6, 0x0,
    0x0, 0x0, 0x0, 0x0, 0x0, 0xd, 0xff, 0xf6,
    0x0, 0x0, 0x0, 0x0, 0x0, 0x0, 0xd, 0xff,
    0xf6, 0x0, 0x0, 0x0, 0x0, 0x0, 0x0, 0xd,
    0xff, 0xf6, 0x0, 0x0, 0x0, 0x0, 0x0, 0x0,
    0xd, 0xff, 0xf6, 0x0, 0x0, 0x0,

    /* U+0055 "U" */
    0x8f, 0xff, 0xa0, 0x0, 0x0, 0x0, 0x8, 0xff,
    0xf9, 0x8f, 0xff, 0xa0, 0x0, 0x0, 0x0, 0x8,
    0xff, 0xf9, 0x8f, 0xff, 0xa0, 0x0, 0x0, 0x0,
    0x8, 0xff, 0xf9, 0x8f, 0xff, 0xa0, 0x0, 0x0,
    0x0, 0x8, 0xff, 0xf9, 0x8f, 0xff, 0xa0, 0x0,
    0x0, 0x0, 0x8, 0xff, 0xf9, 0x8f, 0xff, 0xa0,
    0x0, 0x0, 0x0, 0x8, 0xff, 0xf9, 0x8f, 0xff,
    0xa0, 0x0, 0x0, 0x0, 0x8, 0xff, 0xf9, 0x8f,
    0xff, 0xa0, 0x0, 0x0, 0x0, 0x8, 0xff, 0xf9,
    0x8f, 0xff, 0xa0, 0x0, 0x0, 0x0, 0x8, 0xff,
    0xf9, 0x8f, 0xff, 0xa0, 0x0, 0x0, 0x0, 0x8,
    0xff, 0xf9, 0x8f, 0xff, 0xa0, 0x0, 0x0, 0x0,
    0x8, 0xff, 0xf9, 0x8f, 0xff, 0xa0, 0x0, 0x0,
    0x0, 0x8, 0xff, 0xf9, 0x8f, 0xff, 0xa0, 0x0,
    0x0, 0x0, 0x8, 0xff, 0xf9, 0x7f, 0xff, 0xa0,
    0x0, 0x0, 0x0, 0x9, 0xff, 0xf9, 0x7f, 0xff,
    0xb0, 0x0, 0x0, 0x0, 0xa, 0xff, 0xf8, 0x5f,
    0xff, 0xe0, 0x0, 0x0, 0x0, 0xd, 0xff, 0xf6,
    0x2f, 0xff, 0xf5, 0x0, 0x0, 0x0, 0x4f, 0xff,
    0xf3, 0xd, 0xff, 0xfe, 0x40, 0x0, 0x4, 0xef,
    0xff, 0xe0, 0x7, 0xff, 0xff, 0xfe, 0xcc, 0xef,
    0xff, 0xff, 0x70, 0x0, 0xcf, 0xff, 0xff, 0xff,
    0xff, 0xff, 0xfc, 0x0, 0x0, 0xb, 0xff, 0xff,
    0xff, 0xff, 0xff, 0xb1, 0x0, 0x0, 0x0, 0x39,
    0xce, 0xff, 0xec, 0x93, 0x0, 0x0,

    /* U+0056 "V" */
    0x5f, 0xff, 0xf0, 0x0, 0x0, 0x0, 0x0, 0x7,
    0xff, 0xfb, 0xf, 0xff, 0xf4, 0x0, 0x0, 0x0,
    0x0, 0xc, 0xff, 0xf6, 0xa, 0xff, 0xfa, 0x0,
    0x0, 0x0, 0x0, 0x1f, 0xff, 0xf1, 0x5, 0xff,
    0xfe, 0x0, 0x0, 0x0, 0x0, 0x6f, 0xff, 0xb0,
    0x0, 0xff, 0xff, 0x40, 0x0, 0x0, 0x0, 0xbf,
    0xff, 0x60, 0x0, 0xaf, 0xff, 0x90, 0x0, 0x0,
    0x1, 0xff, 0xff, 0x10, 0x0, 0x5f, 0xff, 0xe0,
    0x0, 0x0, 0x5, 0xff, 0xfb, 0x0, 0x0, 0xf,
    0xff, 0xf3, 0x0, 0x0, 0xb, 0xff, 0xf6, 0x0,
    0x0, 0xa, 0xff, 0xf8, 0x0, 0x0, 0xf, 0xff,
    0xf1, 0x0, 0x0, 0x5, 0xff, 0xfd, 0x0, 0x0,
    0x5f, 0xff, 0xc0, 0x0, 0x0, 0x0, 0xff, 0xff,
    0x20, 0x0, 0xaf, 0xff, 0x60, 0x0, 0x0, 0x0,
    0xaf, 0xff, 0x70, 0x0, 0xef, 0xff, 0x10, 0x0,
    0x0, 0x0, 0x5f, 0xff, 0xb0, 0x3, 0xff, 0xfc,
    0x0, 0x0, 0x0, 0x0, 0xf, 0xff, 0xf0, 0x7,
    0xff, 0xf6, 0x0, 0x0, 0x0, 0x0, 0xa, 0xff,
    0xf4, 0xb, 0xff, 0xf1, 0x0, 0x0, 0x0, 0x0,
    0x5, 0xff, 0xf8, 0xf, 0xff, 0xc0, 0x0, 0x0,
    0x0, 0x0, 0x0, 0xff, 0xfd, 0x4f, 0xff, 0x60,
    0x0, 0x0, 0x0, 0x0, 0x0, 0xaf, 0xff, 0x9f,
    0xff, 0x10, 0x0, 0x0, 0x0, 0x0, 0x0, 0x5f,
    0xff, 0xff, 0xfc, 0x0, 0x0, 0x0, 0x0, 0x0,
    0x0, 0xf, 0xff, 0xff, 0xf6, 0x0, 0x0, 0x0,
    0x0, 0x0, 0x0, 0xa, 0xff, 0xff, 0xf1, 0x0,
    0x0, 0x0, 0x0, 0x0, 0x0, 0x5, 0xff, 0xff,
    0xc0, 0x0, 0x0, 0x0,

    /* U+0057 "W" */
    0x1f, 0xff, 0xf2, 0x0, 0x0, 0x0, 0x3f, 0xff,
    0xfa, 0x0, 0x0, 0x0, 0xa, 0xff, 0xf6, 0xd,
    0xff, 0xf5, 0x0, 0x0, 0x0, 0x7f, 0xff, 0xfe,
    0x0, 0x0, 0x0, 0xd, 0xff, 0xf2, 0x9, 0xff,
    0xf9, 0x0, 0x0, 0x0, 0xbf, 0xff, 0xff, 0x20,
    0x0, 0x0, 0x1f, 0xff, 0xe0, 0x5, 0xff, 0xfc,
    0x0, 0x0, 0x0, 0xff, 0xff, 0xff, 0x60, 0x0,
    0x0, 0x4f, 0xff, 0xa0, 0x1, 0xff, 0xff, 0x0,
    0x0, 0x3, 0xff, 0xfe, 0xff, 0xa0, 0x0, 0x0,
    0x7f, 0xff, 0x60, 0x0, 0xef, 0xff, 0x30, 0x0,
    0x7, 0xff, 0xd9, 0xff, 0xe0, 0x0, 0x0, 0xbf,
    0xff, 0x20, 0x0, 0xaf, 0xff, 0x60, 0x0, 0xa,
    0xff, 0x95, 0xff, 0xf2, 0x0, 0x0, 0xef, 0xfe,
    0x0, 0x0, 0x6f, 0xff, 0xa0, 0x0, 0xe, 0xff,
    0x52, 0xff, 0xf6, 0x0, 0x2, 0xff, 0xfa, 0x0,
    0x0, 0x2f, 0xff, 0xd0, 0x0, 0x2f, 0xff, 0x10,
    0xef, 0xf9, 0x0, 0x5, 0xff, 0xf6, 0x0, 0x0,
    0xe, 0xff, 0xf0, 0x0, 0x6f, 0xfd, 0x0, 0xaf,
    0xfd, 0x0, 0x9, 0xff, 0xf3, 0x0, 0x0, 0xb,
    0xff, 0xf4, 0x0, 0xaf, 0xf9, 0x0, 0x6f, 0xff,
    0x10, 0xc, 0xff, 0xf0, 0x0, 0x0, 0x7, 0xff,
    0xf7, 0x0, 0xef, 0xf6, 0x0, 0x2f, 0xff, 0x50,
    0xf, 0xff, 0xb0, 0x0, 0x0, 0x3, 0xff, 0xfa,
    0x1, 0xff, 0xf2, 0x0, 0xe, 0xff, 0x90, 0x3f,
    0xff, 0x70, 0x0, 0x0, 0x0, 0xff, 0xfd, 0x5,
    0xff, 0xe0, 0x0, 0xb, 0xff, 0xd0, 0x6f, 0xff,
    0x30, 0x0, 0x0, 0x0, 0xcf, 0xff, 0x19, 0xff,
    0xa0, 0x0, 0x7, 0xff, 0xf0, 0x9f, 0xff, 0x0,
    0x0, 0x0, 0x0, 0x8f, 0xff, 0x4d, 0xff, 0x60,
    0x0, 0x3, 0xff, 0xf4, 0xdf, 0xfb, 0x0, 0x0,
    0x0, 0x0, 0x4f, 0xff, 0x8f, 0xff, 0x20, 0x0,
    0x0, 0xff, 0xf9, 0xff, 0xf7, 0x0, 0x0, 0x0,
    0x0, 0xf, 0xff, 0xff, 0xfe, 0x0, 0x0, 0x0,
    0xbf, 0xff, 0xff, 0xf3, 0x0, 0x0, 0x0, 0x0,
    0xd, 0xff, 0xff, 0xfa, 0x0, 0x0, 0x0, 0x7f,
    0xff, 0xff, 0xf0, 0x0, 0x0, 0x0, 0x0, 0x9,
    0xff, 0xff, 0xf6, 0x0, 0x0, 0x0, 0x3f, 0xff,
    0xff, 0xc0, 0x0, 0x0, 0x0, 0x0, 0x5, 0xff,
    0xff, 0xf2, 0x0, 0x0, 0x0, 0xf, 0xff, 0xff,
    0x80, 0x0, 0x0, 0x0, 0x0, 0x1, 0xff, 0xff,
    0xe0, 0x0, 0x0, 0x0, 0xb, 0xff, 0xff, 0x40,
    0x0, 0x0,

    /* U+0058 "X" */
    0xc, 0xff, 0xff, 0x20, 0x0, 0x0, 0x0, 0xd,
    0xff, 0xfb, 0x0, 0x2f, 0xff, 0xfb, 0x0, 0x0,
    0x0, 0x7, 0xff, 0xff, 0x20, 0x0, 0x7f, 0xff,
    0xf5, 0x0, 0x0, 0x1, 0xff, 0xff, 0x60, 0x0,
    0x0, 0xdf, 0xff, 0xe0, 0x0, 0x0, 0xbf, 0xff,
    0xc0, 0x0, 0x0, 0x3, 0xff, 0xff, 0x80, 0x0,
    0x4f, 0xff, 0xf2, 0x0, 0x0, 0x0, 0x8, 0xff,
    0xff, 0x20, 0xe, 0xff, 0xf7, 0x0, 0x0, 0x0,
    0x0, 0xd, 0xff, 0xfc, 0x8, 0xff, 0xfd, 0x0,
    0x0, 0x0, 0x0, 0x0, 0x4f, 0xff, 0xf8, 0xff,
    0xff, 0x30, 0x0, 0x0, 0x0, 0x0, 0x0, 0x9f,
    0xff, 0xff, 0xff, 0x80, 0x0, 0x0, 0x0, 0x0,
    0x0, 0x1, 0xef, 0xff, 0xff, 0xd0, 0x0, 0x0,
    0x0, 0x0, 0x0, 0x0, 0x6, 0xff, 0xff, 0xf4,
    0x0, 0x0, 0x0, 0x0, 0x0, 0x0, 0x0, 0xbf,
    0xff, 0xff, 0x90, 0x0, 0x0, 0x0, 0x0, 0x0,
    0x0, 0x5f, 0xff, 0xff, 0xff, 0x30, 0x0, 0x0,
    0x0, 0x0, 0x0, 0x1e, 0xff, 0xfd, 0xff, 0xfd,
    0x0, 0x0, 0x0, 0x0, 0x0, 0x9, 0xff, 0xfa,
    0x1f, 0xff, 0xf8, 0x0, 0x0, 0x0, 0x0, 0x4,
    0xff, 0xff, 0x10, 0x7f, 0xff, 0xf3, 0x0, 0x0,
    0x0, 0x0, 0xdf, 0xff, 0x70, 0x0, 0xdf, 0xff,
    0xd0, 0x0, 0x0, 0x0, 0x8f, 0xff, 0xd0, 0x0,
    0x4, 0xff, 0xff, 0x70, 0x0, 0x0, 0x3f, 0xff,
    0xf4, 0x0, 0x0, 0xa, 0xff, 0xff, 0x20, 0x0,
    0xc, 0xff, 0xfa, 0x0, 0x0, 0x0, 0x1f, 0xff,
    0xfc, 0x0, 0x7, 0xff, 0xff, 0x10, 0x0, 0x0,
    0x0, 0x7f, 0xff, 0xf6, 0x2, 0xff, 0xff, 0x70,
    0x0, 0x0, 0x0, 0x0, 0xdf, 0xff, 0xf1,

    /* U+0059 "Y" */
    0x6f, 0xff, 0xf5, 0x0, 0x0, 0x0, 0x0, 0xe,
    0xff, 0xf9, 0xd, 0xff, 0xfd, 0x0, 0x0, 0x0,
    0x0, 0x8f, 0xff, 0xf1, 0x4, 0xff, 0xff, 0x70,
    0x0, 0x0, 0x1, 0xff, 0xff, 0x70, 0x0, 0xaf,
    0xff, 0xe1, 0x0, 0x0, 0x9, 0xff, 0xfd, 0x0,
    0x0, 0x2f, 0xff, 0xf8, 0x0, 0x0, 0x2f, 0xff,
    0xf4, 0x0, 0x0, 0x8, 0xff, 0xff, 0x20, 0x0,
    0xaf, 0xff, 0xb0, 0x0, 0x0, 0x0, 0xef, 0xff,
    0xa0, 0x3, 0xff, 0xff, 0x20, 0x0, 0x0, 0x0,
    0x6f, 0xff, 0xf3, 0xc, 0xff, 0xf9, 0x0, 0x0,
    0x0, 0x0, 0xc, 0xff, 0xfc, 0x4f, 0xff, 0xe1,
    0x0, 0x0, 0x0, 0x0, 0x3, 0xff, 0xff, 0xef,
    0xff, 0x60, 0x0, 0x0, 0x0, 0x0, 0x0, 0xaf,
    0xff, 0xff, 0xfd, 0x0, 0x0, 0x0, 0x0, 0x0,
    0x0, 0x2f, 0xff, 0xff, 0xf4, 0x0, 0x0, 0x0,
    0x0, 0x0, 0x0, 0x8, 0xff, 0xff, 0xb0, 0x0,
    0x0, 0x0, 0x0, 0x0, 0x0, 0x1, 0xff, 0xff,
    0x30, 0x0, 0x0, 0x0, 0x0, 0x0, 0x0, 0x0,
    0xff, 0xff, 0x30, 0x0, 0x0, 0x0, 0x0, 0x0,
    0x0, 0x0, 0xff, 0xff, 0x30, 0x0, 0x0, 0x0,
    0x0, 0x0, 0x0, 0x0, 0xff, 0xff, 0x30, 0x0,
    0x0, 0x0, 0x0, 0x0, 0x0, 0x0, 0xff, 0xff,
    0x30, 0x0, 0x0, 0x0, 0x0, 0x0, 0x0, 0x0,
    0xff, 0xff, 0x30, 0x0, 0x0, 0x0, 0x0, 0x0,
    0x0, 0x0, 0xff, 0xff, 0x30, 0x0, 0x0, 0x0,
    0x0, 0x0, 0x0, 0x0, 0xff, 0xff, 0x30, 0x0,
    0x0, 0x0, 0x0, 0x0, 0x0, 0x0, 0xff, 0xff,
    0x30, 0x0, 0x0, 0x0,

    /* U+005A "Z" */
    0x3f, 0xff, 0xff, 0xff, 0xff, 0xff, 0xff, 0xff,
    0xa3, 0xff, 0xff, 0xff, 0xff, 0xff, 0xff, 0xff,
    0xfa, 0x3f, 0xff, 0xff, 0xff, 0xff, 0xff, 0xff,
    0xff, 0xa2, 0xbb, 0xbb, 0xbb, 0xbb, 0xbb, 0xdf,
    0xff, 0xf9, 0x0, 0x0, 0x0, 0x0, 0x0, 0xc,
    0xff, 0xfe, 0x10, 0x0, 0x0, 0x0, 0x0, 0xa,
    0xff, 0xff, 0x40, 0x0, 0x0, 0x0, 0x0, 0x7,
    0xff, 0xff, 0x70, 0x0, 0x0, 0x0, 0x0, 0x3,
    0xff, 0xff, 0xa0, 0x0, 0x0, 0x0, 0x0, 0x1,
    0xef, 0xff, 0xc0, 0x0, 0x0, 0x0, 0x0, 0x0,
    0xcf, 0xff, 0xe2, 0x0, 0x0, 0x0, 0x0, 0x0,
    0x9f, 0xff, 0xf4, 0x0, 0x0, 0x0, 0x0, 0x0,
    0x6f, 0xff, 0xf7, 0x0, 0x0, 0x0, 0x0, 0x0,
    0x3f, 0xff, 0xfa, 0x0, 0x0, 0x0, 0x0, 0x0,
    0x1e, 0xff, 0xfd, 0x0, 0x0, 0x0, 0x0, 0x0,
    0xc, 0xff, 0xfe, 0x20, 0x0, 0x0, 0x0, 0x0,
    0x9, 0xff, 0xff, 0x40, 0x0, 0x0, 0x0, 0x0,
    0x6, 0xff, 0xff, 0x70, 0x0, 0x0, 0x0, 0x0,
    0x3, 0xff, 0xff, 0xa0, 0x0, 0x0, 0x0, 0x0,
    0x0, 0xcf, 0xff, 0xfc, 0xbb, 0xbb, 0xbb, 0xbb,
    0xbb, 0xac, 0xff, 0xff, 0xff, 0xff, 0xff, 0xff,
    0xff, 0xff, 0xcf, 0xff, 0xff, 0xff, 0xff, 0xff,
    0xff, 0xff, 0xfc, 0xff, 0xff, 0xff, 0xff, 0xff,
    0xff, 0xff, 0xff,

    /* U+005B "[" */
    0x5e, 0xee, 0xee, 0xc6, 0xff, 0xff, 0xfd, 0x6f,
    0xff, 0xff, 0xd6, 0xff, 0xf6, 0x0, 0x6f, 0xff,
    0x60, 0x6, 0xff, 0xf6, 0x0, 0x6f, 0xff, 0x60,
    0x6, 0xff, 0xf6, 0x0, 0x6f, 0xff, 0x60, 0x6,
    0xff, 0xf6, 0x0, 0x6f, 0xff, 0x60, 0x6, 0xff,
    0xf6, 0x0, 0x6f, 0xff, 0x60, 0x6, 0xff, 0xf6,
    0x0, 0x6f, 0xff, 0x60, 0x6, 0xff, 0xf6, 0x0,
    0x6f, 0xff, 0x60, 0x6, 0xff, 0xf6, 0x0, 0x6f,
    0xff, 0x60, 0x6, 0xff, 0xf6, 0x0, 0x6f, 0xff,
    0x60, 0x6, 0xff, 0xf6, 0x0, 0x6f, 0xff, 0x60,
    0x6, 0xff, 0xf6, 0x0, 0x6f, 0xff, 0x60, 0x6,
    0xff, 0xf6, 0x0, 0x6f, 0xff, 0xfe, 0xc6, 0xff,
    0xff, 0xfd, 0x6f, 0xff, 0xff, 0xd0,

    /* U+005C "\\" */
    0xaf, 0xfc, 0x0, 0x0, 0x0, 0x0, 0x5, 0xff,
    0xf1, 0x0, 0x0, 0x0, 0x0, 0xf, 0xff, 0x60,
    0x0, 0x0, 0x0, 0x0, 0xaf, 0xfb, 0x0, 0x0,
    0x0, 0x0, 0x5, 0xff, 0xf1, 0x0, 0x0, 0x0,
    0x0, 0x1f, 0xff, 0x60, 0x0, 0x0, 0x0, 0x0,
    0xbf, 0xfb, 0x0, 0x0, 0x0, 0x0, 0x6, 0xff,
    0xf0, 0x0, 0x0, 0x0, 0x0, 0x1f, 0xff, 0x50,
    0x0, 0x0, 0x0, 0x0, 0xcf, 0xfa, 0x0, 0x0,
    0x0, 0x0, 0x6, 0xff, 0xf0, 0x0, 0x0, 0x0,
    0x0, 0x1f, 0xff, 0x50, 0x0, 0x0, 0x0, 0x0,
    0xcf, 0xfa, 0x0, 0x0, 0x0, 0x0, 0x7, 0xff,
    0xe0, 0x0, 0x0, 0x0, 0x0, 0x2f, 0xff, 0x40,
    0x0, 0x0, 0x0, 0x0, 0xdf, 0xf9, 0x0, 0x0,
    0x0, 0x0, 0x7, 0xff, 0xe0, 0x0, 0x0, 0x0,
    0x0, 0x2f, 0xff, 0x30, 0x0, 0x0, 0x0, 0x0,
    0xdf, 0xf9, 0x0, 0x0, 0x0, 0x0, 0x8, 0xff,
    0xe0, 0x0, 0x0, 0x0, 0x0, 0x3f, 0xff, 0x30,
    0x0, 0x0, 0x0, 0x0, 0xef, 0xf8, 0x0, 0x0,
    0x0, 0x0, 0x8, 0xff, 0xd0, 0x0, 0x0, 0x0,
    0x0, 0x3f, 0xff, 0x20, 0x0, 0x0, 0x0, 0x0,
    0xef, 0xf8, 0x0, 0x0, 0x0, 0x0, 0x9, 0xff,
    0xd0, 0x0, 0x0, 0x0, 0x0, 0x4f, 0xff, 0x20,
    0x0, 0x0, 0x0, 0x0, 0xef, 0xf7, 0x0, 0x0,
    0x0, 0x0, 0x5, 0x88, 0x50,

    /* U+005D "]" */
    0x4e, 0xee, 0xee, 0xd4, 0xff, 0xff, 0xfe, 0x4f,
    0xff, 0xff, 0xe0, 0x0, 0xdf, 0xfe, 0x0, 0xd,
    0xff, 0xe0, 0x0, 0xdf, 0xfe, 0x0, 0xd, 0xff,
    0xe0, 0x0, 0xdf, 0xfe, 0x0, 0xd, 0xff, 0xe0,
    0x0, 0xdf, 0xfe, 0x0, 0xd, 0xff, 0xe0, 0x0,
    0xdf, 0xfe, 0x0, 0xd, 0xff, 0xe0, 0x0, 0xdf,
    0xfe, 0x0, 0xd, 0xff, 0xe0, 0x0, 0xdf, 0xfe,
    0x0, 0xd, 0xff, 0xe0, 0x0, 0xdf, 0xfe, 0x0,
    0xd, 0xff, 0xe0, 0x0, 0xdf, 0xfe, 0x0, 0xd,
    0xff, 0xe0, 0x0, 0xdf, 0xfe, 0x0, 0xd, 0xff,
    0xe0, 0x0, 0xdf, 0xfe, 0x0, 0xd, 0xff, 0xe0,
    0x0, 0xdf, 0xfe, 0x4e, 0xef, 0xff, 0xe4, 0xff,
    0xff, 0xfe, 0x4f, 0xff, 0xff, 0xe0,

    /* U+005E "^" */
    0x0, 0x0, 0x0, 0x6f, 0xff, 0xa0, 0x0, 0x0,
    0x0, 0x0, 0x0, 0xe, 0xff, 0xff, 0x30, 0x0,
    0x0, 0x0, 0x0, 0x8, 0xff, 0xff, 0xfc, 0x0,
    0x0, 0x0, 0x0, 0x1, 0xff, 0xff, 0xff, 0xf5,
    0x0, 0x0, 0x0, 0x0, 0xaf, 0xff, 0x9f, 0xff,
    0xd0, 0x0, 0x0, 0x0, 0x2f, 0xff, 0xc0, 0xbf,
    0xff, 0x60, 0x0, 0x0, 0xb, 0xff, 0xf3, 0x2,
    0xff, 0xfe, 0x0, 0x0, 0x4, 0xff, 0xfa, 0x0,
    0x9, 0xff, 0xf8, 0x0, 0x0, 0xdf, 0xff, 0x20,
    0x0, 0x1f, 0xff, 0xf1, 0x0, 0x6f, 0xff, 0x90,
    0x0, 0x0, 0x8f, 0xff, 0x90, 0xe, 0xff, 0xf1,
    0x0, 0x0, 0x0, 0xef, 0xff, 0x25, 0xff, 0xf7,
    0x0, 0x0, 0x0, 0x6, 0xff, 0xf8, 0x3, 0xbe,
    0x0, 0x0, 0x0, 0x0, 0xd, 0xc4, 0x0, 0x0,
    0x0, 0x0, 0x0, 0x0, 0x0, 0x10, 0x0,

    /* U+005F "_" */
    0x7, 0x77, 0x77, 0x77, 0x77, 0x77, 0x77, 0x77,
    0x60, 0xff, 0xff, 0xff, 0xff, 0xff, 0xff, 0xff,
    0xfe, 0xf, 0xff, 0xff, 0xff, 0xff, 0xff, 0xff,
    0xff, 0xe0, 0xff, 0xff, 0xff, 0xff, 0xff, 0xff,
    0xff, 0xfe,

    /* U+0060 "`" */
    0x0, 0x16, 0x0, 0x1, 0x9f, 0xf2, 0x0, 0x8f,
    0xff, 0xb0, 0x0, 0xcf, 0xff, 0x30, 0x1, 0xef,
    0xfb, 0x0, 0x4, 0xff, 0xf3, 0x0, 0x9, 0xfd,
    0x40, 0x0, 0x5, 0x0,

    /* U+0061 "a" */
    0x0, 0x3, 0x9d, 0xef, 0xec, 0x82, 0x0, 0x0,
    0x0, 0x8f, 0xff, 0xff, 0xff, 0xff, 0x60, 0x0,
    0x9, 0xff, 0xff, 0xff, 0xff, 0xff, 0xf4, 0x0,
    0xb, 0xff, 0xe8, 0x54, 0x7e, 0xff, 0xfd, 0x0,
    0x0, 0x8c, 0x10, 0x0, 0x3, 0xff, 0xff, 0x10,
    0x0, 0x0, 0x0, 0x0, 0x0, 0xef, 0xff, 0x30,
    0x0, 0x0, 0x0, 0x0, 0x0, 0xdf, 0xff, 0x40,
    0x0, 0x6, 0xbe, 0xff, 0xff, 0xff, 0xff, 0x40,
    0x4, 0xef, 0xff, 0xff, 0xff, 0xff, 0xff, 0x40,
    0x2f, 0xff, 0xfd, 0x87, 0x77, 0xef, 0xff, 0x40,
    0x9f, 0xff, 0xa0, 0x0, 0x0, 0xdf, 0xff, 0x40,
    0xcf, 0xff, 0x50, 0x0, 0x0, 0xdf, 0xff, 0x40,
    0xcf, 0xff, 0x60, 0x0, 0x1, 0xff, 0xff, 0x40,
    0xaf, 0xff, 0xd3, 0x0, 0x4c, 0xff, 0xff, 0x73,
    0x4f, 0xff, 0xff, 0xff, 0xff, 0x6f, 0xff, 0xfe,
    0x8, 0xff, 0xff, 0xff, 0xf7, 0xd, 0xff, 0xfe,
    0x0, 0x5b, 0xef, 0xeb, 0x40, 0x2, 0xbf, 0xfe,

    /* U+0062 "b" */
    0xaf, 0xff, 0x70, 0x0, 0x0, 0x0, 0x0, 0x0,
    0xaf, 0xff, 0x70, 0x0, 0x0, 0x0, 0x0, 0x0,
    0xaf, 0xff, 0x70, 0x0, 0x0, 0x0, 0x0, 0x0,
    0xaf, 0xff, 0x70, 0x0, 0x0, 0x0, 0x0, 0x0,
    0xaf, 0xff, 0x70, 0x0, 0x0, 0x0, 0x0, 0x0,
    0xaf, 0xff, 0x70, 0x0, 0x0, 0x0, 0x0, 0x0,
    0xaf, 0xff, 0x70, 0x0, 0x0, 0x0, 0x0, 0x0,
    0xaf, 0xff, 0x70, 0x3b, 0xef, 0xd9, 0x20, 0x0,
    0xaf, 0xff, 0x76, 0xff, 0xff, 0xff, 0xf6, 0x0,
    0xaf, 0xff, 0x9f, 0xff, 0xff, 0xff, 0xff, 0x40,
    0xaf, 0xff, 0xff, 0x96, 0x6b, 0xff, 0xff, 0xd0,
    0xaf, 0xff, 0xe2, 0x0, 0x0, 0x7f, 0xff, 0xf3,
    0xaf, 0xff, 0x90, 0x0, 0x0, 0xd, 0xff, 0xf7,
    0xaf, 0xff, 0x70, 0x0, 0x0, 0xa, 0xff, 0xfa,
    0xaf, 0xff, 0x70, 0x0, 0x0, 0x8, 0xff, 0xfb,
    0xaf, 0xff, 0x70, 0x0, 0x0, 0x8, 0xff, 0xfc,
    0xaf, 0xff, 0x70, 0x0, 0x0, 0x8, 0xff, 0xfb,
    0xaf, 0xff, 0x70, 0x0, 0x0, 0xa, 0xff, 0xfa,
    0xaf, 0xff, 0x90, 0x0, 0x0, 0xd, 0xff, 0xf7,
    0xaf, 0xff, 0xe1, 0x0, 0x0, 0x7f, 0xff, 0xf3,
    0xaf, 0xff, 0xff, 0x96, 0x6b, 0xff, 0xff, 0xd0,
    0xaf, 0xff, 0x9f, 0xff, 0xff, 0xff, 0xff, 0x40,
    0xaf, 0xff, 0x76, 0xff, 0xff, 0xff, 0xf6, 0x0,
    0xaf, 0xff, 0x70, 0x3b, 0xef, 0xd9, 0x20, 0x0,

    /* U+0063 "c" */
    0x0, 0x0, 0x4a, 0xdf, 0xfd, 0xa3, 0x0, 0x0,
    0x1, 0xcf, 0xff, 0xff, 0xff, 0xf8, 0x0, 0x0,
    0xdf, 0xff, 0xff, 0xff, 0xff, 0xf8, 0x0, 0x9f,
    0xff, 0xf8, 0x55, 0xaf, 0xff, 0xf2, 0x1f, 0xff,
    0xf4, 0x0, 0x0, 0x7f, 0xf9, 0x26, 0xff, 0xfc,
    0x0, 0x0, 0x0, 0x71, 0x0, 0x9f, 0xff, 0x90,
    0x0, 0x0, 0x0, 0x0, 0xa, 0xff, 0xf8, 0x0,
    0x0, 0x0, 0x0, 0x0, 0xbf, 0xff, 0x80, 0x0,
    0x0, 0x0, 0x0, 0xa, 0xff, 0xf8, 0x0, 0x0,
    0x0, 0x0, 0x0, 0x9f, 0xff, 0x90, 0x0, 0x0,
    0x0, 0x0, 0x5, 0xff, 0xfc, 0x0, 0x0, 0x0,
    0x85, 0x0, 0x1f, 0xff, 0xf4, 0x0, 0x0, 0x5f,
    0xfd, 0x40, 0x9f, 0xff, 0xf8, 0x45, 0x9f, 0xff,
    0xf3, 0x0, 0xdf, 0xff, 0xff, 0xff, 0xff, 0xf9,
    0x0, 0x1, 0xcf, 0xff, 0xff, 0xff, 0xf9, 0x0,
    0x0, 0x0, 0x5a, 0xef, 0xfd, 0xa3, 0x0, 0x0,

    /* U+0064 "d" */
    0x0, 0x0, 0x0, 0x0, 0x0, 0x4, 0xff, 0xfd,
    0x0, 0x0, 0x0, 0x0, 0x0, 0x4, 0xff, 0xfd,
    0x0, 0x0, 0x0, 0x0, 0x0, 0x4, 0xff, 0xfd,
    0x0, 0x0, 0x0, 0x0, 0x0, 0x4, 0xff, 0xfd,
    0x0, 0x0, 0x0, 0x0, 0x0, 0x4, 0xff, 0xfd,
    0x0, 0x0, 0x0, 0x0, 0x0, 0x4, 0xff, 0xfd,
    0x0, 0x0, 0x0, 0x0, 0x0, 0x4, 0xff, 0xfd,
    0x0, 0x1, 0x8d, 0xfe, 0xc5, 0x4, 0xff, 0xfd,
    0x0, 0x3f, 0xff, 0xff, 0xff, 0x84, 0xff, 0xfd,
    0x1, 0xff, 0xff, 0xff, 0xff, 0xf8, 0xff, 0xfd,
    0xa, 0xff, 0xff, 0xc7, 0x68, 0xef, 0xff, 0xfd,
    0xf, 0xff, 0xfa, 0x0, 0x0, 0xd, 0xff, 0xfd,
    0x4f, 0xff, 0xf1, 0x0, 0x0, 0x5, 0xff, 0xfd,
    0x7f, 0xff, 0xd0, 0x0, 0x0, 0x4, 0xff, 0xfd,
    0x8f, 0xff, 0xb0, 0x0, 0x0, 0x4, 0xff, 0xfd,
    0x8f, 0xff, 0xb0, 0x0, 0x0, 0x4, 0xff, 0xfd,
    0x8f, 0xff, 0xb0, 0x0, 0x0, 0x4, 0xff, 0xfd,
    0x6f, 0xff, 0xd0, 0x0, 0x0, 0x4, 0xff, 0xfd,
    0x4f, 0xff, 0xf1, 0x0, 0x0, 0x6, 0xff, 0xfd,
    0xf, 0xff, 0xfa, 0x0, 0x0, 0xc, 0xff, 0xfd,
    0xa, 0xff, 0xff, 0xc7, 0x68, 0xef, 0xff, 0xfd,
    0x1, 0xff, 0xff, 0xff, 0xff, 0xf8, 0xff, 0xfd,
    0x0, 0x3f, 0xff, 0xff, 0xff, 0x84, 0xff, 0xfd,
    0x0, 0x1, 0x8d, 0xfe, 0xc5, 0x4, 0xff, 0xfd,

    /* U+0065 "e" */
    0x0, 0x0, 0x49, 0xdf, 0xfd, 0x93, 0x0, 0x0,
    0x0, 0xb, 0xff, 0xff, 0xff, 0xff, 0xa0, 0x0,
    0x0, 0xcf, 0xff, 0xff, 0xff, 0xff, 0xfb, 0x0,
    0x8, 0xff, 0xfe, 0x61, 0x15, 0xef, 0xff, 0x60,
    0x1f, 0xff, 0xf4, 0x0, 0x0, 0x4f, 0xff, 0xe0,
    0x5f, 0xff, 0xc0, 0x0, 0x0, 0xd, 0xff, 0xf3,
    0x9f, 0xff, 0x90, 0x0, 0x0, 0xa, 0xff, 0xf7,
    0xaf, 0xff, 0xff, 0xff, 0xff, 0xff, 0xff, 0xf8,
    0xbf, 0xff, 0xff, 0xff, 0xff, 0xff, 0xff, 0xf9,
    0xaf, 0xff, 0xda, 0xaa, 0xaa, 0xaa, 0xaa, 0xa6,
    0x9f, 0xff, 0x80, 0x0, 0x0, 0x0, 0x0, 0x0,
    0x5f, 0xff, 0xc0, 0x0, 0x0, 0x0, 0x10, 0x0,
    0xe, 0xff, 0xf5, 0x0, 0x0, 0x2, 0xea, 0x0,
    0x7, 0xff, 0xff, 0xa5, 0x45, 0x9f, 0xff, 0x90,
    0x0, 0xcf, 0xff, 0xff, 0xff, 0xff, 0xff, 0x80,
    0x0, 0xa, 0xff, 0xff, 0xff, 0xff, 0xf6, 0x0,
    0x0, 0x0, 0x39, 0xdf, 0xfe, 0xb6, 0x10, 0x0,

    /* U+0066 "f" */
    0x0, 0x0, 0x18, 0xdf, 0xff, 0xb0, 0x0, 0xd,
    0xff, 0xff, 0xfb, 0x0, 0x6, 0xff, 0xff, 0xff,
    0xb0, 0x0, 0xbf, 0xff, 0x74, 0x42, 0x0, 0xc,
    0xff, 0xf4, 0x0, 0x0, 0x0, 0xcf, 0xff, 0x40,
    0x0, 0x0, 0xc, 0xff, 0xf4, 0x0, 0x4, 0xff,
    0xff, 0xff, 0xff, 0xfb, 0x4f, 0xff, 0xff, 0xff,
    0xff, 0xb4, 0xff, 0xff, 0xff, 0xff, 0xfb, 0x3,
    0x3d, 0xff, 0xf7, 0x33, 0x20, 0x0, 0xcf, 0xff,
    0x40, 0x0, 0x0, 0xc, 0xff, 0xf4, 0x0, 0x0,
    0x0, 0xcf, 0xff, 0x40, 0x0, 0x0, 0xc, 0xff,
    0xf4, 0x0, 0x0, 0x0, 0xcf, 0xff, 0x40, 0x0,
    0x0, 0xc, 0xff, 0xf4, 0x0, 0x0, 0x0, 0xcf,
    0xff, 0x40, 0x0, 0x0, 0xc, 0xff, 0xf4, 0x0,
    0x0, 0x0, 0xcf, 0xff, 0x40, 0x0, 0x0, 0xc,
    0xff, 0xf4, 0x0, 0x0, 0x0, 0xcf, 0xff, 0x40,
    0x0, 0x0, 0xc, 0xff, 0xf4, 0x0, 0x0, 0x0,
    0xcf, 0xff, 0x40, 0x0,

    /* U+0067 "g" */
    0x0, 0x0, 0x0, 0x0, 0x0, 0x0, 0x0, 0x22,
    0x10, 0x0, 0x0, 0x0, 0x0, 0x0, 0x0, 0xaf,
    0xff, 0x80, 0x0, 0x0, 0x0, 0x0, 0x0, 0x4,
    0xff, 0xff, 0x80, 0x0, 0x0, 0x0, 0x0, 0x0,
    0x6, 0xff, 0xff, 0x80, 0x0, 0x0, 0x28, 0xce,
    0xff, 0xff, 0xf1, 0x0, 0x0, 0x0, 0x7, 0xff,
    0xff, 0xff, 0xff, 0xfe, 0x30, 0x0, 0x0, 0x5f,
    0xff, 0xff, 0xde, 0xff, 0xff, 0xe0, 0x0, 0x0,
    0xef, 0xff, 0x60, 0x0, 0x3e, 0xff, 0xf5, 0x0,
    0x2, 0xff, 0xfc, 0x0, 0x0, 0x7, 0xff, 0xf8,
    0x0, 0x3, 0xff, 0xfa, 0x0, 0x0, 0x5, 0xff,
    0xf8, 0x0, 0x1, 0xff, 0xfd, 0x0, 0x0, 0x8,
    0xff, 0xf6, 0x0, 0x0, 0xcf, 0xff, 0x92, 0x1,
    0x6f, 0xff, 0xf1, 0x0, 0x0, 0x3f, 0xff, 0xff,
    0xff, 0xff, 0xff, 0x70, 0x0, 0x0, 0x3, 0xdf,
    0xff, 0xff, 0xff, 0xf7, 0x0, 0x0, 0x0, 0x5,
    0xce, 0x8b, 0xcb, 0x96, 0x10, 0x0, 0x0, 0x0,
    0x9f, 0xf1, 0x0, 0x0, 0x0, 0x0, 0x0, 0x0,
    0x1, 0xff, 0xf1, 0x0, 0x0, 0x0, 0x0, 0x0,
    0x0, 0x3, 0xff, 0xfd, 0x98, 0x88, 0x88, 0x75,
    0x20, 0x0, 0x0, 0xef, 0xff, 0xff, 0xff, 0xff,
    0xff, 0xfb, 0x10, 0x0, 0x4e, 0xff, 0xff, 0xff,
    0xff, 0xff, 0xff, 0xb0, 0x0, 0x28, 0xff, 0xff,
    0xff, 0xff, 0xff, 0xff, 0xf3, 0x5, 0xff, 0x90,
    0x0, 0x0, 0x0, 0x3d, 0xff, 0xf6, 0xf, 0xff,
    0x40, 0x0, 0x0, 0x0, 0x7, 0xff, 0xf6, 0x1f,
    0xff, 0xb1, 0x0, 0x0, 0x0, 0x3d, 0xff, 0xf2,
    0xd, 0xff, 0xff, 0xdc, 0xcc, 0xde, 0xff, 0xff,
    0xb0, 0x3, 0xef, 0xff, 0xff, 0xff, 0xff, 0xff,
    0xfa, 0x0, 0x0, 0x5, 0x9c, 0xef, 0xff, 0xed,
    0xb7, 0x20, 0x0,

    /* U+0068 "h" */
    0xaf, 0xff, 0x70, 0x0, 0x0, 0x0, 0x0, 0xa,
    0xff, 0xf7, 0x0, 0x0, 0x0, 0x0, 0x0, 0xaf,
    0xff, 0x70, 0x0, 0x0, 0x0, 0x0, 0xa, 0xff,
    0xf7, 0x0, 0x0, 0x0, 0x0, 0x0, 0xaf, 0xff,
    0x70, 0x0, 0x0, 0x0, 0x0, 0xa, 0xff, 0xf7,
    0x0, 0x0, 0x0, 0x0, 0x0, 0xaf, 0xff, 0x70,
    0x0, 0x0, 0x0, 0x0, 0xa, 0xff, 0xf7, 0x3,
    0xbe, 0xfd, 0x91, 0x0, 0xaf, 0xff, 0x75, 0xff,
    0xff, 0xff, 0xe2, 0xa, 0xff, 0xf8, 0xff, 0xff,
    0xff, 0xff, 0xc0, 0xaf, 0xff, 0xff, 0x96, 0x7d,
    0xff, 0xff, 0x3a, 0xff, 0xfe, 0x20, 0x0, 0x1e,
    0xff, 0xf7, 0xaf, 0xff, 0x80, 0x0, 0x0, 0x9f,
    0xff, 0x9a, 0xff, 0xf7, 0x0, 0x0, 0x7, 0xff,
    0xfa, 0xaf, 0xff, 0x70, 0x0, 0x0, 0x7f, 0xff,
    0xaa, 0xff, 0xf7, 0x0, 0x0, 0x7, 0xff, 0xfa,
    0xaf, 0xff, 0x70, 0x0, 0x0, 0x7f, 0xff, 0xaa,
    0xff, 0xf7, 0x0, 0x0, 0x7, 0xff, 0xfa, 0xaf,
    0xff, 0x70, 0x0, 0x0, 0x7f, 0xff, 0xaa, 0xff,
    0xf7, 0x0, 0x0, 0x7, 0xff, 0xfa, 0xaf, 0xff,
    0x70, 0x0, 0x0, 0x7f, 0xff, 0xaa, 0xff, 0xf7,
    0x0, 0x0, 0x7, 0xff, 0xfa, 0xaf, 0xff, 0x70,
    0x0, 0x0, 0x7f, 0xff, 0xaa, 0xff, 0xf7, 0x0,
    0x0, 0x7, 0xff, 0xfa,

    /* U+0069 "i" */
    0x4d, 0xfc, 0x2e, 0xff, 0xfb, 0xff, 0xff, 0xcc,
    0xff, 0xf9, 0x19, 0xa8, 0x0, 0x0, 0x0, 0x0,
    0x0, 0xa, 0xff, 0xf7, 0xaf, 0xff, 0x7a, 0xff,
    0xf7, 0xaf, 0xff, 0x7a, 0xff, 0xf7, 0xaf, 0xff,
    0x7a, 0xff, 0xf7, 0xaf, 0xff, 0x7a, 0xff, 0xf7,
    0xaf, 0xff, 0x7a, 0xff, 0xf7, 0xaf, 0xff, 0x7a,
    0xff, 0xf7, 0xaf, 0xff, 0x7a, 0xff, 0xf7, 0xaf,
    0xff, 0x7a, 0xff, 0xf7,

    /* U+006A "j" */
    0x0, 0x4, 0xdf, 0xc2, 0x0, 0xe, 0xff, 0xfb,
    0x0, 0xf, 0xff, 0xfc, 0x0, 0xc, 0xff, 0xf9,
    0x0, 0x1, 0x9a, 0x80, 0x0, 0x0, 0x0, 0x0,
    0x0, 0x0, 0x0, 0x0, 0x0, 0xa, 0xff, 0xf7,
    0x0, 0xa, 0xff, 0xf7, 0x0, 0xa, 0xff, 0xf7,
    0x0, 0xa, 0xff, 0xf7, 0x0, 0xa, 0xff, 0xf7,
    0x0, 0xa, 0xff, 0xf7, 0x0, 0xa, 0xff, 0xf7,
    0x0, 0xa, 0xff, 0xf7, 0x0, 0xa, 0xff, 0xf7,
    0x0, 0xa, 0xff, 0xf7, 0x0, 0xa, 0xff, 0xf7,
    0x0, 0xa, 0xff, 0xf7, 0x0, 0xa, 0xff, 0xf7,
    0x0, 0xa, 0xff, 0xf7, 0x0, 0xa, 0xff, 0xf7,
    0x0, 0xa, 0xff, 0xf7, 0x0, 0xa, 0xff, 0xf7,
    0x0, 0xa, 0xff, 0xf7, 0x0, 0xa, 0xff, 0xf7,
    0x3, 0x3b, 0xff, 0xf6, 0x3f, 0xff, 0xff, 0xf2,
    0x3f, 0xff, 0xff, 0xa0, 0x3f, 0xff, 0xd7, 0x0,

    /* U+006B "k" */
    0xaf, 0xff, 0x70, 0x0, 0x0, 0x0, 0x0, 0x0,
    0xaf, 0xff, 0x70, 0x0, 0x0, 0x0, 0x0, 0x0,
    0xaf, 0xff, 0x70, 0x0, 0x0, 0x0, 0x0, 0x0,
    0xaf, 0xff, 0x70, 0x0, 0x0, 0x0, 0x0, 0x0,
    0xaf, 0xff, 0x70, 0x0, 0x0, 0x0, 0x0, 0x0,
    0xaf, 0xff, 0x70, 0x0, 0x0, 0x0, 0x0, 0x0,
    0xaf, 0xff, 0x70, 0x0, 0x0, 0x0, 0x0, 0x0,
    0xaf, 0xff, 0x70, 0x0, 0x0, 0xcf, 0xff, 0xc0,
    0xaf, 0xff, 0x70, 0x0, 0xb, 0xff, 0xfd, 0x10,
    0xaf, 0xff, 0x70, 0x0, 0x9f, 0xff, 0xe1, 0x0,
    0xaf, 0xff, 0x70, 0x6, 0xff, 0xff, 0x30, 0x0,
    0xaf, 0xff, 0x70, 0x4f, 0xff, 0xf4, 0x0, 0x0,
    0xaf, 0xff, 0x71, 0xef, 0xff, 0x60, 0x0, 0x0,
    0xaf, 0xff, 0x7b, 0xff, 0xfa, 0x0, 0x0, 0x0,
    0xaf, 0xff, 0xdf, 0xff, 0xfe, 0x10, 0x0, 0x0,
    0xaf, 0xff, 0xff, 0xff, 0xff, 0xa0, 0x0, 0x0,
    0xaf, 0xff, 0xff, 0xbf, 0xff, 0xf3, 0x0, 0x0,
    0xaf, 0xff, 0xfa, 0xb, 0xff, 0xfd, 0x0, 0x0,
    0xaf, 0xff, 0xc0, 0x2, 0xff, 0xff, 0x70, 0x0,
    0xaf, 0xff, 0x70, 0x0, 0x9f, 0xff, 0xf1, 0x0,
    0xaf, 0xff, 0x70, 0x0, 0x1e, 0xff, 0xfa, 0x0,
    0xaf, 0xff, 0x70, 0x0, 0x7, 0xff, 0xff, 0x40,
    0xaf, 0xff, 0x70, 0x0, 0x0, 0xdf, 0xff, 0xd0,
    0xaf, 0xff, 0x70, 0x0, 0x0, 0x5f, 0xff, 0xf8,

    /* U+006C "l" */
    0xaf, 0xff, 0x70, 0xa, 0xff, 0xf7, 0x0, 0xaf,
    0xff, 0x70, 0xa, 0xff, 0xf7, 0x0, 0xaf, 0xff,
    0x70, 0xa, 0xff, 0xf7, 0x0, 0xaf, 0xff, 0x70,
    0xa, 0xff, 0xf7, 0x0, 0xaf, 0xff, 0x70, 0xa,
    0xff, 0xf7, 0x0, 0xaf, 0xff, 0x70, 0xa, 0xff,
    0xf7, 0x0, 0xaf, 0xff, 0x70, 0xa, 0xff, 0xf7,
    0x0, 0xaf, 0xff, 0x70, 0xa, 0xff, 0xf7, 0x0,
    0xaf, 0xff, 0x70, 0xa, 0xff, 0xf7, 0x0, 0xaf,
    0xff, 0x70, 0x9, 0xff, 0xf7, 0x0, 0x8f, 0xff,
    0x94, 0x25, 0xff, 0xff, 0xfa, 0xd, 0xff, 0xff,
    0xa0, 0x2a, 0xef, 0xfa,

    /* U+006D "m" */
    0xaf, 0xff, 0x70, 0x4b, 0xef, 0xc6, 0x0, 0x0,
    0x5c, 0xef, 0xd7, 0x0, 0xa, 0xff, 0xf7, 0x5f,
    0xff, 0xff, 0xfb, 0x0, 0xbf, 0xff, 0xff, 0xfb,
    0x0, 0xaf, 0xff, 0x8f, 0xff, 0xff, 0xff, 0xf7,
    0x8f, 0xff, 0xff, 0xff, 0xf6, 0xa, 0xff, 0xff,
    0xe8, 0x68, 0xff, 0xff, 0xff, 0xe8, 0x69, 0xff,
    0xff, 0xc0, 0xaf, 0xff, 0xe2, 0x0, 0x5, 0xff,
    0xff, 0xd1, 0x0, 0x6, 0xff, 0xff, 0xa, 0xff,
    0xf8, 0x0, 0x0, 0xe, 0xff, 0xf7, 0x0, 0x0,
    0xf, 0xff, 0xf2, 0xaf, 0xff, 0x70, 0x0, 0x0,
    0xcf, 0xff, 0x50, 0x0, 0x0, 0xef, 0xff, 0x3a,
    0xff, 0xf7, 0x0, 0x0, 0xc, 0xff, 0xf5, 0x0,
    0x0, 0xd, 0xff, 0xf3, 0xaf, 0xff, 0x70, 0x0,
    0x0, 0xcf, 0xff, 0x50, 0x0, 0x0, 0xdf, 0xff,
    0x3a, 0xff, 0xf7, 0x0, 0x0, 0xc, 0xff, 0xf5,
    0x0, 0x0, 0xd, 0xff, 0xf3, 0xaf, 0xff, 0x70,
    0x0, 0x0, 0xcf, 0xff, 0x50, 0x0, 0x0, 0xdf,
    0xff, 0x3a, 0xff, 0xf7, 0x0, 0x0, 0xc, 0xff,
    0xf5, 0x0, 0x0, 0xd, 0xff, 0xf3, 0xaf, 0xff,
    0x70, 0x0, 0x0, 0xcf, 0xff, 0x50, 0x0, 0x0,
    0xdf, 0xff, 0x3a, 0xff, 0xf7, 0x0, 0x0, 0xc,
    0xff, 0xf5, 0x0, 0x0, 0xd, 0xff, 0xf3, 0xaf,
    0xff, 0x70, 0x0, 0x0, 0xcf, 0xff, 0x50, 0x0,
    0x0, 0xdf, 0xff, 0x3a, 0xff, 0xf7, 0x0, 0x0,
    0xc, 0xff, 0xf5, 0x0, 0x0, 0xd, 0xff, 0xf3,
    0xaf, 0xff, 0x70, 0x0, 0x0, 0xcf, 0xff, 0x50,
    0x0, 0x0, 0xdf, 0xff, 0x30,

    /* U+006E "n" */
    0xaf, 0xff, 0x70, 0x3b, 0xef, 0xd9, 0x10, 0xa,
    0xff, 0xf7, 0x5f, 0xff, 0xff, 0xfe, 0x20, 0xaf,
    0xff, 0x8f, 0xff, 0xff, 0xff, 0xfc, 0xa, 0xff,
    0xff, 0xf9, 0x67, 0xdf, 0xff, 0xf3, 0xaf, 0xff,
    0xe2, 0x0, 0x1, 0xef, 0xff, 0x7a, 0xff, 0xf8,
    0x0, 0x0, 0x9, 0xff, 0xf9, 0xaf, 0xff, 0x70,
    0x0, 0x0, 0x7f, 0xff, 0xaa, 0xff, 0xf7, 0x0,
    0x0, 0x7, 0xff, 0xfa, 0xaf, 0xff, 0x70, 0x0,
    0x0, 0x7f, 0xff, 0xaa, 0xff, 0xf7, 0x0, 0x0,
    0x7, 0xff, 0xfa, 0xaf, 0xff, 0x70, 0x0, 0x0,
    0x7f, 0xff, 0xaa, 0xff, 0xf7, 0x0, 0x0, 0x7,
    0xff, 0xfa, 0xaf, 0xff, 0x70, 0x0, 0x0, 0x7f,
    0xff, 0xaa, 0xff, 0xf7, 0x0, 0x0, 0x7, 0xff,
    0xfa, 0xaf, 0xff, 0x70, 0x0, 0x0, 0x7f, 0xff,
    0xaa, 0xff, 0xf7, 0x0, 0x0, 0x7, 0xff, 0xfa,
    0xaf, 0xff, 0x70, 0x0, 0x0, 0x7f, 0xff, 0xa0,

    /* U+006F "o" */
    0x0, 0x0, 0x39, 0xdf, 0xfd, 0x93, 0x0, 0x0,
    0x0, 0xa, 0xff, 0xff, 0xff, 0xff, 0xa0, 0x0,
    0x0, 0xcf, 0xff, 0xff, 0xff, 0xff, 0xfc, 0x0,
    0x8, 0xff, 0xff, 0x95, 0x59, 0xff, 0xff, 0x80,
    0xf, 0xff, 0xf5, 0x0, 0x0, 0x5f, 0xff, 0xf1,
    0x5f, 0xff, 0xc0, 0x0, 0x0, 0xc, 0xff, 0xf5,
    0x9f, 0xff, 0x90, 0x0, 0x0, 0x9, 0xff, 0xf9,
    0xaf, 0xff, 0x80, 0x0, 0x0, 0x8, 0xff, 0xfb,
    0xbf, 0xff, 0x80, 0x0, 0x0, 0x8, 0xff, 0xfb,
    0xaf, 0xff, 0x80, 0x0, 0x0, 0x8, 0xff, 0xfb,
    0x9f, 0xff, 0x90, 0x0, 0x0, 0x9, 0xff, 0xf9,
    0x5f, 0xff, 0xc0, 0x0, 0x0, 0xc, 0xff, 0xf5,
    0xe, 0xff, 0xf4, 0x0, 0x0, 0x4f, 0xff, 0xf0,
    0x7, 0xff, 0xff, 0x95, 0x59, 0xff, 0xff, 0x80,
    0x0, 0xcf, 0xff, 0xff, 0xff, 0xff, 0xfc, 0x0,
    0x0, 0xa, 0xff, 0xff, 0xff, 0xff, 0xb0, 0x0,
    0x0, 0x0, 0x4a, 0xdf, 0xfd, 0xa4, 0x0, 0x0,

    /* U+0070 "p" */
    0xaf, 0xff, 0x70, 0x3b, 0xef, 0xd9, 0x20, 0x0,
    0xaf, 0xff, 0x76, 0xff, 0xff, 0xff, 0xf6, 0x0,
    0xaf, 0xff, 0x9f, 0xff, 0xff, 0xff, 0xff, 0x40,
    0xaf, 0xff, 0xff, 0x96, 0x6b, 0xff, 0xff, 0xd0,
    0xaf, 0xff, 0xe2, 0x0, 0x0, 0x7f, 0xff, 0xf3,
    0xaf, 0xff, 0x90, 0x0, 0x0, 0xd, 0xff, 0xf7,
    0xaf, 0xff, 0x70, 0x0, 0x0, 0xa, 0xff, 0xfa,
    0xaf, 0xff, 0x70, 0x0, 0x0, 0x8, 0xff, 0xfb,
    0xaf, 0xff, 0x70, 0x0, 0x0, 0x8, 0xff, 0xfc,
    0xaf, 0xff, 0x70, 0x0, 0x0, 0x8, 0xff, 0xfb,
    0xaf, 0xff, 0x70, 0x0, 0x0, 0xa, 0xff, 0xfa,
    0xaf, 0xff, 0x90, 0x0, 0x0, 0xd, 0xff, 0xf7,
    0xaf, 0xff, 0xe1, 0x0, 0x0, 0x7f, 0xff, 0xf3,
    0xaf, 0xff, 0xff, 0x96, 0x6b, 0xff, 0xff, 0xd0,
    0xaf, 0xff, 0x9f, 0xff, 0xff, 0xff, 0xff, 0x40,
    0xaf, 0xff, 0x75, 0xff, 0xff, 0xff, 0xf6, 0x0,
    0xaf, 0xff, 0x70, 0x3b, 0xef, 0xd9, 0x20, 0x0,
    0xaf, 0xff, 0x70, 0x0, 0x0, 0x0, 0x0, 0x0,
    0xaf, 0xff, 0x70, 0x0, 0x0, 0x0, 0x0, 0x0,
    0xaf, 0xff, 0x70, 0x0, 0x0, 0x0, 0x0, 0x0,
    0xaf, 0xff, 0x70, 0x0, 0x0, 0x0, 0x0, 0x0,
    0xaf, 0xff, 0x70, 0x0, 0x0, 0x0, 0x0, 0x0,
    0xaf, 0xff, 0x70, 0x0, 0x0, 0x0, 0x0, 0x0,

    /* U+0071 "q" */
    0x0, 0x1, 0x8d, 0xfe, 0xc5, 0x4, 0xff, 0xfd,
    0x0, 0x3f, 0xff, 0xff, 0xff, 0x94, 0xff, 0xfd,
    0x1, 0xff, 0xff, 0xff, 0xff, 0xf8, 0xff, 0xfd,
    0xa, 0xff, 0xff, 0xc7, 0x68, 0xef, 0xff, 0xfd,
    0xf, 0xff, 0xfa, 0x0, 0x0, 0xd, 0xff, 0xfd,
    0x4f, 0xff, 0xf1, 0x0, 0x0, 0x5, 0xff, 0xfd,
    0x7f, 0xff, 0xd0, 0x0, 0x0, 0x4, 0xff, 0xfd,
    0x8f, 0xff, 0xb0, 0x0, 0x0, 0x4, 0xff, 0xfd,
    0x8f, 0xff, 0xb0, 0x0, 0x0, 0x4, 0xff, 0xfd,
    0x8f, 0xff, 0xb0, 0x0, 0x0, 0x4, 0xff, 0xfd,
    0x6f, 0xff, 0xd0, 0x0, 0x0, 0x4, 0xff, 0xfd,
    0x4f, 0xff, 0xf1, 0x0, 0x0, 0x6, 0xff, 0xfd,
    0xf, 0xff, 0xfa, 0x0, 0x0, 0xc, 0xff, 0xfd,
    0xa, 0xff, 0xff, 0xc7, 0x68, 0xef, 0xff, 0xfd,
    0x1, 0xff, 0xff, 0xff, 0xff, 0xf8, 0xff, 0xfd,
    0x0, 0x3f, 0xff, 0xff, 0xff, 0x84, 0xff, 0xfd,
    0x0, 0x1, 0x8d, 0xfe, 0xc5, 0x4, 0xff, 0xfd,
    0x0, 0x0, 0x0, 0x0, 0x0, 0x4, 0xff, 0xfd,
    0x0, 0x0, 0x0, 0x0, 0x0, 0x4, 0xff, 0xfd,
    0x0, 0x0, 0x0, 0x0, 0x0, 0x4, 0xff, 0xfd,
    0x0, 0x0, 0x0, 0x0, 0x0, 0x4, 0xff, 0xfd,
    0x0, 0x0, 0x0, 0x0, 0x0, 0x4, 0xff, 0xfd,
    0x0, 0x0, 0x0, 0x0, 0x0, 0x4, 0xff, 0xfd,

    /* U+0072 "r" */
    0xaf, 0xff, 0x70, 0x4c, 0xfe, 0xaf, 0xff, 0x75,
    0xff, 0xff, 0xaf, 0xff, 0x8f, 0xff, 0xff, 0xaf,
    0xff, 0xef, 0xfe, 0xdc, 0xaf, 0xff, 0xf8, 0x10,
    0x0, 0xaf, 0xff, 0xa0, 0x0, 0x0, 0xaf, 0xff,
    0x70, 0x0, 0x0, 0xaf, 0xff, 0x70, 0x0, 0x0,
    0xaf, 0xff, 0x70, 0x0, 0x0, 0xaf, 0xff, 0x70,
    0x0, 0x0, 0xaf, 0xff, 0x70, 0x0, 0x0, 0xaf,
    0xff, 0x70, 0x0, 0x0, 0xaf, 0xff, 0x70, 0x0,
    0x0, 0xaf, 0xff, 0x70, 0x0, 0x0, 0xaf, 0xff,
    0x70, 0x0, 0x0, 0xaf, 0xff, 0x70, 0x0, 0x0,
    0xaf, 0xff, 0x70, 0x0, 0x0,

    /* U+0073 "s" */
    0x0, 0x0, 0x5b, 0xef, 0xfe, 0xa5, 0x0, 0x0,
    0x1, 0xcf, 0xff, 0xff, 0xff, 0xfd, 0x30, 0x0,
    0xbf, 0xff, 0xff, 0xff, 0xff, 0xff, 0x20, 0x3f,
    0xff, 0xf7, 0x44, 0x7d, 0xff, 0x70, 0x7, 0xff,
    0xf8, 0x0, 0x0, 0x8, 0x60, 0x0, 0x7f, 0xff,
    0x90, 0x0, 0x0, 0x0, 0x0, 0x4, 0xff, 0xff,
    0x95, 0x20, 0x0, 0x0, 0x0, 0xd, 0xff, 0xff,
    0xff, 0xfd, 0x81, 0x0, 0x0, 0x2d, 0xff, 0xff,
    0xff, 0xff, 0xf5, 0x0, 0x0, 0x6, 0xbe, 0xff,
    0xff, 0xff, 0xf2, 0x0, 0x0, 0x0, 0x1, 0x36,
    0xef, 0xff, 0x80, 0x0, 0x20, 0x0, 0x0, 0x5,
    0xff, 0xfb, 0x0, 0x8f, 0x60, 0x0, 0x0, 0x5f,
    0xff, 0xa0, 0x9f, 0xff, 0xc6, 0x44, 0x6e, 0xff,
    0xf5, 0x8, 0xff, 0xff, 0xff, 0xff, 0xff, 0xfc,
    0x0, 0x5, 0xef, 0xff, 0xff, 0xff, 0xfb, 0x10,
    0x0, 0x1, 0x6b, 0xef, 0xfd, 0xa4, 0x0, 0x0,

    /* U+0074 "t" */
    0x0, 0x5, 0xff, 0xf5, 0x0, 0x0, 0x0, 0x5f,
    0xff, 0x50, 0x0, 0x0, 0x5, 0xff, 0xf5, 0x0,
    0x0, 0x0, 0xaf, 0xff, 0x50, 0x0, 0x3f, 0xff,
    0xff, 0xff, 0xff, 0xc3, 0xff, 0xff, 0xff, 0xff,
    0xfc, 0x3f, 0xff, 0xff, 0xff, 0xff, 0xc0, 0x44,
    0xcf, 0xff, 0x84, 0x43, 0x0, 0xb, 0xff, 0xf5,
    0x0, 0x0, 0x0, 0xbf, 0xff, 0x50, 0x0, 0x0,
    0xb, 0xff, 0xf5, 0x0, 0x0, 0x0, 0xbf, 0xff,
    0x50, 0x0, 0x0, 0xb, 0xff, 0xf5, 0x0, 0x0,
    0x0, 0xbf, 0xff, 0x50, 0x0, 0x0, 0xb, 0xff,
    0xf5, 0x0, 0x0, 0x0, 0xbf, 0xff, 0x50, 0x0,
    0x0, 0xb, 0xff, 0xf5, 0x0, 0x0, 0x0, 0xaf,
    0xff, 0x84, 0x42, 0x0, 0x6, 0xff, 0xff, 0xff,
    0x80, 0x0, 0xd, 0xff, 0xff, 0xf8, 0x0, 0x0,
    0x19, 0xef, 0xff, 0x80,

    /* U+0075 "u" */
    0xdf, 0xff, 0x40, 0x0, 0x0, 0xaf, 0xff, 0x7d,
    0xff, 0xf4, 0x0, 0x0, 0xa, 0xff, 0xf7, 0xdf,
    0xff, 0x40, 0x0, 0x0, 0xaf, 0xff, 0x7d, 0xff,
    0xf4, 0x0, 0x0, 0xa, 0xff, 0xf7, 0xdf, 0xff,
    0x40, 0x0, 0x0, 0xaf, 0xff, 0x7d, 0xff, 0xf4,
    0x0, 0x0, 0xa, 0xff, 0xf7, 0xdf, 0xff, 0x40,
    0x0, 0x0, 0xaf, 0xff, 0x7d, 0xff, 0xf4, 0x0,
    0x0, 0xa, 0xff, 0xf7, 0xdf, 0xff, 0x40, 0x0,
    0x0, 0xaf, 0xff, 0x7d, 0xff, 0xf4, 0x0, 0x0,
    0xa, 0xff, 0xf7, 0xdf, 0xff, 0x40, 0x0, 0x0,
    0xaf, 0xff, 0x7c, 0xff, 0xf7, 0x0, 0x0, 0xb,
    0xff, 0xf7, 0xaf, 0xff, 0xd0, 0x0, 0x4, 0xff,
    0xff, 0x76, 0xff, 0xff, 0xc7, 0x6a, 0xff, 0xff,
    0xf7, 0xe, 0xff, 0xff, 0xff, 0xfd, 0xaf, 0xff,
    0x70, 0x4f, 0xff, 0xff, 0xff, 0x3a, 0xff, 0xf7,
    0x0, 0x2a, 0xef, 0xda, 0x20, 0xaf, 0xff, 0x70,

    /* U+0076 "v" */
    0x7f, 0xff, 0x90, 0x0, 0x0, 0x0, 0xaf, 0xff,
    0x41, 0xff, 0xfe, 0x0, 0x0, 0x0, 0xe, 0xff,
    0xe0, 0xc, 0xff, 0xf3, 0x0, 0x0, 0x4, 0xff,
    0xf9, 0x0, 0x7f, 0xff, 0x80, 0x0, 0x0, 0x9f,
    0xff, 0x40, 0x2, 0xff, 0xfd, 0x0, 0x0, 0xe,
    0xff, 0xe0, 0x0, 0xd, 0xff, 0xf2, 0x0, 0x3,
    0xff, 0xf9, 0x0, 0x0, 0x7f, 0xff, 0x70, 0x0,
    0x8f, 0xff, 0x40, 0x0, 0x2, 0xff, 0xfc, 0x0,
    0xc, 0xff, 0xe0, 0x0, 0x0, 0xd, 0xff, 0xf1,
    0x1, 0xff, 0xf9, 0x0, 0x0, 0x0, 0x8f, 0xff,
    0x50, 0x5f, 0xff, 0x40, 0x0, 0x0, 0x2, 0xff,
    0xf9, 0x9, 0xff, 0xe0, 0x0, 0x0, 0x0, 0xd,
    0xff, 0xe0, 0xef, 0xfa, 0x0, 0x0, 0x0, 0x0,
    0x8f, 0xff, 0x4f, 0xff, 0x40, 0x0, 0x0, 0x0,
    0x3, 0xff, 0xfd, 0xff, 0xf0, 0x0, 0x0, 0x0,
    0x0, 0xd, 0xff, 0xff, 0xfa, 0x0, 0x0, 0x0,
    0x0, 0x0, 0x8f, 0xff, 0xff, 0x40, 0x0, 0x0,
    0x0, 0x0, 0x3, 0xff, 0xff, 0xf0, 0x0, 0x0,
    0x0,

    /* U+0077 "w" */
    0x2f, 0xff, 0xc0, 0x0, 0x0, 0xd, 0xff, 0xf2,
    0x0, 0x0, 0x6, 0xff, 0xf5, 0xd, 0xff, 0xf0,
    0x0, 0x0, 0x1f, 0xff, 0xf7, 0x0, 0x0, 0xa,
    0xff, 0xf1, 0x9, 0xff, 0xf4, 0x0, 0x0, 0x6f,
    0xff, 0xfb, 0x0, 0x0, 0xe, 0xff, 0xd0, 0x5,
    0xff, 0xf8, 0x0, 0x0, 0xaf, 0xff, 0xff, 0x0,
    0x0, 0x2f, 0xff, 0x80, 0x0, 0xff, 0xfc, 0x0,
    0x0, 0xff, 0xff, 0xff, 0x40, 0x0, 0x5f, 0xff,
    0x40, 0x0, 0xcf, 0xff, 0x0, 0x3, 0xff, 0xdb,
    0xff, 0x90, 0x0, 0x9f, 0xff, 0x0, 0x0, 0x8f,
    0xff, 0x40, 0x8, 0xff, 0x97, 0xff, 0xe0, 0x0,
    0xdf, 0xfb, 0x0, 0x0, 0x3f, 0xff, 0x70, 0xc,
    0xff, 0x52, 0xff, 0xf2, 0x1, 0xff, 0xf7, 0x0,
    0x0, 0xf, 0xff, 0xb0, 0x1f, 0xff, 0x10, 0xef,
    0xf6, 0x4, 0xff, 0xf3, 0x0, 0x0, 0xb, 0xff,
    0xe0, 0x5f, 0xfd, 0x0, 0xaf, 0xfb, 0x8, 0xff,
    0xe0, 0x0, 0x0, 0x6, 0xff, 0xf2, 0x9f, 0xf8,
    0x0, 0x5f, 0xff, 0xc, 0xff, 0xa0, 0x0, 0x0,
    0x2, 0xff, 0xf6, 0xdf, 0xf4, 0x0, 0x1f, 0xff,
    0x4f, 0xff, 0x60, 0x0, 0x0, 0x0, 0xef, 0xfb,
    0xff, 0xf0, 0x0, 0xc, 0xff, 0xbf, 0xff, 0x20,
    0x0, 0x0, 0x0, 0x9f, 0xff, 0xff, 0xb0, 0x0,
    0x7, 0xff, 0xff, 0xfd, 0x0, 0x0, 0x0, 0x0,
    0x5f, 0xff, 0xff, 0x60, 0x0, 0x3, 0xff, 0xff,
    0xf9, 0x0, 0x0, 0x0, 0x0, 0x1f, 0xff, 0xff,
    0x20, 0x0, 0x0, 0xef, 0xff, 0xf5, 0x0, 0x0,
    0x0, 0x0, 0xc, 0xff, 0xfd, 0x0, 0x0, 0x0,
    0xaf, 0xff, 0xf1, 0x0, 0x0,

    /* U+0078 "x" */
    0xe, 0xff, 0xfb, 0x0, 0x0, 0x0, 0xdf, 0xff,
    0x60, 0x4f, 0xff, 0xf5, 0x0, 0x0, 0x7f, 0xff,
    0xc0, 0x0, 0x9f, 0xff, 0xe0, 0x0, 0x2f, 0xff,
    0xf2, 0x0, 0x0, 0xef, 0xff, 0x80, 0xb, 0xff,
    0xf6, 0x0, 0x0, 0x4, 0xff, 0xff, 0x25, 0xff,
    0xfb, 0x0, 0x0, 0x0, 0x9, 0xff, 0xfc, 0xef,
    0xff, 0x20, 0x0, 0x0, 0x0, 0xe, 0xff, 0xff,
    0xff, 0x60, 0x0, 0x0, 0x0, 0x0, 0x4f, 0xff,
    0xff, 0xb0, 0x0, 0x0, 0x0, 0x0, 0x0, 0xdf,
    0xff, 0xf4, 0x0, 0x0, 0x0, 0x0, 0x0, 0x7f,
    0xff, 0xff, 0xc0, 0x0, 0x0, 0x0, 0x0, 0x2f,
    0xff, 0xff, 0xff, 0x70, 0x0, 0x0, 0x0, 0xc,
    0xff, 0xf7, 0xff, 0xff, 0x20, 0x0, 0x0, 0x6,
    0xff, 0xfa, 0x9, 0xff, 0xfc, 0x0, 0x0, 0x2,
    0xff, 0xff, 0x10, 0x1e, 0xff, 0xf7, 0x0, 0x0,
    0xbf, 0xff, 0x70, 0x0, 0x6f, 0xff, 0xf2, 0x0,
    0x6f, 0xff, 0xd0, 0x0, 0x0, 0xcf, 0xff, 0xc0,
    0x1f, 0xff, 0xf4, 0x0, 0x0, 0x3, 0xff, 0xff,
    0x70,

    /* U+0079 "y" */
    0x8f, 0xff, 0x80, 0x0, 0x0, 0x0, 0x8f, 0xff,
    0x43, 0xff, 0xfd, 0x0, 0x0, 0x0, 0xe, 0xff,
    0xe0, 0xd, 0xff, 0xf2, 0x0, 0x0, 0x3, 0xff,
    0xf9, 0x0, 0x8f, 0xff, 0x80, 0x0, 0x0, 0x8f,
    0xff, 0x40, 0x2, 0xff, 0xfd, 0x0, 0x0, 0xe,
    0xff, 0xe0, 0x0, 0xd, 0xff, 0xf2, 0x0, 0x3,
    0xff, 0xf9, 0x0, 0x0, 0x7f, 0xff, 0x80, 0x0,
    0x8f, 0xff, 0x30, 0x0, 0x2, 0xff, 0xfd, 0x0,
    0xd, 0xff, 0xe0, 0x0, 0x0, 0xc, 0xff, 0xf2,
    0x3, 0xff, 0xf8, 0x0, 0x0, 0x0, 0x7f, 0xff,
    0x70, 0x7f, 0xff, 0x30, 0x0, 0x0, 0x1, 0xff,
    0xfb, 0xc, 0xff, 0xd0, 0x0, 0x0, 0x0, 0xc,
    0xff, 0xf1, 0xff, 0xf8, 0x0, 0x0, 0x0, 0x0,
    0x6f, 0xff, 0x8f, 0xff, 0x20, 0x0, 0x0, 0x0,
    0x1, 0xff, 0xff, 0xff, 0xd0, 0x0, 0x0, 0x0,
    0x0, 0xb, 0xff, 0xff, 0xf7, 0x0, 0x0, 0x0,
    0x0, 0x0, 0x6f, 0xff, 0xff, 0x20, 0x0, 0x0,
    0x0, 0x0, 0x1, 0xff, 0xff, 0xc0, 0x0, 0x0,
    0x0, 0x0, 0x0, 0xd, 0xff, 0xf7, 0x0, 0x0,
    0x0, 0x0, 0x0, 0x1, 0xff, 0xff, 0x10, 0x0,
    0x0, 0x0, 0x1, 0x33, 0x8f, 0xff, 0xc0, 0x0,
    0x0, 0x0, 0x0, 0x8f, 0xff, 0xff, 0xf4, 0x0,
    0x0, 0x0, 0x0, 0x8, 0xff, 0xff, 0xfa, 0x0,
    0x0, 0x0, 0x0, 0x0, 0x8f, 0xff, 0xd7, 0x0,
    0x0, 0x0, 0x0, 0x0,

    /* U+007A "z" */
    0x8f, 0xff, 0xff, 0xff, 0xff, 0xff, 0xfa, 0x8f,
    0xff, 0xff, 0xff, 0xff, 0xff, 0xfa, 0x8f, 0xff,
    0xff, 0xff, 0xff, 0xff, 0xfa, 0x13, 0x33, 0x33,
    0x33, 0x9f, 0xff, 0xf5, 0x0, 0x0, 0x0, 0x3,
    0xff, 0xff, 0x80, 0x0, 0x0, 0x0, 0x1e, 0xff,
    0xfb, 0x0, 0x0, 0x0, 0x0, 0xcf, 0xff, 0xd0,
    0x0, 0x0, 0x0, 0xa, 0xff, 0xfe, 0x20, 0x0,
    0x0, 0x0, 0x7f, 0xff, 0xf4, 0x0, 0x0, 0x0,
    0x5, 0xff, 0xff, 0x60, 0x0, 0x0, 0x0, 0x2f,
    0xff, 0xf9, 0x0, 0x0, 0x0, 0x1, 0xef, 0xff,
    0xc0, 0x0, 0x0, 0x0, 0xc, 0xff, 0xfd, 0x10,
    0x0, 0x0, 0x0, 0x9f, 0xff, 0xf6, 0x44, 0x44,
    0x44, 0x43, 0xdf, 0xff, 0xff, 0xff, 0xff, 0xff,
    0xfe, 0xdf, 0xff, 0xff, 0xff, 0xff, 0xff, 0xfe,
    0xdf, 0xff, 0xff, 0xff, 0xff, 0xff, 0xfe,

    /* U+007B "{" */
    0x0, 0x0, 0x1a, 0xee, 0xed, 0x0, 0x0, 0xcf,
    0xff, 0xfe, 0x0, 0x2, 0xff, 0xff, 0xfe, 0x0,
    0x3, 0xff, 0xf7, 0x0, 0x0, 0x4, 0xff, 0xf7,
    0x0, 0x0, 0x4, 0xff, 0xf7, 0x0, 0x0, 0x4,
    0xff, 0xf7, 0x0, 0x0, 0x4, 0xff, 0xf7, 0x0,
    0x0, 0x4, 0xff, 0xf7, 0x0, 0x0, 0x4, 0xff,
    0xf7, 0x0, 0x0, 0x5, 0xff, 0xf7, 0x0, 0x0,
    0x9, 0xff, 0xf4, 0x0, 0x2, 0x8f, 0xff, 0xd0,
    0x0, 0x5f, 0xff, 0xfe, 0x20, 0x0, 0x5f, 0xff,
    0x80, 0x0, 0x0, 0x5f, 0xff, 0xfa, 0x0, 0x0,
    0x16, 0xcf, 0xff, 0xa0, 0x0, 0x0, 0xb, 0xff,
    0xf3, 0x0, 0x0, 0x5, 0xff, 0xf7, 0x0, 0x0,
    0x4, 0xff, 0xf7, 0x0, 0x0, 0x4, 0xff, 0xf7,
    0x0, 0x0, 0x4, 0xff, 0xf7, 0x0, 0x0, 0x4,
    0xff, 0xf7, 0x0, 0x0, 0x4, 0xff, 0xf7, 0x0,
    0x0, 0x4, 0xff, 0xf7, 0x0, 0x0, 0x3, 0xff,
    0xf7, 0x0, 0x0, 0x2, 0xff, 0xff, 0xed, 0x0,
    0x0, 0xdf, 0xff, 0xfe, 0x0, 0x0, 0x2b, 0xff,
    0xfe,

    /* U+007C "|" */
    0x69, 0x96, 0xbf, 0xfc, 0xbf, 0xfc, 0xbf, 0xfc,
    0xbf, 0xfc, 0xbf, 0xfc, 0xbf, 0xfc, 0xbf, 0xfc,
    0xbf, 0xfc, 0xbf, 0xfc, 0xbf, 0xfc, 0xbf, 0xfc,
    0xbf, 0xfc, 0xbf, 0xfc, 0xbf, 0xfc, 0xbf, 0xfc,
    0xbf, 0xfc, 0xbf, 0xfc, 0xbf, 0xfc, 0xbf, 0xfc,
    0xbf, 0xfc, 0xbf, 0xfc, 0xbf, 0xfc, 0xbf, 0xfc,
    0xbf, 0xfc, 0xbf, 0xfc, 0xbf, 0xfc, 0xbf, 0xfc,
    0xbf, 0xfc,

    /* U+007D "}" */
    0x4e, 0xee, 0xd7, 0x0, 0x0, 0x4f, 0xff, 0xff,
    0x70, 0x0, 0x4f, 0xff, 0xff, 0xc0, 0x0, 0x0,
    0xd, 0xff, 0xe0, 0x0, 0x0, 0xd, 0xff, 0xe0,
    0x0, 0x0, 0xd, 0xff, 0xe0, 0x0, 0x0, 0xd,
    0xff, 0xe0, 0x0, 0x0, 0xd, 0xff, 0xe0, 0x0,
    0x0, 0xd, 0xff, 0xe0, 0x0, 0x0, 0xd, 0xff,
    0xe0, 0x0, 0x0, 0xc, 0xff, 0xf0, 0x0, 0x0,
    0xa, 0xff, 0xf4, 0x0, 0x0, 0x3, 0xff, 0xfe,
    0x51, 0x0, 0x0, 0x7f, 0xff, 0xff, 0x0, 0x0,
    0x2, 0xdf, 0xff, 0x0, 0x0, 0x3e, 0xff, 0xff,
    0x0, 0x2, 0xff, 0xff, 0x95, 0x0, 0x9, 0xff,
    0xf6, 0x0, 0x0, 0xc, 0xff, 0xf0, 0x0, 0x0,
    0xd, 0xff, 0xe0, 0x0, 0x0, 0xd, 0xff, 0xe0,
    0x0, 0x0, 0xd, 0xff, 0xe0, 0x0, 0x0, 0xd,
    0xff, 0xe0, 0x0, 0x0, 0xd, 0xff, 0xe0, 0x0,
    0x0, 0xd, 0xff, 0xe0, 0x0, 0x0, 0xd, 0xff,
    0xe0, 0x0, 0x4e, 0xef, 0xff, 0xd0, 0x0, 0x4f,
    0xff, 0xff, 0x80, 0x0, 0x4f, 0xff, 0xe8, 0x0,
    0x0,

    /* U+007E "~" */
    0x0, 0x1, 0x33, 0x10, 0x0, 0x0, 0x0, 0x0,
    0x0, 0x3d, 0xff, 0xff, 0xc6, 0x0, 0x0, 0x0,
    0x0, 0x1f, 0xff, 0xff, 0xff, 0xff, 0xa6, 0x57,
    0xd5, 0x0, 0x9f, 0xff, 0xff, 0xff, 0xff, 0xff,
    0xff, 0xe0, 0x1, 0xa3, 0x1, 0x4a, 0xff, 0xff,
    0xff, 0xff, 0x30, 0x0, 0x0, 0x0, 0x1, 0x7c,
    0xff, 0xea, 0x20,

    /* U+00A0 " " */

    /* U+00A1 "¡" */
    0xa, 0xee, 0x90, 0x7f, 0xff, 0xf5, 0x9f, 0xff,
    0xf8, 0x8f, 0xff, 0xf6, 0x1d, 0xff, 0xc0, 0x0,
    0x11, 0x0, 0x0, 0x0, 0x0, 0x0, 0xfe, 0x0,
    0x2, 0xff, 0x0, 0x5, 0xff, 0x20, 0x7, 0xff,
    0x40, 0x9, 0xff, 0x70, 0xb, 0xff, 0x90, 0xd,
    0xff, 0xb0, 0xf, 0xff, 0xd0, 0x2f, 0xff, 0xf0,
    0x3f, 0xff, 0xf1, 0x4f, 0xff, 0xf1, 0x4f, 0xff,
    0xf1, 0x4f, 0xff, 0xf1, 0x4f, 0xff, 0xf1, 0x4f,
    0xff, 0xf1, 0x29, 0x99, 0x90,

    /* U+00A2 "¢" */
    0x0, 0x0, 0x0, 0x4a, 0xa7, 0x0, 0x0, 0x0,
    0x0, 0x0, 0x0, 0x7f, 0xfb, 0x0, 0x0, 0x0,
    0x0, 0x0, 0x0, 0x7f, 0xfb, 0x0, 0x0, 0x0,
    0x0, 0x0, 0x0, 0x9f, 0xfc, 0x20, 0x0, 0x0,
    0x0, 0x1, 0x9f, 0xff, 0xff, 0xfd, 0x40, 0x0,
    0x0, 0x3e, 0xff, 0xff, 0xff, 0xff, 0xf7, 0x0,
    0x1, 0xef, 0xff, 0xff, 0xff, 0xff, 0xff, 0x40,
    0x9, 0xff, 0xfb, 0x4f, 0xf8, 0x6f, 0xff, 0x90,
    0x1f, 0xff, 0xe0, 0x3f, 0xf8, 0x8, 0xc4, 0x0,
    0x5f, 0xff, 0x80, 0x3f, 0xf8, 0x0, 0x0, 0x0,
    0x8f, 0xff, 0x60, 0x3f, 0xf8, 0x0, 0x0, 0x0,
    0x9f, 0xff, 0x60, 0x3f, 0xf8, 0x0, 0x0, 0x0,
    0x9f, 0xff, 0x60, 0x3f, 0xf8, 0x0, 0x0, 0x0,
    0x8f, 0xff, 0x60, 0x3f, 0xf8, 0x0, 0x0, 0x0,
    0x6f, 0xff, 0x70, 0x3f, 0xf8, 0x0, 0x0, 0x0,
    0x2f, 0xff, 0xc0, 0x3f, 0xf8, 0x1, 0xb2, 0x0,
    0xc, 0xff, 0xf7, 0x3f, 0xf8, 0x1c, 0xff, 0x90,
    0x4, 0xff, 0xff, 0xdf, 0xfc, 0xef, 0xff, 0xa0,
    0x0, 0x7f, 0xff, 0xff, 0xff, 0xff, 0xfd, 0x10,
    0x0, 0x5, 0xef, 0xff, 0xff, 0xff, 0xb1, 0x0,
    0x0, 0x0, 0x5, 0xcf, 0xfe, 0x73, 0x0, 0x0,
    0x0, 0x0, 0x0, 0x7f, 0xfb, 0x0, 0x0, 0x0,
    0x0, 0x0, 0x0, 0x7f, 0xfb, 0x0, 0x0, 0x0,
    0x0, 0x0, 0x0, 0x7f, 0xfb, 0x0, 0x0, 0x0,

    /* U+00A3 "£" */
    0x0, 0x0, 0x3, 0x8c, 0xef, 0xec, 0x93, 0x0,
    0x0, 0x0, 0x1a, 0xff, 0xff, 0xff, 0xff, 0xfa,
    0x0, 0x0, 0xc, 0xff, 0xff, 0xff, 0xff, 0xff,
    0xfd, 0x0, 0x8, 0xff, 0xff, 0xfc, 0xab, 0xff,
    0xff, 0xfa, 0x0, 0xef, 0xff, 0xe3, 0x0, 0x0,
    0x8f, 0xfb, 0x20, 0x2f, 0xff, 0xf6, 0x0, 0x0,
    0x0, 0x66, 0x0, 0x2, 0xff, 0xff, 0x20, 0x0,
    0x0, 0x0, 0x0, 0x0, 0x1f, 0xff, 0xf2, 0x0,
    0x0, 0x0, 0x0, 0x0, 0x0, 0xef, 0xff, 0x40,
    0x0, 0x0, 0x0, 0x0, 0x3, 0x5c, 0xff, 0xfb,
    0x55, 0x55, 0x55, 0x0, 0x0, 0xaf, 0xff, 0xff,
    0xff, 0xff, 0xff, 0xf1, 0x0, 0xa, 0xff, 0xff,
    0xff, 0xff, 0xff, 0xff, 0x10, 0x0, 0xaf, 0xff,
    0xff, 0xff, 0xff, 0xff, 0xf1, 0x0, 0x0, 0x0,
    0x4f, 0xff, 0xe0, 0x0, 0x0, 0x0, 0x0, 0x0,
    0x4, 0xff, 0xfd, 0x0, 0x0, 0x0, 0x0, 0x0,
    0x0, 0x6f, 0xff, 0xa0, 0x0, 0x0, 0x0, 0x0,
    0x0, 0xd, 0xff, 0xf3, 0x0, 0x0, 0x0, 0x0,
    0x0, 0x2c, 0xff, 0xf7, 0x0, 0x0, 0x0, 0x0,
    0x0, 0xb, 0xff, 0xfe, 0xbb, 0xbb, 0xbb, 0xbb,
    0xbb, 0x40, 0xbf, 0xff, 0xff, 0xff, 0xff, 0xff,
    0xff, 0xf7, 0xb, 0xff, 0xff, 0xff, 0xff, 0xff,
    0xff, 0xff, 0x70, 0xbf, 0xff, 0xff, 0xff, 0xff,
    0xff, 0xff, 0xf7,

    /* U+00A4 "¤" */
    0x0, 0xb3, 0x0, 0x0, 0x0, 0x0, 0x0, 0x0,
    0x3a, 0x0, 0xc, 0xff, 0x30, 0x0, 0x0, 0x0,
    0x0, 0x3, 0xff, 0xc0, 0x4f, 0xff, 0xf3, 0x5b,
    0xef, 0xfe, 0xb5, 0x3f, 0xff, 0xf4, 0x5, 0xff,
    0xff, 0xff, 0xff, 0xff, 0xff, 0xff, 0xff, 0x50,
    0x0, 0x5f, 0xff, 0xff, 0xff, 0xff, 0xff, 0xff,
    0xf5, 0x0, 0x0, 0xb, 0xff, 0xfd, 0x41, 0x15,
    0xef, 0xff, 0xa0, 0x0, 0x0, 0x1f, 0xff, 0xf2,
    0x0, 0x0, 0x2f, 0xff, 0xf1, 0x0, 0x0, 0x5f,
    0xff, 0xb0, 0x0, 0x0, 0xc, 0xff, 0xf5, 0x0,
    0x0, 0x8f, 0xff, 0x90, 0x0, 0x0, 0x9, 0xff,
    0xf7, 0x0, 0x0, 0x8f, 0xff, 0x90, 0x0, 0x0,
    0x9, 0xff, 0xf8, 0x0, 0x0, 0x8f, 0xff, 0x90,
    0x0, 0x0, 0x9, 0xff, 0xf7, 0x0, 0x0, 0x5f,
    0xff, 0xb0, 0x0, 0x0, 0xc, 0xff, 0xf5, 0x0,
    0x0, 0x1f, 0xff, 0xf2, 0x0, 0x0, 0x2f, 0xff,
    0xf0, 0x0, 0x0, 0xb, 0xff, 0xfe, 0x51, 0x15,
    0xef, 0xff, 0xa0, 0x0, 0x0, 0x6f, 0xff, 0xff,
    0xff, 0xff, 0xff, 0xff, 0xf5, 0x0, 0x6, 0xff,
    0xff, 0xff, 0xff, 0xff, 0xff, 0xff, 0xff, 0x50,
    0x5f, 0xff, 0xe3, 0x5a, 0xef, 0xfe, 0xa4, 0x3f,
    0xff, 0xf4, 0xc, 0xfe, 0x30, 0x0, 0x0, 0x0,
    0x0, 0x3, 0xff, 0xb0, 0x0, 0xa3, 0x0, 0x0,
    0x0, 0x0, 0x0, 0x0, 0x3a, 0x0,

    /* U+00A5 "¥" */
    0xbf, 0xff, 0xf1, 0x0, 0x0, 0x0, 0x0, 0xdf,
    0xff, 0x92, 0xff, 0xff, 0x90, 0x0, 0x0, 0x0,
    0x6f, 0xff, 0xf1, 0x9, 0xff, 0xff, 0x20, 0x0,
    0x0, 0xe, 0xff, 0xf7, 0x0, 0x1e, 0xff, 0xfa,
    0x0, 0x0, 0x7, 0xff, 0xfe, 0x0, 0x0, 0x7f,
    0xff, 0xf2, 0x0, 0x0, 0xef, 0xff, 0x50, 0x0,
    0x0, 0xdf, 0xff, 0xb0, 0x0, 0x8f, 0xff, 0xc0,
    0x0, 0x0, 0x5, 0xff, 0xff, 0x30, 0x1f, 0xff,
    0xf3, 0x0, 0x0, 0x0, 0xc, 0xff, 0xfc, 0x8,
    0xff, 0xfa, 0x0, 0x0, 0x0, 0x0, 0x3f, 0xff,
    0xf6, 0xff, 0xff, 0x10, 0x0, 0x0, 0x0, 0x0,
    0xaf, 0xff, 0xff, 0xff, 0x80, 0x0, 0x0, 0x2,
    0xff, 0xff, 0xff, 0xff, 0xff, 0xff, 0xff, 0xf0,
    0x0, 0x2f, 0xff, 0xff, 0xff, 0xff, 0xff, 0xff,
    0xff, 0x0, 0x1, 0xaa, 0xaa, 0xae, 0xff, 0xfd,
    0xaa, 0xaa, 0xa0, 0x0, 0x0, 0x0, 0x0, 0xbf,
    0xff, 0x80, 0x0, 0x0, 0x0, 0x0, 0x0, 0x0,
    0xb, 0xff, 0xf8, 0x0, 0x0, 0x0, 0x0, 0x2f,
    0xff, 0xff, 0xff, 0xff, 0xff, 0xff, 0xff, 0x0,
    0x2, 0xff, 0xff, 0xff, 0xff, 0xff, 0xff, 0xff,
    0xf0, 0x0, 0x1a, 0xaa, 0xaa, 0xef, 0xff, 0xda,
    0xaa, 0xaa, 0x0, 0x0, 0x0, 0x0, 0xb, 0xff,
    0xf8, 0x0, 0x0, 0x0, 0x0, 0x0, 0x0, 0x0,
    0xbf, 0xff, 0x80, 0x0, 0x0, 0x0, 0x0, 0x0,
    0x0, 0xb, 0xff, 0xf8, 0x0, 0x0, 0x0, 0x0,
    0x0, 0x0, 0x0, 0xbf, 0xff, 0x80, 0x0, 0x0,
    0x0,

    /* U+00A6 "¦" */
    0x46, 0x64, 0xbf, 0xfc, 0xbf, 0xfc, 0xbf, 0xfc,
    0xbf, 0xfc, 0xbf, 0xfc, 0xbf, 0xfc, 0xbf, 0xfc,
    0xbf, 0xfc, 0xbf, 0xfc, 0xbf, 0xfc, 0xbf, 0xfc,
    0x0, 0x0, 0x0, 0x0, 0x0, 0x0, 0x0, 0x0,
    0x0, 0x0, 0x46, 0x64, 0xbf, 0xfc, 0xbf, 0xfc,
    0xbf, 0xfc, 0xbf, 0xfc, 0xbf, 0xfc, 0xbf, 0xfc,
    0xbf, 0xfc, 0xbf, 0xfc, 0xbf, 0xfc, 0xbf, 0xfc,
    0xbf, 0xfc,

    /* U+00A7 "§" */
    0x0, 0x0, 0x18, 0xce, 0xfe, 0xd9, 0x30, 0x0,
    0x0, 0x5, 0xff, 0xff, 0xff, 0xff, 0xfb, 0x10,
    0x0, 0x4f, 0xff, 0xff, 0xff, 0xff, 0xff, 0x60,
    0x0, 0xcf, 0xff, 0x71, 0x1, 0x5d, 0xf9, 0x0,
    0x1, 0xff, 0xf9, 0x0, 0x0, 0x0, 0x60, 0x0,
    0x1, 0xff, 0xf7, 0x0, 0x0, 0x0, 0x0, 0x0,
    0x0, 0xff, 0xfe, 0x20, 0x0, 0x0, 0x0, 0x0,
    0x0, 0xaf, 0xff, 0xfa, 0x50, 0x0, 0x0, 0x0,
    0x0, 0x1e, 0xff, 0xff, 0xff, 0xb6, 0x0, 0x0,
    0x0, 0x2, 0xef, 0xff, 0xff, 0xff, 0xe6, 0x0,
    0x0, 0x6, 0xec, 0xbf, 0xff, 0xff, 0xff, 0x70,
    0x0, 0xbf, 0xe1, 0x0, 0x49, 0xef, 0xff, 0xf2,
    0x8, 0xff, 0x70, 0x0, 0x0, 0x1c, 0xff, 0xf6,
    0xf, 0xff, 0x60, 0x0, 0x0, 0x3, 0xff, 0xf7,
    0x1f, 0xff, 0x90, 0x0, 0x0, 0x0, 0xff, 0xf4,
    0xf, 0xff, 0xf6, 0x0, 0x0, 0x3, 0xff, 0xc0,
    0xb, 0xff, 0xff, 0xd8, 0x40, 0xb, 0xfd, 0x10,
    0x1, 0xef, 0xff, 0xff, 0xff, 0xcf, 0x70, 0x0,
    0x0, 0x1a, 0xff, 0xff, 0xff, 0xff, 0x80, 0x0,
    0x0, 0x0, 0x16, 0xbf, 0xff, 0xff, 0xf7, 0x0,
    0x0, 0x0, 0x0, 0x0, 0x5c, 0xff, 0xff, 0x10,
    0x0, 0x0, 0x0, 0x0, 0x0, 0x8f, 0xff, 0x50,
    0x0, 0x0, 0x0, 0x0, 0x0, 0x2f, 0xff, 0x70,
    0x0, 0x5, 0x20, 0x0, 0x0, 0x4f, 0xff, 0x60,
    0x0, 0x4f, 0xf7, 0x20, 0x15, 0xef, 0xff, 0x10,
    0x1, 0xef, 0xff, 0xff, 0xff, 0xff, 0xf8, 0x0,
    0x0, 0x7f, 0xff, 0xff, 0xff, 0xff, 0x90, 0x0,
    0x0, 0x1, 0x7b, 0xef, 0xfd, 0x93, 0x0, 0x0,

    /* U+00A8 "¨" */
    0x0, 0x45, 0x10, 0x0, 0x14, 0x40, 0x0, 0xbf,
    0xff, 0x30, 0x1e, 0xff, 0xd0, 0xf, 0xff, 0xf7,
    0x4, 0xff, 0xff, 0x30, 0xff, 0xff, 0x70, 0x3f,
    0xff, 0xf2, 0x6, 0xef, 0xb1, 0x0, 0xaf, 0xe9,
    0x0,

    /* U+00A9 "©" */
    0x0, 0x0, 0x0, 0x4, 0x9c, 0xef, 0xed, 0x95,
    0x0, 0x0, 0x0, 0x0, 0x0, 0x0, 0x5d, 0xff,
    0xff, 0xff, 0xff, 0xfe, 0x60, 0x0, 0x0, 0x0,
    0x0, 0x8f, 0xfe, 0x84, 0x10, 0x13, 0x7d, 0xff,
    0xb0, 0x0, 0x0, 0x0, 0x9f, 0xf8, 0x0, 0x0,
    0x0, 0x0, 0x6, 0xff, 0xc0, 0x0, 0x0, 0x6f,
    0xf5, 0x0, 0x0, 0x0, 0x0, 0x0, 0x3, 0xff,
    0x90, 0x0, 0xe, 0xf7, 0x0, 0x2, 0x9d, 0xfe,
    0xc6, 0x0, 0x4, 0xff, 0x20, 0x7, 0xfd, 0x0,
    0x6, 0xff, 0xff, 0xff, 0xfc, 0x10, 0xb, 0xfa,
    0x0, 0xcf, 0x70, 0x4, 0xff, 0xff, 0xff, 0xff,
    0xfa, 0x0, 0x3f, 0xf0, 0x1f, 0xf2, 0x0, 0xdf,
    0xff, 0x40, 0x8, 0xff, 0xa0, 0x0, 0xff, 0x43,
    0xff, 0x0, 0x2f, 0xff, 0x90, 0x0, 0x7, 0x20,
    0x0, 0xc, 0xf7, 0x5f, 0xe0, 0x5, 0xff, 0xf6,
    0x0, 0x0, 0x0, 0x0, 0x0, 0xbf, 0x86, 0xfe,
    0x0, 0x6f, 0xff, 0x60, 0x0, 0x0, 0x0, 0x0,
    0xb, 0xf9, 0x5f, 0xe0, 0x5, 0xff, 0xf6, 0x0,
    0x0, 0x0, 0x0, 0x0, 0xbf, 0x83, 0xff, 0x0,
    0x2f, 0xff, 0x90, 0x0, 0x6, 0x40, 0x0, 0xc,
    0xf7, 0x1f, 0xf2, 0x0, 0xdf, 0xff, 0x40, 0x6,
    0xff, 0xc2, 0x0, 0xff, 0x40, 0xcf, 0x70, 0x4,
    0xff, 0xff, 0xff, 0xff, 0xfd, 0x0, 0x3f, 0xf0,
    0x7, 0xfd, 0x0, 0x6, 0xff, 0xff, 0xff, 0xfd,
    0x20, 0xa, 0xfa, 0x0, 0xe, 0xf7, 0x0, 0x2,
    0x9d, 0xfe, 0xc7, 0x0, 0x4, 0xff, 0x20, 0x0,
    0x6f, 0xf5, 0x0, 0x0, 0x0, 0x0, 0x0, 0x3,
    0xef, 0x90, 0x0, 0x0, 0x9f, 0xf8, 0x0, 0x0,
    0x0, 0x0, 0x6, 0xff, 0xc0, 0x0, 0x0, 0x0,
    0x9f, 0xfe, 0x83, 0x10, 0x13, 0x7d, 0xff, 0xb1,
    0x0, 0x0, 0x0, 0x0, 0x5d, 0xff, 0xff, 0xff,
    0xff, 0xfe, 0x70, 0x0, 0x0, 0x0, 0x0, 0x0,
    0x4, 0x9d, 0xef, 0xed, 0xa5, 0x0, 0x0, 0x0,
    0x0,

    /* U+00AA "ª" */
    0x0, 0x5b, 0xef, 0xeb, 0x40, 0x0, 0x9, 0xff,
    0xff, 0xff, 0xf7, 0x0, 0xb, 0xf9, 0x44, 0x7f,
    0xff, 0x10, 0x0, 0x20, 0x0, 0xb, 0xff, 0x40,
    0x0, 0x38, 0xaa, 0xbe, 0xff, 0x40, 0xa, 0xff,
    0xff, 0xff, 0xff, 0x40, 0x5f, 0xfb, 0x20, 0xa,
    0xff, 0x40, 0x9f, 0xf4, 0x0, 0xa, 0xff, 0x40,
    0x7f, 0xf8, 0x0, 0x3f, 0xff, 0x71, 0x1f, 0xff,
    0xee, 0xf8, 0xff, 0xf8, 0x3, 0xbe, 0xfc, 0x40,
    0x9f, 0xf8,

    /* U+00AB "«" */
    0x0, 0x0, 0x2, 0x30, 0x0, 0x0, 0x5, 0x0,
    0x0, 0x4, 0xec, 0x0, 0x0, 0xb, 0xf3, 0x0,
    0x5, 0xff, 0xf3, 0x0, 0x1d, 0xff, 0xa0, 0x8,
    0xff, 0xfc, 0x0, 0x3e, 0xff, 0xf4, 0xa, 0xff,
    0xfd, 0x10, 0x4f, 0xff, 0xf5, 0xa, 0xff, 0xfe,
    0x20, 0x4f, 0xff, 0xf7, 0x0, 0xdf, 0xfe, 0x20,
    0x6, 0xff, 0xf8, 0x0, 0xd, 0xff, 0xb0, 0x0,
    0x6f, 0xff, 0x20, 0x0, 0xdf, 0xff, 0x90, 0x6,
    0xff, 0xfe, 0x10, 0x4, 0xff, 0xff, 0x70, 0x1b,
    0xff, 0xfd, 0x10, 0x2, 0xef, 0xff, 0x60, 0x9,
    0xff, 0xfc, 0x0, 0x1, 0xcf, 0xff, 0x30, 0x7,
    0xff, 0xfa, 0x0, 0x0, 0xbf, 0xf0, 0x0, 0x5,
    0xff, 0x60, 0x0, 0x0, 0x88, 0x0, 0x0, 0x3,
    0xd0, 0x0, 0x0, 0x0, 0x0, 0x0, 0x0, 0x0,
    0x0,

    /* U+00AC "¬" */
    0x4, 0x44, 0x44, 0x44, 0x44, 0x44, 0x44, 0x44,
    0x3, 0xff, 0xff, 0xff, 0xff, 0xff, 0xff, 0xff,
    0xf1, 0x3f, 0xff, 0xff, 0xff, 0xff, 0xff, 0xff,
    0xff, 0x13, 0xff, 0xff, 0xff, 0xff, 0xff, 0xff,
    0xff, 0xf1, 0x0, 0x0, 0x0, 0x0, 0x0, 0x0,
    0x5f, 0xff, 0x10, 0x0, 0x0, 0x0, 0x0, 0x0,
    0x5, 0xff, 0xf1, 0x0, 0x0, 0x0, 0x0, 0x0,
    0x0, 0x5f, 0xff, 0x10, 0x0, 0x0, 0x0, 0x0,
    0x0, 0x5, 0xff, 0xf1, 0x0, 0x0, 0x0, 0x0,
    0x0, 0x0, 0x5f, 0xff, 0x10, 0x0, 0x0, 0x0,
    0x0, 0x0, 0x2, 0x88, 0x80,

    /* U+00AD "­" */

    /* U+00AE "®" */
    0x0, 0x0, 0x0, 0x10, 0x0, 0x0, 0x0, 0x0,
    0x5c, 0xff, 0xfc, 0x50, 0x0, 0x0, 0xbf, 0xb6,
    0x56, 0xbf, 0xa0, 0x0, 0xaf, 0x50, 0x0, 0x0,
    0x5f, 0x90, 0x3f, 0x80, 0x11, 0x10, 0x0, 0x7f,
    0x39, 0xe0, 0x3f, 0xff, 0xfa, 0x0, 0xf9, 0xdb,
    0x3, 0xfb, 0x4c, 0xf4, 0xc, 0xde, 0xb0, 0x3f,
    0xa1, 0xaf, 0x40, 0xbe, 0xdb, 0x3, 0xff, 0xff,
    0xa0, 0xc, 0xda, 0xe0, 0x3f, 0xb8, 0xf7, 0x0,
    0xea, 0x5f, 0x53, 0xfa, 0xc, 0xf2, 0x5f, 0x40,
    0xcf, 0x33, 0x20, 0x13, 0x4e, 0xb0, 0x1, 0xdf,
    0x83, 0x23, 0x8f, 0xc1, 0x0, 0x0, 0x8f, 0xff,
    0xff, 0x80, 0x0, 0x0, 0x0, 0x3, 0x43, 0x0,
    0x0, 0x0,

    /* U+00AF "¯" */
    0x2f, 0xff, 0xff, 0xff, 0xff, 0x52, 0xff, 0xff,
    0xff, 0xff, 0xf6, 0x2f, 0xff, 0xff, 0xff, 0xff,
    0x60,

    /* U+00B0 "°" */
    0x0, 0x0, 0x59, 0xba, 0x50, 0x0, 0x0, 0x2,
    0xdf, 0xff, 0xff, 0xd2, 0x0, 0x1, 0xef, 0xff,
    0xff, 0xff, 0xe1, 0x0, 0xaf, 0xfd, 0x30, 0x3d,
    0xff, 0xa0, 0xf, 0xff, 0x20, 0x0, 0x1f, 0xff,
    0x2, 0xff, 0xc0, 0x0, 0x0, 0xcf, 0xf3, 0x3f,
    0xfc, 0x0, 0x0, 0xb, 0xff, 0x31, 0xff, 0xf0,
    0x0, 0x0, 0xef, 0xf1, 0xb, 0xff, 0xa0, 0x0,
    0xaf, 0xfc, 0x0, 0x3f, 0xff, 0xec, 0xef, 0xff,
    0x40, 0x0, 0x5f, 0xff, 0xff, 0xff, 0x60, 0x0,
    0x0, 0x2a, 0xef, 0xea, 0x20, 0x0,

    /* U+00B1 "±" */
    0x0, 0x0, 0x3, 0xff, 0xf6, 0x0, 0x0, 0x0,
    0x0, 0x0, 0x3, 0xff, 0xf6, 0x0, 0x0, 0x0,
    0x0, 0x0, 0x3, 0xff, 0xf6, 0x0, 0x0, 0x0,
    0x0, 0x0, 0x3, 0xff, 0xf6, 0x0, 0x0, 0x0,
    0x0, 0x0, 0x3, 0xff, 0xf6, 0x0, 0x0, 0x0,
    0x45, 0x55, 0x57, 0xff, 0xf9, 0x55, 0x55, 0x50,
    0xdf, 0xff, 0xff, 0xff, 0xff, 0xff, 0xff, 0xf1,
    0xdf, 0xff, 0xff, 0xff, 0xff, 0xff, 0xff, 0xf1,
    0xdf, 0xff, 0xff, 0xff, 0xff, 0xff, 0xff, 0xf1,
    0x0, 0x0, 0x3, 0xff, 0xf6, 0x0, 0x0, 0x0,
    0x0, 0x0, 0x3, 0xff, 0xf6, 0x0, 0x0, 0x0,
    0x0, 0x0, 0x3, 0xff, 0xf6, 0x0, 0x0, 0x0,
    0x0, 0x0, 0x3, 0xff, 0xf6, 0x0, 0x0, 0x0,
    0x0, 0x0, 0x3, 0xff, 0xf6, 0x0, 0x0, 0x0,
    0x0, 0x0, 0x1, 0x77, 0x73, 0x0, 0x0, 0x0,
    0x0, 0x0, 0x0, 0x0, 0x0, 0x0, 0x0, 0x0,
    0x45, 0x55, 0x55, 0x55, 0x55, 0x55, 0x55, 0x50,
    0xdf, 0xff, 0xff, 0xff, 0xff, 0xff, 0xff, 0xf1,
    0xdf, 0xff, 0xff, 0xff, 0xff, 0xff, 0xff, 0xf1,
    0xdf, 0xff, 0xff, 0xff, 0xff, 0xff, 0xff, 0xf1,

    /* U+00B2 "²" */
    0x0, 0x2a, 0xdf, 0xeb, 0x30, 0x0, 0x4f, 0xff,
    0xff, 0xff, 0x60, 0xe, 0xff, 0x98, 0xcf, 0xfd,
    0x0, 0x38, 0x60, 0x2, 0xff, 0xf0, 0x0, 0x0,
    0x0, 0x6f, 0xfa, 0x0, 0x0, 0x0, 0x7f, 0xfd,
    0x10, 0x0, 0x2, 0xbf, 0xfb, 0x10, 0x0, 0x6,
    0xff, 0xe5, 0x0, 0x0, 0xb, 0xff, 0xd5, 0x55,
    0x55, 0x0, 0xef, 0xff, 0xff, 0xff, 0xf2, 0xe,
    0xff, 0xff, 0xff, 0xff, 0x20,

    /* U+00B3 "³" */
    0x0, 0x6c, 0xef, 0xea, 0x40, 0xb, 0xff, 0xff,
    0xff, 0xf6, 0x7, 0xe8, 0x54, 0xaf, 0xfc, 0x0,
    0x1, 0x55, 0xbf, 0xf7, 0x0, 0x4, 0xff, 0xfc,
    0x50, 0x0, 0x4, 0xff, 0xff, 0xc1, 0x0, 0x0,
    0x1, 0x7f, 0xfb, 0x3, 0xa0, 0x0, 0x1f, 0xff,
    0x5f, 0xfb, 0x54, 0xbf, 0xfd, 0x1e, 0xff, 0xff,
    0xff, 0xf4, 0x1, 0x8d, 0xff, 0xd9, 0x20,

    /* U+00B4 "´" */
    0x0, 0x5, 0x20, 0x0, 0x0, 0xe, 0xfb, 0x30,
    0x0, 0x7f, 0xff, 0xb0, 0x1, 0xff, 0xfe, 0x10,
    0x8, 0xff, 0xf4, 0x0, 0x1f, 0xff, 0x80, 0x0,
    0x2c, 0xfc, 0x0, 0x0, 0x0, 0x41, 0x0, 0x0,

    /* U+00B5 "µ" */
    0xaf, 0xff, 0x70, 0x0, 0x0, 0x7f, 0xff, 0xaa,
    0xff, 0xf7, 0x0, 0x0, 0x7, 0xff, 0xfa, 0xaf,
    0xff, 0x70, 0x0, 0x0, 0x7f, 0xff, 0xaa, 0xff,
    0xf7, 0x0, 0x0, 0x7, 0xff, 0xfa, 0xaf, 0xff,
    0x70, 0x0, 0x0, 0x7f, 0xff, 0xaa, 0xff, 0xf7,
    0x0, 0x0, 0x7, 0xff, 0xfa, 0xaf, 0xff, 0x70,
    0x0, 0x0, 0x7f, 0xff, 0xaa, 0xff, 0xf7, 0x0,
    0x0, 0x7, 0xff, 0xfa, 0xaf, 0xff, 0x70, 0x0,
    0x0, 0x7f, 0xff, 0xaa, 0xff, 0xf7, 0x0, 0x0,
    0x7, 0xff, 0xfa, 0xaf, 0xff, 0x80, 0x0, 0x0,
    0x7f, 0xff, 0xaa, 0xff, 0xfa, 0x0, 0x0, 0x8,
    0xff, 0xfa, 0xaf, 0xff, 0xf1, 0x0, 0x2, 0xef,
    0xff, 0xaa, 0xff, 0xff, 0xe7, 0x69, 0xff, 0xff,
    0xfa, 0xaf, 0xff, 0xff, 0xff, 0xff, 0x9f, 0xff,
    0xaa, 0xff, 0xff, 0xff, 0xff, 0x77, 0xff, 0xfa,
    0xaf, 0xfd, 0x7e, 0xfd, 0x50, 0x7f, 0xff, 0xaa,
    0xff, 0xf0, 0x0, 0x0, 0x0, 0x0, 0x0, 0xaf,
    0xff, 0x30, 0x0, 0x0, 0x0, 0x0, 0xa, 0xff,
    0xf6, 0x0, 0x0, 0x0, 0x0, 0x0, 0xaf, 0xff,
    0x70, 0x0, 0x0, 0x0, 0x0, 0xa, 0xff, 0xf7,
    0x0, 0x0, 0x0, 0x0, 0x0, 0xaf, 0xff, 0x70,
    0x0, 0x0, 0x0, 0x0, 0x0,

    /* U+00B6 "¶" */
    0x0, 0x1, 0x8d, 0xff, 0xff, 0xff, 0xff, 0xff,
    0xff, 0x70, 0x5, 0xff, 0xff, 0xff, 0xff, 0xff,
    0xff, 0xff, 0xf7, 0x4, 0xff, 0xff, 0xff, 0xff,
    0xff, 0xff, 0xff, 0xff, 0x70, 0xef, 0xff, 0xff,
    0xff, 0xf0, 0x0, 0xdf, 0xf5, 0x0, 0x6f, 0xff,
    0xff, 0xff, 0xff, 0x0, 0xd, 0xff, 0x50, 0xa,
    0xff, 0xff, 0xff, 0xff, 0xf0, 0x0, 0xdf, 0xf5,
    0x0, 0xcf, 0xff, 0xff, 0xff, 0xff, 0x0, 0xd,
    0xff, 0x50, 0xc, 0xff, 0xff, 0xff, 0xff, 0xf0,
    0x0, 0xdf, 0xf5, 0x0, 0x9f, 0xff, 0xff, 0xff,
    0xff, 0x0, 0xd, 0xff, 0x50, 0x4, 0xff, 0xff,
    0xff, 0xff, 0xf0, 0x0, 0xdf, 0xf5, 0x0, 0xb,
    0xff, 0xff, 0xff, 0xff, 0x0, 0xd, 0xff, 0x50,
    0x0, 0x1d, 0xff, 0xff, 0xff, 0xf0, 0x0, 0xdf,
    0xf5, 0x0, 0x0, 0x1a, 0xff, 0xff, 0xff, 0x0,
    0xd, 0xff, 0x50, 0x0, 0x0, 0x2, 0x7a, 0xff,
    0xf0, 0x0, 0xdf, 0xf5, 0x0, 0x0, 0x0, 0x0,
    0x3f, 0xff, 0x0, 0xd, 0xff, 0x50, 0x0, 0x0,
    0x0, 0x3, 0xff, 0xf0, 0x0, 0xdf, 0xf5, 0x0,
    0x0, 0x0, 0x0, 0x3f, 0xff, 0x0, 0xd, 0xff,
    0x50, 0x0, 0x0, 0x0, 0x3, 0xff, 0xf0, 0x0,
    0xdf, 0xf5, 0x0, 0x0, 0x0, 0x0, 0x3f, 0xff,
    0x0, 0xd, 0xff, 0x50, 0x0, 0x0, 0x0, 0x3,
    0xff, 0xf0, 0x0, 0xdf, 0xf5, 0x0, 0x0, 0x0,
    0x0, 0x3f, 0xff, 0x0, 0xd, 0xff, 0x50, 0x0,
    0x0, 0x0, 0x3, 0xff, 0xf0, 0x0, 0xdf, 0xf5,
    0x0, 0x0, 0x0, 0x0, 0x3f, 0xff, 0x0, 0xd,
    0xff, 0x50, 0x0, 0x0, 0x0, 0x3, 0xff, 0xf0,
    0x0, 0xdf, 0xf5, 0x0, 0x0, 0x0, 0x0, 0x3f,
    0xff, 0x0, 0xd, 0xff, 0x50, 0x0, 0x0, 0x0,
    0x3, 0xff, 0xf0, 0x0, 0xdf, 0xf5, 0x0, 0x0,
    0x0, 0x0, 0x3f, 0xff, 0x0, 0xd, 0xff, 0x50,
    0x0, 0x0, 0x0, 0x0, 0x0, 0x0, 0x0, 0x0,
    0x0, 0x0,

    /* U+00B7 "·" */
    0x1, 0x31, 0x0, 0x5f, 0xff, 0x80, 0xdf, 0xff,
    0xf0, 0xff, 0xff, 0xf2, 0xcf, 0xff, 0xf0, 0x3c,
    0xfd, 0x50,

    /* U+00B8 "¸" */
    0x0, 0x28, 0x50, 0x0, 0x0, 0x7, 0xf8, 0x0,
    0x0, 0x0, 0xaf, 0x50, 0x0, 0x0, 0x9, 0xde,
    0xfd, 0x40, 0x0, 0x0, 0x3f, 0xfe, 0x0, 0xb7,
    0x24, 0xff, 0xf0, 0x7f, 0xff, 0xff, 0xf9, 0x0,
    0x7d, 0xff, 0xd7, 0x0,

    /* U+00B9 "¹" */
    0x0, 0x2e, 0xff, 0xfa, 0x0, 0x0, 0x1d, 0xff,
    0xff, 0xa0, 0x0, 0xc, 0xff, 0x7f, 0xfa, 0x0,
    0x2, 0xef, 0x53, 0xff, 0xa0, 0x0, 0x1, 0x50,
    0x3f, 0xfa, 0x0, 0x0, 0x0, 0x3, 0xff, 0xa0,
    0x0, 0x0, 0x0, 0x3f, 0xfa, 0x0, 0x0, 0x0,
    0x3, 0xff, 0xa0, 0x0, 0x1, 0x33, 0x6f, 0xfb,
    0x33, 0x10, 0x6f, 0xff, 0xff, 0xff, 0xf6, 0x6,
    0xff, 0xff, 0xff, 0xff, 0x60,

    /* U+00BA "º" */
    0x0, 0x29, 0xdf, 0xfc, 0x60, 0x0, 0x4, 0xff,
    0xff, 0xff, 0xfc, 0x0, 0x1e, 0xff, 0x84, 0x5c,
    0xff, 0x90, 0x6f, 0xf9, 0x0, 0x1, 0xff, 0xf0,
    0xaf, 0xf5, 0x0, 0x0, 0xcf, 0xf3, 0xbf, 0xf5,
    0x0, 0x0, 0xcf, 0xf4, 0xaf, 0xf5, 0x0, 0x0,
    0xcf, 0xf3, 0x6f, 0xf9, 0x0, 0x1, 0xff, 0xf0,
    0x1f, 0xff, 0x84, 0x5c, 0xff, 0x90, 0x4, 0xff,
    0xff, 0xff, 0xfc, 0x0, 0x0, 0x29, 0xef, 0xfc,
    0x70, 0x0,

    /* U+00BB "»" */
    0x3, 0x20, 0x0, 0x0, 0x6, 0x0, 0x0, 0x0,
    0xc, 0xe4, 0x0, 0x0, 0x5f, 0x90, 0x0, 0x0,
    0x3f, 0xff, 0x60, 0x0, 0xcf, 0xfb, 0x0, 0x0,
    0xc, 0xff, 0xf8, 0x0, 0x6f, 0xff, 0xd1, 0x0,
    0x1, 0xdf, 0xff, 0xa0, 0x7, 0xff, 0xfe, 0x30,
    0x0, 0x1e, 0xff, 0xfb, 0x0, 0x9f, 0xff, 0xf2,
    0x0, 0x2, 0xef, 0xfd, 0x0, 0xa, 0xff, 0xf4,
    0x0, 0x0, 0xbf, 0xfd, 0x0, 0x4, 0xff, 0xf4,
    0x0, 0x8, 0xff, 0xfd, 0x0, 0x2e, 0xff, 0xf4,
    0x0, 0x7f, 0xff, 0xf4, 0x2, 0xef, 0xff, 0xa0,
    0x6, 0xff, 0xfe, 0x30, 0x1d, 0xff, 0xf8, 0x0,
    0x3f, 0xff, 0xc1, 0x0, 0xcf, 0xff, 0x50, 0x0,
    0xe, 0xfb, 0x0, 0x0, 0x8f, 0xe3, 0x0, 0x0,
    0x8, 0x90, 0x0, 0x0, 0x1d, 0x20, 0x0, 0x0,
    0x0, 0x0, 0x0, 0x0, 0x0, 0x0, 0x0, 0x0,

    /* U+00BC "¼" */
    0x0, 0x1e, 0xff, 0xfa, 0x0, 0x0, 0x0, 0x0,
    0x0, 0x0, 0xaf, 0xf6, 0x0, 0x0, 0xc, 0xff,
    0xff, 0xa0, 0x0, 0x0, 0x0, 0x0, 0x0, 0x6f,
    0xfa, 0x0, 0x0, 0x9, 0xff, 0xaf, 0xfa, 0x0,
    0x0, 0x0, 0x0, 0x0, 0x2f, 0xfe, 0x10, 0x0,
    0x3, 0xff, 0xa3, 0xff, 0xa0, 0x0, 0x0, 0x0,
    0x0, 0xd, 0xff, 0x30, 0x0, 0x0, 0x6, 0xc0,
    0x3f, 0xfa, 0x0, 0x0, 0x0, 0x0, 0x9, 0xff,
    0x70, 0x0, 0x0, 0x0, 0x0, 0x3, 0xff, 0xa0,
    0x0, 0x0, 0x0, 0x5, 0xff, 0xb0, 0x0, 0x0,
    0x0, 0x0, 0x0, 0x3f, 0xfa, 0x0, 0x0, 0x0,
    0x2, 0xff, 0xe1, 0x0, 0x0, 0x0, 0x0, 0x0,
    0x3, 0xff, 0xa0, 0x0, 0x0, 0x0, 0xcf, 0xf4,
    0x0, 0x0, 0x0, 0x0, 0x0, 0x0, 0x3f, 0xfa,
    0x0, 0x0, 0x0, 0x8f, 0xf8, 0x0, 0x0, 0x0,
    0x0, 0x0, 0x13, 0x36, 0xff, 0xb3, 0x31, 0x0,
    0x4f, 0xfc, 0x0, 0x0, 0x0, 0x0, 0x0, 0x6,
    0xff, 0xff, 0xff, 0xff, 0x60, 0x1e, 0xfe, 0x10,
    0x0, 0x3, 0x44, 0x30, 0x0, 0x6f, 0xff, 0xff,
    0xff, 0xf6, 0xb, 0xff, 0x50, 0x0, 0x4, 0xff,
    0xfa, 0x0, 0x0, 0x0, 0x0, 0x0, 0x0, 0x7,
    0xff, 0x90, 0x0, 0x1, 0xef, 0xff, 0xa0, 0x0,
    0x0, 0x0, 0x0, 0x0, 0x3, 0xff, 0xd0, 0x0,
    0x0, 0xaf, 0xef, 0xfa, 0x0, 0x0, 0x0, 0x0,
    0x0, 0x1, 0xef, 0xf2, 0x0, 0x0, 0x6f, 0xf3,
    0xff, 0xa0, 0x0, 0x0, 0x0, 0x0, 0x0, 0xbf,
    0xf6, 0x0, 0x0, 0x2f, 0xf6, 0x1f, 0xfa, 0x0,
    0x0, 0x0, 0x0, 0x0, 0x6f, 0xfa, 0x0, 0x0,
    0xc, 0xfa, 0x1, 0xff, 0xa0, 0x0, 0x0, 0x0,
    0x0, 0x3f, 0xfd, 0x0, 0x0, 0x7, 0xfe, 0x32,
    0x3f, 0xfb, 0x20, 0x0, 0x0, 0x0, 0xd, 0xff,
    0x30, 0x0, 0x0, 0x9f, 0xff, 0xff, 0xff, 0xff,
    0x30, 0x0, 0x0, 0xa, 0xff, 0x70, 0x0, 0x0,
    0x9, 0xff, 0xff, 0xff, 0xff, 0xf3, 0x0, 0x0,
    0x6, 0xff, 0xb0, 0x0, 0x0, 0x0, 0x0, 0x0,
    0x1, 0xff, 0xa0, 0x0, 0x0, 0x2, 0xff, 0xe1,
    0x0, 0x0, 0x0, 0x0, 0x0, 0x0, 0x1f, 0xfa,
    0x0, 0x0, 0x0, 0x58, 0x83, 0x0, 0x0, 0x0,
    0x0, 0x0, 0x0, 0x0, 0x88, 0x50, 0x0,

    /* U+00BD "½" */
    0x0, 0x2e, 0xff, 0xfa, 0x0, 0x0, 0x0, 0x0,
    0x0, 0x0, 0xaf, 0xf6, 0x0, 0x0, 0x1d, 0xff,
    0xff, 0xa0, 0x0, 0x0, 0x0, 0x0, 0x0, 0x6f,
    0xfa, 0x0, 0x0, 0xb, 0xff, 0x8f, 0xfa, 0x0,
    0x0, 0x0, 0x0, 0x0, 0x3f, 0xfd, 0x0, 0x0,
    0x3, 0xff, 0x63, 0xff, 0xa0, 0x0, 0x0, 0x0,
    0x0, 0xd, 0xff, 0x20, 0x0, 0x0, 0x2, 0x60,
    0x3f, 0xfa, 0x0, 0x0, 0x0, 0x0, 0xa, 0xff,
    0x60, 0x0, 0x0, 0x0, 0x0, 0x3, 0xff, 0xa0,
    0x0, 0x0, 0x0, 0x6, 0xff, 0xa0, 0x0, 0x0,
    0x0, 0x0, 0x0, 0x3f, 0xfa, 0x0, 0x0, 0x0,
    0x3, 0xff, 0xd0, 0x0, 0x0, 0x0, 0x0, 0x0,
    0x3, 0xff, 0xa0, 0x0, 0x0, 0x1, 0xdf, 0xf2,
    0x0, 0x0, 0x0, 0x0, 0x0, 0x0, 0x3f, 0xfa,
    0x0, 0x0, 0x0, 0xbf, 0xf6, 0x0, 0x0, 0x0,
    0x0, 0x0, 0x6f, 0xff, 0xff, 0xff, 0xf6, 0x0,
    0x7f, 0xfa, 0x0, 0x0, 0x0, 0x0, 0x0, 0x6,
    0xff, 0xff, 0xff, 0xff, 0x60, 0x3f, 0xfd, 0x0,
    0x6, 0xce, 0xfd, 0x70, 0x0, 0x13, 0x33, 0x33,
    0x33, 0x31, 0x1e, 0xff, 0x20, 0xa, 0xff, 0xff,
    0xff, 0xc0, 0x0, 0x0, 0x0, 0x0, 0x0, 0xb,
    0xff, 0x60, 0x6, 0xff, 0xd7, 0x9f, 0xff, 0x40,
    0x0, 0x0, 0x0, 0x0, 0x7, 0xff, 0xa0, 0x0,
    0x17, 0xd2, 0x0, 0xaf, 0xf7, 0x0, 0x0, 0x0,
    0x0, 0x3, 0xff, 0xd0, 0x0, 0x0, 0x0, 0x0,
    0xc, 0xff, 0x50, 0x0, 0x0, 0x0, 0x1, 0xef,
    0xf2, 0x0, 0x0, 0x0, 0x0, 0x6, 0xff, 0xd0,
    0x0, 0x0, 0x0, 0x0, 0xbf, 0xf5, 0x0, 0x0,
    0x0, 0x0, 0x8, 0xff, 0xf3, 0x0, 0x0, 0x0,
    0x0, 0x7f, 0xf9, 0x0, 0x0, 0x0, 0x0, 0x1b,
    0xff, 0xd2, 0x0, 0x0, 0x0, 0x0, 0x3f, 0xfd,
    0x0, 0x0, 0x0, 0x0, 0x3e, 0xff, 0x80, 0x0,
    0x0, 0x0, 0x0, 0x1e, 0xff, 0x20, 0x0, 0x0,
    0x0, 0x3f, 0xff, 0x85, 0x55, 0x53, 0x0, 0x0,
    0xb, 0xff, 0x50, 0x0, 0x0, 0x0, 0x6, 0xff,
    0xff, 0xff, 0xff, 0xb0, 0x0, 0x7, 0xff, 0x90,
    0x0, 0x0, 0x0, 0x0, 0x6f, 0xff, 0xff, 0xff,
    0xfb,

    /* U+00BE "¾" */
    0x0, 0x0, 0x23, 0x10, 0x0, 0x0, 0x0, 0x0,
    0x0, 0x0, 0x33, 0x31, 0x0, 0x1, 0xaf, 0xff,
    0xfd, 0x50, 0x0, 0x0, 0x0, 0x0, 0x4, 0xff,
    0xc0, 0x0, 0x1e, 0xff, 0xff, 0xff, 0xf5, 0x0,
    0x0, 0x0, 0x0, 0x1e, 0xff, 0x20, 0x0, 0x8,
    0xf8, 0x11, 0xaf, 0xfb, 0x0, 0x0, 0x0, 0x0,
    0xbf, 0xf5, 0x0, 0x0, 0x0, 0x30, 0x0, 0x5f,
    0xfb, 0x0, 0x0, 0x0, 0x7, 0xff, 0xa0, 0x0,
    0x0, 0x0, 0x1, 0x45, 0xdf, 0xf5, 0x0, 0x0,
    0x0, 0x3f, 0xfd, 0x0, 0x0, 0x0, 0x0, 0x4,
    0xff, 0xfc, 0x40, 0x0, 0x0, 0x0, 0xdf, 0xf3,
    0x0, 0x0, 0x0, 0x0, 0x4, 0xff, 0xff, 0xc1,
    0x0, 0x0, 0x9, 0xff, 0x70, 0x0, 0x0, 0x0,
    0x0, 0x0, 0x1, 0x7f, 0xfb, 0x0, 0x0, 0x5f,
    0xfb, 0x0, 0x0, 0x0, 0x0, 0x3, 0xa0, 0x0,
    0x1f, 0xff, 0x0, 0x2, 0xff, 0xe1, 0x0, 0x0,
    0x0, 0x0, 0x5f, 0xfb, 0x44, 0xbf, 0xfd, 0x0,
    0xc, 0xff, 0x40, 0x0, 0x0, 0x0, 0x0, 0x2e,
    0xff, 0xff, 0xff, 0xf4, 0x0, 0x8f, 0xf8, 0x0,
    0x0, 0x27, 0x77, 0x10, 0x1, 0x8d, 0xff, 0xd9,
    0x20, 0x4, 0xff, 0xc0, 0x0, 0x0, 0xcf, 0xff,
    0x40, 0x0, 0x0, 0x0, 0x0, 0x0, 0x1e, 0xff,
    0x20, 0x0, 0x8, 0xff, 0xff, 0x40, 0x0, 0x0,
    0x0, 0x0, 0x0, 0xbf, 0xf5, 0x0, 0x0, 0x3f,
    0xfd, 0xff, 0x40, 0x0, 0x0, 0x0, 0x0, 0x6,
    0xff, 0xa0, 0x0, 0x0, 0xdf, 0xa8, 0xff, 0x40,
    0x0, 0x0, 0x0, 0x0, 0x3f, 0xfd, 0x0, 0x0,
    0x9, 0xfd, 0x8, 0xff, 0x40, 0x0, 0x0, 0x0,
    0x0, 0xdf, 0xf3, 0x0, 0x0, 0x4f, 0xf3, 0x8,
    0xff, 0x40, 0x0, 0x0, 0x0, 0x9, 0xff, 0x70,
    0x0, 0x0, 0xef, 0xa2, 0x29, 0xff, 0x51, 0x0,
    0x0, 0x0, 0x5f, 0xfb, 0x0, 0x0, 0x0, 0xff,
    0xff, 0xff, 0xff, 0xfd, 0x0, 0x0, 0x2, 0xff,
    0xe1, 0x0, 0x0, 0x0, 0xff, 0xff, 0xff, 0xff,
    0xfd, 0x0, 0x0, 0xc, 0xff, 0x40, 0x0, 0x0,
    0x0, 0x0, 0x0, 0x8, 0xff, 0x40, 0x0, 0x0,
    0x8f, 0xf8, 0x0, 0x0, 0x0, 0x0, 0x0, 0x0,
    0x8, 0xff, 0x40, 0x0, 0x0, 0x78, 0x70, 0x0,
    0x0, 0x0, 0x0, 0x0, 0x0, 0x4, 0x88, 0x20,

    /* U+00BF "¿" */
    0x0, 0x0, 0x0, 0x3d, 0xfd, 0x50, 0x0, 0x0,
    0x0, 0x0, 0x0, 0xdf, 0xff, 0xf0, 0x0, 0x0,
    0x0, 0x0, 0x0, 0xff, 0xff, 0xf2, 0x0, 0x0,
    0x0, 0x0, 0x0, 0xef, 0xff, 0xf0, 0x0, 0x0,
    0x0, 0x0, 0x0, 0x5f, 0xff, 0x70, 0x0, 0x0,
    0x0, 0x0, 0x0, 0x0, 0x10, 0x0, 0x0, 0x0,
    0x0, 0x0, 0x0, 0x0, 0x0, 0x0, 0x0, 0x0,
    0x0, 0x0, 0x0, 0x1, 0x11, 0x0, 0x0, 0x0,
    0x0, 0x0, 0x0, 0x5f, 0xff, 0x80, 0x0, 0x0,
    0x0, 0x0, 0x0, 0x5f, 0xff, 0x80, 0x0, 0x0,
    0x0, 0x0, 0x2, 0x9f, 0xff, 0x80, 0x0, 0x0,
    0x0, 0x2, 0xbf, 0xff, 0xff, 0x80, 0x0, 0x0,
    0x0, 0x4f, 0xff, 0xff, 0xff, 0x80, 0x0, 0x0,
    0x2, 0xff, 0xff, 0xe7, 0x20, 0x0, 0x0, 0x0,
    0x9, 0xff, 0xfd, 0x10, 0x0, 0x0, 0x0, 0x0,
    0xe, 0xff, 0xf7, 0x0, 0x0, 0x0, 0x0, 0x0,
    0xf, 0xff, 0xf5, 0x0, 0x0, 0x1, 0x10, 0x0,
    0xf, 0xff, 0xf6, 0x0, 0x0, 0x8, 0xfb, 0x50,
    0xc, 0xff, 0xfd, 0x10, 0x0, 0x5f, 0xff, 0xf1,
    0x6, 0xff, 0xff, 0xea, 0x9c, 0xff, 0xff, 0x90,
    0x0, 0xcf, 0xff, 0xff, 0xff, 0xff, 0xfd, 0x0,
    0x0, 0x1b, 0xff, 0xff, 0xff, 0xff, 0xc1, 0x0,
    0x0, 0x0, 0x4a, 0xdf, 0xfe, 0xa5, 0x0, 0x0,

    /* U+00C0 "À" */
    0x0, 0x0, 0x0, 0x0, 0x16, 0x0, 0x0, 0x0,
    0x0, 0x0, 0x0, 0x0, 0x0, 0x1, 0x8f, 0xf4,
    0x0, 0x0, 0x0, 0x0, 0x0, 0x0, 0x0, 0x0,
    0x7f, 0xff, 0xc0, 0x0, 0x0, 0x0, 0x0, 0x0,
    0x0, 0x0, 0x0, 0xbf, 0xff, 0x40, 0x0, 0x0,
    0x0, 0x0, 0x0, 0x0, 0x0, 0x1, 0xef, 0xfc,
    0x0, 0x0, 0x0, 0x0, 0x0, 0x0, 0x0, 0x0,
    0x4, 0xff, 0xf4, 0x0, 0x0, 0x0, 0x0, 0x0,
    0x0, 0x0, 0x0, 0x8, 0xfe, 0x50, 0x0, 0x0,
    0x0, 0x0, 0x0, 0x0, 0x0, 0x0, 0x5, 0x0,
    0x0, 0x0, 0x0, 0x0, 0x0, 0x0, 0x0, 0x0,
    0x0, 0x0, 0x0, 0x0, 0x0, 0x0, 0x0, 0x0,
    0x0, 0x0, 0xf, 0xff, 0xff, 0x90, 0x0, 0x0,
    0x0, 0x0, 0x0, 0x0, 0x5, 0xff, 0xff, 0xfe,
    0x0, 0x0, 0x0, 0x0, 0x0, 0x0, 0x0, 0xbf,
    0xff, 0xff, 0xf3, 0x0, 0x0, 0x0, 0x0, 0x0,
    0x0, 0xf, 0xff, 0xff, 0xff, 0x90, 0x0, 0x0,
    0x0, 0x0, 0x0, 0x6, 0xff, 0xf7, 0xff, 0xfe,
    0x0, 0x0, 0x0, 0x0, 0x0, 0x0, 0xbf, 0xff,
    0x1b, 0xff, 0xf4, 0x0, 0x0, 0x0, 0x0, 0x0,
    0x1f, 0xff, 0xc0, 0x6f, 0xff, 0x90, 0x0, 0x0,
    0x0, 0x0, 0x6, 0xff, 0xf7, 0x1, 0xff, 0xfe,
    0x0, 0x0, 0x0, 0x0, 0x0, 0xbf, 0xff, 0x20,
    0xc, 0xff, 0xf4, 0x0, 0x0, 0x0, 0x0, 0x1f,
    0xff, 0xd0, 0x0, 0x7f, 0xff, 0x90, 0x0, 0x0,
    0x0, 0x6, 0xff, 0xf8, 0x0, 0x2, 0xff, 0xfe,
    0x0, 0x0, 0x0, 0x0, 0xcf, 0xff, 0x30, 0x0,
    0xd, 0xff, 0xf4, 0x0, 0x0, 0x0, 0x1f, 0xff,
    0xe0, 0x0, 0x0, 0x8f, 0xff, 0x90, 0x0, 0x0,
    0x7, 0xff, 0xff, 0xff, 0xff, 0xff, 0xff, 0xfe,
    0x0, 0x0, 0x0, 0xcf, 0xff, 0xff, 0xff, 0xff,
    0xff, 0xff, 0xf4, 0x0, 0x0, 0x1f, 0xff, 0xff,
    0xff, 0xff, 0xff, 0xff, 0xff, 0xa0, 0x0, 0x7,
    0xff, 0xfd, 0x99, 0x99, 0x99, 0x9b, 0xff, 0xff,
    0x0, 0x0, 0xcf, 0xff, 0x60, 0x0, 0x0, 0x0,
    0x1f, 0xff, 0xf4, 0x0, 0x2f, 0xff, 0xf1, 0x0,
    0x0, 0x0, 0x0, 0xbf, 0xff, 0xa0, 0x7, 0xff,
    0xfc, 0x0, 0x0, 0x0, 0x0, 0x6, 0xff, 0xff,
    0x0, 0xdf, 0xff, 0x70, 0x0, 0x0, 0x0, 0x0,
    0x1f, 0xff, 0xf5, 0x2f, 0xff, 0xf1, 0x0, 0x0,
    0x0, 0x0, 0x0, 0xbf, 0xff, 0xa0,

    /* U+00C1 "Á" */
    0x0, 0x0, 0x0, 0x0, 0x0, 0x4, 0x30, 0x0,
    0x0, 0x0, 0x0, 0x0, 0x0, 0x0, 0x0, 0x0,
    0xdf, 0xb3, 0x0, 0x0, 0x0, 0x0, 0x0, 0x0,
    0x0, 0x0, 0x6f, 0xff, 0xc0, 0x0, 0x0, 0x0,
    0x0, 0x0, 0x0, 0x0, 0xe, 0xff, 0xf2, 0x0,
    0x0, 0x0, 0x0, 0x0, 0x0, 0x0, 0x6, 0xff,
    0xf5, 0x0, 0x0, 0x0, 0x0, 0x0, 0x0, 0x0,
    0x0, 0xef, 0xf9, 0x0, 0x0, 0x0, 0x0, 0x0,
    0x0, 0x0, 0x0, 0x1c, 0xfd, 0x0, 0x0, 0x0,
    0x0, 0x0, 0x0, 0x0, 0x0, 0x0, 0x3, 0x20,
    0x0, 0x0, 0x0, 0x0, 0x0, 0x0, 0x0, 0x0,
    0x0, 0x0, 0x0, 0x0, 0x0, 0x0, 0x0, 0x0,
    0x0, 0x0, 0xf, 0xff, 0xff, 0x90, 0x0, 0x0,
    0x0, 0x0, 0x0, 0x0, 0x5, 0xff, 0xff, 0xfe,
    0x0, 0x0, 0x0, 0x0, 0x0, 0x0, 0x0, 0xbf,
    0xff, 0xff, 0xf3, 0x0, 0x0, 0x0, 0x0, 0x0,
    0x0, 0xf, 0xff, 0xff, 0xff, 0x90, 0x0, 0x0,
    0x0, 0x0, 0x0, 0x6, 0xff, 0xf7, 0xff, 0xfe,
    0x0, 0x0, 0x0, 0x0, 0x0, 0x0, 0xbf, 0xff,
    0x1b, 0xff, 0xf4, 0x0, 0x0, 0x0, 0x0, 0x0,
    0x1f, 0xff, 0xc0, 0x6f, 0xff, 0x90, 0x0, 0x0,
    0x0, 0x0, 0x6, 0xff, 0xf7, 0x1, 0xff, 0xfe,
    0x0, 0x0, 0x0, 0x0, 0x0, 0xbf, 0xff, 0x20,
    0xc, 0xff, 0xf4, 0x0, 0x0, 0x0, 0x0, 0x1f,
    0xff, 0xd0, 0x0, 0x7f, 0xff, 0x90, 0x0, 0x0,
    0x0, 0x6, 0xff, 0xf8, 0x0, 0x2, 0xff, 0xfe,
    0x0, 0x0, 0x0, 0x0, 0xcf, 0xff, 0x30, 0x0,
    0xd, 0xff, 0xf4, 0x0, 0x0, 0x0, 0x1f, 0xff,
    0xe0, 0x0, 0x0, 0x8f, 0xff, 0x90, 0x0, 0x0,
    0x7, 0xff, 0xff, 0xff, 0xff, 0xff, 0xff, 0xfe,
    0x0, 0x0, 0x0, 0xcf, 0xff, 0xff, 0xff, 0xff,
    0xff, 0xff, 0xf4, 0x0, 0x0, 0x1f, 0xff, 0xff,
    0xff, 0xff, 0xff, 0xff, 0xff, 0xa0, 0x0, 0x7,
    0xff, 0xfd, 0x99, 0x99, 0x99, 0x9b, 0xff, 0xff,
    0x0, 0x0, 0xcf, 0xff, 0x60, 0x0, 0x0, 0x0,
    0x1f, 0xff, 0xf4, 0x0, 0x2f, 0xff, 0xf1, 0x0,
    0x0, 0x0, 0x0, 0xbf, 0xff, 0xa0, 0x7, 0xff,
    0xfc, 0x0, 0x0, 0x0, 0x0, 0x6, 0xff, 0xff,
    0x0, 0xdf, 0xff, 0x70, 0x0, 0x0, 0x0, 0x0,
    0x1f, 0xff, 0xf5, 0x2f, 0xff, 0xf1, 0x0, 0x0,
    0x0, 0x0, 0x0, 0xbf, 0xff, 0xa0,

    /* U+00C2 "Â" */
    0x0, 0x0, 0x0, 0x0, 0x9f, 0xff, 0xd1, 0x0,
    0x0, 0x0, 0x0, 0x0, 0x0, 0x0, 0x6f, 0xff,
    0xff, 0xc0, 0x0, 0x0, 0x0, 0x0, 0x0, 0x0,
    0x4f, 0xff, 0xff, 0xff, 0x90, 0x0, 0x0, 0x0,
    0x0, 0x0, 0x2e, 0xff, 0xd2, 0x9f, 0xff, 0x60,
    0x0, 0x0, 0x0, 0x0, 0xd, 0xff, 0xd1, 0x0,
    0x9f, 0xff, 0x40, 0x0, 0x0, 0x0, 0x0, 0x7f,
    0xd1, 0x0, 0x0, 0x8f, 0xb1, 0x0, 0x0, 0x0,
    0x0, 0x0, 0x31, 0x0, 0x0, 0x0, 0x40, 0x0,
    0x0, 0x0, 0x0, 0x0, 0x0, 0x0, 0x0, 0x0,
    0x0, 0x0, 0x0, 0x0, 0x0, 0x0, 0x0, 0x0,
    0xff, 0xff, 0xf9, 0x0, 0x0, 0x0, 0x0, 0x0,
    0x0, 0x0, 0x5f, 0xff, 0xff, 0xe0, 0x0, 0x0,
    0x0, 0x0, 0x0, 0x0, 0xb, 0xff, 0xff, 0xff,
    0x30, 0x0, 0x0, 0x0, 0x0, 0x0, 0x0, 0xff,
    0xff, 0xff, 0xf9, 0x0, 0x0, 0x0, 0x0, 0x0,
    0x0, 0x6f, 0xff, 0x7f, 0xff, 0xe0, 0x0, 0x0,
    0x0, 0x0, 0x0, 0xb, 0xff, 0xf1, 0xbf, 0xff,
    0x40, 0x0, 0x0, 0x0, 0x0, 0x1, 0xff, 0xfc,
    0x6, 0xff, 0xf9, 0x0, 0x0, 0x0, 0x0, 0x0,
    0x6f, 0xff, 0x70, 0x1f, 0xff, 0xe0, 0x0, 0x0,
    0x0, 0x0, 0xb, 0xff, 0xf2, 0x0, 0xcf, 0xff,
    0x40, 0x0, 0x0, 0x0, 0x1, 0xff, 0xfd, 0x0,
    0x7, 0xff, 0xf9, 0x0, 0x0, 0x0, 0x0, 0x6f,
    0xff, 0x80, 0x0, 0x2f, 0xff, 0xe0, 0x0, 0x0,
    0x0, 0xc, 0xff, 0xf3, 0x0, 0x0, 0xdf, 0xff,
    0x40, 0x0, 0x0, 0x1, 0xff, 0xfe, 0x0, 0x0,
    0x8, 0xff, 0xf9, 0x0, 0x0, 0x0, 0x7f, 0xff,
    0xff, 0xff, 0xff, 0xff, 0xff, 0xe0, 0x0, 0x0,
    0xc, 0xff, 0xff, 0xff, 0xff, 0xff, 0xff, 0xff,
    0x40, 0x0, 0x1, 0xff, 0xff, 0xff, 0xff, 0xff,
    0xff, 0xff, 0xfa, 0x0, 0x0, 0x7f, 0xff, 0xd9,
    0x99, 0x99, 0x99, 0xbf, 0xff, 0xf0, 0x0, 0xc,
    0xff, 0xf6, 0x0, 0x0, 0x0, 0x1, 0xff, 0xff,
    0x40, 0x2, 0xff, 0xff, 0x10, 0x0, 0x0, 0x0,
    0xb, 0xff, 0xfa, 0x0, 0x7f, 0xff, 0xc0, 0x0,
    0x0, 0x0, 0x0, 0x6f, 0xff, 0xf0, 0xd, 0xff,
    0xf7, 0x0, 0x0, 0x0, 0x0, 0x1, 0xff, 0xff,
    0x52, 0xff, 0xff, 0x10, 0x0, 0x0, 0x0, 0x0,
    0xb, 0xff, 0xfa,

    /* U+00C3 "Ã" */
    0x0, 0x0, 0x0, 0x7e, 0xfb, 0x30, 0x0, 0x0,
    0x0, 0x0, 0x0, 0x0, 0x0, 0x9f, 0xff, 0xff,
    0x92, 0x19, 0x90, 0x0, 0x0, 0x0, 0x0, 0xe,
    0xff, 0xff, 0xff, 0xff, 0xff, 0x50, 0x0, 0x0,
    0x0, 0x0, 0x4d, 0x31, 0x6e, 0xff, 0xff, 0xe1,
    0x0, 0x0, 0x0, 0x0, 0x0, 0x0, 0x0, 0x8,
    0xef, 0xa1, 0x0, 0x0, 0x0, 0x0, 0x0, 0x0,
    0x0, 0x0, 0x0, 0x0, 0x0, 0x0, 0x0, 0x0,
    0x0, 0x0, 0x0, 0x0, 0x0, 0x0, 0x0, 0x0,
    0x0, 0x0, 0x0, 0x0, 0x0, 0xf, 0xff, 0xff,
    0x90, 0x0, 0x0, 0x0, 0x0, 0x0, 0x0, 0x5,
    0xff, 0xff, 0xfe, 0x0, 0x0, 0x0, 0x0, 0x0,
    0x0, 0x0, 0xbf, 0xff, 0xff, 0xf3, 0x0, 0x0,
    0x0, 0x0, 0x0, 0x0, 0xf, 0xff, 0xff, 0xff,
    0x90, 0x0, 0x0, 0x0, 0x0, 0x0, 0x6, 0xff,
    0xf7, 0xff, 0xfe, 0x0, 0x0, 0x0, 0x0, 0x0,
    0x0, 0xbf, 0xff, 0x1b, 0xff, 0xf4, 0x0, 0x0,
    0x0, 0x0, 0x0, 0x1f, 0xff, 0xc0, 0x6f, 0xff,
    0x90, 0x0, 0x0, 0x0, 0x0, 0x6, 0xff, 0xf7,
    0x1, 0xff, 0xfe, 0x0, 0x0, 0x0, 0x0, 0x0,
    0xbf, 0xff, 0x20, 0xc, 0xff, 0xf4, 0x0, 0x0,
    0x0, 0x0, 0x1f, 0xff, 0xd0, 0x0, 0x7f, 0xff,
    0x90, 0x0, 0x0, 0x0, 0x6, 0xff, 0xf8, 0x0,
    0x2, 0xff, 0xfe, 0x0, 0x0, 0x0, 0x0, 0xcf,
    0xff, 0x30, 0x0, 0xd, 0xff, 0xf4, 0x0, 0x0,
    0x0, 0x1f, 0xff, 0xe0, 0x0, 0x0, 0x8f, 0xff,
    0x90, 0x0, 0x0, 0x7, 0xff, 0xff, 0xff, 0xff,
    0xff, 0xff, 0xfe, 0x0, 0x0, 0x0, 0xcf, 0xff,
    0xff, 0xff, 0xff, 0xff, 0xff, 0xf4, 0x0, 0x0,
    0x1f, 0xff, 0xff, 0xff, 0xff, 0xff, 0xff, 0xff,
    0xa0, 0x0, 0x7, 0xff, 0xfd, 0x99, 0x99, 0x99,
    0x9b, 0xff, 0xff, 0x0, 0x0, 0xcf, 0xff, 0x60,
    0x0, 0x0, 0x0, 0x1f, 0xff, 0xf4, 0x0, 0x2f,
    0xff, 0xf1, 0x0, 0x0, 0x0, 0x0, 0xbf, 0xff,
    0xa0, 0x7, 0xff, 0xfc, 0x0, 0x0, 0x0, 0x0,
    0x6, 0xff, 0xff, 0x0, 0xdf, 0xff, 0x70, 0x0,
    0x0, 0x0, 0x0, 0x1f, 0xff, 0xf5, 0x2f, 0xff,
    0xf1, 0x0, 0x0, 0x0, 0x0, 0x0, 0xbf, 0xff,
    0xa0,

    /* U+00C4 "Ä" */
    0x0, 0x0, 0x5, 0xef, 0xc1, 0x0, 0x8e, 0xf9,
    0x0, 0x0, 0x0, 0x0, 0x0, 0xdf, 0xff, 0x80,
    0x2f, 0xff, 0xf3, 0x0, 0x0, 0x0, 0x0, 0xe,
    0xff, 0xf9, 0x3, 0xff, 0xff, 0x40, 0x0, 0x0,
    0x0, 0x0, 0xaf, 0xff, 0x40, 0xe, 0xff, 0xe1,
    0x0, 0x0, 0x0, 0x0, 0x0, 0x45, 0x20, 0x0,
    0x15, 0x51, 0x0, 0x0, 0x0, 0x0, 0x0, 0x0,
    0x0, 0x0, 0x0, 0x0, 0x0, 0x0, 0x0, 0x0,
    0x0, 0x0, 0x0, 0x0, 0x0, 0x0, 0x0, 0x0,
    0x0, 0x0, 0x0, 0x0, 0x0, 0xf, 0xff, 0xff,
    0x90, 0x0, 0x0, 0x0, 0x0, 0x0, 0x0, 0x5,
    0xff, 0xff, 0xfe, 0x0, 0x0, 0x0, 0x0, 0x0,
    0x0, 0x0, 0xbf, 0xff, 0xff, 0xf3, 0x0, 0x0,
    0x0, 0x0, 0x0, 0x0, 0xf, 0xff, 0xff, 0xff,
    0x90, 0x0, 0x0, 0x0, 0x0, 0x0, 0x6, 0xff,
    0xf7, 0xff, 0xfe, 0x0, 0x0, 0x0, 0x0, 0x0,
    0x0, 0xbf, 0xff, 0x1b, 0xff, 0xf4, 0x0, 0x0,
    0x0, 0x0, 0x0, 0x1f, 0xff, 0xc0, 0x6f, 0xff,
    0x90, 0x0, 0x0, 0x0, 0x0, 0x6, 0xff, 0xf7,
    0x1, 0xff, 0xfe, 0x0, 0x0, 0x0, 0x0, 0x0,
    0xbf, 0xff, 0x20, 0xc, 0xff, 0xf4, 0x0, 0x0,
    0x0, 0x0, 0x1f, 0xff, 0xd0, 0x0, 0x7f, 0xff,
    0x90, 0x0, 0x0, 0x0, 0x6, 0xff, 0xf8, 0x0,
    0x2, 0xff, 0xfe, 0x0, 0x0, 0x0, 0x0, 0xcf,
    0xff, 0x30, 0x0, 0xd, 0xff, 0xf4, 0x0, 0x0,
    0x0, 0x1f, 0xff, 0xe0, 0x0, 0x0, 0x8f, 0xff,
    0x90, 0x0, 0x0, 0x7, 0xff, 0xff, 0xff, 0xff,
    0xff, 0xff, 0xfe, 0x0, 0x0, 0x0, 0xcf, 0xff,
    0xff, 0xff, 0xff, 0xff, 0xff, 0xf4, 0x0, 0x0,
    0x1f, 0xff, 0xff, 0xff, 0xff, 0xff, 0xff, 0xff,
    0xa0, 0x0, 0x7, 0xff, 0xfd, 0x99, 0x99, 0x99,
    0x9b, 0xff, 0xff, 0x0, 0x0, 0xcf, 0xff, 0x60,
    0x0, 0x0, 0x0, 0x1f, 0xff, 0xf4, 0x0, 0x2f,
    0xff, 0xf1, 0x0, 0x0, 0x0, 0x0, 0xbf, 0xff,
    0xa0, 0x7, 0xff, 0xfc, 0x0, 0x0, 0x0, 0x0,
    0x6, 0xff, 0xff, 0x0, 0xdf, 0xff, 0x70, 0x0,
    0x0, 0x0, 0x0, 0x1f, 0xff, 0xf5, 0x2f, 0xff,
    0xf1, 0x0, 0x0, 0x0, 0x0, 0x0, 0xbf, 0xff,
    0xa0,

    /* U+00C5 "Å" */
    0x0, 0x0, 0x0, 0x0, 0x6d, 0xfe, 0x91, 0x0,
    0x0, 0x0, 0x0, 0x0, 0x0, 0x0, 0xaf, 0xff,
    0xff, 0xe1, 0x0, 0x0, 0x0, 0x0, 0x0, 0x0,
    0x5f, 0xfa, 0x35, 0xff, 0xa0, 0x0, 0x0, 0x0,
    0x0, 0x0, 0xa, 0xff, 0x10, 0xb, 0xff, 0x0,
    0x0, 0x0, 0x0, 0x0, 0x0, 0xbf, 0xf0, 0x0,
    0x9f, 0xf1, 0x0, 0x0, 0x0, 0x0, 0x0, 0xa,
    0xff, 0x0, 0xa, 0xff, 0x0, 0x0, 0x0, 0x0,
    0x0, 0x0, 0x5f, 0xf9, 0x25, 0xff, 0xa0, 0x0,
    0x0, 0x0, 0x0, 0x0, 0x0, 0xaf, 0xff, 0xff,
    0xe1, 0x0, 0x0, 0x0, 0x0, 0x0, 0x0, 0x0,
    0x7d, 0xfe, 0x91, 0x0, 0x0, 0x0, 0x0, 0x0,
    0x0, 0x0, 0x0, 0x0, 0x0, 0x0, 0x0, 0x0,
    0x0, 0x0, 0x0, 0x0, 0x0, 0xff, 0xff, 0xf9,
    0x0, 0x0, 0x0, 0x0, 0x0, 0x0, 0x0, 0x5f,
    0xff, 0xff, 0xe0, 0x0, 0x0, 0x0, 0x0, 0x0,
    0x0, 0xb, 0xff, 0xff, 0xff, 0x30, 0x0, 0x0,
    0x0, 0x0, 0x0, 0x0, 0xff, 0xff, 0xff, 0xf9,
    0x0, 0x0, 0x0, 0x0, 0x0, 0x0, 0x6f, 0xff,
    0x7f, 0xff, 0xe0, 0x0, 0x0, 0x0, 0x0, 0x0,
    0xb, 0xff, 0xf1, 0xbf, 0xff, 0x40, 0x0, 0x0,
    0x0, 0x0, 0x1, 0xff, 0xfc, 0x6, 0xff, 0xf9,
    0x0, 0x0, 0x0, 0x0, 0x0, 0x6f, 0xff, 0x70,
    0x1f, 0xff, 0xe0, 0x0, 0x0, 0x0, 0x0, 0xb,
    0xff, 0xf2, 0x0, 0xcf, 0xff, 0x40, 0x0, 0x0,
    0x0, 0x1, 0xff, 0xfd, 0x0, 0x7, 0xff, 0xf9,
    0x0, 0x0, 0x0, 0x0, 0x6f, 0xff, 0x80, 0x0,
    0x2f, 0xff, 0xe0, 0x0, 0x0, 0x0, 0xc, 0xff,
    0xf3, 0x0, 0x0, 0xdf, 0xff, 0x40, 0x0, 0x0,
    0x1, 0xff, 0xfe, 0x0, 0x0, 0x8, 0xff, 0xf9,
    0x0, 0x0, 0x0, 0x7f, 0xff, 0xff, 0xff, 0xff,
    0xff, 0xff, 0xe0, 0x0, 0x0, 0xc, 0xff, 0xff,
    0xff, 0xff, 0xff, 0xff, 0xff, 0x40, 0x0, 0x1,
    0xff, 0xff, 0xff, 0xff, 0xff, 0xff, 0xff, 0xfa,
    0x0, 0x0, 0x7f, 0xff, 0xd9, 0x99, 0x99, 0x99,
    0xbf, 0xff, 0xf0, 0x0, 0xc, 0xff, 0xf6, 0x0,
    0x0, 0x0, 0x1, 0xff, 0xff, 0x40, 0x2, 0xff,
    0xff, 0x10, 0x0, 0x0, 0x0, 0xb, 0xff, 0xfa,
    0x0, 0x7f, 0xff, 0xc0, 0x0, 0x0, 0x0, 0x0,
    0x6f, 0xff, 0xf0, 0xd, 0xff, 0xf7, 0x0, 0x0,
    0x0, 0x0, 0x1, 0xff, 0xff, 0x52, 0xff, 0xff,
    0x10, 0x0, 0x0, 0x0, 0x0, 0xb, 0xff, 0xfa,

    /* U+00C6 "Æ" */
    0x0, 0x0, 0x0, 0x0, 0x0, 0x2f, 0xff, 0xff,
    0xff, 0xff, 0xff, 0xff, 0xff, 0xff, 0x80, 0x0,
    0x0, 0x0, 0x0, 0xa, 0xff, 0xff, 0xff, 0xff,
    0xff, 0xff, 0xff, 0xff, 0xf8, 0x0, 0x0, 0x0,
    0x0, 0x2, 0xff, 0xff, 0xff, 0xff, 0xff, 0xff,
    0xff, 0xff, 0xff, 0x80, 0x0, 0x0, 0x0, 0x0,
    0xaf, 0xff, 0xcf, 0xff, 0xfb, 0xbb, 0xbb, 0xbb,
    0xbb, 0xb6, 0x0, 0x0, 0x0, 0x0, 0x3f, 0xff,
    0xc2, 0xff, 0xff, 0x0, 0x0, 0x0, 0x0, 0x0,
    0x0, 0x0, 0x0, 0x0, 0xb, 0xff, 0xf5, 0x2f,
    0xff, 0xf0, 0x0, 0x0, 0x0, 0x0, 0x0, 0x0,
    0x0, 0x0, 0x3, 0xff, 0xfd, 0x2, 0xff, 0xff,
    0x0, 0x0, 0x0, 0x0, 0x0, 0x0, 0x0, 0x0,
    0x0, 0xbf, 0xff, 0x50, 0x2f, 0xff, 0xf0, 0x0,
    0x0, 0x0, 0x0, 0x0, 0x0, 0x0, 0x0, 0x3f,
    0xff, 0xd0, 0x2, 0xff, 0xff, 0x0, 0x0, 0x0,
    0x0, 0x0, 0x0, 0x0, 0x0, 0xb, 0xff, 0xf6,
    0x0, 0x2f, 0xff, 0xff, 0xff, 0xff, 0xff, 0xff,
    0x50, 0x0, 0x0, 0x3, 0xff, 0xfd, 0x0, 0x2,
    0xff, 0xff, 0xff, 0xff, 0xff, 0xff, 0xf5, 0x0,
    0x0, 0x0, 0xbf, 0xff, 0x60, 0x0, 0x2f, 0xff,
    0xff, 0xff, 0xff, 0xff, 0xff, 0x50, 0x0, 0x0,
    0x3f, 0xff, 0xe0, 0x0, 0x2, 0xff, 0xff, 0xbb,
    0xbb, 0xbb, 0xbb, 0xb3, 0x0, 0x0, 0xb, 0xff,
    0xff, 0xff, 0xff, 0xff, 0xff, 0xf0, 0x0, 0x0,
    0x0, 0x0, 0x0, 0x0, 0x3, 0xff, 0xff, 0xff,
    0xff, 0xff, 0xff, 0xff, 0x0, 0x0, 0x0, 0x0,
    0x0, 0x0, 0x0, 0xbf, 0xff, 0xff, 0xff, 0xff,
    0xff, 0xff, 0xf0, 0x0, 0x0, 0x0, 0x0, 0x0,
    0x0, 0x3f, 0xff, 0xf9, 0x99, 0x99, 0x9a, 0xff,
    0xff, 0x0, 0x0, 0x0, 0x0, 0x0, 0x0, 0xb,
    0xff, 0xf7, 0x0, 0x0, 0x0, 0x2f, 0xff, 0xf0,
    0x0, 0x0, 0x0, 0x0, 0x0, 0x3, 0xff, 0xfe,
    0x0, 0x0, 0x0, 0x2, 0xff, 0xff, 0xbb, 0xbb,
    0xbb, 0xbb, 0xbb, 0x60, 0xbf, 0xff, 0x70, 0x0,
    0x0, 0x0, 0x2f, 0xff, 0xff, 0xff, 0xff, 0xff,
    0xff, 0xf8, 0x3f, 0xff, 0xe0, 0x0, 0x0, 0x0,
    0x2, 0xff, 0xff, 0xff, 0xff, 0xff, 0xff, 0xff,
    0x8c, 0xff, 0xf7, 0x0, 0x0, 0x0, 0x0, 0x2f,
    0xff, 0xff, 0xff, 0xff, 0xff, 0xff, 0xf8,

    /* U+00C7 "Ç" */
    0x0, 0x0, 0x0, 0x49, 0xde, 0xfe, 0xc8, 0x20,
    0x0, 0x0, 0x0, 0x3, 0xcf, 0xff, 0xff, 0xff,
    0xff, 0x90, 0x0, 0x0, 0x5, 0xff, 0xff, 0xff,
    0xff, 0xff, 0xff, 0xb0, 0x0, 0x3, 0xff, 0xff,
    0xff, 0xcc, 0xdf, 0xff, 0xff, 0x80, 0x0, 0xdf,
    0xff, 0xf7, 0x0, 0x0, 0x3c, 0xff, 0xff, 0x20,
    0x4f, 0xff, 0xf5, 0x0, 0x0, 0x0, 0xd, 0xff,
    0x81, 0xa, 0xff, 0xfb, 0x0, 0x0, 0x0, 0x0,
    0x48, 0x10, 0x0, 0xef, 0xff, 0x50, 0x0, 0x0,
    0x0, 0x0, 0x0, 0x0, 0x2f, 0xff, 0xf3, 0x0,
    0x0, 0x0, 0x0, 0x0, 0x0, 0x3, 0xff, 0xff,
    0x20, 0x0, 0x0, 0x0, 0x0, 0x0, 0x0, 0x4f,
    0xff, 0xf2, 0x0, 0x0, 0x0, 0x0, 0x0, 0x0,
    0x5, 0xff, 0xff, 0x20, 0x0, 0x0, 0x0, 0x0,
    0x0, 0x0, 0x4f, 0xff, 0xf2, 0x0, 0x0, 0x0,
    0x0, 0x0, 0x0, 0x3, 0xff, 0xff, 0x30, 0x0,
    0x0, 0x0, 0x0, 0x0, 0x0, 0xf, 0xff, 0xf5,
    0x0, 0x0, 0x0, 0x0, 0x0, 0x0, 0x0, 0xcf,
    0xff, 0xa0, 0x0, 0x0, 0x0, 0x2, 0xc3, 0x0,
    0x7, 0xff, 0xff, 0x40, 0x0, 0x0, 0x0, 0xcf,
    0xfb, 0x20, 0x1e, 0xff, 0xff, 0x60, 0x0, 0x2,
    0xcf, 0xff, 0xf3, 0x0, 0x5f, 0xff, 0xff, 0xfc,
    0xbd, 0xff, 0xff, 0xf8, 0x0, 0x0, 0x7f, 0xff,
    0xff, 0xff, 0xff, 0xff, 0xfb, 0x0, 0x0, 0x0,
    0x5e, 0xff, 0xff, 0xff, 0xff, 0xf9, 0x0, 0x0,
    0x0, 0x0, 0x6, 0xae, 0xff, 0xfd, 0x92, 0x0,
    0x0, 0x0, 0x0, 0x0, 0x0, 0x7f, 0x80, 0x0,
    0x0, 0x0, 0x0, 0x0, 0x0, 0x0, 0x9, 0xfb,
    0xba, 0x30, 0x0, 0x0, 0x0, 0x0, 0x0, 0x0,
    0x0, 0x4f, 0xff, 0x0, 0x0, 0x0, 0x0, 0x0,
    0x0, 0x97, 0x23, 0xef, 0xf2, 0x0, 0x0, 0x0,
    0x0, 0x0, 0x5f, 0xff, 0xff, 0xfc, 0x0, 0x0,
    0x0, 0x0, 0x0, 0x0, 0x6c, 0xff, 0xd8, 0x0,
    0x0, 0x0,

    /* U+00C8 "È" */
    0x0, 0x0, 0x0, 0x61, 0x0, 0x0, 0x0, 0x0,
    0x0, 0x0, 0x6d, 0xf8, 0x0, 0x0, 0x0, 0x0,
    0x0, 0x2, 0xff, 0xff, 0x10, 0x0, 0x0, 0x0,
    0x0, 0x0, 0x6f, 0xff, 0x90, 0x0, 0x0, 0x0,
    0x0, 0x0, 0xb, 0xff, 0xf1, 0x0, 0x0, 0x0,
    0x0, 0x0, 0x1, 0xef, 0xf9, 0x0, 0x0, 0x0,
    0x0, 0x0, 0x0, 0x3f, 0xf9, 0x0, 0x0, 0x0,
    0x0, 0x0, 0x0, 0x4, 0x10, 0x0, 0x0, 0x0,
    0x0, 0x0, 0x0, 0x0, 0x0, 0x0, 0x0, 0x0,
    0x6f, 0xff, 0xff, 0xff, 0xff, 0xff, 0xff, 0xf5,
    0x6f, 0xff, 0xff, 0xff, 0xff, 0xff, 0xff, 0xf5,
    0x6f, 0xff, 0xff, 0xff, 0xff, 0xff, 0xff, 0xf5,
    0x6f, 0xff, 0xfb, 0xbb, 0xbb, 0xbb, 0xbb, 0xb4,
    0x6f, 0xff, 0xd0, 0x0, 0x0, 0x0, 0x0, 0x0,
    0x6f, 0xff, 0xd0, 0x0, 0x0, 0x0, 0x0, 0x0,
    0x6f, 0xff, 0xd0, 0x0, 0x0, 0x0, 0x0, 0x0,
    0x6f, 0xff, 0xd0, 0x0, 0x0, 0x0, 0x0, 0x0,
    0x6f, 0xff, 0xd0, 0x0, 0x0, 0x0, 0x0, 0x0,
    0x6f, 0xff, 0xff, 0xff, 0xff, 0xff, 0xff, 0x20,
    0x6f, 0xff, 0xff, 0xff, 0xff, 0xff, 0xff, 0x20,
    0x6f, 0xff, 0xff, 0xff, 0xff, 0xff, 0xff, 0x20,
    0x6f, 0xff, 0xfb, 0xbb, 0xbb, 0xbb, 0xbb, 0x10,
    0x6f, 0xff, 0xd0, 0x0, 0x0, 0x0, 0x0, 0x0,
    0x6f, 0xff, 0xd0, 0x0, 0x0, 0x0, 0x0, 0x0,
    0x6f, 0xff, 0xd0, 0x0, 0x0, 0x0, 0x0, 0x0,
    0x6f, 0xff, 0xd0, 0x0, 0x0, 0x0, 0x0, 0x0,
    0x6f, 0xff, 0xd0, 0x0, 0x0, 0x0, 0x0, 0x0,
    0x6f, 0xff, 0xfb, 0xbb, 0xbb, 0xbb, 0xbb, 0xb3,
    0x6f, 0xff, 0xff, 0xff, 0xff, 0xff, 0xff, 0xf5,
    0x6f, 0xff, 0xff, 0xff, 0xff, 0xff, 0xff, 0xf5,
    0x6f, 0xff, 0xff, 0xff, 0xff, 0xff, 0xff, 0xf5,

    /* U+00C9 "É" */
    0x0, 0x0, 0x0, 0x0, 0x15, 0x0, 0x0, 0x0,
    0x0, 0x0, 0x0, 0x0, 0x9f, 0xd5, 0x0, 0x0,
    0x0, 0x0, 0x0, 0x2, 0xff, 0xff, 0x20, 0x0,
    0x0, 0x0, 0x0, 0xa, 0xff, 0xf6, 0x0, 0x0,
    0x0, 0x0, 0x0, 0x2f, 0xff, 0xa0, 0x0, 0x0,
    0x0, 0x0, 0x0, 0xaf, 0xfd, 0x0, 0x0, 0x0,
    0x0, 0x0, 0x0, 0x9f, 0xf3, 0x0, 0x0, 0x0,
    0x0, 0x0, 0x0, 0x1, 0x40, 0x0, 0x0, 0x0,
    0x0, 0x0, 0x0, 0x0, 0x0, 0x0, 0x0, 0x0,
    0x6f, 0xff, 0xff, 0xff, 0xff, 0xff, 0xff, 0xf5,
    0x6f, 0xff, 0xff, 0xff, 0xff, 0xff, 0xff, 0xf5,
    0x6f, 0xff, 0xff, 0xff, 0xff, 0xff, 0xff, 0xf5,
    0x6f, 0xff, 0xfb, 0xbb, 0xbb, 0xbb, 0xbb, 0xb4,
    0x6f, 0xff, 0xd0, 0x0, 0x0, 0x0, 0x0, 0x0,
    0x6f, 0xff, 0xd0, 0x0, 0x0, 0x0, 0x0, 0x0,
    0x6f, 0xff, 0xd0, 0x0, 0x0, 0x0, 0x0, 0x0,
    0x6f, 0xff, 0xd0, 0x0, 0x0, 0x0, 0x0, 0x0,
    0x6f, 0xff, 0xd0, 0x0, 0x0, 0x0, 0x0, 0x0,
    0x6f, 0xff, 0xff, 0xff, 0xff, 0xff, 0xff, 0x20,
    0x6f, 0xff, 0xff, 0xff, 0xff, 0xff, 0xff, 0x20,
    0x6f, 0xff, 0xff, 0xff, 0xff, 0xff, 0xff, 0x20,
    0x6f, 0xff, 0xfb, 0xbb, 0xbb, 0xbb, 0xbb, 0x10,
    0x6f, 0xff, 0xd0, 0x0, 0x0, 0x0, 0x0, 0x0,
    0x6f, 0xff, 0xd0, 0x0, 0x0, 0x0, 0x0, 0x0,
    0x6f, 0xff, 0xd0, 0x0, 0x0, 0x0, 0x0, 0x0,
    0x6f, 0xff, 0xd0, 0x0, 0x0, 0x0, 0x0, 0x0,
    0x6f, 0xff, 0xd0, 0x0, 0x0, 0x0, 0x0, 0x0,
    0x6f, 0xff, 0xfb, 0xbb, 0xbb, 0xbb, 0xbb, 0xb3,
    0x6f, 0xff, 0xff, 0xff, 0xff, 0xff, 0xff, 0xf5,
    0x6f, 0xff, 0xff, 0xff, 0xff, 0xff, 0xff, 0xf5,
    0x6f, 0xff, 0xff, 0xff, 0xff, 0xff, 0xff, 0xf5,

    /* U+00CA "Ê" */
    0x0, 0x0, 0x4, 0xff, 0xff, 0x40, 0x0, 0x0,
    0x0, 0x0, 0x2f, 0xff, 0xff, 0xe2, 0x0, 0x0,
    0x0, 0x1, 0xdf, 0xff, 0xff, 0xfd, 0x0, 0x0,
    0x0, 0xb, 0xff, 0xf4, 0x5f, 0xff, 0xb0, 0x0,
    0x0, 0x9f, 0xff, 0x40, 0x4, 0xff, 0xf8, 0x0,
    0x0, 0x3e, 0xf3, 0x0, 0x0, 0x4f, 0xe3, 0x0,
    0x0, 0x1, 0x30, 0x0, 0x0, 0x3, 0x10, 0x0,
    0x0, 0x0, 0x0, 0x0, 0x0, 0x0, 0x0, 0x0,
    0x6f, 0xff, 0xff, 0xff, 0xff, 0xff, 0xff, 0xf5,
    0x6f, 0xff, 0xff, 0xff, 0xff, 0xff, 0xff, 0xf5,
    0x6f, 0xff, 0xff, 0xff, 0xff, 0xff, 0xff, 0xf5,
    0x6f, 0xff, 0xfb, 0xbb, 0xbb, 0xbb, 0xbb, 0xb4,
    0x6f, 0xff, 0xd0, 0x0, 0x0, 0x0, 0x0, 0x0,
    0x6f, 0xff, 0xd0, 0x0, 0x0, 0x0, 0x0, 0x0,
    0x6f, 0xff, 0xd0, 0x0, 0x0, 0x0, 0x0, 0x0,
    0x6f, 0xff, 0xd0, 0x0, 0x0, 0x0, 0x0, 0x0,
    0x6f, 0xff, 0xd0, 0x0, 0x0, 0x0, 0x0, 0x0,
    0x6f, 0xff, 0xff, 0xff, 0xff, 0xff, 0xff, 0x20,
    0x6f, 0xff, 0xff, 0xff, 0xff, 0xff, 0xff, 0x20,
    0x6f, 0xff, 0xff, 0xff, 0xff, 0xff, 0xff, 0x20,
    0x6f, 0xff, 0xfb, 0xbb, 0xbb, 0xbb, 0xbb, 0x10,
    0x6f, 0xff, 0xd0, 0x0, 0x0, 0x0, 0x0, 0x0,
    0x6f, 0xff, 0xd0, 0x0, 0x0, 0x0, 0x0, 0x0,
    0x6f, 0xff, 0xd0, 0x0, 0x0, 0x0, 0x0, 0x0,
    0x6f, 0xff, 0xd0, 0x0, 0x0, 0x0, 0x0, 0x0,
    0x6f, 0xff, 0xd0, 0x0, 0x0, 0x0, 0x0, 0x0,
    0x6f, 0xff, 0xfb, 0xbb, 0xbb, 0xbb, 0xbb, 0xb3,
    0x6f, 0xff, 0xff, 0xff, 0xff, 0xff, 0xff, 0xf5,
    0x6f, 0xff, 0xff, 0xff, 0xff, 0xff, 0xff, 0xf5,
    0x6f, 0xff, 0xff, 0xff, 0xff, 0xff, 0xff, 0xf5,

    /* U+00CB "Ë" */
    0x0, 0x2c, 0xfd, 0x40, 0x4, 0xdf, 0xc1, 0x0,
    0x0, 0x9f, 0xff, 0xd0, 0xd, 0xff, 0xf8, 0x0,
    0x0, 0x9f, 0xff, 0xd0, 0xe, 0xff, 0xf9, 0x0,
    0x0, 0x5f, 0xff, 0x90, 0xa, 0xff, 0xf5, 0x0,
    0x0, 0x3, 0x54, 0x0, 0x0, 0x45, 0x20, 0x0,
    0x0, 0x0, 0x0, 0x0, 0x0, 0x0, 0x0, 0x0,
    0x0, 0x0, 0x0, 0x0, 0x0, 0x0, 0x0, 0x0,
    0x6f, 0xff, 0xff, 0xff, 0xff, 0xff, 0xff, 0xf5,
    0x6f, 0xff, 0xff, 0xff, 0xff, 0xff, 0xff, 0xf5,
    0x6f, 0xff, 0xff, 0xff, 0xff, 0xff, 0xff, 0xf5,
    0x6f, 0xff, 0xfb, 0xbb, 0xbb, 0xbb, 0xbb, 0xb4,
    0x6f, 0xff, 0xd0, 0x0, 0x0, 0x0, 0x0, 0x0,
    0x6f, 0xff, 0xd0, 0x0, 0x0, 0x0, 0x0, 0x0,
    0x6f, 0xff, 0xd0, 0x0, 0x0, 0x0, 0x0, 0x0,
    0x6f, 0xff, 0xd0, 0x0, 0x0, 0x0, 0x0, 0x0,
    0x6f, 0xff, 0xd0, 0x0, 0x0, 0x0, 0x0, 0x0,
    0x6f, 0xff, 0xff, 0xff, 0xff, 0xff, 0xff, 0x20,
    0x6f, 0xff, 0xff, 0xff, 0xff, 0xff, 0xff, 0x20,
    0x6f, 0xff, 0xff, 0xff, 0xff, 0xff, 0xff, 0x20,
    0x6f, 0xff, 0xfb, 0xbb, 0xbb, 0xbb, 0xbb, 0x10,
    0x6f, 0xff, 0xd0, 0x0, 0x0, 0x0, 0x0, 0x0,
    0x6f, 0xff, 0xd0, 0x0, 0x0, 0x0, 0x0, 0x0,
    0x6f, 0xff, 0xd0, 0x0, 0x0, 0x0, 0x0, 0x0,
    0x6f, 0xff, 0xd0, 0x0, 0x0, 0x0, 0x0, 0x0,
    0x6f, 0xff, 0xd0, 0x0, 0x0, 0x0, 0x0, 0x0,
    0x6f, 0xff, 0xfb, 0xbb, 0xbb, 0xbb, 0xbb, 0xb3,
    0x6f, 0xff, 0xff, 0xff, 0xff, 0xff, 0xff, 0xf5,
    0x6f, 0xff, 0xff, 0xff, 0xff, 0xff, 0xff, 0xf5,
    0x6f, 0xff, 0xff, 0xff, 0xff, 0xff, 0xff, 0xf5,

    /* U+00CC "Ì" */
    0x0, 0x0, 0x60, 0x0, 0x0, 0x0, 0x7, 0xef,
    0x50, 0x0, 0x0, 0x5, 0xff, 0xfd, 0x0, 0x0,
    0x0, 0x9, 0xff, 0xf6, 0x0, 0x0, 0x0, 0xd,
    0xff, 0xd0, 0x0, 0x0, 0x0, 0x2f, 0xff, 0x60,
    0x0, 0x0, 0x0, 0x6f, 0xe6, 0x0, 0x0, 0x0,
    0x0, 0x50, 0x0, 0x0, 0x0, 0x0, 0x0, 0x0,
    0x0, 0x4, 0xff, 0xff, 0xff, 0xff, 0xfd, 0x4f,
    0xff, 0xff, 0xff, 0xff, 0xd4, 0xff, 0xff, 0xff,
    0xff, 0xfd, 0x16, 0x69, 0xff, 0xfe, 0x66, 0x50,
    0x0, 0x5f, 0xff, 0xd0, 0x0, 0x0, 0x5, 0xff,
    0xfd, 0x0, 0x0, 0x0, 0x5f, 0xff, 0xd0, 0x0,
    0x0, 0x5, 0xff, 0xfd, 0x0, 0x0, 0x0, 0x5f,
    0xff, 0xd0, 0x0, 0x0, 0x5, 0xff, 0xfd, 0x0,
    0x0, 0x0, 0x5f, 0xff, 0xd0, 0x0, 0x0, 0x5,
    0xff, 0xfd, 0x0, 0x0, 0x0, 0x5f, 0xff, 0xd0,
    0x0, 0x0, 0x5, 0xff, 0xfd, 0x0, 0x0, 0x0,
    0x5f, 0xff, 0xd0, 0x0, 0x0, 0x5, 0xff, 0xfd,
    0x0, 0x0, 0x0, 0x5f, 0xff, 0xd0, 0x0, 0x0,
    0x5, 0xff, 0xfd, 0x0, 0x1, 0x66, 0x9f, 0xff,
    0xe6, 0x65, 0x4f, 0xff, 0xff, 0xff, 0xff, 0xd4,
    0xff, 0xff, 0xff, 0xff, 0xfd, 0x4f, 0xff, 0xff,
    0xff, 0xff, 0xd0,

    /* U+00CD "Í" */
    0x0, 0x0, 0x0, 0x34, 0x0, 0x0, 0x0, 0x0,
    0xc, 0xfc, 0x40, 0x0, 0x0, 0x4, 0xff, 0xfd,
    0x0, 0x0, 0x0, 0xdf, 0xff, 0x30, 0x0, 0x0,
    0x5f, 0xff, 0x70, 0x0, 0x0, 0xd, 0xff, 0xb0,
    0x0, 0x0, 0x1, 0xbf, 0xe1, 0x0, 0x0, 0x0,
    0x0, 0x33, 0x0, 0x0, 0x0, 0x0, 0x0, 0x0,
    0x0, 0x4, 0xff, 0xff, 0xff, 0xff, 0xfd, 0x4f,
    0xff, 0xff, 0xff, 0xff, 0xd4, 0xff, 0xff, 0xff,
    0xff, 0xfd, 0x16, 0x69, 0xff, 0xfe, 0x66, 0x50,
    0x0, 0x5f, 0xff, 0xd0, 0x0, 0x0, 0x5, 0xff,
    0xfd, 0x0, 0x0, 0x0, 0x5f, 0xff, 0xd0, 0x0,
    0x0, 0x5, 0xff, 0xfd, 0x0, 0x0, 0x0, 0x5f,
    0xff, 0xd0, 0x0, 0x0, 0x5, 0xff, 0xfd, 0x0,
    0x0, 0x0, 0x5f, 0xff, 0xd0, 0x0, 0x0, 0x5,
    0xff, 0xfd, 0x0, 0x0, 0x0, 0x5f, 0xff, 0xd0,
    0x0, 0x0, 0x5, 0xff, 0xfd, 0x0, 0x0, 0x0,
    0x5f, 0xff, 0xd0, 0x0, 0x0, 0x5, 0xff, 0xfd,
    0x0, 0x0, 0x0, 0x5f, 0xff, 0xd0, 0x0, 0x0,
    0x5, 0xff, 0xfd, 0x0, 0x1, 0x66, 0x9f, 0xff,
    0xe6, 0x65, 0x4f, 0xff, 0xff, 0xff, 0xff, 0xd4,
    0xff, 0xff, 0xff, 0xff, 0xfd, 0x4f, 0xff, 0xff,
    0xff, 0xff, 0xd0,

    /* U+00CE "Î" */
    0x0, 0x0, 0x7f, 0xff, 0xe2, 0x0, 0x0, 0x0,
    0x5f, 0xff, 0xff, 0xd0, 0x0, 0x0, 0x2f, 0xff,
    0xff, 0xff, 0xb0, 0x0, 0x1e, 0xff, 0xe2, 0x8f,
    0xff, 0x80, 0xc, 0xff, 0xe2, 0x0, 0x7f, 0xff,
    0x50, 0x6f, 0xd2, 0x0, 0x0, 0x7f, 0xc1, 0x0,
    0x31, 0x0, 0x0, 0x0, 0x40, 0x0, 0x0, 0x0,
    0x0, 0x0, 0x0, 0x0, 0x4, 0xff, 0xff, 0xff,
    0xff, 0xfd, 0x0, 0x4f, 0xff, 0xff, 0xff, 0xff,
    0xd0, 0x4, 0xff, 0xff, 0xff, 0xff, 0xfd, 0x0,
    0x16, 0x69, 0xff, 0xfe, 0x66, 0x50, 0x0, 0x0,
    0x5f, 0xff, 0xd0, 0x0, 0x0, 0x0, 0x5, 0xff,
    0xfd, 0x0, 0x0, 0x0, 0x0, 0x5f, 0xff, 0xd0,
    0x0, 0x0, 0x0, 0x5, 0xff, 0xfd, 0x0, 0x0,
    0x0, 0x0, 0x5f, 0xff, 0xd0, 0x0, 0x0, 0x0,
    0x5, 0xff, 0xfd, 0x0, 0x0, 0x0, 0x0, 0x5f,
    0xff, 0xd0, 0x0, 0x0, 0x0, 0x5, 0xff, 0xfd,
    0x0, 0x0, 0x0, 0x0, 0x5f, 0xff, 0xd0, 0x0,
    0x0, 0x0, 0x5, 0xff, 0xfd, 0x0, 0x0, 0x0,
    0x0, 0x5f, 0xff, 0xd0, 0x0, 0x0, 0x0, 0x5,
    0xff, 0xfd, 0x0, 0x0, 0x0, 0x0, 0x5f, 0xff,
    0xd0, 0x0, 0x0, 0x0, 0x5, 0xff, 0xfd, 0x0,
    0x0, 0x1, 0x66, 0x9f, 0xff, 0xe6, 0x65, 0x0,
    0x4f, 0xff, 0xff, 0xff, 0xff, 0xd0, 0x4, 0xff,
    0xff, 0xff, 0xff, 0xfd, 0x0, 0x4f, 0xff, 0xff,
    0xff, 0xff, 0xd0,

    /* U+00CF "Ï" */
    0x4d, 0xfc, 0x20, 0x7, 0xef, 0xa0, 0xcf, 0xff,
    0xa0, 0xf, 0xff, 0xf5, 0xdf, 0xff, 0xa0, 0x1f,
    0xff, 0xf6, 0x8f, 0xff, 0x60, 0xd, 0xff, 0xf2,
    0x4, 0x53, 0x0, 0x0, 0x55, 0x10, 0x0, 0x0,
    0x0, 0x0, 0x0, 0x0, 0x0, 0x0, 0x0, 0x0,
    0x0, 0x0, 0x4f, 0xff, 0xff, 0xff, 0xff, 0xd0,
    0x4f, 0xff, 0xff, 0xff, 0xff, 0xd0, 0x4f, 0xff,
    0xff, 0xff, 0xff, 0xd0, 0x16, 0x69, 0xff, 0xfe,
    0x66, 0x50, 0x0, 0x5, 0xff, 0xfd, 0x0, 0x0,
    0x0, 0x5, 0xff, 0xfd, 0x0, 0x0, 0x0, 0x5,
    0xff, 0xfd, 0x0, 0x0, 0x0, 0x5, 0xff, 0xfd,
    0x0, 0x0, 0x0, 0x5, 0xff, 0xfd, 0x0, 0x0,
    0x0, 0x5, 0xff, 0xfd, 0x0, 0x0, 0x0, 0x5,
    0xff, 0xfd, 0x0, 0x0, 0x0, 0x5, 0xff, 0xfd,
    0x0, 0x0, 0x0, 0x5, 0xff, 0xfd, 0x0, 0x0,
    0x0, 0x5, 0xff, 0xfd, 0x0, 0x0, 0x0, 0x5,
    0xff, 0xfd, 0x0, 0x0, 0x0, 0x5, 0xff, 0xfd,
    0x0, 0x0, 0x0, 0x5, 0xff, 0xfd, 0x0, 0x0,
    0x0, 0x5, 0xff, 0xfd, 0x0, 0x0, 0x16, 0x69,
    0xff, 0xfe, 0x66, 0x50, 0x4f, 0xff, 0xff, 0xff,
    0xff, 0xd0, 0x4f, 0xff, 0xff, 0xff, 0xff, 0xd0,
    0x4f, 0xff, 0xff, 0xff, 0xff, 0xd0,

    /* U+00D0 "Ð" */
    0x0, 0x4f, 0xff, 0xff, 0xff, 0xff, 0xda, 0x60,
    0x0, 0x0, 0x0, 0x4, 0xff, 0xff, 0xff, 0xff,
    0xff, 0xff, 0xe6, 0x0, 0x0, 0x0, 0x4f, 0xff,
    0xff, 0xff, 0xff, 0xff, 0xff, 0xf9, 0x0, 0x0,
    0x4, 0xff, 0xff, 0xbb, 0xbb, 0xce, 0xff, 0xff,
    0xf6, 0x0, 0x0, 0x4f, 0xff, 0xf0, 0x0, 0x0,
    0x5, 0xef, 0xff, 0xf1, 0x0, 0x4, 0xff, 0xff,
    0x0, 0x0, 0x0, 0x1, 0xef, 0xff, 0x80, 0x0,
    0x4f, 0xff, 0xf0, 0x0, 0x0, 0x0, 0x7, 0xff,
    0xfe, 0x0, 0x4, 0xff, 0xff, 0x0, 0x0, 0x0,
    0x0, 0x2f, 0xff, 0xf2, 0x0, 0x4f, 0xff, 0xf0,
    0x0, 0x0, 0x0, 0x0, 0xff, 0xff, 0x5b, 0xff,
    0xff, 0xff, 0xff, 0xff, 0x0, 0x0, 0xf, 0xff,
    0xf6, 0xbf, 0xff, 0xff, 0xff, 0xff, 0xf0, 0x0,
    0x0, 0xff, 0xff, 0x7b, 0xff, 0xff, 0xff, 0xff,
    0xff, 0x0, 0x0, 0xf, 0xff, 0xf7, 0x12, 0x5f,
    0xff, 0xf2, 0x22, 0x20, 0x0, 0x0, 0xff, 0xff,
    0x60, 0x4, 0xff, 0xff, 0x0, 0x0, 0x0, 0x0,
    0xf, 0xff, 0xf5, 0x0, 0x4f, 0xff, 0xf0, 0x0,
    0x0, 0x0, 0x2, 0xff, 0xff, 0x20, 0x4, 0xff,
    0xff, 0x0, 0x0, 0x0, 0x0, 0x7f, 0xff, 0xe0,
    0x0, 0x4f, 0xff, 0xf0, 0x0, 0x0, 0x0, 0x1e,
    0xff, 0xf8, 0x0, 0x4, 0xff, 0xff, 0x0, 0x0,
    0x0, 0x4e, 0xff, 0xff, 0x10, 0x0, 0x4f, 0xff,
    0xfb, 0xbb, 0xbc, 0xef, 0xff, 0xff, 0x60, 0x0,
    0x4, 0xff, 0xff, 0xff, 0xff, 0xff, 0xff, 0xff,
    0x90, 0x0, 0x0, 0x4f, 0xff, 0xff, 0xff, 0xff,
    0xff, 0xfe, 0x60, 0x0, 0x0, 0x4, 0xff, 0xff,
    0xff, 0xff, 0xfd, 0xb6, 0x0, 0x0, 0x0,

    /* U+00D1 "Ñ" */
    0x0, 0x0, 0x9, 0xef, 0x91, 0x0, 0x0, 0x0,
    0x0, 0x0, 0x0, 0xc, 0xff, 0xff, 0xf8, 0x12,
    0xb6, 0x0, 0x0, 0x0, 0x3, 0xff, 0xff, 0xff,
    0xff, 0xff, 0xf2, 0x0, 0x0, 0x0, 0x6, 0xb1,
    0x18, 0xff, 0xff, 0xfc, 0x0, 0x0, 0x0, 0x0,
    0x0, 0x0, 0x1, 0xaf, 0xe9, 0x0, 0x0, 0x0,
    0x0, 0x0, 0x0, 0x0, 0x0, 0x0, 0x0, 0x0,
    0x0, 0x0, 0x0, 0x0, 0x0, 0x0, 0x0, 0x0,
    0x0, 0x0, 0x6, 0xff, 0xff, 0x80, 0x0, 0x0,
    0x0, 0x9, 0xff, 0xf6, 0x6f, 0xff, 0xff, 0x20,
    0x0, 0x0, 0x0, 0x9f, 0xff, 0x66, 0xff, 0xff,
    0xfc, 0x0, 0x0, 0x0, 0x9, 0xff, 0xf6, 0x6f,
    0xff, 0xff, 0xf5, 0x0, 0x0, 0x0, 0x9f, 0xff,
    0x66, 0xff, 0xff, 0xff, 0xe0, 0x0, 0x0, 0x9,
    0xff, 0xf6, 0x6f, 0xff, 0xff, 0xff, 0x80, 0x0,
    0x0, 0x9f, 0xff, 0x66, 0xff, 0xfc, 0xff, 0xff,
    0x20, 0x0, 0x9, 0xff, 0xf6, 0x6f, 0xff, 0xa9,
    0xff, 0xfb, 0x0, 0x0, 0x9f, 0xff, 0x66, 0xff,
    0xfa, 0x1f, 0xff, 0xf5, 0x0, 0x9, 0xff, 0xf6,
    0x6f, 0xff, 0xa0, 0x9f, 0xff, 0xe0, 0x0, 0x9f,
    0xff, 0x66, 0xff, 0xfa, 0x1, 0xff, 0xff, 0x80,
    0x9, 0xff, 0xf6, 0x6f, 0xff, 0xa0, 0x7, 0xff,
    0xff, 0x10, 0x9f, 0xff, 0x66, 0xff, 0xfa, 0x0,
    0xd, 0xff, 0xf9, 0x9, 0xff, 0xf6, 0x6f, 0xff,
    0xa0, 0x0, 0x4f, 0xff, 0xf1, 0x9f, 0xff, 0x66,
    0xff, 0xfa, 0x0, 0x0, 0xbf, 0xff, 0x99, 0xff,
    0xf6, 0x6f, 0xff, 0xa0, 0x0, 0x2, 0xff, 0xff,
    0xbf, 0xff, 0x66, 0xff, 0xfa, 0x0, 0x0, 0x8,
    0xff, 0xff, 0xff, 0xf6, 0x6f, 0xff, 0xa0, 0x0,
    0x0, 0xe, 0xff, 0xff, 0xff, 0x66, 0xff, 0xfa,
    0x0, 0x0, 0x0, 0x5f, 0xff, 0xff, 0xf6, 0x6f,
    0xff, 0xa0, 0x0, 0x0, 0x0, 0xbf, 0xff, 0xff,
    0x66, 0xff, 0xfa, 0x0, 0x0, 0x0, 0x2, 0xff,
    0xff, 0xf6, 0x6f, 0xff, 0xa0, 0x0, 0x0, 0x0,
    0x8, 0xff, 0xff, 0x60,

    /* U+00D2 "Ò" */
    0x0, 0x0, 0x0, 0x0, 0x1, 0x0, 0x0, 0x0,
    0x0, 0x0, 0x0, 0x0, 0x0, 0x0, 0x4c, 0xc0,
    0x0, 0x0, 0x0, 0x0, 0x0, 0x0, 0x0, 0x0,
    0xbf, 0xff, 0x40, 0x0, 0x0, 0x0, 0x0, 0x0,
    0x0, 0x0, 0x4, 0xff, 0xfc, 0x0, 0x0, 0x0,
    0x0, 0x0, 0x0, 0x0, 0x0, 0x9, 0xff, 0xf5,
    0x0, 0x0, 0x0, 0x0, 0x0, 0x0, 0x0, 0x0,
    0xc, 0xff, 0xd0, 0x0, 0x0, 0x0, 0x0, 0x0,
    0x0, 0x0, 0x0, 0x2f, 0xff, 0x30, 0x0, 0x0,
    0x0, 0x0, 0x0, 0x0, 0x0, 0x0, 0x5a, 0x20,
    0x0, 0x0, 0x0, 0x0, 0x0, 0x0, 0x0, 0x0,
    0x0, 0x0, 0x0, 0x0, 0x0, 0x0, 0x0, 0x0,
    0x0, 0x4, 0x9d, 0xef, 0xec, 0x83, 0x0, 0x0,
    0x0, 0x0, 0x0, 0x3d, 0xff, 0xff, 0xff, 0xff,
    0xfb, 0x10, 0x0, 0x0, 0x0, 0x5f, 0xff, 0xff,
    0xff, 0xff, 0xff, 0xfe, 0x30, 0x0, 0x0, 0x3f,
    0xff, 0xff, 0xfc, 0xbd, 0xff, 0xff, 0xfe, 0x10,
    0x0, 0xd, 0xff, 0xff, 0x70, 0x0, 0x1, 0xaf,
    0xff, 0xfa, 0x0, 0x4, 0xff, 0xff, 0x50, 0x0,
    0x0, 0x0, 0x9f, 0xff, 0xf1, 0x0, 0xbf, 0xff,
    0xb0, 0x0, 0x0, 0x0, 0x0, 0xef, 0xff, 0x70,
    0xe, 0xff, 0xf6, 0x0, 0x0, 0x0, 0x0, 0x9,
    0xff, 0xfb, 0x2, 0xff, 0xff, 0x30, 0x0, 0x0,
    0x0, 0x0, 0x6f, 0xff, 0xe0, 0x3f, 0xff, 0xf2,
    0x0, 0x0, 0x0, 0x0, 0x5, 0xff, 0xff, 0x4,
    0xff, 0xff, 0x20, 0x0, 0x0, 0x0, 0x0, 0x5f,
    0xff, 0xf1, 0x5f, 0xff, 0xf2, 0x0, 0x0, 0x0,
    0x0, 0x5, 0xff, 0xff, 0x13, 0xff, 0xff, 0x20,
    0x0, 0x0, 0x0, 0x0, 0x5f, 0xff, 0xf0, 0x2f,
    0xff, 0xf3, 0x0, 0x0, 0x0, 0x0, 0x6, 0xff,
    0xfe, 0x0, 0xef, 0xff, 0x60, 0x0, 0x0, 0x0,
    0x0, 0x9f, 0xff, 0xb0, 0xb, 0xff, 0xfb, 0x0,
    0x0, 0x0, 0x0, 0xe, 0xff, 0xf7, 0x0, 0x4f,
    0xff, 0xf5, 0x0, 0x0, 0x0, 0x9, 0xff, 0xff,
    0x10, 0x0, 0xdf, 0xff, 0xf7, 0x0, 0x0, 0x1a,
    0xff, 0xff, 0xa0, 0x0, 0x3, 0xff, 0xff, 0xff,
    0xcb, 0xdf, 0xff, 0xff, 0xe1, 0x0, 0x0, 0x5,
    0xff, 0xff, 0xff, 0xff, 0xff, 0xff, 0xe3, 0x0,
    0x0, 0x0, 0x3, 0xdf, 0xff, 0xff, 0xff, 0xff,
    0xb2, 0x0, 0x0, 0x0, 0x0, 0x0, 0x59, 0xde,
    0xfe, 0xc8, 0x30, 0x0, 0x0, 0x0,

    /* U+00D3 "Ó" */
    0x0, 0x0, 0x0, 0x0, 0x0, 0x1, 0x0, 0x0,
    0x0, 0x0, 0x0, 0x0, 0x0, 0x0, 0x0, 0x0,
    0xeb, 0x30, 0x0, 0x0, 0x0, 0x0, 0x0, 0x0,
    0x0, 0x0, 0x8f, 0xff, 0x80, 0x0, 0x0, 0x0,
    0x0, 0x0, 0x0, 0x0, 0x1f, 0xff, 0xf2, 0x0,
    0x0, 0x0, 0x0, 0x0, 0x0, 0x0, 0x8, 0xff,
    0xf5, 0x0, 0x0, 0x0, 0x0, 0x0, 0x0, 0x0,
    0x1, 0xff, 0xf9, 0x0, 0x0, 0x0, 0x0, 0x0,
    0x0, 0x0, 0x0, 0x7f, 0xfd, 0x0, 0x0, 0x0,
    0x0, 0x0, 0x0, 0x0, 0x0, 0x0, 0x4b, 0x20,
    0x0, 0x0, 0x0, 0x0, 0x0, 0x0, 0x0, 0x0,
    0x0, 0x0, 0x0, 0x0, 0x0, 0x0, 0x0, 0x0,
    0x0, 0x4, 0x9d, 0xef, 0xec, 0x83, 0x0, 0x0,
    0x0, 0x0, 0x0, 0x3d, 0xff, 0xff, 0xff, 0xff,
    0xfb, 0x10, 0x0, 0x0, 0x0, 0x5f, 0xff, 0xff,
    0xff, 0xff, 0xff, 0xfe, 0x30, 0x0, 0x0, 0x3f,
    0xff, 0xff, 0xfc, 0xbd, 0xff, 0xff, 0xfe, 0x10,
    0x0, 0xd, 0xff, 0xff, 0x70, 0x0, 0x1, 0xaf,
    0xff, 0xfa, 0x0, 0x4, 0xff, 0xff, 0x50, 0x0,
    0x0, 0x0, 0x9f, 0xff, 0xf1, 0x0, 0xbf, 0xff,
    0xb0, 0x0, 0x0, 0x0, 0x0, 0xef, 0xff, 0x70,
    0xe, 0xff, 0xf6, 0x0, 0x0, 0x0, 0x0, 0x9,
    0xff, 0xfb, 0x2, 0xff, 0xff, 0x30, 0x0, 0x0,
    0x0, 0x0, 0x6f, 0xff, 0xe0, 0x3f, 0xff, 0xf2,
    0x0, 0x0, 0x0, 0x0, 0x5, 0xff, 0xff, 0x4,
    0xff, 0xff, 0x20, 0x0, 0x0, 0x0, 0x0, 0x5f,
    0xff, 0xf1, 0x5f, 0xff, 0xf2, 0x0, 0x0, 0x0,
    0x0, 0x5, 0xff, 0xff, 0x13, 0xff, 0xff, 0x20,
    0x0, 0x0, 0x0, 0x0, 0x5f, 0xff, 0xf0, 0x2f,
    0xff, 0xf3, 0x0, 0x0, 0x0, 0x0, 0x6, 0xff,
    0xfe, 0x0, 0xef, 0xff, 0x60, 0x0, 0x0, 0x0,
    0x0, 0x9f, 0xff, 0xb0, 0xb, 0xff, 0xfb, 0x0,
    0x0, 0x0, 0x0, 0xe, 0xff, 0xf7, 0x0, 0x4f,
    0xff, 0xf5, 0x0, 0x0, 0x0, 0x9, 0xff, 0xff,
    0x10, 0x0, 0xdf, 0xff, 0xf7, 0x0, 0x0, 0x1a,
    0xff, 0xff, 0xa0, 0x0, 0x3, 0xff, 0xff, 0xff,
    0xcb, 0xdf, 0xff, 0xff, 0xe1, 0x0, 0x0, 0x5,
    0xff, 0xff, 0xff, 0xff, 0xff, 0xff, 0xe3, 0x0,
    0x0, 0x0, 0x3, 0xdf, 0xff, 0xff, 0xff, 0xff,
    0xb2, 0x0, 0x0, 0x0, 0x0, 0x0, 0x59, 0xde,
    0xfe, 0xc8, 0x30, 0x0, 0x0, 0x0,

    /* U+00D4 "Ô" */
    0x0, 0x0, 0x0, 0x0, 0x58, 0x88, 0x30, 0x0,
    0x0, 0x0, 0x0, 0x0, 0x0, 0x0, 0x3f, 0xff,
    0xfe, 0x10, 0x0, 0x0, 0x0, 0x0, 0x0, 0x0,
    0x1e, 0xff, 0xff, 0xfb, 0x0, 0x0, 0x0, 0x0,
    0x0, 0x0, 0xa, 0xff, 0xfe, 0xff, 0xf7, 0x0,
    0x0, 0x0, 0x0, 0x0, 0x6, 0xff, 0xf9, 0xc,
    0xff, 0xf3, 0x0, 0x0, 0x0, 0x0, 0x3, 0xff,
    0xfa, 0x0, 0x1d, 0xff, 0xe1, 0x0, 0x0, 0x0,
    0x0, 0x1c, 0xfb, 0x0, 0x0, 0x1d, 0xfa, 0x0,
    0x0, 0x0, 0x0, 0x0, 0x8, 0x0, 0x0, 0x0,
    0x17, 0x0, 0x0, 0x0, 0x0, 0x0, 0x0, 0x0,
    0x0, 0x0, 0x0, 0x0, 0x0, 0x0, 0x0, 0x0,
    0x0, 0x4, 0x9d, 0xef, 0xec, 0x83, 0x0, 0x0,
    0x0, 0x0, 0x0, 0x3d, 0xff, 0xff, 0xff, 0xff,
    0xfb, 0x10, 0x0, 0x0, 0x0, 0x5f, 0xff, 0xff,
    0xff, 0xff, 0xff, 0xfe, 0x30, 0x0, 0x0, 0x3f,
    0xff, 0xff, 0xfc, 0xbd, 0xff, 0xff, 0xfe, 0x10,
    0x0, 0xd, 0xff, 0xff, 0x70, 0x0, 0x1, 0xaf,
    0xff, 0xfa, 0x0, 0x4, 0xff, 0xff, 0x50, 0x0,
    0x0, 0x0, 0x9f, 0xff, 0xf1, 0x0, 0xbf, 0xff,
    0xb0, 0x0, 0x0, 0x0, 0x0, 0xef, 0xff, 0x70,
    0xe, 0xff, 0xf6, 0x0, 0x0, 0x0, 0x0, 0x9,
    0xff, 0xfb, 0x2, 0xff, 0xff, 0x30, 0x0, 0x0,
    0x0, 0x0, 0x6f, 0xff, 0xe0, 0x3f, 0xff, 0xf2,
    0x0, 0x0, 0x0, 0x0, 0x5, 0xff, 0xff, 0x4,
    0xff, 0xff, 0x20, 0x0, 0x0, 0x0, 0x0, 0x5f,
    0xff, 0xf1, 0x5f, 0xff, 0xf2, 0x0, 0x0, 0x0,
    0x0, 0x5, 0xff, 0xff, 0x13, 0xff, 0xff, 0x20,
    0x0, 0x0, 0x0, 0x0, 0x5f, 0xff, 0xf0, 0x2f,
    0xff, 0xf3, 0x0, 0x0, 0x0, 0x0, 0x6, 0xff,
    0xfe, 0x0, 0xef, 0xff, 0x60, 0x0, 0x0, 0x0,
    0x0, 0x9f, 0xff, 0xb0, 0xb, 0xff, 0xfb, 0x0,
    0x0, 0x0, 0x0, 0xe, 0xff, 0xf7, 0x0, 0x4f,
    0xff, 0xf5, 0x0, 0x0, 0x0, 0x9, 0xff, 0xff,
    0x10, 0x0, 0xdf, 0xff, 0xf7, 0x0, 0x0, 0x1a,
    0xff, 0xff, 0xa0, 0x0, 0x3, 0xff, 0xff, 0xff,
    0xcb, 0xdf, 0xff, 0xff, 0xe1, 0x0, 0x0, 0x5,
    0xff, 0xff, 0xff, 0xff, 0xff, 0xff, 0xe3, 0x0,
    0x0, 0x0, 0x3, 0xdf, 0xff, 0xff, 0xff, 0xff,
    0xb2, 0x0, 0x0, 0x0, 0x0, 0x0, 0x59, 0xde,
    0xfe, 0xc8, 0x30, 0x0, 0x0, 0x0,

    /* U+00D5 "Õ" */
    0x0, 0x0, 0x0, 0x0, 0x0, 0x0, 0x0, 0x0,
    0x0, 0x0, 0x0, 0x0, 0x0, 0x4c, 0xff, 0xc8,
    0x30, 0x16, 0x0, 0x0, 0x0, 0x0, 0x0, 0x4f,
    0xff, 0xff, 0xff, 0xff, 0xfa, 0x0, 0x0, 0x0,
    0x0, 0x0, 0xcf, 0xff, 0xff, 0xff, 0xff, 0xe1,
    0x0, 0x0, 0x0, 0x0, 0x1, 0x50, 0x14, 0x9d,
    0xff, 0xb2, 0x0, 0x0, 0x0, 0x0, 0x0, 0x0,
    0x0, 0x0, 0x0, 0x0, 0x0, 0x0, 0x0, 0x0,
    0x0, 0x0, 0x0, 0x0, 0x0, 0x0, 0x0, 0x0,
    0x0, 0x0, 0x0, 0x0, 0x0, 0x0, 0x0, 0x0,
    0x0, 0x0, 0x0, 0x0, 0x0, 0x0, 0x0, 0x49,
    0xde, 0xfe, 0xc8, 0x30, 0x0, 0x0, 0x0, 0x0,
    0x3, 0xdf, 0xff, 0xff, 0xff, 0xff, 0xb1, 0x0,
    0x0, 0x0, 0x5, 0xff, 0xff, 0xff, 0xff, 0xff,
    0xff, 0xe3, 0x0, 0x0, 0x3, 0xff, 0xff, 0xff,
    0xcb, 0xdf, 0xff, 0xff, 0xe1, 0x0, 0x0, 0xdf,
    0xff, 0xf7, 0x0, 0x0, 0x1a, 0xff, 0xff, 0xa0,
    0x0, 0x4f, 0xff, 0xf5, 0x0, 0x0, 0x0, 0x9,
    0xff, 0xff, 0x10, 0xb, 0xff, 0xfb, 0x0, 0x0,
    0x0, 0x0, 0xe, 0xff, 0xf7, 0x0, 0xef, 0xff,
    0x60, 0x0, 0x0, 0x0, 0x0, 0x9f, 0xff, 0xb0,
    0x2f, 0xff, 0xf3, 0x0, 0x0, 0x0, 0x0, 0x6,
    0xff, 0xfe, 0x3, 0xff, 0xff, 0x20, 0x0, 0x0,
    0x0, 0x0, 0x5f, 0xff, 0xf0, 0x4f, 0xff, 0xf2,
    0x0, 0x0, 0x0, 0x0, 0x5, 0xff, 0xff, 0x15,
    0xff, 0xff, 0x20, 0x0, 0x0, 0x0, 0x0, 0x5f,
    0xff, 0xf1, 0x3f, 0xff, 0xf2, 0x0, 0x0, 0x0,
    0x0, 0x5, 0xff, 0xff, 0x2, 0xff, 0xff, 0x30,
    0x0, 0x0, 0x0, 0x0, 0x6f, 0xff, 0xe0, 0xe,
    0xff, 0xf6, 0x0, 0x0, 0x0, 0x0, 0x9, 0xff,
    0xfb, 0x0, 0xbf, 0xff, 0xb0, 0x0, 0x0, 0x0,
    0x0, 0xef, 0xff, 0x70, 0x4, 0xff, 0xff, 0x50,
    0x0, 0x0, 0x0, 0x9f, 0xff, 0xf1, 0x0, 0xd,
    0xff, 0xff, 0x70, 0x0, 0x1, 0xaf, 0xff, 0xfa,
    0x0, 0x0, 0x3f, 0xff, 0xff, 0xfc, 0xbd, 0xff,
    0xff, 0xfe, 0x10, 0x0, 0x0, 0x5f, 0xff, 0xff,
    0xff, 0xff, 0xff, 0xfe, 0x30, 0x0, 0x0, 0x0,
    0x3d, 0xff, 0xff, 0xff, 0xff, 0xfb, 0x20, 0x0,
    0x0, 0x0, 0x0, 0x5, 0x9d, 0xef, 0xec, 0x83,
    0x0, 0x0, 0x0,

    /* U+00D6 "Ö" */
    0x0, 0x0, 0x1, 0x55, 0x10, 0x0, 0x25, 0x40,
    0x0, 0x0, 0x0, 0x0, 0x0, 0xef, 0xfe, 0x10,
    0x3f, 0xff, 0xb0, 0x0, 0x0, 0x0, 0x0, 0x3f,
    0xff, 0xf4, 0x7, 0xff, 0xff, 0x0, 0x0, 0x0,
    0x0, 0x2, 0xff, 0xff, 0x30, 0x7f, 0xff, 0xf0,
    0x0, 0x0, 0x0, 0x0, 0x9, 0xff, 0x90, 0x1,
    0xbf, 0xe6, 0x0, 0x0, 0x0, 0x0, 0x0, 0x0,
    0x0, 0x0, 0x0, 0x0, 0x0, 0x0, 0x0, 0x0,
    0x0, 0x0, 0x0, 0x0, 0x0, 0x0, 0x0, 0x0,
    0x0, 0x0, 0x0, 0x0, 0x0, 0x0, 0x0, 0x0,
    0x0, 0x0, 0x0, 0x0, 0x0, 0x0, 0x0, 0x49,
    0xde, 0xfe, 0xc8, 0x30, 0x0, 0x0, 0x0, 0x0,
    0x3, 0xdf, 0xff, 0xff, 0xff, 0xff, 0xb1, 0x0,
    0x0, 0x0, 0x5, 0xff, 0xff, 0xff, 0xff, 0xff,
    0xff, 0xe3, 0x0, 0x0, 0x3, 0xff, 0xff, 0xff,
    0xcb, 0xdf, 0xff, 0xff, 0xe1, 0x0, 0x0, 0xdf,
    0xff, 0xf7, 0x0, 0x0, 0x1a, 0xff, 0xff, 0xa0,
    0x0, 0x4f, 0xff, 0xf5, 0x0, 0x0, 0x0, 0x9,
    0xff, 0xff, 0x10, 0xb, 0xff, 0xfb, 0x0, 0x0,
    0x0, 0x0, 0xe, 0xff, 0xf7, 0x0, 0xef, 0xff,
    0x60, 0x0, 0x0, 0x0, 0x0, 0x9f, 0xff, 0xb0,
    0x2f, 0xff, 0xf3, 0x0, 0x0, 0x0, 0x0, 0x6,
    0xff, 0xfe, 0x3, 0xff, 0xff, 0x20, 0x0, 0x0,
    0x0, 0x0, 0x5f, 0xff, 0xf0, 0x4f, 0xff, 0xf2,
    0x0, 0x0, 0x0, 0x0, 0x5, 0xff, 0xff, 0x15,
    0xff, 0xff, 0x20, 0x0, 0x0, 0x0, 0x0, 0x5f,
    0xff, 0xf1, 0x3f, 0xff, 0xf2, 0x0, 0x0, 0x0,
    0x0, 0x5, 0xff, 0xff, 0x2, 0xff, 0xff, 0x30,
    0x0, 0x0, 0x0, 0x0, 0x6f, 0xff, 0xe0, 0xe,
    0xff, 0xf6, 0x0, 0x0, 0x0, 0x0, 0x9, 0xff,
    0xfb, 0x0, 0xbf, 0xff, 0xb0, 0x0, 0x0, 0x0,
    0x0, 0xef, 0xff, 0x70, 0x4, 0xff, 0xff, 0x50,
    0x0, 0x0, 0x0, 0x9f, 0xff, 0xf1, 0x0, 0xd,
    0xff, 0xff, 0x70, 0x0, 0x1, 0xaf, 0xff, 0xfa,
    0x0, 0x0, 0x3f, 0xff, 0xff, 0xfc, 0xbd, 0xff,
    0xff, 0xfe, 0x10, 0x0, 0x0, 0x5f, 0xff, 0xff,
    0xff, 0xff, 0xff, 0xfe, 0x30, 0x0, 0x0, 0x0,
    0x3d, 0xff, 0xff, 0xff, 0xff, 0xfb, 0x20, 0x0,
    0x0, 0x0, 0x0, 0x5, 0x9d, 0xef, 0xec, 0x83,
    0x0, 0x0, 0x0,

    /* U+00D7 "×" */
    0x0, 0x42, 0x0, 0x0, 0x0, 0x1, 0x50, 0x0,
    0x4f, 0xe2, 0x0, 0x0, 0x1, 0xdf, 0x60, 0x1f,
    0xff, 0xe2, 0x0, 0x1, 0xcf, 0xff, 0x40, 0x7f,
    0xff, 0xe2, 0x0, 0xcf, 0xff, 0xa0, 0x0, 0x8f,
    0xff, 0xd2, 0xcf, 0xff, 0xb0, 0x0, 0x0, 0x8f,
    0xff, 0xff, 0xff, 0xb0, 0x0, 0x0, 0x0, 0x9f,
    0xff, 0xff, 0xc0, 0x0, 0x0, 0x0, 0x0, 0xef,
    0xff, 0xf2, 0x0, 0x0, 0x0, 0x0, 0xbf, 0xff,
    0xff, 0xd1, 0x0, 0x0, 0x0, 0xbf, 0xff, 0xef,
    0xff, 0xd1, 0x0, 0x0, 0xaf, 0xff, 0xc1, 0xaf,
    0xff, 0xd1, 0x0, 0xaf, 0xff, 0xd1, 0x0, 0xaf,
    0xff, 0xc0, 0x1e, 0xff, 0xd1, 0x0, 0x0, 0xbf,
    0xff, 0x30, 0x2e, 0xd1, 0x0, 0x0, 0x0, 0xbf,
    0x40, 0x0, 0x21, 0x0, 0x0, 0x0, 0x0, 0x30,
    0x0,

    /* U+00D8 "Ø" */
    0x0, 0x0, 0x0, 0x0, 0x0, 0x0, 0x0, 0x0,
    0x1, 0x0, 0x0, 0x0, 0x0, 0x0, 0x0, 0x0,
    0x0, 0x0, 0x6, 0xf7, 0x0, 0x0, 0x0, 0x0,
    0x49, 0xde, 0xfe, 0xc8, 0x21, 0xff, 0xf8, 0x0,
    0x0, 0x3, 0xdf, 0xff, 0xff, 0xff, 0xff, 0xef,
    0xfe, 0x10, 0x0, 0x5, 0xff, 0xff, 0xff, 0xff,
    0xff, 0xff, 0xff, 0x50, 0x0, 0x3, 0xff, 0xff,
    0xfc, 0x98, 0xae, 0xff, 0xff, 0xe0, 0x0, 0x0,
    0xdf, 0xff, 0xe3, 0x0, 0x0, 0xd, 0xff, 0xff,
    0x90, 0x0, 0x5f, 0xff, 0xf2, 0x0, 0x0, 0x6,
    0xff, 0xff, 0xff, 0x10, 0xb, 0xff, 0xf8, 0x0,
    0x0, 0x2, 0xff, 0xfd, 0xff, 0xf7, 0x0, 0xff,
    0xff, 0x30, 0x0, 0x0, 0xcf, 0xf7, 0x7f, 0xff,
    0xb0, 0x2f, 0xff, 0xf1, 0x0, 0x0, 0x7f, 0xfc,
    0x4, 0xff, 0xfe, 0x3, 0xff, 0xff, 0x0, 0x0,
    0x3f, 0xff, 0x20, 0x3f, 0xff, 0xf0, 0x5f, 0xff,
    0xf0, 0x0, 0xd, 0xff, 0x50, 0x3, 0xff, 0xff,
    0x14, 0xff, 0xff, 0x0, 0x9, 0xff, 0xa0, 0x0,
    0x3f, 0xff, 0xf1, 0x3f, 0xff, 0xf0, 0x4, 0xff,
    0xe1, 0x0, 0x3, 0xff, 0xff, 0x2, 0xff, 0xff,
    0x11, 0xef, 0xf4, 0x0, 0x0, 0x4f, 0xff, 0xf0,
    0xe, 0xff, 0xf4, 0xaf, 0xf9, 0x0, 0x0, 0x6,
    0xff, 0xfb, 0x0, 0xaf, 0xff, 0xdf, 0xfd, 0x0,
    0x0, 0x0, 0xbf, 0xff, 0x80, 0x4, 0xff, 0xff,
    0xff, 0x30, 0x0, 0x0, 0x4f, 0xff, 0xf2, 0x0,
    0xc, 0xff, 0xff, 0xa0, 0x0, 0x0, 0x5f, 0xff,
    0xfa, 0x0, 0x0, 0x2f, 0xff, 0xff, 0xc9, 0x89,
    0xdf, 0xff, 0xfe, 0x10, 0x0, 0x8, 0xff, 0xff,
    0xff, 0xff, 0xff, 0xff, 0xfe, 0x30, 0x0, 0x3,
    0xff, 0xfe, 0xff, 0xff, 0xff, 0xff, 0xfb, 0x20,
    0x0, 0x0, 0xbf, 0xfd, 0x4, 0x9d, 0xff, 0xec,
    0x83, 0x0, 0x0, 0x0, 0x0, 0x9f, 0x30, 0x0,
    0x0, 0x0, 0x0, 0x0, 0x0, 0x0, 0x0, 0x0,
    0x10, 0x0, 0x0, 0x0, 0x0, 0x0, 0x0, 0x0,
    0x0,

    /* U+00D9 "Ù" */
    0x0, 0x0, 0x0, 0x5, 0x10, 0x0, 0x0, 0x0,
    0x0, 0x0, 0x0, 0x5, 0xdf, 0x90, 0x0, 0x0,
    0x0, 0x0, 0x0, 0x0, 0x2f, 0xff, 0xf1, 0x0,
    0x0, 0x0, 0x0, 0x0, 0x0, 0x6, 0xff, 0xf9,
    0x0, 0x0, 0x0, 0x0, 0x0, 0x0, 0x0, 0xaf,
    0xff, 0x20, 0x0, 0x0, 0x0, 0x0, 0x0, 0x0,
    0xd, 0xff, 0xa0, 0x0, 0x0, 0x0, 0x0, 0x0,
    0x0, 0x3, 0xff, 0x90, 0x0, 0x0, 0x0, 0x0,
    0x0, 0x0, 0x0, 0x41, 0x0, 0x0, 0x0, 0x0,
    0x0, 0x0, 0x0, 0x0, 0x0, 0x0, 0x0, 0x0,
    0x0, 0x8f, 0xff, 0xa0, 0x0, 0x0, 0x0, 0x8,
    0xff, 0xf9, 0x8f, 0xff, 0xa0, 0x0, 0x0, 0x0,
    0x8, 0xff, 0xf9, 0x8f, 0xff, 0xa0, 0x0, 0x0,
    0x0, 0x8, 0xff, 0xf9, 0x8f, 0xff, 0xa0, 0x0,
    0x0, 0x0, 0x8, 0xff, 0xf9, 0x8f, 0xff, 0xa0,
    0x0, 0x0, 0x0, 0x8, 0xff, 0xf9, 0x8f, 0xff,
    0xa0, 0x0, 0x0, 0x0, 0x8, 0xff, 0xf9, 0x8f,
    0xff, 0xa0, 0x0, 0x0, 0x0, 0x8, 0xff, 0xf9,
    0x8f, 0xff, 0xa0, 0x0, 0x0, 0x0, 0x8, 0xff,
    0xf9, 0x8f, 0xff, 0xa0, 0x0, 0x0, 0x0, 0x8,
    0xff, 0xf9, 0x8f, 0xff, 0xa0, 0x0, 0x0, 0x0,
    0x8, 0xff, 0xf9, 0x8f, 0xff, 0xa0, 0x0, 0x0,
    0x0, 0x8, 0xff, 0xf9, 0x8f, 0xff, 0xa0, 0x0,
    0x0, 0x0, 0x8, 0xff, 0xf9, 0x8f, 0xff, 0xa0,
    0x0, 0x0, 0x0, 0x8, 0xff, 0xf9, 0x7f, 0xff,
    0xa0, 0x0, 0x0, 0x0, 0x9, 0xff, 0xf9, 0x7f,
    0xff, 0xb0, 0x0, 0x0, 0x0, 0xa, 0xff, 0xf8,
    0x5f, 0xff, 0xe0, 0x0, 0x0, 0x0, 0xd, 0xff,
    0xf6, 0x2f, 0xff, 0xf5, 0x0, 0x0, 0x0, 0x4f,
    0xff, 0xf3, 0xd, 0xff, 0xfe, 0x40, 0x0, 0x4,
    0xef, 0xff, 0xe0, 0x7, 0xff, 0xff, 0xfe, 0xcc,
    0xef, 0xff, 0xff, 0x70, 0x0, 0xcf, 0xff, 0xff,
    0xff, 0xff, 0xff, 0xfc, 0x0, 0x0, 0xb, 0xff,
    0xff, 0xff, 0xff, 0xff, 0xb1, 0x0, 0x0, 0x0,
    0x39, 0xce, 0xff, 0xec, 0x93, 0x0, 0x0,

    /* U+00DA "Ú" */
    0x0, 0x0, 0x0, 0x0, 0x1, 0x60, 0x0, 0x0,
    0x0, 0x0, 0x0, 0x0, 0x0, 0x9, 0xfd, 0x60,
    0x0, 0x0, 0x0, 0x0, 0x0, 0x0, 0x1f, 0xff,
    0xf2, 0x0, 0x0, 0x0, 0x0, 0x0, 0x0, 0x9f,
    0xff, 0x60, 0x0, 0x0, 0x0, 0x0, 0x0, 0x2,
    0xff, 0xfa, 0x0, 0x0, 0x0, 0x0, 0x0, 0x0,
    0xa, 0xff, 0xd0, 0x0, 0x0, 0x0, 0x0, 0x0,
    0x0, 0x9, 0xff, 0x30, 0x0, 0x0, 0x0, 0x0,
    0x0, 0x0, 0x0, 0x14, 0x0, 0x0, 0x0, 0x0,
    0x0, 0x0, 0x0, 0x0, 0x0, 0x0, 0x0, 0x0,
    0x0, 0x8f, 0xff, 0xa0, 0x0, 0x0, 0x0, 0x8,
    0xff, 0xf9, 0x8f, 0xff, 0xa0, 0x0, 0x0, 0x0,
    0x8, 0xff, 0xf9, 0x8f, 0xff, 0xa0, 0x0, 0x0,
    0x0, 0x8, 0xff, 0xf9, 0x8f, 0xff, 0xa0, 0x0,
    0x0, 0x0, 0x8, 0xff, 0xf9, 0x8f, 0xff, 0xa0,
    0x0, 0x0, 0x0, 0x8, 0xff, 0xf9, 0x8f, 0xff,
    0xa0, 0x0, 0x0, 0x0, 0x8, 0xff, 0xf9, 0x8f,
    0xff, 0xa0, 0x0, 0x0, 0x0, 0x8, 0xff, 0xf9,
    0x8f, 0xff, 0xa0, 0x0, 0x0, 0x0, 0x8, 0xff,
    0xf9, 0x8f, 0xff, 0xa0, 0x0, 0x0, 0x0, 0x8,
    0xff, 0xf9, 0x8f, 0xff, 0xa0, 0x0, 0x0, 0x0,
    0x8, 0xff, 0xf9, 0x8f, 0xff, 0xa0, 0x0, 0x0,
    0x0, 0x8, 0xff, 0xf9, 0x8f, 0xff, 0xa0, 0x0,
    0x0, 0x0, 0x8, 0xff, 0xf9, 0x8f, 0xff, 0xa0,
    0x0, 0x0, 0x0, 0x8, 0xff, 0xf9, 0x7f, 0xff,
    0xa0, 0x0, 0x0, 0x0, 0x9, 0xff, 0xf9, 0x7f,
    0xff, 0xb0, 0x0, 0x0, 0x0, 0xa, 0xff, 0xf8,
    0x5f, 0xff, 0xe0, 0x0, 0x0, 0x0, 0xd, 0xff,
    0xf6, 0x2f, 0xff, 0xf5, 0x0, 0x0, 0x0, 0x4f,
    0xff, 0xf3, 0xd, 0xff, 0xfe, 0x40, 0x0, 0x4,
    0xef, 0xff, 0xe0, 0x7, 0xff, 0xff, 0xfe, 0xcc,
    0xef, 0xff, 0xff, 0x70, 0x0, 0xcf, 0xff, 0xff,
    0xff, 0xff, 0xff, 0xfc, 0x0, 0x0, 0xb, 0xff,
    0xff, 0xff, 0xff, 0xff, 0xb1, 0x0, 0x0, 0x0,
    0x39, 0xce, 0xff, 0xec, 0x93, 0x0, 0x0,

    /* U+00DB "Û" */
    0x0, 0x0, 0x0, 0x7, 0x88, 0x70, 0x0, 0x0,
    0x0, 0x0, 0x0, 0x0, 0x9f, 0xff, 0xfa, 0x0,
    0x0, 0x0, 0x0, 0x0, 0x6, 0xff, 0xff, 0xff,
    0x60, 0x0, 0x0, 0x0, 0x0, 0x3f, 0xff, 0xed,
    0xff, 0xf3, 0x0, 0x0, 0x0, 0x1, 0xef, 0xfe,
    0x22, 0xef, 0xfe, 0x10, 0x0, 0x0, 0xa, 0xff,
    0xe2, 0x0, 0x2e, 0xff, 0xa0, 0x0, 0x0, 0x1,
    0xce, 0x20, 0x0, 0x2, 0xed, 0x10, 0x0, 0x0,
    0x0, 0x2, 0x0, 0x0, 0x0, 0x20, 0x0, 0x0,
    0x0, 0x0, 0x0, 0x0, 0x0, 0x0, 0x0, 0x0,
    0x0, 0x8f, 0xff, 0xa0, 0x0, 0x0, 0x0, 0x8,
    0xff, 0xf9, 0x8f, 0xff, 0xa0, 0x0, 0x0, 0x0,
    0x8, 0xff, 0xf9, 0x8f, 0xff, 0xa0, 0x0, 0x0,
    0x0, 0x8, 0xff, 0xf9, 0x8f, 0xff, 0xa0, 0x0,
    0x0, 0x0, 0x8, 0xff, 0xf9, 0x8f, 0xff, 0xa0,
    0x0, 0x0, 0x0, 0x8, 0xff, 0xf9, 0x8f, 0xff,
    0xa0, 0x0, 0x0, 0x0, 0x8, 0xff, 0xf9, 0x8f,
    0xff, 0xa0, 0x0, 0x0, 0x0, 0x8, 0xff, 0xf9,
    0x8f, 0xff, 0xa0, 0x0, 0x0, 0x0, 0x8, 0xff,
    0xf9, 0x8f, 0xff, 0xa0, 0x0, 0x0, 0x0, 0x8,
    0xff, 0xf9, 0x8f, 0xff, 0xa0, 0x0, 0x0, 0x0,
    0x8, 0xff, 0xf9, 0x8f, 0xff, 0xa0, 0x0, 0x0,
    0x0, 0x8, 0xff, 0xf9, 0x8f, 0xff, 0xa0, 0x0,
    0x0, 0x0, 0x8, 0xff, 0xf9, 0x8f, 0xff, 0xa0,
    0x0, 0x0, 0x0, 0x8, 0xff, 0xf9, 0x7f, 0xff,
    0xa0, 0x0, 0x0, 0x0, 0x9, 0xff, 0xf9, 0x7f,
    0xff, 0xb0, 0x0, 0x0, 0x0, 0xa, 0xff, 0xf8,
    0x5f, 0xff, 0xe0, 0x0, 0x0, 0x0, 0xd, 0xff,
    0xf6, 0x2f, 0xff, 0xf5, 0x0, 0x0, 0x0, 0x4f,
    0xff, 0xf3, 0xd, 0xff, 0xfe, 0x40, 0x0, 0x4,
    0xef, 0xff, 0xe0, 0x7, 0xff, 0xff, 0xfe, 0xcc,
    0xef, 0xff, 0xff, 0x70, 0x0, 0xcf, 0xff, 0xff,
    0xff, 0xff, 0xff, 0xfc, 0x0, 0x0, 0xb, 0xff,
    0xff, 0xff, 0xff, 0xff, 0xb1, 0x0, 0x0, 0x0,
    0x39, 0xce, 0xff, 0xec, 0x93, 0x0, 0x0,

    /* U+00DC "Ü" */
    0x0, 0x0, 0x25, 0x40, 0x0, 0x4, 0x52, 0x0,
    0x0, 0x0, 0x4, 0xff, 0xf9, 0x0, 0x9f, 0xff,
    0x50, 0x0, 0x0, 0x9, 0xff, 0xfe, 0x0, 0xef,
    0xff, 0x90, 0x0, 0x0, 0x8, 0xff, 0xfd, 0x0,
    0xdf, 0xff, 0x90, 0x0, 0x0, 0x2, 0xcf, 0xe5,
    0x0, 0x4d, 0xfc, 0x20, 0x0, 0x0, 0x0, 0x0,
    0x0, 0x0, 0x0, 0x0, 0x0, 0x0, 0x0, 0x0,
    0x0, 0x0, 0x0, 0x0, 0x0, 0x0, 0x0, 0x0,
    0x0, 0x0, 0x0, 0x0, 0x0, 0x0, 0x0, 0x0,
    0x8f, 0xff, 0xa0, 0x0, 0x0, 0x0, 0x8, 0xff,
    0xf9, 0x8f, 0xff, 0xa0, 0x0, 0x0, 0x0, 0x8,
    0xff, 0xf9, 0x8f, 0xff, 0xa0, 0x0, 0x0, 0x0,
    0x8, 0xff, 0xf9, 0x8f, 0xff, 0xa0, 0x0, 0x0,
    0x0, 0x8, 0xff, 0xf9, 0x8f, 0xff, 0xa0, 0x0,
    0x0, 0x0, 0x8, 0xff, 0xf9, 0x8f, 0xff, 0xa0,
    0x0, 0x0, 0x0, 0x8, 0xff, 0xf9, 0x8f, 0xff,
    0xa0, 0x0, 0x0, 0x0, 0x8, 0xff, 0xf9, 0x8f,
    0xff, 0xa0, 0x0, 0x0, 0x0, 0x8, 0xff, 0xf9,
    0x8f, 0xff, 0xa0, 0x0, 0x0, 0x0, 0x8, 0xff,
    0xf9, 0x8f, 0xff, 0xa0, 0x0, 0x0, 0x0, 0x8,
    0xff, 0xf9, 0x8f, 0xff, 0xa0, 0x0, 0x0, 0x0,
    0x8, 0xff, 0xf9, 0x8f, 0xff, 0xa0, 0x0, 0x0,
    0x0, 0x8, 0xff, 0xf9, 0x8f, 0xff, 0xa0, 0x0,
    0x0, 0x0, 0x8, 0xff, 0xf9, 0x7f, 0xff, 0xa0,
    0x0, 0x0, 0x0, 0x9, 0xff, 0xf9, 0x7f, 0xff,
    0xb0, 0x0, 0x0, 0x0, 0xa, 0xff, 0xf8, 0x5f,
    0xff, 0xe0, 0x0, 0x0, 0x0, 0xd, 0xff, 0xf6,
    0x2f, 0xff, 0xf5, 0x0, 0x0, 0x0, 0x4f, 0xff,
    0xf3, 0xd, 0xff, 0xfe, 0x40, 0x0, 0x4, 0xef,
    0xff, 0xe0, 0x7, 0xff, 0xff, 0xfe, 0xcc, 0xef,
    0xff, 0xff, 0x70, 0x0, 0xcf, 0xff, 0xff, 0xff,
    0xff, 0xff, 0xfc, 0x0, 0x0, 0xb, 0xff, 0xff,
    0xff, 0xff, 0xff, 0xb1, 0x0, 0x0, 0x0, 0x39,
    0xce, 0xff, 0xec, 0x93, 0x0, 0x0,

    /* U+00DD "Ý" */
    0x0, 0x0, 0x0, 0x0, 0x0, 0x6, 0x0, 0x0,
    0x0, 0x0, 0x0, 0x0, 0x0, 0x0, 0x0, 0x6f,
    0xe7, 0x0, 0x0, 0x0, 0x0, 0x0, 0x0, 0x0,
    0x0, 0xef, 0xff, 0x40, 0x0, 0x0, 0x0, 0x0,
    0x0, 0x0, 0x7, 0xff, 0xf8, 0x0, 0x0, 0x0,
    0x0, 0x0, 0x0, 0x0, 0xe, 0xff, 0xc0, 0x0,
    0x0, 0x0, 0x0, 0x0, 0x0, 0x0, 0x7f, 0xff,
    0x20, 0x0, 0x0, 0x0, 0x0, 0x0, 0x0, 0x0,
    0x7f, 0xf5, 0x0, 0x0, 0x0, 0x0, 0x0, 0x0,
    0x0, 0x0, 0x1, 0x50, 0x0, 0x0, 0x0, 0x0,
    0x0, 0x0, 0x0, 0x0, 0x0, 0x0, 0x0, 0x0,
    0x0, 0x0, 0x6f, 0xff, 0xf5, 0x0, 0x0, 0x0,
    0x0, 0xe, 0xff, 0xf9, 0xd, 0xff, 0xfd, 0x0,
    0x0, 0x0, 0x0, 0x8f, 0xff, 0xf1, 0x4, 0xff,
    0xff, 0x70, 0x0, 0x0, 0x1, 0xff, 0xff, 0x70,
    0x0, 0xaf, 0xff, 0xe1, 0x0, 0x0, 0x9, 0xff,
    0xfd, 0x0, 0x0, 0x2f, 0xff, 0xf8, 0x0, 0x0,
    0x2f, 0xff, 0xf4, 0x0, 0x0, 0x8, 0xff, 0xff,
    0x20, 0x0, 0xaf, 0xff, 0xb0, 0x0, 0x0, 0x0,
    0xef, 0xff, 0xa0, 0x3, 0xff, 0xff, 0x20, 0x0,
    0x0, 0x0, 0x6f, 0xff, 0xf3, 0xc, 0xff, 0xf9,
    0x0, 0x0, 0x0, 0x0, 0xc, 0xff, 0xfc, 0x4f,
    0xff, 0xe1, 0x0, 0x0, 0x0, 0x0, 0x3, 0xff,
    0xff, 0xef, 0xff, 0x60, 0x0, 0x0, 0x0, 0x0,
    0x0, 0xaf, 0xff, 0xff, 0xfd, 0x0, 0x0, 0x0,
    0x0, 0x0, 0x0, 0x2f, 0xff, 0xff, 0xf4, 0x0,
    0x0, 0x0, 0x0, 0x0, 0x0, 0x8, 0xff, 0xff,
    0xb0, 0x0, 0x0, 0x0, 0x0, 0x0, 0x0, 0x1,
    0xff, 0xff, 0x30, 0x0, 0x0, 0x0, 0x0, 0x0,
    0x0, 0x0, 0xff, 0xff, 0x30, 0x0, 0x0, 0x0,
    0x0, 0x0, 0x0, 0x0, 0xff, 0xff, 0x30, 0x0,
    0x0, 0x0, 0x0, 0x0, 0x0, 0x0, 0xff, 0xff,
    0x30, 0x0, 0x0, 0x0, 0x0, 0x0, 0x0, 0x0,
    0xff, 0xff, 0x30, 0x0, 0x0, 0x0, 0x0, 0x0,
    0x0, 0x0, 0xff, 0xff, 0x30, 0x0, 0x0, 0x0,
    0x0, 0x0, 0x0, 0x0, 0xff, 0xff, 0x30, 0x0,
    0x0, 0x0, 0x0, 0x0, 0x0, 0x0, 0xff, 0xff,
    0x30, 0x0, 0x0, 0x0, 0x0, 0x0, 0x0, 0x0,
    0xff, 0xff, 0x30, 0x0, 0x0, 0x0,

    /* U+00DE "Þ" */
    0x6f, 0xff, 0xd0, 0x0, 0x0, 0x0, 0x0, 0x0,
    0x0, 0x6f, 0xff, 0xd0, 0x0, 0x0, 0x0, 0x0,
    0x0, 0x0, 0x6f, 0xff, 0xd0, 0x0, 0x0, 0x0,
    0x0, 0x0, 0x0, 0x6f, 0xff, 0xd0, 0x0, 0x0,
    0x0, 0x0, 0x0, 0x0, 0x6f, 0xff, 0xff, 0xff,
    0xff, 0xfe, 0xc6, 0x0, 0x0, 0x6f, 0xff, 0xff,
    0xff, 0xff, 0xff, 0xff, 0xd2, 0x0, 0x6f, 0xff,
    0xff, 0xff, 0xff, 0xff, 0xff, 0xfe, 0x10, 0x6f,
    0xff, 0xfa, 0xaa, 0xaa, 0xbe, 0xff, 0xff, 0x90,
    0x6f, 0xff, 0xd0, 0x0, 0x0, 0x0, 0xaf, 0xff,
    0xf0, 0x6f, 0xff, 0xd0, 0x0, 0x0, 0x0, 0x3f,
    0xff, 0xf2, 0x6f, 0xff, 0xd0, 0x0, 0x0, 0x0,
    0x1f, 0xff, 0xf4, 0x6f, 0xff, 0xd0, 0x0, 0x0,
    0x0, 0x1f, 0xff, 0xf3, 0x6f, 0xff, 0xd0, 0x0,
    0x0, 0x0, 0x4f, 0xff, 0xf1, 0x6f, 0xff, 0xd0,
    0x0, 0x0, 0x4, 0xdf, 0xff, 0xd0, 0x6f, 0xff,
    0xff, 0xff, 0xff, 0xff, 0xff, 0xff, 0x60, 0x6f,
    0xff, 0xff, 0xff, 0xff, 0xff, 0xff, 0xfb, 0x0,
    0x6f, 0xff, 0xff, 0xff, 0xff, 0xff, 0xff, 0x90,
    0x0, 0x6f, 0xff, 0xfb, 0xbb, 0xbb, 0xa9, 0x72,
    0x0, 0x0, 0x6f, 0xff, 0xd0, 0x0, 0x0, 0x0,
    0x0, 0x0, 0x0, 0x6f, 0xff, 0xd0, 0x0, 0x0,
    0x0, 0x0, 0x0, 0x0, 0x6f, 0xff, 0xd0, 0x0,
    0x0, 0x0, 0x0, 0x0, 0x0, 0x6f, 0xff, 0xd0,
    0x0, 0x0, 0x0, 0x0, 0x0, 0x0,

    /* U+00DF "ß" */
    0x0, 0x0, 0x0, 0x6, 0xbe, 0xff, 0xea, 0x50,
    0x0, 0x0, 0x0, 0x0, 0x0, 0x4e, 0xff, 0xff,
    0xff, 0xff, 0xd3, 0x0, 0x0, 0x0, 0x0, 0x4f,
    0xff, 0xff, 0xff, 0xff, 0xff, 0xf3, 0x0, 0x0,
    0x0, 0xe, 0xff, 0xfd, 0x63, 0x25, 0xcf, 0xff,
    0xd0, 0x0, 0x0, 0x6, 0xff, 0xfe, 0x0, 0x0,
    0x0, 0xcf, 0xff, 0x40, 0x0, 0x0, 0xaf, 0xff,
    0x70, 0x0, 0x0, 0x5, 0xff, 0xf8, 0x0, 0x0,
    0xc, 0xff, 0xf5, 0x0, 0x0, 0x0, 0x3f, 0xff,
    0x90, 0x4, 0xff, 0xff, 0xff, 0x40, 0x0, 0x6,
    0xdf, 0xff, 0xfa, 0x0, 0x4f, 0xff, 0xff, 0xf4,
    0x0, 0xb, 0xff, 0xff, 0xff, 0xa0, 0x4, 0xff,
    0xff, 0xff, 0x40, 0x7, 0xff, 0xff, 0xb9, 0x85,
    0x0, 0x3, 0x3d, 0xff, 0xf4, 0x0, 0xdf, 0xff,
    0x20, 0x0, 0x0, 0x0, 0x0, 0xcf, 0xff, 0x40,
    0xf, 0xff, 0xd0, 0x0, 0x0, 0x0, 0x0, 0xc,
    0xff, 0xf4, 0x0, 0xff, 0xff, 0x40, 0x0, 0x0,
    0x0, 0x0, 0xcf, 0xff, 0x40, 0xa, 0xff, 0xff,
    0xc7, 0x10, 0x0, 0x0, 0xc, 0xff, 0xf4, 0x0,
    0x2f, 0xff, 0xff, 0xff, 0xa1, 0x0, 0x0, 0xcf,
    0xff, 0x40, 0x0, 0x2c, 0xff, 0xff, 0xff, 0xd0,
    0x0, 0xc, 0xff, 0xf4, 0x0, 0x0, 0x3, 0x8d,
    0xff, 0xff, 0x70, 0x0, 0xcf, 0xff, 0x40, 0x0,
    0x0, 0x0, 0x8, 0xff, 0xfb, 0x0, 0xc, 0xff,
    0xf4, 0x0, 0x0, 0x0, 0x0, 0xf, 0xff, 0xc0,
    0x0, 0xcf, 0xff, 0x40, 0x2, 0x80, 0x0, 0x1,
    0xff, 0xfb, 0x0, 0xc, 0xff, 0xf4, 0x2, 0xef,
    0xb4, 0x23, 0xbf, 0xff, 0x60, 0x0, 0xcf, 0xff,
    0x40, 0xdf, 0xff, 0xff, 0xff, 0xff, 0xe0, 0x0,
    0xc, 0xff, 0xf4, 0x4, 0xef, 0xff, 0xff, 0xff,
    0xe2, 0x0, 0x0, 0xcf, 0xff, 0x40, 0x0, 0x7b,
    0xef, 0xfc, 0x71, 0x0,

    /* U+00E0 "à" */
    0x0, 0x0, 0x2, 0x50, 0x0, 0x0, 0x0, 0x0,
    0x0, 0x2, 0xaf, 0xf1, 0x0, 0x0, 0x0, 0x0,
    0x0, 0xa, 0xff, 0xf8, 0x0, 0x0, 0x0, 0x0,
    0x0, 0x1, 0xdf, 0xff, 0x10, 0x0, 0x0, 0x0,
    0x0, 0x0, 0x3f, 0xff, 0x80, 0x0, 0x0, 0x0,
    0x0, 0x0, 0x7, 0xff, 0xf1, 0x0, 0x0, 0x0,
    0x0, 0x0, 0x0, 0xbf, 0xc3, 0x0, 0x0, 0x0,
    0x0, 0x0, 0x0, 0x14, 0x0, 0x0, 0x0, 0x0,
    0x0, 0x0, 0x0, 0x0, 0x0, 0x0, 0x0, 0x0,
    0x0, 0x3, 0x9d, 0xef, 0xec, 0x82, 0x0, 0x0,
    0x0, 0x8f, 0xff, 0xff, 0xff, 0xff, 0x60, 0x0,
    0x9, 0xff, 0xff, 0xff, 0xff, 0xff, 0xf4, 0x0,
    0xb, 0xff, 0xe8, 0x54, 0x7e, 0xff, 0xfd, 0x0,
    0x0, 0x8c, 0x10, 0x0, 0x3, 0xff, 0xff, 0x10,
    0x0, 0x0, 0x0, 0x0, 0x0, 0xef, 0xff, 0x30,
    0x0, 0x0, 0x0, 0x0, 0x0, 0xdf, 0xff, 0x40,
    0x0, 0x6, 0xbe, 0xff, 0xff, 0xff, 0xff, 0x40,
    0x4, 0xef, 0xff, 0xff, 0xff, 0xff, 0xff, 0x40,
    0x2f, 0xff, 0xfd, 0x87, 0x77, 0xef, 0xff, 0x40,
    0x9f, 0xff, 0xa0, 0x0, 0x0, 0xdf, 0xff, 0x40,
    0xcf, 0xff, 0x50, 0x0, 0x0, 0xdf, 0xff, 0x40,
    0xcf, 0xff, 0x60, 0x0, 0x1, 0xff, 0xff, 0x40,
    0xaf, 0xff, 0xd3, 0x0, 0x4c, 0xff, 0xff, 0x73,
    0x4f, 0xff, 0xff, 0xff, 0xff, 0x6f, 0xff, 0xfe,
    0x8, 0xff, 0xff, 0xff, 0xf7, 0xd, 0xff, 0xfe,
    0x0, 0x5b, 0xef, 0xeb, 0x40, 0x2, 0xbf, 0xfe,

    /* U+00E1 "á" */
    0x0, 0x0, 0x0, 0x0, 0x51, 0x0, 0x0, 0x0,
    0x0, 0x0, 0x0, 0x2, 0xff, 0x92, 0x0, 0x0,
    0x0, 0x0, 0x0, 0xa, 0xff, 0xf8, 0x0, 0x0,
    0x0, 0x0, 0x0, 0x2f, 0xff, 0xc0, 0x0, 0x0,
    0x0, 0x0, 0x0, 0xaf, 0xff, 0x20, 0x0, 0x0,
    0x0, 0x0, 0x2, 0xff, 0xf5, 0x0, 0x0, 0x0,
    0x0, 0x0, 0x4, 0xdf, 0x90, 0x0, 0x0, 0x0,
    0x0, 0x0, 0x0, 0x5, 0x0, 0x0, 0x0, 0x0,
    0x0, 0x0, 0x0, 0x0, 0x0, 0x0, 0x0, 0x0,
    0x0, 0x3, 0x9d, 0xef, 0xec, 0x82, 0x0, 0x0,
    0x0, 0x8f, 0xff, 0xff, 0xff, 0xff, 0x60, 0x0,
    0x9, 0xff, 0xff, 0xff, 0xff, 0xff, 0xf4, 0x0,
    0xb, 0xff, 0xe8, 0x54, 0x7e, 0xff, 0xfd, 0x0,
    0x0, 0x8c, 0x10, 0x0, 0x3, 0xff, 0xff, 0x10,
    0x0, 0x0, 0x0, 0x0, 0x0, 0xef, 0xff, 0x30,
    0x0, 0x0, 0x0, 0x0, 0x0, 0xdf, 0xff, 0x40,
    0x0, 0x6, 0xbe, 0xff, 0xff, 0xff, 0xff, 0x40,
    0x4, 0xef, 0xff, 0xff, 0xff, 0xff, 0xff, 0x40,
    0x2f, 0xff, 0xfd, 0x87, 0x77, 0xef, 0xff, 0x40,
    0x9f, 0xff, 0xa0, 0x0, 0x0, 0xdf, 0xff, 0x40,
    0xcf, 0xff, 0x50, 0x0, 0x0, 0xdf, 0xff, 0x40,
    0xcf, 0xff, 0x60, 0x0, 0x1, 0xff, 0xff, 0x40,
    0xaf, 0xff, 0xd3, 0x0, 0x4c, 0xff, 0xff, 0x73,
    0x4f, 0xff, 0xff, 0xff, 0xff, 0x6f, 0xff, 0xfe,
    0x8, 0xff, 0xff, 0xff, 0xf7, 0xd, 0xff, 0xfe,
    0x0, 0x5b, 0xef, 0xeb, 0x40, 0x2, 0xbf, 0xfe,

    /* U+00E2 "â" */
    0x0, 0x0, 0x4, 0x88, 0x83, 0x0, 0x0, 0x0,
    0x0, 0x0, 0x3f, 0xff, 0xfe, 0x20, 0x0, 0x0,
    0x0, 0x1, 0xef, 0xff, 0xff, 0xd0, 0x0, 0x0,
    0x0, 0xb, 0xff, 0xfc, 0xff, 0xfa, 0x0, 0x0,
    0x0, 0x8f, 0xff, 0x70, 0x8f, 0xff, 0x60, 0x0,
    0x3, 0xff, 0xf7, 0x0, 0x9, 0xff, 0xf1, 0x0,
    0x0, 0x7f, 0x70, 0x0, 0x0, 0x9f, 0x60, 0x0,
    0x0, 0x2, 0x0, 0x0, 0x0, 0x2, 0x0, 0x0,
    0x0, 0x0, 0x0, 0x0, 0x0, 0x0, 0x0, 0x0,
    0x0, 0x3, 0x9d, 0xef, 0xec, 0x82, 0x0, 0x0,
    0x0, 0x8f, 0xff, 0xff, 0xff, 0xff, 0x60, 0x0,
    0x9, 0xff, 0xff, 0xff, 0xff, 0xff, 0xf4, 0x0,
    0xb, 0xff, 0xe8, 0x54, 0x7e, 0xff, 0xfd, 0x0,
    0x0, 0x8c, 0x10, 0x0, 0x3, 0xff, 0xff, 0x10,
    0x0, 0x0, 0x0, 0x0, 0x0, 0xef, 0xff, 0x30,
    0x0, 0x0, 0x0, 0x0, 0x0, 0xdf, 0xff, 0x40,
    0x0, 0x6, 0xbe, 0xff, 0xff, 0xff, 0xff, 0x40,
    0x4, 0xef, 0xff, 0xff, 0xff, 0xff, 0xff, 0x40,
    0x2f, 0xff, 0xfd, 0x87, 0x77, 0xef, 0xff, 0x40,
    0x9f, 0xff, 0xa0, 0x0, 0x0, 0xdf, 0xff, 0x40,
    0xcf, 0xff, 0x50, 0x0, 0x0, 0xdf, 0xff, 0x40,
    0xcf, 0xff, 0x60, 0x0, 0x1, 0xff, 0xff, 0x40,
    0xaf, 0xff, 0xd3, 0x0, 0x4c, 0xff, 0xff, 0x73,
    0x4f, 0xff, 0xff, 0xff, 0xff, 0x6f, 0xff, 0xfe,
    0x8, 0xff, 0xff, 0xff, 0xf7, 0xd, 0xff, 0xfe,
    0x0, 0x5b, 0xef, 0xeb, 0x40, 0x2, 0xbf, 0xfe,

    /* U+00E3 "ã" */
    0x0, 0x9, 0xef, 0x91, 0x0, 0x0, 0x0, 0x0,
    0x0, 0xcf, 0xff, 0xff, 0x71, 0x2c, 0x50, 0x0,
    0x3, 0xff, 0xff, 0xff, 0xff, 0xff, 0xf2, 0x0,
    0x0, 0x7b, 0x12, 0x9f, 0xff, 0xff, 0xb0, 0x0,
    0x0, 0x0, 0x0, 0x2, 0xaf, 0xe9, 0x0, 0x0,
    0x0, 0x0, 0x0, 0x0, 0x0, 0x0, 0x0, 0x0,
    0x0, 0x0, 0x0, 0x0, 0x0, 0x0, 0x0, 0x0,
    0x0, 0x3, 0x9d, 0xef, 0xec, 0x82, 0x0, 0x0,
    0x0, 0x8f, 0xff, 0xff, 0xff, 0xff, 0x60, 0x0,
    0x9, 0xff, 0xff, 0xff, 0xff, 0xff, 0xf4, 0x0,
    0xb, 0xff, 0xe8, 0x54, 0x7e, 0xff, 0xfd, 0x0,
    0x0, 0x8c, 0x10, 0x0, 0x3, 0xff, 0xff, 0x10,
    0x0, 0x0, 0x0, 0x0, 0x0, 0xef, 0xff, 0x30,
    0x0, 0x0, 0x0, 0x0, 0x0, 0xdf, 0xff, 0x40,
    0x0, 0x6, 0xbe, 0xff, 0xff, 0xff, 0xff, 0x40,
    0x4, 0xef, 0xff, 0xff, 0xff, 0xff, 0xff, 0x40,
    0x2f, 0xff, 0xfd, 0x87, 0x77, 0xef, 0xff, 0x40,
    0x9f, 0xff, 0xa0, 0x0, 0x0, 0xdf, 0xff, 0x40,
    0xcf, 0xff, 0x50, 0x0, 0x0, 0xdf, 0xff, 0x40,
    0xcf, 0xff, 0x60, 0x0, 0x1, 0xff, 0xff, 0x40,
    0xaf, 0xff, 0xd3, 0x0, 0x4c, 0xff, 0xff, 0x73,
    0x4f, 0xff, 0xff, 0xff, 0xff, 0x6f, 0xff, 0xfe,
    0x8, 0xff, 0xff, 0xff, 0xf7, 0xd, 0xff, 0xfe,
    0x0, 0x5b, 0xef, 0xeb, 0x40, 0x2, 0xbf, 0xfe,

    /* U+00E4 "ä" */
    0x0, 0x8e, 0xfa, 0x0, 0xb, 0xfe, 0x60, 0x0,
    0x1, 0xff, 0xff, 0x40, 0x6f, 0xff, 0xf0, 0x0,
    0x2, 0xff, 0xff, 0x50, 0x7f, 0xff, 0xf0, 0x0,
    0x0, 0xdf, 0xfe, 0x10, 0x2f, 0xff, 0xc0, 0x0,
    0x0, 0x4, 0x41, 0x0, 0x1, 0x54, 0x0, 0x0,
    0x0, 0x0, 0x0, 0x0, 0x0, 0x0, 0x0, 0x0,
    0x0, 0x0, 0x0, 0x0, 0x0, 0x0, 0x0, 0x0,
    0x0, 0x3, 0x9d, 0xef, 0xec, 0x82, 0x0, 0x0,
    0x0, 0x8f, 0xff, 0xff, 0xff, 0xff, 0x60, 0x0,
    0x9, 0xff, 0xff, 0xff, 0xff, 0xff, 0xf4, 0x0,
    0xb, 0xff, 0xe8, 0x54, 0x7e, 0xff, 0xfd, 0x0,
    0x0, 0x8c, 0x10, 0x0, 0x3, 0xff, 0xff, 0x10,
    0x0, 0x0, 0x0, 0x0, 0x0, 0xef, 0xff, 0x30,
    0x0, 0x0, 0x0, 0x0, 0x0, 0xdf, 0xff, 0x40,
    0x0, 0x6, 0xbe, 0xff, 0xff, 0xff, 0xff, 0x40,
    0x4, 0xef, 0xff, 0xff, 0xff, 0xff, 0xff, 0x40,
    0x2f, 0xff, 0xfd, 0x87, 0x77, 0xef, 0xff, 0x40,
    0x9f, 0xff, 0xa0, 0x0, 0x0, 0xdf, 0xff, 0x40,
    0xcf, 0xff, 0x50, 0x0, 0x0, 0xdf, 0xff, 0x40,
    0xcf, 0xff, 0x60, 0x0, 0x1, 0xff, 0xff, 0x40,
    0xaf, 0xff, 0xd3, 0x0, 0x4c, 0xff, 0xff, 0x73,
    0x4f, 0xff, 0xff, 0xff, 0xff, 0x6f, 0xff, 0xfe,
    0x8, 0xff, 0xff, 0xff, 0xf7, 0xd, 0xff, 0xfe,
    0x0, 0x5b, 0xef, 0xeb, 0x40, 0x2, 0xbf, 0xfe,

    /* U+00E5 "å" */
    0x0, 0x0, 0x8, 0xef, 0xd7, 0x0, 0x0, 0x0,
    0x0, 0x1, 0xdf, 0xff, 0xff, 0xb0, 0x0, 0x0,
    0x0, 0x8, 0xff, 0x73, 0x8f, 0xf6, 0x0, 0x0,
    0x0, 0xe, 0xfd, 0x0, 0xe, 0xfc, 0x0, 0x0,
    0x0, 0xf, 0xfc, 0x0, 0xd, 0xfd, 0x0, 0x0,
    0x0, 0xe, 0xfd, 0x0, 0xe, 0xfc, 0x0, 0x0,
    0x0, 0x8, 0xff, 0x73, 0x8f, 0xf6, 0x0, 0x0,
    0x0, 0x1, 0xdf, 0xff, 0xff, 0xb0, 0x0, 0x0,
    0x0, 0x0, 0x18, 0xef, 0xd8, 0x0, 0x0, 0x0,
    0x0, 0x0, 0x0, 0x0, 0x0, 0x0, 0x0, 0x0,
    0x0, 0x3, 0x9d, 0xef, 0xec, 0x82, 0x0, 0x0,
    0x0, 0x8f, 0xff, 0xff, 0xff, 0xff, 0x60, 0x0,
    0x9, 0xff, 0xff, 0xff, 0xff, 0xff, 0xf4, 0x0,
    0xb, 0xff, 0xe8, 0x54, 0x7e, 0xff, 0xfd, 0x0,
    0x0, 0x8c, 0x10, 0x0, 0x3, 0xff, 0xff, 0x10,
    0x0, 0x0, 0x0, 0x0, 0x0, 0xef, 0xff, 0x30,
    0x0, 0x0, 0x0, 0x0, 0x0, 0xdf, 0xff, 0x40,
    0x0, 0x6, 0xbe, 0xff, 0xff, 0xff, 0xff, 0x40,
    0x4, 0xef, 0xff, 0xff, 0xff, 0xff, 0xff, 0x40,
    0x2f, 0xff, 0xfd, 0x87, 0x77, 0xef, 0xff, 0x40,
    0x9f, 0xff, 0xa0, 0x0, 0x0, 0xdf, 0xff, 0x40,
    0xcf, 0xff, 0x50, 0x0, 0x0, 0xdf, 0xff, 0x40,
    0xcf, 0xff, 0x60, 0x0, 0x1, 0xff, 0xff, 0x40,
    0xaf, 0xff, 0xd3, 0x0, 0x4c, 0xff, 0xff, 0x73,
    0x4f, 0xff, 0xff, 0xff, 0xff, 0x6f, 0xff, 0xfe,
    0x8, 0xff, 0xff, 0xff, 0xf7, 0xd, 0xff, 0xfe,
    0x0, 0x5b, 0xef, 0xeb, 0x40, 0x2, 0xbf, 0xfe,

    /* U+00E6 "æ" */
    0x0, 0x3, 0x9d, 0xef, 0xd9, 0x20, 0x0, 0x39,
    0xdf, 0xfd, 0x93, 0x0, 0x0, 0x0, 0x8f, 0xff,
    0xff, 0xff, 0xf4, 0x7, 0xff, 0xff, 0xff, 0xff,
    0x80, 0x0, 0x9, 0xff, 0xff, 0xff, 0xff, 0xfe,
    0x8f, 0xff, 0xff, 0xff, 0xff, 0xf9, 0x0, 0xc,
    0xff, 0xd5, 0x21, 0x5d, 0xff, 0xff, 0xfd, 0x51,
    0x27, 0xff, 0xff, 0x40, 0x0, 0xad, 0x10, 0x0,
    0x2, 0xff, 0xff, 0xf1, 0x0, 0x0, 0x7f, 0xff,
    0xb0, 0x0, 0x1, 0x0, 0x0, 0x0, 0xef, 0xff,
    0x80, 0x0, 0x0, 0xf, 0xff, 0xf0, 0x0, 0x0,
    0x0, 0x0, 0x0, 0xdf, 0xff, 0x50, 0x0, 0x0,
    0xe, 0xff, 0xf4, 0x0, 0x6, 0xad, 0xff, 0xff,
    0xff, 0xff, 0xff, 0xff, 0xff, 0xff, 0xff, 0xf5,
    0x3, 0xef, 0xff, 0xff, 0xff, 0xff, 0xff, 0xff,
    0xff, 0xff, 0xff, 0xff, 0xf6, 0x1e, 0xff, 0xff,
    0xca, 0xaa, 0xff, 0xff, 0xca, 0xaa, 0xaa, 0xaa,
    0xaa, 0xa4, 0x8f, 0xff, 0xc1, 0x0, 0x0, 0xdf,
    0xff, 0x40, 0x0, 0x0, 0x0, 0x0, 0x0, 0xbf,
    0xff, 0x60, 0x0, 0x0, 0xdf, 0xff, 0x80, 0x0,
    0x0, 0x0, 0x10, 0x0, 0xcf, 0xff, 0x60, 0x0,
    0x0, 0xff, 0xff, 0xf3, 0x0, 0x0, 0x4, 0xf7,
    0x0, 0xaf, 0xff, 0xd3, 0x0, 0x3c, 0xfd, 0xff,
    0xff, 0xa6, 0x56, 0xbf, 0xff, 0x70, 0x4f, 0xff,
    0xff, 0xff, 0xff, 0xe1, 0xbf, 0xff, 0xff, 0xff,
    0xff, 0xff, 0x60, 0x8, 0xff, 0xff, 0xff, 0xfe,
    0x30, 0xa, 0xff, 0xff, 0xff, 0xff, 0xe5, 0x0,
    0x0, 0x4b, 0xef, 0xfc, 0x70, 0x0, 0x0, 0x39,
    0xdf, 0xfd, 0xb6, 0x0, 0x0,

    /* U+00E7 "ç" */
    0x0, 0x0, 0x4a, 0xdf, 0xfd, 0xa3, 0x0, 0x0,
    0x1, 0xcf, 0xff, 0xff, 0xff, 0xf8, 0x0, 0x0,
    0xdf, 0xff, 0xff, 0xff, 0xff, 0xf8, 0x0, 0x9f,
    0xff, 0xf8, 0x55, 0xaf, 0xff, 0xf2, 0x1f, 0xff,
    0xf5, 0x0, 0x0, 0x7f, 0xf9, 0x25, 0xff, 0xfc,
    0x0, 0x0, 0x0, 0x71, 0x0, 0x9f, 0xff, 0x90,
    0x0, 0x0, 0x0, 0x0, 0xa, 0xff, 0xf8, 0x0,
    0x0, 0x0, 0x0, 0x0, 0xbf, 0xff, 0x80, 0x0,
    0x0, 0x0, 0x0, 0xb, 0xff, 0xf8, 0x0, 0x0,
    0x0, 0x0, 0x0, 0x9f, 0xff, 0x90, 0x0, 0x0,
    0x0, 0x0, 0x6, 0xff, 0xfc, 0x0, 0x0, 0x0,
    0x74, 0x0, 0x1f, 0xff, 0xf4, 0x0, 0x0, 0x4f,
    0xfd, 0x30, 0x9f, 0xff, 0xf8, 0x44, 0x8f, 0xff,
    0xf3, 0x1, 0xdf, 0xff, 0xff, 0xff, 0xff, 0xf9,
    0x0, 0x1, 0xcf, 0xff, 0xff, 0xff, 0xfa, 0x0,
    0x0, 0x0, 0x5b, 0xff, 0xfe, 0xb4, 0x0, 0x0,
    0x0, 0x0, 0xb, 0xf4, 0x0, 0x0, 0x0, 0x0,
    0x0, 0x0, 0xdf, 0xab, 0x91, 0x0, 0x0, 0x0,
    0x0, 0x0, 0x7, 0xff, 0xc0, 0x0, 0x0, 0x0,
    0xb, 0x52, 0x5f, 0xfe, 0x0, 0x0, 0x0, 0x9,
    0xff, 0xff, 0xff, 0x90, 0x0, 0x0, 0x0, 0x8,
    0xdf, 0xfc, 0x60, 0x0, 0x0,

    /* U+00E8 "è" */
    0x0, 0x0, 0x0, 0x43, 0x0, 0x0, 0x0, 0x0,
    0x0, 0x0, 0x5c, 0xfb, 0x0, 0x0, 0x0, 0x0,
    0x0, 0x1, 0xef, 0xff, 0x30, 0x0, 0x0, 0x0,
    0x0, 0x0, 0x3f, 0xff, 0xc0, 0x0, 0x0, 0x0,
    0x0, 0x0, 0x7, 0xff, 0xf4, 0x0, 0x0, 0x0,
    0x0, 0x0, 0x0, 0xbf, 0xfc, 0x0, 0x0, 0x0,
    0x0, 0x0, 0x0, 0x1e, 0xfa, 0x0, 0x0, 0x0,
    0x0, 0x0, 0x0, 0x3, 0x20, 0x0, 0x0, 0x0,
    0x0, 0x0, 0x0, 0x0, 0x0, 0x0, 0x0, 0x0,
    0x0, 0x0, 0x49, 0xdf, 0xfd, 0x93, 0x0, 0x0,
    0x0, 0xb, 0xff, 0xff, 0xff, 0xff, 0xa0, 0x0,
    0x0, 0xcf, 0xff, 0xff, 0xff, 0xff, 0xfb, 0x0,
    0x8, 0xff, 0xfe, 0x61, 0x15, 0xef, 0xff, 0x60,
    0x1f, 0xff, 0xf4, 0x0, 0x0, 0x4f, 0xff, 0xe0,
    0x5f, 0xff, 0xc0, 0x0, 0x0, 0xd, 0xff, 0xf3,
    0x9f, 0xff, 0x90, 0x0, 0x0, 0xa, 0xff, 0xf7,
    0xaf, 0xff, 0xff, 0xff, 0xff, 0xff, 0xff, 0xf8,
    0xbf, 0xff, 0xff, 0xff, 0xff, 0xff, 0xff, 0xf9,
    0xaf, 0xff, 0xda, 0xaa, 0xaa, 0xaa, 0xaa, 0xa6,
    0x9f, 0xff, 0x80, 0x0, 0x0, 0x0, 0x0, 0x0,
    0x5f, 0xff, 0xc0, 0x0, 0x0, 0x0, 0x10, 0x0,
    0xe, 0xff, 0xf5, 0x0, 0x0, 0x2, 0xea, 0x0,
    0x7, 0xff, 0xff, 0xa5, 0x45, 0x9f, 0xff, 0x90,
    0x0, 0xcf, 0xff, 0xff, 0xff, 0xff, 0xff, 0x80,
    0x0, 0xa, 0xff, 0xff, 0xff, 0xff, 0xf6, 0x0,
    0x0, 0x0, 0x39, 0xdf, 0xfe, 0xb6, 0x10, 0x0,

    /* U+00E9 "é" */
    0x0, 0x0, 0x0, 0x0, 0x6, 0x0, 0x0, 0x0,
    0x0, 0x0, 0x0, 0x0, 0x6f, 0xe7, 0x0, 0x0,
    0x0, 0x0, 0x0, 0x0, 0xef, 0xff, 0x40, 0x0,
    0x0, 0x0, 0x0, 0x7, 0xff, 0xf8, 0x0, 0x0,
    0x0, 0x0, 0x0, 0xe, 0xff, 0xc0, 0x0, 0x0,
    0x0, 0x0, 0x0, 0x7f, 0xfe, 0x10, 0x0, 0x0,
    0x0, 0x0, 0x0, 0x7f, 0xf5, 0x0, 0x0, 0x0,
    0x0, 0x0, 0x0, 0x0, 0x40, 0x0, 0x0, 0x0,
    0x0, 0x0, 0x0, 0x0, 0x0, 0x0, 0x0, 0x0,
    0x0, 0x0, 0x49, 0xdf, 0xfd, 0x93, 0x0, 0x0,
    0x0, 0xb, 0xff, 0xff, 0xff, 0xff, 0xa0, 0x0,
    0x0, 0xcf, 0xff, 0xff, 0xff, 0xff, 0xfb, 0x0,
    0x8, 0xff, 0xfe, 0x61, 0x15, 0xef, 0xff, 0x60,
    0x1f, 0xff, 0xf4, 0x0, 0x0, 0x4f, 0xff, 0xe0,
    0x5f, 0xff, 0xc0, 0x0, 0x0, 0xd, 0xff, 0xf3,
    0x9f, 0xff, 0x90, 0x0, 0x0, 0xa, 0xff, 0xf7,
    0xaf, 0xff, 0xff, 0xff, 0xff, 0xff, 0xff, 0xf8,
    0xbf, 0xff, 0xff, 0xff, 0xff, 0xff, 0xff, 0xf9,
    0xaf, 0xff, 0xda, 0xaa, 0xaa, 0xaa, 0xaa, 0xa6,
    0x9f, 0xff, 0x80, 0x0, 0x0, 0x0, 0x0, 0x0,
    0x5f, 0xff, 0xc0, 0x0, 0x0, 0x0, 0x10, 0x0,
    0xe, 0xff, 0xf5, 0x0, 0x0, 0x2, 0xea, 0x0,
    0x7, 0xff, 0xff, 0xa5, 0x45, 0x9f, 0xff, 0x90,
    0x0, 0xcf, 0xff, 0xff, 0xff, 0xff, 0xff, 0x80,
    0x0, 0xa, 0xff, 0xff, 0xff, 0xff, 0xf6, 0x0,
    0x0, 0x0, 0x39, 0xdf, 0xfe, 0xb6, 0x10, 0x0,

    /* U+00EA "ê" */
    0x0, 0x0, 0x0, 0x78, 0x88, 0x10, 0x0, 0x0,
    0x0, 0x0, 0x7, 0xff, 0xff, 0xc0, 0x0, 0x0,
    0x0, 0x0, 0x4f, 0xff, 0xff, 0xf9, 0x0, 0x0,
    0x0, 0x1, 0xef, 0xff, 0xcf, 0xff, 0x50, 0x0,
    0x0, 0xc, 0xff, 0xf3, 0xc, 0xff, 0xf2, 0x0,
    0x0, 0x7f, 0xff, 0x30, 0x1, 0xcf, 0xfc, 0x0,
    0x0, 0xb, 0xf3, 0x0, 0x0, 0x1c, 0xd2, 0x0,
    0x0, 0x0, 0x20, 0x0, 0x0, 0x1, 0x10, 0x0,
    0x0, 0x0, 0x0, 0x0, 0x0, 0x0, 0x0, 0x0,
    0x0, 0x0, 0x49, 0xdf, 0xfd, 0x93, 0x0, 0x0,
    0x0, 0xb, 0xff, 0xff, 0xff, 0xff, 0xa0, 0x0,
    0x0, 0xcf, 0xff, 0xff, 0xff, 0xff, 0xfb, 0x0,
    0x8, 0xff, 0xfe, 0x61, 0x15, 0xef, 0xff, 0x60,
    0x1f, 0xff, 0xf4, 0x0, 0x0, 0x4f, 0xff, 0xe0,
    0x5f, 0xff, 0xc0, 0x0, 0x0, 0xd, 0xff, 0xf3,
    0x9f, 0xff, 0x90, 0x0, 0x0, 0xa, 0xff, 0xf7,
    0xaf, 0xff, 0xff, 0xff, 0xff, 0xff, 0xff, 0xf8,
    0xbf, 0xff, 0xff, 0xff, 0xff, 0xff, 0xff, 0xf9,
    0xaf, 0xff, 0xda, 0xaa, 0xaa, 0xaa, 0xaa, 0xa6,
    0x9f, 0xff, 0x80, 0x0, 0x0, 0x0, 0x0, 0x0,
    0x5f, 0xff, 0xc0, 0x0, 0x0, 0x0, 0x10, 0x0,
    0xe, 0xff, 0xf5, 0x0, 0x0, 0x2, 0xea, 0x0,
    0x7, 0xff, 0xff, 0xa5, 0x45, 0x9f, 0xff, 0x90,
    0x0, 0xcf, 0xff, 0xff, 0xff, 0xff, 0xff, 0x80,
    0x0, 0xa, 0xff, 0xff, 0xff, 0xff, 0xf6, 0x0,
    0x0, 0x0, 0x39, 0xdf, 0xfe, 0xb6, 0x10, 0x0,

    /* U+00EB "ë" */
    0x0, 0xb, 0xfe, 0x60, 0x3, 0xdf, 0xd3, 0x0,
    0x0, 0x6f, 0xff, 0xf0, 0xb, 0xff, 0xfb, 0x0,
    0x0, 0x7f, 0xff, 0xf0, 0xb, 0xff, 0xfc, 0x0,
    0x0, 0x3f, 0xff, 0xb0, 0x7, 0xff, 0xf7, 0x0,
    0x0, 0x1, 0x54, 0x0, 0x0, 0x35, 0x30, 0x0,
    0x0, 0x0, 0x0, 0x0, 0x0, 0x0, 0x0, 0x0,
    0x0, 0x0, 0x0, 0x0, 0x0, 0x0, 0x0, 0x0,
    0x0, 0x0, 0x49, 0xdf, 0xfd, 0x93, 0x0, 0x0,
    0x0, 0xb, 0xff, 0xff, 0xff, 0xff, 0xa0, 0x0,
    0x0, 0xcf, 0xff, 0xff, 0xff, 0xff, 0xfb, 0x0,
    0x8, 0xff, 0xfe, 0x61, 0x15, 0xef, 0xff, 0x60,
    0x1f, 0xff, 0xf4, 0x0, 0x0, 0x4f, 0xff, 0xe0,
    0x5f, 0xff, 0xc0, 0x0, 0x0, 0xd, 0xff, 0xf3,
    0x9f, 0xff, 0x90, 0x0, 0x0, 0xa, 0xff, 0xf7,
    0xaf, 0xff, 0xff, 0xff, 0xff, 0xff, 0xff, 0xf8,
    0xbf, 0xff, 0xff, 0xff, 0xff, 0xff, 0xff, 0xf9,
    0xaf, 0xff, 0xda, 0xaa, 0xaa, 0xaa, 0xaa, 0xa6,
    0x9f, 0xff, 0x80, 0x0, 0x0, 0x0, 0x0, 0x0,
    0x5f, 0xff, 0xc0, 0x0, 0x0, 0x0, 0x10, 0x0,
    0xe, 0xff, 0xf5, 0x0, 0x0, 0x2, 0xea, 0x0,
    0x7, 0xff, 0xff, 0xa5, 0x45, 0x9f, 0xff, 0x90,
    0x0, 0xcf, 0xff, 0xff, 0xff, 0xff, 0xff, 0x80,
    0x0, 0xa, 0xff, 0xff, 0xff, 0xff, 0xf6, 0x0,
    0x0, 0x0, 0x39, 0xdf, 0xfe, 0xb6, 0x10, 0x0,

    /* U+00EC "ì" */
    0x0, 0x0, 0x0, 0x0, 0x18, 0xa0, 0x0, 0x8f,
    0xff, 0x30, 0x6, 0xff, 0xfb, 0x0, 0xa, 0xff,
    0xf4, 0x0, 0xd, 0xff, 0xc0, 0x0, 0x3f, 0xff,
    0x40, 0x0, 0x6e, 0x60, 0x0, 0x0, 0x0, 0x0,
    0x0, 0x0, 0x0, 0x0, 0xaf, 0xff, 0x70, 0xa,
    0xff, 0xf7, 0x0, 0xaf, 0xff, 0x70, 0xa, 0xff,
    0xf7, 0x0, 0xaf, 0xff, 0x70, 0xa, 0xff, 0xf7,
    0x0, 0xaf, 0xff, 0x70, 0xa, 0xff, 0xf7, 0x0,
    0xaf, 0xff, 0x70, 0xa, 0xff, 0xf7, 0x0, 0xaf,
    0xff, 0x70, 0xa, 0xff, 0xf7, 0x0, 0xaf, 0xff,
    0x70, 0xa, 0xff, 0xf7, 0x0, 0xaf, 0xff, 0x70,
    0xa, 0xff, 0xf7, 0x0, 0xaf, 0xff, 0x70,

    /* U+00ED "í" */
    0x0, 0x0, 0x0, 0x0, 0x0, 0xc7, 0x10, 0x0,
    0x5f, 0xff, 0x70, 0xd, 0xff, 0xf4, 0x5, 0xff,
    0xf8, 0x0, 0xdf, 0xfc, 0x0, 0x5f, 0xfe, 0x20,
    0x0, 0x7e, 0x50, 0x0, 0x0, 0x0, 0x0, 0x0,
    0x0, 0x0, 0x0, 0xaf, 0xff, 0x70, 0xa, 0xff,
    0xf7, 0x0, 0xaf, 0xff, 0x70, 0xa, 0xff, 0xf7,
    0x0, 0xaf, 0xff, 0x70, 0xa, 0xff, 0xf7, 0x0,
    0xaf, 0xff, 0x70, 0xa, 0xff, 0xf7, 0x0, 0xaf,
    0xff, 0x70, 0xa, 0xff, 0xf7, 0x0, 0xaf, 0xff,
    0x70, 0xa, 0xff, 0xf7, 0x0, 0xaf, 0xff, 0x70,
    0xa, 0xff, 0xf7, 0x0, 0xaf, 0xff, 0x70, 0xa,
    0xff, 0xf7, 0x0, 0xaf, 0xff, 0x70, 0x0,

    /* U+00EE "î" */
    0x0, 0x0, 0xcf, 0xff, 0xb0, 0x0, 0x0, 0x0,
    0xbf, 0xff, 0xff, 0x90, 0x0, 0x0, 0x9f, 0xff,
    0xef, 0xff, 0x70, 0x0, 0x6f, 0xff, 0x90, 0xaf,
    0xff, 0x50, 0x2f, 0xff, 0x70, 0x0, 0x9f, 0xff,
    0x10, 0x5f, 0x60, 0x0, 0x0, 0x7e, 0x40, 0x0,
    0x0, 0x0, 0x0, 0x0, 0x0, 0x0, 0x0, 0x0,
    0x0, 0x0, 0x0, 0x0, 0x0, 0x0, 0xaf, 0xff,
    0x70, 0x0, 0x0, 0x0, 0xa, 0xff, 0xf7, 0x0,
    0x0, 0x0, 0x0, 0xaf, 0xff, 0x70, 0x0, 0x0,
    0x0, 0xa, 0xff, 0xf7, 0x0, 0x0, 0x0, 0x0,
    0xaf, 0xff, 0x70, 0x0, 0x0, 0x0, 0xa, 0xff,
    0xf7, 0x0, 0x0, 0x0, 0x0, 0xaf, 0xff, 0x70,
    0x0, 0x0, 0x0, 0xa, 0xff, 0xf7, 0x0, 0x0,
    0x0, 0x0, 0xaf, 0xff, 0x70, 0x0, 0x0, 0x0,
    0xa, 0xff, 0xf7, 0x0, 0x0, 0x0, 0x0, 0xaf,
    0xff, 0x70, 0x0, 0x0, 0x0, 0xa, 0xff, 0xf7,
    0x0, 0x0, 0x0, 0x0, 0xaf, 0xff, 0x70, 0x0,
    0x0, 0x0, 0xa, 0xff, 0xf7, 0x0, 0x0, 0x0,
    0x0, 0xaf, 0xff, 0x70, 0x0, 0x0, 0x0, 0xa,
    0xff, 0xf7, 0x0, 0x0, 0x0, 0x0, 0xaf, 0xff,
    0x70, 0x0, 0x0,

    /* U+00EF "ï" */
    0x8, 0xef, 0xa0, 0x0, 0xbf, 0xe6, 0x1, 0xff,
    0xff, 0x40, 0x6f, 0xff, 0xf0, 0x2f, 0xff, 0xf5,
    0x7, 0xff, 0xff, 0x0, 0xdf, 0xfe, 0x10, 0x2f,
    0xff, 0xc0, 0x0, 0x44, 0x10, 0x0, 0x15, 0x40,
    0x0, 0x0, 0x0, 0x0, 0x0, 0x0, 0x0, 0x0,
    0x0, 0x0, 0x0, 0x0, 0x0, 0x0, 0x0, 0xa,
    0xff, 0xf7, 0x0, 0x0, 0x0, 0x0, 0xaf, 0xff,
    0x70, 0x0, 0x0, 0x0, 0xa, 0xff, 0xf7, 0x0,
    0x0, 0x0, 0x0, 0xaf, 0xff, 0x70, 0x0, 0x0,
    0x0, 0xa, 0xff, 0xf7, 0x0, 0x0, 0x0, 0x0,
    0xaf, 0xff, 0x70, 0x0, 0x0, 0x0, 0xa, 0xff,
    0xf7, 0x0, 0x0, 0x0, 0x0, 0xaf, 0xff, 0x70,
    0x0, 0x0, 0x0, 0xa, 0xff, 0xf7, 0x0, 0x0,
    0x0, 0x0, 0xaf, 0xff, 0x70, 0x0, 0x0, 0x0,
    0xa, 0xff, 0xf7, 0x0, 0x0, 0x0, 0x0, 0xaf,
    0xff, 0x70, 0x0, 0x0, 0x0, 0xa, 0xff, 0xf7,
    0x0, 0x0, 0x0, 0x0, 0xaf, 0xff, 0x70, 0x0,
    0x0, 0x0, 0xa, 0xff, 0xf7, 0x0, 0x0, 0x0,
    0x0, 0xaf, 0xff, 0x70, 0x0, 0x0, 0x0, 0xa,
    0xff, 0xf7, 0x0, 0x0,

    /* U+00F0 "ð" */
    0x0, 0x0, 0x0, 0x0, 0x0, 0x0, 0x20, 0x0,
    0x0, 0x8, 0xff, 0xff, 0xf9, 0x4, 0xde, 0x20,
    0x0, 0x0, 0x2, 0xcf, 0xff, 0xfd, 0xff, 0xf6,
    0x0, 0x0, 0x0, 0x0, 0x9f, 0xff, 0xff, 0xd3,
    0x0, 0x0, 0x0, 0x0, 0x1, 0xdf, 0xff, 0xfd,
    0x0, 0x0, 0x0, 0x0, 0x7, 0xff, 0xff, 0xff,
    0xfa, 0x0, 0x0, 0x0, 0x0, 0x7f, 0xe5, 0x4f,
    0xff, 0xf6, 0x0, 0x0, 0x0, 0x0, 0x71, 0x0,
    0x5f, 0xff, 0xe0, 0x0, 0x0, 0x0, 0x0, 0x11,
    0x0, 0xaf, 0xff, 0x80, 0x0, 0x0, 0x2a, 0xff,
    0xfe, 0x71, 0xff, 0xff, 0x10, 0x0, 0x5f, 0xff,
    0xff, 0xff, 0xb8, 0xff, 0xf6, 0x0, 0x2f, 0xff,
    0xff, 0xff, 0xff, 0xaf, 0xff, 0xb0, 0xb, 0xff,
    0xff, 0x61, 0x2, 0xaf, 0xff, 0xff, 0x2, 0xff,
    0xff, 0x50, 0x0, 0x0, 0xbf, 0xff, 0xf1, 0x6f,
    0xff, 0xd0, 0x0, 0x0, 0x3, 0xff, 0xff, 0x38,
    0xff, 0xfb, 0x0, 0x0, 0x0, 0xf, 0xff, 0xf4,
    0x9f, 0xff, 0xa0, 0x0, 0x0, 0x0, 0xff, 0xff,
    0x39, 0xff, 0xfa, 0x0, 0x0, 0x0, 0xf, 0xff,
    0xf2, 0x7f, 0xff, 0xb0, 0x0, 0x0, 0x1, 0xff,
    0xff, 0x3, 0xff, 0xfe, 0x0, 0x0, 0x0, 0x4f,
    0xff, 0xc0, 0xe, 0xff, 0xf6, 0x0, 0x0, 0xc,
    0xff, 0xf7, 0x0, 0x6f, 0xff, 0xf8, 0x32, 0x4b,
    0xff, 0xfe, 0x10, 0x0, 0xbf, 0xff, 0xff, 0xff,
    0xff, 0xff, 0x40, 0x0, 0x0, 0x9f, 0xff, 0xff,
    0xff, 0xff, 0x40, 0x0, 0x0, 0x0, 0x28, 0xce,
    0xfe, 0xc7, 0x10, 0x0, 0x0,

    /* U+00F1 "ñ" */
    0x0, 0x9, 0xef, 0xa1, 0x0, 0x0, 0x0, 0x0,
    0xc, 0xff, 0xff, 0xf7, 0x11, 0xb6, 0x0, 0x2,
    0xff, 0xff, 0xff, 0xff, 0xff, 0xf2, 0x0, 0x7,
    0xc2, 0x18, 0xff, 0xff, 0xfc, 0x0, 0x0, 0x0,
    0x0, 0x2, 0xaf, 0xf9, 0x0, 0x0, 0x0, 0x0,
    0x0, 0x0, 0x0, 0x0, 0x0, 0x0, 0x0, 0x0,
    0x0, 0x0, 0x0, 0x0, 0xa, 0xff, 0xf7, 0x3,
    0xbe, 0xfd, 0x91, 0x0, 0xaf, 0xff, 0x75, 0xff,
    0xff, 0xff, 0xe2, 0xa, 0xff, 0xf8, 0xff, 0xff,
    0xff, 0xff, 0xc0, 0xaf, 0xff, 0xff, 0x96, 0x7d,
    0xff, 0xff, 0x3a, 0xff, 0xfe, 0x20, 0x0, 0x1e,
    0xff, 0xf7, 0xaf, 0xff, 0x80, 0x0, 0x0, 0x9f,
    0xff, 0x9a, 0xff, 0xf7, 0x0, 0x0, 0x7, 0xff,
    0xfa, 0xaf, 0xff, 0x70, 0x0, 0x0, 0x7f, 0xff,
    0xaa, 0xff, 0xf7, 0x0, 0x0, 0x7, 0xff, 0xfa,
    0xaf, 0xff, 0x70, 0x0, 0x0, 0x7f, 0xff, 0xaa,
    0xff, 0xf7, 0x0, 0x0, 0x7, 0xff, 0xfa, 0xaf,
    0xff, 0x70, 0x0, 0x0, 0x7f, 0xff, 0xaa, 0xff,
    0xf7, 0x0, 0x0, 0x7, 0xff, 0xfa, 0xaf, 0xff,
    0x70, 0x0, 0x0, 0x7f, 0xff, 0xaa, 0xff, 0xf7,
    0x0, 0x0, 0x7, 0xff, 0xfa, 0xaf, 0xff, 0x70,
    0x0, 0x0, 0x7f, 0xff, 0xaa, 0xff, 0xf7, 0x0,
    0x0, 0x7, 0xff, 0xfa,

    /* U+00F2 "ò" */
    0x0, 0x0, 0x0, 0x51, 0x0, 0x0, 0x0, 0x0,
    0x0, 0x0, 0x6d, 0xf9, 0x0, 0x0, 0x0, 0x0,
    0x0, 0x2, 0xff, 0xff, 0x20, 0x0, 0x0, 0x0,
    0x0, 0x0, 0x5f, 0xff, 0xa0, 0x0, 0x0, 0x0,
    0x0, 0x0, 0x9, 0xff, 0xf2, 0x0, 0x0, 0x0,
    0x0, 0x0, 0x0, 0xdf, 0xfa, 0x0, 0x0, 0x0,
    0x0, 0x0, 0x0, 0x2f, 0xf9, 0x0, 0x0, 0x0,
    0x0, 0x0, 0x0, 0x4, 0x10, 0x0, 0x0, 0x0,
    0x0, 0x0, 0x0, 0x0, 0x0, 0x0, 0x0, 0x0,
    0x0, 0x0, 0x39, 0xdf, 0xfd, 0x93, 0x0, 0x0,
    0x0, 0xa, 0xff, 0xff, 0xff, 0xff, 0xa0, 0x0,
    0x0, 0xcf, 0xff, 0xff, 0xff, 0xff, 0xfc, 0x0,
    0x8, 0xff, 0xff, 0x95, 0x59, 0xff, 0xff, 0x80,
    0xf, 0xff, 0xf5, 0x0, 0x0, 0x5f, 0xff, 0xf1,
    0x5f, 0xff, 0xc0, 0x0, 0x0, 0xc, 0xff, 0xf5,
    0x9f, 0xff, 0x90, 0x0, 0x0, 0x9, 0xff, 0xf9,
    0xaf, 0xff, 0x80, 0x0, 0x0, 0x8, 0xff, 0xfb,
    0xbf, 0xff, 0x80, 0x0, 0x0, 0x8, 0xff, 0xfb,
    0xaf, 0xff, 0x80, 0x0, 0x0, 0x8, 0xff, 0xfb,
    0x9f, 0xff, 0x90, 0x0, 0x0, 0x9, 0xff, 0xf9,
    0x5f, 0xff, 0xc0, 0x0, 0x0, 0xc, 0xff, 0xf5,
    0xe, 0xff, 0xf4, 0x0, 0x0, 0x4f, 0xff, 0xf0,
    0x7, 0xff, 0xff, 0x95, 0x59, 0xff, 0xff, 0x80,
    0x0, 0xcf, 0xff, 0xff, 0xff, 0xff, 0xfc, 0x0,
    0x0, 0xa, 0xff, 0xff, 0xff, 0xff, 0xb0, 0x0,
    0x0, 0x0, 0x4a, 0xdf, 0xfd, 0xa4, 0x0, 0x0,

    /* U+00F3 "ó" */
    0x0, 0x0, 0x0, 0x0, 0x16, 0x0, 0x0, 0x0,
    0x0, 0x0, 0x0, 0x0, 0x8f, 0xe6, 0x0, 0x0,
    0x0, 0x0, 0x0, 0x1, 0xff, 0xff, 0x20, 0x0,
    0x0, 0x0, 0x0, 0x9, 0xff, 0xf6, 0x0, 0x0,
    0x0, 0x0, 0x0, 0x1f, 0xff, 0xa0, 0x0, 0x0,
    0x0, 0x0, 0x0, 0x9f, 0xfd, 0x0, 0x0, 0x0,
    0x0, 0x0, 0x0, 0x9f, 0xf3, 0x0, 0x0, 0x0,
    0x0, 0x0, 0x0, 0x1, 0x40, 0x0, 0x0, 0x0,
    0x0, 0x0, 0x0, 0x0, 0x0, 0x0, 0x0, 0x0,
    0x0, 0x0, 0x39, 0xdf, 0xfd, 0x93, 0x0, 0x0,
    0x0, 0xa, 0xff, 0xff, 0xff, 0xff, 0xa0, 0x0,
    0x0, 0xcf, 0xff, 0xff, 0xff, 0xff, 0xfc, 0x0,
    0x8, 0xff, 0xff, 0x95, 0x59, 0xff, 0xff, 0x80,
    0xf, 0xff, 0xf5, 0x0, 0x0, 0x5f, 0xff, 0xf1,
    0x5f, 0xff, 0xc0, 0x0, 0x0, 0xc, 0xff, 0xf5,
    0x9f, 0xff, 0x90, 0x0, 0x0, 0x9, 0xff, 0xf9,
    0xaf, 0xff, 0x80, 0x0, 0x0, 0x8, 0xff, 0xfb,
    0xbf, 0xff, 0x80, 0x0, 0x0, 0x8, 0xff, 0xfb,
    0xaf, 0xff, 0x80, 0x0, 0x0, 0x8, 0xff, 0xfb,
    0x9f, 0xff, 0x90, 0x0, 0x0, 0x9, 0xff, 0xf9,
    0x5f, 0xff, 0xc0, 0x0, 0x0, 0xc, 0xff, 0xf5,
    0xe, 0xff, 0xf4, 0x0, 0x0, 0x4f, 0xff, 0xf0,
    0x7, 0xff, 0xff, 0x95, 0x59, 0xff, 0xff, 0x80,
    0x0, 0xcf, 0xff, 0xff, 0xff, 0xff, 0xfc, 0x0,
    0x0, 0xa, 0xff, 0xff, 0xff, 0xff, 0xb0, 0x0,
    0x0, 0x0, 0x4a, 0xdf, 0xfd, 0xa4, 0x0, 0x0,

    /* U+00F4 "ô" */
    0x0, 0x0, 0x0, 0x78, 0x87, 0x0, 0x0, 0x0,
    0x0, 0x0, 0x9, 0xff, 0xff, 0xa0, 0x0, 0x0,
    0x0, 0x0, 0x6f, 0xff, 0xff, 0xf6, 0x0, 0x0,
    0x0, 0x3, 0xff, 0xfe, 0xdf, 0xff, 0x30, 0x0,
    0x0, 0x1d, 0xff, 0xe2, 0x1d, 0xff, 0xe1, 0x0,
    0x0, 0x9f, 0xfe, 0x20, 0x1, 0xdf, 0xfa, 0x0,
    0x0, 0x1c, 0xe2, 0x0, 0x0, 0x2e, 0xc1, 0x0,
    0x0, 0x0, 0x20, 0x0, 0x0, 0x1, 0x0, 0x0,
    0x0, 0x0, 0x0, 0x0, 0x0, 0x0, 0x0, 0x0,
    0x0, 0x0, 0x39, 0xdf, 0xfd, 0x93, 0x0, 0x0,
    0x0, 0xa, 0xff, 0xff, 0xff, 0xff, 0xa0, 0x0,
    0x0, 0xcf, 0xff, 0xff, 0xff, 0xff, 0xfc, 0x0,
    0x8, 0xff, 0xff, 0x95, 0x59, 0xff, 0xff, 0x80,
    0xf, 0xff, 0xf5, 0x0, 0x0, 0x5f, 0xff, 0xf1,
    0x5f, 0xff, 0xc0, 0x0, 0x0, 0xc, 0xff, 0xf5,
    0x9f, 0xff, 0x90, 0x0, 0x0, 0x9, 0xff, 0xf9,
    0xaf, 0xff, 0x80, 0x0, 0x0, 0x8, 0xff, 0xfb,
    0xbf, 0xff, 0x80, 0x0, 0x0, 0x8, 0xff, 0xfb,
    0xaf, 0xff, 0x80, 0x0, 0x0, 0x8, 0xff, 0xfb,
    0x9f, 0xff, 0x90, 0x0, 0x0, 0x9, 0xff, 0xf9,
    0x5f, 0xff, 0xc0, 0x0, 0x0, 0xc, 0xff, 0xf5,
    0xe, 0xff, 0xf4, 0x0, 0x0, 0x4f, 0xff, 0xf0,
    0x7, 0xff, 0xff, 0x95, 0x59, 0xff, 0xff, 0x80,
    0x0, 0xcf, 0xff, 0xff, 0xff, 0xff, 0xfc, 0x0,
    0x0, 0xa, 0xff, 0xff, 0xff, 0xff, 0xb0, 0x0,
    0x0, 0x0, 0x4a, 0xdf, 0xfd, 0xa4, 0x0, 0x0,

    /* U+00F5 "õ" */
    0x0, 0x3, 0xcf, 0xd6, 0x0, 0x0, 0x0, 0x0,
    0x0, 0x4f, 0xff, 0xff, 0xc4, 0x5, 0xd1, 0x0,
    0x0, 0xaf, 0xff, 0xff, 0xff, 0xff, 0xfa, 0x0,
    0x0, 0x1d, 0x60, 0x4c, 0xff, 0xff, 0xf5, 0x0,
    0x0, 0x0, 0x0, 0x0, 0x6d, 0xfd, 0x40, 0x0,
    0x0, 0x0, 0x0, 0x0, 0x0, 0x0, 0x0, 0x0,
    0x0, 0x0, 0x0, 0x0, 0x0, 0x0, 0x0, 0x0,
    0x0, 0x0, 0x39, 0xdf, 0xfd, 0x93, 0x0, 0x0,
    0x0, 0xa, 0xff, 0xff, 0xff, 0xff, 0xa0, 0x0,
    0x0, 0xcf, 0xff, 0xff, 0xff, 0xff, 0xfc, 0x0,
    0x8, 0xff, 0xff, 0x95, 0x59, 0xff, 0xff, 0x80,
    0xf, 0xff, 0xf5, 0x0, 0x0, 0x5f, 0xff, 0xf1,
    0x5f, 0xff, 0xc0, 0x0, 0x0, 0xc, 0xff, 0xf5,
    0x9f, 0xff, 0x90, 0x0, 0x0, 0x9, 0xff, 0xf9,
    0xaf, 0xff, 0x80, 0x0, 0x0, 0x8, 0xff, 0xfb,
    0xbf, 0xff, 0x80, 0x0, 0x0, 0x8, 0xff, 0xfb,
    0xaf, 0xff, 0x80, 0x0, 0x0, 0x8, 0xff, 0xfb,
    0x9f, 0xff, 0x90, 0x0, 0x0, 0x9, 0xff, 0xf9,
    0x5f, 0xff, 0xc0, 0x0, 0x0, 0xc, 0xff, 0xf5,
    0xe, 0xff, 0xf4, 0x0, 0x0, 0x4f, 0xff, 0xf0,
    0x7, 0xff, 0xff, 0x95, 0x59, 0xff, 0xff, 0x80,
    0x0, 0xcf, 0xff, 0xff, 0xff, 0xff, 0xfc, 0x0,
    0x0, 0xa, 0xff, 0xff, 0xff, 0xff, 0xb0, 0x0,
    0x0, 0x0, 0x4a, 0xdf, 0xfd, 0xa4, 0x0, 0x0,

    /* U+00F6 "ö" */
    0x0, 0x1c, 0xfe, 0x50, 0x4, 0xdf, 0xc2, 0x0,
    0x0, 0x8f, 0xff, 0xd0, 0xd, 0xff, 0xf9, 0x0,
    0x0, 0x9f, 0xff, 0xe0, 0xd, 0xff, 0xfa, 0x0,
    0x0, 0x4f, 0xff, 0x90, 0x9, 0xff, 0xf5, 0x0,
    0x0, 0x2, 0x53, 0x0, 0x0, 0x35, 0x20, 0x0,
    0x0, 0x0, 0x0, 0x0, 0x0, 0x0, 0x0, 0x0,
    0x0, 0x0, 0x0, 0x0, 0x0, 0x0, 0x0, 0x0,
    0x0, 0x0, 0x39, 0xdf, 0xfd, 0x93, 0x0, 0x0,
    0x0, 0xa, 0xff, 0xff, 0xff, 0xff, 0xa0, 0x0,
    0x0, 0xcf, 0xff, 0xff, 0xff, 0xff, 0xfc, 0x0,
    0x8, 0xff, 0xff, 0x95, 0x59, 0xff, 0xff, 0x80,
    0xf, 0xff, 0xf5, 0x0, 0x0, 0x5f, 0xff, 0xf1,
    0x5f, 0xff, 0xc0, 0x0, 0x0, 0xc, 0xff, 0xf5,
    0x9f, 0xff, 0x90, 0x0, 0x0, 0x9, 0xff, 0xf9,
    0xaf, 0xff, 0x80, 0x0, 0x0, 0x8, 0xff, 0xfb,
    0xbf, 0xff, 0x80, 0x0, 0x0, 0x8, 0xff, 0xfb,
    0xaf, 0xff, 0x80, 0x0, 0x0, 0x8, 0xff, 0xfb,
    0x9f, 0xff, 0x90, 0x0, 0x0, 0x9, 0xff, 0xf9,
    0x5f, 0xff, 0xc0, 0x0, 0x0, 0xc, 0xff, 0xf5,
    0xe, 0xff, 0xf4, 0x0, 0x0, 0x4f, 0xff, 0xf0,
    0x7, 0xff, 0xff, 0x95, 0x59, 0xff, 0xff, 0x80,
    0x0, 0xcf, 0xff, 0xff, 0xff, 0xff, 0xfc, 0x0,
    0x0, 0xa, 0xff, 0xff, 0xff, 0xff, 0xb0, 0x0,
    0x0, 0x0, 0x4a, 0xdf, 0xfd, 0xa4, 0x0, 0x0,

    /* U+00F7 "÷" */
    0x0, 0x0, 0x3, 0xdf, 0xd5, 0x0, 0x0, 0x0,
    0x0, 0x0, 0xd, 0xff, 0xff, 0x10, 0x0, 0x0,
    0x0, 0x0, 0xf, 0xff, 0xff, 0x20, 0x0, 0x0,
    0x0, 0x0, 0xc, 0xff, 0xfe, 0x0, 0x0, 0x0,
    0x0, 0x0, 0x1, 0x9b, 0x92, 0x0, 0x0, 0x0,
    0x0, 0x0, 0x0, 0x0, 0x0, 0x0, 0x0, 0x0,
    0x34, 0x44, 0x44, 0x44, 0x44, 0x44, 0x44, 0x40,
    0xdf, 0xff, 0xff, 0xff, 0xff, 0xff, 0xff, 0xf1,
    0xdf, 0xff, 0xff, 0xff, 0xff, 0xff, 0xff, 0xf1,
    0xdf, 0xff, 0xff, 0xff, 0xff, 0xff, 0xff, 0xf1,
    0x0, 0x0, 0x0, 0x0, 0x0, 0x0, 0x0, 0x0,
    0x0, 0x0, 0x0, 0x0, 0x0, 0x0, 0x0, 0x0,
    0x0, 0x0, 0x1, 0x9b, 0x92, 0x0, 0x0, 0x0,
    0x0, 0x0, 0xc, 0xff, 0xfe, 0x0, 0x0, 0x0,
    0x0, 0x0, 0xf, 0xff, 0xff, 0x20, 0x0, 0x0,
    0x0, 0x0, 0xd, 0xff, 0xff, 0x0, 0x0, 0x0,
    0x0, 0x0, 0x3, 0xdf, 0xe5, 0x0, 0x0, 0x0,

    /* U+00F8 "ø" */
    0x0, 0x0, 0x0, 0x0, 0x0, 0x0, 0x0, 0x0,
    0x0, 0x0, 0x0, 0x0, 0x0, 0x0, 0x0, 0x0,
    0x2d, 0x40, 0x0, 0x0, 0x3, 0x9d, 0xff, 0xea,
    0x41, 0xdf, 0xf5, 0x0, 0x0, 0x9f, 0xff, 0xff,
    0xff, 0xff, 0xff, 0xc0, 0x0, 0xa, 0xff, 0xff,
    0xff, 0xff, 0xff, 0xfe, 0x10, 0x0, 0x6f, 0xff,
    0xf7, 0x22, 0x5e, 0xff, 0xfa, 0x0, 0x0, 0xdf,
    0xff, 0x50, 0x0, 0x2e, 0xff, 0xff, 0x10, 0x3,
    0xff, 0xfd, 0x0, 0x1, 0xdf, 0xff, 0xff, 0x70,
    0x7, 0xff, 0xfa, 0x0, 0xb, 0xff, 0xbf, 0xff,
    0xb0, 0x8, 0xff, 0xf9, 0x0, 0xaf, 0xf9, 0x4f,
    0xff, 0xd0, 0x9, 0xff, 0xf9, 0x7, 0xff, 0xb0,
    0x4f, 0xff, 0xd0, 0x9, 0xff, 0xf9, 0x5f, 0xfd,
    0x0, 0x4f, 0xff, 0xd0, 0x7, 0xff, 0xfc, 0xff,
    0xe1, 0x0, 0x6f, 0xff, 0xb0, 0x3, 0xff, 0xff,
    0xff, 0x30, 0x0, 0x9f, 0xff, 0x70, 0x0, 0xef,
    0xff, 0xf4, 0x0, 0x1, 0xff, 0xff, 0x20, 0x0,
    0x6f, 0xff, 0xf7, 0x21, 0x5d, 0xff, 0xfa, 0x0,
    0x0, 0xcf, 0xff, 0xff, 0xff, 0xff, 0xff, 0xe1,
    0x0, 0x9, 0xff, 0xff, 0xff, 0xff, 0xff, 0xfc,
    0x10, 0x0, 0x2f, 0xff, 0x43, 0x9d, 0xff, 0xea,
    0x50, 0x0, 0x0, 0x2, 0xd6, 0x0, 0x0, 0x0,
    0x0, 0x0, 0x0, 0x0, 0x0, 0x0, 0x0, 0x0,
    0x0, 0x0, 0x0, 0x0, 0x0,

    /* U+00F9 "ù" */
    0x0, 0x0, 0x0, 0x0, 0x0, 0x0, 0x0, 0x0,
    0x0, 0x2, 0x99, 0x0, 0x0, 0x0, 0x0, 0x0,
    0x9, 0xff, 0xf2, 0x0, 0x0, 0x0, 0x0, 0x0,
    0x7f, 0xff, 0xa0, 0x0, 0x0, 0x0, 0x0, 0x0,
    0xbf, 0xff, 0x20, 0x0, 0x0, 0x0, 0x0, 0x1,
    0xef, 0xfa, 0x0, 0x0, 0x0, 0x0, 0x0, 0x4,
    0xff, 0xf2, 0x0, 0x0, 0x0, 0x0, 0x0, 0x8,
    0xd5, 0x0, 0x0, 0x0, 0x0, 0x0, 0x0, 0x0,
    0x0, 0x0, 0x0, 0x0, 0x0, 0x0, 0x0, 0x0,
    0x0, 0x0, 0x0, 0xdf, 0xff, 0x40, 0x0, 0x0,
    0xaf, 0xff, 0x7d, 0xff, 0xf4, 0x0, 0x0, 0xa,
    0xff, 0xf7, 0xdf, 0xff, 0x40, 0x0, 0x0, 0xaf,
    0xff, 0x7d, 0xff, 0xf4, 0x0, 0x0, 0xa, 0xff,
    0xf7, 0xdf, 0xff, 0x40, 0x0, 0x0, 0xaf, 0xff,
    0x7d, 0xff, 0xf4, 0x0, 0x0, 0xa, 0xff, 0xf7,
    0xdf, 0xff, 0x40, 0x0, 0x0, 0xaf, 0xff, 0x7d,
    0xff, 0xf4, 0x0, 0x0, 0xa, 0xff, 0xf7, 0xdf,
    0xff, 0x40, 0x0, 0x0, 0xaf, 0xff, 0x7d, 0xff,
    0xf4, 0x0, 0x0, 0xa, 0xff, 0xf7, 0xdf, 0xff,
    0x40, 0x0, 0x0, 0xaf, 0xff, 0x7c, 0xff, 0xf7,
    0x0, 0x0, 0xb, 0xff, 0xf7, 0xaf, 0xff, 0xd0,
    0x0, 0x4, 0xff, 0xff, 0x76, 0xff, 0xff, 0xc7,
    0x6a, 0xff, 0xff, 0xf7, 0xe, 0xff, 0xff, 0xff,
    0xfd, 0xaf, 0xff, 0x70, 0x4f, 0xff, 0xff, 0xff,
    0x3a, 0xff, 0xf7, 0x0, 0x2a, 0xef, 0xda, 0x20,
    0xaf, 0xff, 0x70,

    /* U+00FA "ú" */
    0x0, 0x0, 0x0, 0x0, 0x0, 0x0, 0x0, 0x0,
    0x0, 0x0, 0x0, 0xc, 0x70, 0x0, 0x0, 0x0,
    0x0, 0x0, 0x6, 0xff, 0xe6, 0x0, 0x0, 0x0,
    0x0, 0x0, 0xef, 0xff, 0x30, 0x0, 0x0, 0x0,
    0x0, 0x7f, 0xff, 0x70, 0x0, 0x0, 0x0, 0x0,
    0xe, 0xff, 0xb0, 0x0, 0x0, 0x0, 0x0, 0x7,
    0xff, 0xe1, 0x0, 0x0, 0x0, 0x0, 0x0, 0x18,
    0xe3, 0x0, 0x0, 0x0, 0x0, 0x0, 0x0, 0x0,
    0x0, 0x0, 0x0, 0x0, 0x0, 0x0, 0x0, 0x0,
    0x0, 0x0, 0x0, 0xdf, 0xff, 0x40, 0x0, 0x0,
    0xaf, 0xff, 0x7d, 0xff, 0xf4, 0x0, 0x0, 0xa,
    0xff, 0xf7, 0xdf, 0xff, 0x40, 0x0, 0x0, 0xaf,
    0xff, 0x7d, 0xff, 0xf4, 0x0, 0x0, 0xa, 0xff,
    0xf7, 0xdf, 0xff, 0x40, 0x0, 0x0, 0xaf, 0xff,
    0x7d, 0xff, 0xf4, 0x0, 0x0, 0xa, 0xff, 0xf7,
    0xdf, 0xff, 0x40, 0x0, 0x0, 0xaf, 0xff, 0x7d,
    0xff, 0xf4, 0x0, 0x0, 0xa, 0xff, 0xf7, 0xdf,
    0xff, 0x40, 0x0, 0x0, 0xaf, 0xff, 0x7d, 0xff,
    0xf4, 0x0, 0x0, 0xa, 0xff, 0xf7, 0xdf, 0xff,
    0x40, 0x0, 0x0, 0xaf, 0xff, 0x7c, 0xff, 0xf7,
    0x0, 0x0, 0xb, 0xff, 0xf7, 0xaf, 0xff, 0xd0,
    0x0, 0x4, 0xff, 0xff, 0x76, 0xff, 0xff, 0xc7,
    0x6a, 0xff, 0xff, 0xf7, 0xe, 0xff, 0xff, 0xff,
    0xfd, 0xaf, 0xff, 0x70, 0x4f, 0xff, 0xff, 0xff,
    0x3a, 0xff, 0xf7, 0x0, 0x2a, 0xef, 0xda, 0x20,
    0xaf, 0xff, 0x70,

    /* U+00FB "û" */
    0x0, 0x0, 0x5, 0x88, 0x83, 0x0, 0x0, 0x0,
    0x0, 0x5, 0xff, 0xff, 0xe1, 0x0, 0x0, 0x0,
    0x2, 0xff, 0xff, 0xff, 0xc0, 0x0, 0x0, 0x1,
    0xef, 0xff, 0x9f, 0xff, 0xa0, 0x0, 0x0, 0xcf,
    0xff, 0x30, 0x7f, 0xff, 0x70, 0x0, 0x4f, 0xfe,
    0x30, 0x0, 0x7f, 0xfe, 0x0, 0x0, 0x4d, 0x20,
    0x0, 0x0, 0x6c, 0x10, 0x0, 0x0, 0x0, 0x0,
    0x0, 0x0, 0x0, 0x0, 0x0, 0x0, 0x0, 0x0,
    0x0, 0x0, 0x0, 0xd, 0xff, 0xf4, 0x0, 0x0,
    0xa, 0xff, 0xf7, 0xdf, 0xff, 0x40, 0x0, 0x0,
    0xaf, 0xff, 0x7d, 0xff, 0xf4, 0x0, 0x0, 0xa,
    0xff, 0xf7, 0xdf, 0xff, 0x40, 0x0, 0x0, 0xaf,
    0xff, 0x7d, 0xff, 0xf4, 0x0, 0x0, 0xa, 0xff,
    0xf7, 0xdf, 0xff, 0x40, 0x0, 0x0, 0xaf, 0xff,
    0x7d, 0xff, 0xf4, 0x0, 0x0, 0xa, 0xff, 0xf7,
    0xdf, 0xff, 0x40, 0x0, 0x0, 0xaf, 0xff, 0x7d,
    0xff, 0xf4, 0x0, 0x0, 0xa, 0xff, 0xf7, 0xdf,
    0xff, 0x40, 0x0, 0x0, 0xaf, 0xff, 0x7d, 0xff,
    0xf4, 0x0, 0x0, 0xa, 0xff, 0xf7, 0xcf, 0xff,
    0x70, 0x0, 0x0, 0xbf, 0xff, 0x7a, 0xff, 0xfd,
    0x0, 0x0, 0x4f, 0xff, 0xf7, 0x6f, 0xff, 0xfc,
    0x76, 0xaf, 0xff, 0xff, 0x70, 0xef, 0xff, 0xff,
    0xff, 0xda, 0xff, 0xf7, 0x4, 0xff, 0xff, 0xff,
    0xf3, 0xaf, 0xff, 0x70, 0x2, 0xae, 0xfd, 0xa2,
    0xa, 0xff, 0xf7,

    /* U+00FC "ü" */
    0x0, 0x9f, 0xe9, 0x0, 0x1c, 0xfe, 0x50, 0x0,
    0x3f, 0xff, 0xf2, 0x7, 0xff, 0xfe, 0x0, 0x4,
    0xff, 0xff, 0x30, 0x8f, 0xff, 0xf0, 0x0, 0x1e,
    0xff, 0xe0, 0x4, 0xff, 0xfa, 0x0, 0x0, 0x14,
    0x40, 0x0, 0x2, 0x54, 0x0, 0x0, 0x0, 0x0,
    0x0, 0x0, 0x0, 0x0, 0x0, 0x0, 0x0, 0x0,
    0x0, 0x0, 0x0, 0x0, 0xd, 0xff, 0xf4, 0x0,
    0x0, 0xa, 0xff, 0xf7, 0xdf, 0xff, 0x40, 0x0,
    0x0, 0xaf, 0xff, 0x7d, 0xff, 0xf4, 0x0, 0x0,
    0xa, 0xff, 0xf7, 0xdf, 0xff, 0x40, 0x0, 0x0,
    0xaf, 0xff, 0x7d, 0xff, 0xf4, 0x0, 0x0, 0xa,
    0xff, 0xf7, 0xdf, 0xff, 0x40, 0x0, 0x0, 0xaf,
    0xff, 0x7d, 0xff, 0xf4, 0x0, 0x0, 0xa, 0xff,
    0xf7, 0xdf, 0xff, 0x40, 0x0, 0x0, 0xaf, 0xff,
    0x7d, 0xff, 0xf4, 0x0, 0x0, 0xa, 0xff, 0xf7,
    0xdf, 0xff, 0x40, 0x0, 0x0, 0xaf, 0xff, 0x7d,
    0xff, 0xf4, 0x0, 0x0, 0xa, 0xff, 0xf7, 0xcf,
    0xff, 0x70, 0x0, 0x0, 0xbf, 0xff, 0x7a, 0xff,
    0xfd, 0x0, 0x0, 0x4f, 0xff, 0xf7, 0x6f, 0xff,
    0xfc, 0x76, 0xaf, 0xff, 0xff, 0x70, 0xef, 0xff,
    0xff, 0xff, 0xda, 0xff, 0xf7, 0x4, 0xff, 0xff,
    0xff, 0xf3, 0xaf, 0xff, 0x70, 0x2, 0xae, 0xfd,
    0xa2, 0xa, 0xff, 0xf7,

    /* U+00FD "ý" */
    0x0, 0x0, 0x0, 0x0, 0x0, 0x0, 0x0, 0x0,
    0x0, 0x0, 0x0, 0x0, 0x0, 0xb8, 0x10, 0x0,
    0x0, 0x0, 0x0, 0x0, 0x0, 0x4f, 0xff, 0x70,
    0x0, 0x0, 0x0, 0x0, 0x0, 0xc, 0xff, 0xf5,
    0x0, 0x0, 0x0, 0x0, 0x0, 0x4, 0xff, 0xf9,
    0x0, 0x0, 0x0, 0x0, 0x0, 0x0, 0xcf, 0xfd,
    0x0, 0x0, 0x0, 0x0, 0x0, 0x0, 0x4f, 0xff,
    0x20, 0x0, 0x0, 0x0, 0x0, 0x0, 0x0, 0x7e,
    0x60, 0x0, 0x0, 0x0, 0x0, 0x0, 0x0, 0x0,
    0x0, 0x0, 0x0, 0x0, 0x0, 0x0, 0x0, 0x0,
    0x0, 0x0, 0x0, 0x0, 0x0, 0x8f, 0xff, 0x80,
    0x0, 0x0, 0x0, 0x8f, 0xff, 0x43, 0xff, 0xfd,
    0x0, 0x0, 0x0, 0xe, 0xff, 0xe0, 0xd, 0xff,
    0xf2, 0x0, 0x0, 0x3, 0xff, 0xf9, 0x0, 0x8f,
    0xff, 0x80, 0x0, 0x0, 0x8f, 0xff, 0x40, 0x2,
    0xff, 0xfd, 0x0, 0x0, 0xe, 0xff, 0xe0, 0x0,
    0xd, 0xff, 0xf2, 0x0, 0x3, 0xff, 0xf9, 0x0,
    0x0, 0x7f, 0xff, 0x80, 0x0, 0x8f, 0xff, 0x30,
    0x0, 0x2, 0xff, 0xfd, 0x0, 0xd, 0xff, 0xe0,
    0x0, 0x0, 0xc, 0xff, 0xf2, 0x3, 0xff, 0xf8,
    0x0, 0x0, 0x0, 0x7f, 0xff, 0x70, 0x7f, 0xff,
    0x30, 0x0, 0x0, 0x1, 0xff, 0xfb, 0xc, 0xff,
    0xd0, 0x0, 0x0, 0x0, 0xc, 0xff, 0xf1, 0xff,
    0xf8, 0x0, 0x0, 0x0, 0x0, 0x6f, 0xff, 0x8f,
    0xff, 0x20, 0x0, 0x0, 0x0, 0x1, 0xff, 0xff,
    0xff, 0xd0, 0x0, 0x0, 0x0, 0x0, 0xb, 0xff,
    0xff, 0xf7, 0x0, 0x0, 0x0, 0x0, 0x0, 0x6f,
    0xff, 0xff, 0x20, 0x0, 0x0, 0x0, 0x0, 0x1,
    0xff, 0xff, 0xc0, 0x0, 0x0, 0x0, 0x0, 0x0,
    0xd, 0xff, 0xf7, 0x0, 0x0, 0x0, 0x0, 0x0,
    0x1, 0xff, 0xff, 0x10, 0x0, 0x0, 0x0, 0x1,
    0x33, 0x8f, 0xff, 0xc0, 0x0, 0x0, 0x0, 0x0,
    0x8f, 0xff, 0xff, 0xf4, 0x0, 0x0, 0x0, 0x0,
    0x8, 0xff, 0xff, 0xfa, 0x0, 0x0, 0x0, 0x0,
    0x0, 0x8f, 0xff, 0xd7, 0x0, 0x0, 0x0, 0x0,
    0x0,

    /* U+00FE "þ" */
    0xaf, 0xff, 0x70, 0x0, 0x0, 0x0, 0x0, 0x0,
    0xaf, 0xff, 0x70, 0x0, 0x0, 0x0, 0x0, 0x0,
    0xaf, 0xff, 0x70, 0x0, 0x0, 0x0, 0x0, 0x0,
    0xaf, 0xff, 0x70, 0x0, 0x0, 0x0, 0x0, 0x0,
    0xaf, 0xff, 0x70, 0x0, 0x0, 0x0, 0x0, 0x0,
    0xaf, 0xff, 0x70, 0x0, 0x0, 0x0, 0x0, 0x0,
    0xaf, 0xff, 0x70, 0x0, 0x0, 0x0, 0x0, 0x0,
    0xaf, 0xff, 0x70, 0x3b, 0xef, 0xd9, 0x20, 0x0,
    0xaf, 0xff, 0x76, 0xff, 0xff, 0xff, 0xf6, 0x0,
    0xaf, 0xff, 0x9f, 0xff, 0xff, 0xff, 0xff, 0x40,
    0xaf, 0xff, 0xff, 0x96, 0x6b, 0xff, 0xff, 0xd0,
    0xaf, 0xff, 0xe2, 0x0, 0x0, 0x7f, 0xff, 0xf3,
    0xaf, 0xff, 0x90, 0x0, 0x0, 0xd, 0xff, 0xf7,
    0xaf, 0xff, 0x70, 0x0, 0x0, 0xa, 0xff, 0xfa,
    0xaf, 0xff, 0x70, 0x0, 0x0, 0x8, 0xff, 0xfb,
    0xaf, 0xff, 0x70, 0x0, 0x0, 0x8, 0xff, 0xfc,
    0xaf, 0xff, 0x70, 0x0, 0x0, 0x8, 0xff, 0xfb,
    0xaf, 0xff, 0x70, 0x0, 0x0, 0xa, 0xff, 0xfa,
    0xaf, 0xff, 0x90, 0x0, 0x0, 0xd, 0xff, 0xf7,
    0xaf, 0xff, 0xe1, 0x0, 0x0, 0x7f, 0xff, 0xf3,
    0xaf, 0xff, 0xff, 0x96, 0x6b, 0xff, 0xff, 0xd0,
    0xaf, 0xff, 0x9f, 0xff, 0xff, 0xff, 0xff, 0x40,
    0xaf, 0xff, 0x75, 0xff, 0xff, 0xff, 0xf6, 0x0,
    0xaf, 0xff, 0x70, 0x3b, 0xef, 0xd9, 0x20, 0x0,
    0xaf, 0xff, 0x70, 0x0, 0x0, 0x0, 0x0, 0x0,
    0xaf, 0xff, 0x70, 0x0, 0x0, 0x0, 0x0, 0x0,
    0xaf, 0xff, 0x70, 0x0, 0x0, 0x0, 0x0, 0x0,
    0xaf, 0xff, 0x70, 0x0, 0x0, 0x0, 0x0, 0x0,
    0xaf, 0xff, 0x70, 0x0, 0x0, 0x0, 0x0, 0x0,
    0xaf, 0xff, 0x70, 0x0, 0x0, 0x0, 0x0, 0x0,

    /* U+00FF "ÿ" */
    0x0, 0x7, 0xef, 0xb0, 0x0, 0xaf, 0xe7, 0x0,
    0x0, 0x1, 0xff, 0xff, 0x50, 0x5f, 0xff, 0xf1,
    0x0, 0x0, 0x1f, 0xff, 0xf6, 0x6, 0xff, 0xff,
    0x10, 0x0, 0x0, 0xcf, 0xff, 0x20, 0x2f, 0xff,
    0xc0, 0x0, 0x0, 0x0, 0x45, 0x10, 0x0, 0x15,
    0x40, 0x0, 0x0, 0x0, 0x0, 0x0, 0x0, 0x0,
    0x0, 0x0, 0x0, 0x0, 0x0, 0x0, 0x0, 0x0,
    0x0, 0x0, 0x0, 0x8, 0xff, 0xf8, 0x0, 0x0,
    0x0, 0x8, 0xff, 0xf4, 0x3f, 0xff, 0xd0, 0x0,
    0x0, 0x0, 0xef, 0xfe, 0x0, 0xdf, 0xff, 0x20,
    0x0, 0x0, 0x3f, 0xff, 0x90, 0x8, 0xff, 0xf8,
    0x0, 0x0, 0x8, 0xff, 0xf4, 0x0, 0x2f, 0xff,
    0xd0, 0x0, 0x0, 0xef, 0xfe, 0x0, 0x0, 0xdf,
    0xff, 0x20, 0x0, 0x3f, 0xff, 0x90, 0x0, 0x7,
    0xff, 0xf8, 0x0, 0x8, 0xff, 0xf3, 0x0, 0x0,
    0x2f, 0xff, 0xd0, 0x0, 0xdf, 0xfe, 0x0, 0x0,
    0x0, 0xcf, 0xff, 0x20, 0x3f, 0xff, 0x80, 0x0,
    0x0, 0x7, 0xff, 0xf7, 0x7, 0xff, 0xf3, 0x0,
    0x0, 0x0, 0x1f, 0xff, 0xb0, 0xcf, 0xfd, 0x0,
    0x0, 0x0, 0x0, 0xcf, 0xff, 0x1f, 0xff, 0x80,
    0x0, 0x0, 0x0, 0x6, 0xff, 0xf8, 0xff, 0xf2,
    0x0, 0x0, 0x0, 0x0, 0x1f, 0xff, 0xff, 0xfd,
    0x0, 0x0, 0x0, 0x0, 0x0, 0xbf, 0xff, 0xff,
    0x70, 0x0, 0x0, 0x0, 0x0, 0x6, 0xff, 0xff,
    0xf2, 0x0, 0x0, 0x0, 0x0, 0x0, 0x1f, 0xff,
    0xfc, 0x0, 0x0, 0x0, 0x0, 0x0, 0x0, 0xdf,
    0xff, 0x70, 0x0, 0x0, 0x0, 0x0, 0x0, 0x1f,
    0xff, 0xf1, 0x0, 0x0, 0x0, 0x0, 0x13, 0x38,
    0xff, 0xfc, 0x0, 0x0, 0x0, 0x0, 0x8, 0xff,
    0xff, 0xff, 0x40, 0x0, 0x0, 0x0, 0x0, 0x8f,
    0xff, 0xff, 0xa0, 0x0, 0x0, 0x0, 0x0, 0x8,
    0xff, 0xfd, 0x70, 0x0, 0x0, 0x0, 0x0,

    /* U+2013 "–" */
    0x57, 0x77, 0x77, 0x77, 0x77, 0x77, 0x77, 0x77,
    0x4d, 0xff, 0xff, 0xff, 0xff, 0xff, 0xff, 0xff,
    0xfa, 0xdf, 0xff, 0xff, 0xff, 0xff, 0xff, 0xff,
    0xff, 0xad, 0xff, 0xff, 0xff, 0xff, 0xff, 0xff,
    0xff, 0xfa,

    /* U+2014 "—" */
    0x57, 0x77, 0x77, 0x77, 0x77, 0x77, 0x77, 0x77,
    0x77, 0x77, 0x77, 0x5d, 0xff, 0xff, 0xff, 0xff,
    0xff, 0xff, 0xff, 0xff, 0xff, 0xff, 0xfd, 0xdf,
    0xff, 0xff, 0xff, 0xff, 0xff, 0xff, 0xff, 0xff,
    0xff, 0xff, 0xdd, 0xff, 0xff, 0xff, 0xff, 0xff,
    0xff, 0xff, 0xff, 0xff, 0xff, 0xfd,

    /* U+2015 "―" */
    0x77, 0x77, 0x77, 0x77, 0x77, 0x77, 0x77, 0x77,
    0x77, 0x77, 0x77, 0x77, 0x77, 0x77, 0x77, 0x77,
    0xff, 0xff, 0xff, 0xff, 0xff, 0xff, 0xff, 0xff,
    0xff, 0xff, 0xff, 0xff, 0xff, 0xff, 0xff, 0xff,
    0xff, 0xff, 0xff, 0xff, 0xff, 0xff, 0xff, 0xff,
    0xff, 0xff, 0xff, 0xff, 0xff, 0xff, 0xff, 0xff,
    0xff, 0xff, 0xff, 0xff, 0xff, 0xff, 0xff, 0xff,
    0xff, 0xff, 0xff, 0xff, 0xff, 0xff, 0xff, 0xff,

    /* U+2018 "‘" */
    0x0, 0x3e, 0xfa, 0x0, 0x1e, 0xfb, 0x0, 0xb,
    0xff, 0x10, 0x3, 0xff, 0x90, 0x0, 0x9f, 0xfe,
    0x40, 0xc, 0xff, 0xff, 0x0, 0xef, 0xff, 0xf1,
    0xc, 0xff, 0xff, 0x0, 0x3d, 0xfe, 0x60, 0x0,
    0x0, 0x0, 0x0,

    /* U+2019 "’" */
    0x1, 0xbf, 0xe6, 0x0, 0xaf, 0xff, 0xf2, 0xc,
    0xff, 0xff, 0x40, 0xaf, 0xff, 0xf2, 0x2, 0xdf,
    0xff, 0x0, 0x3, 0xff, 0x90, 0x0, 0xaf, 0xf2,
    0x0, 0x5f, 0xf7, 0x0, 0x4f, 0xf8, 0x0, 0x0,
    0x11, 0x0, 0x0,

    /* U+201A "‚" */
    0x0, 0x0, 0x0, 0x0, 0x2d, 0xff, 0x80, 0x9,
    0xff, 0xff, 0x20, 0xbf, 0xff, 0xf4, 0x9, 0xff,
    0xff, 0x20, 0x1a, 0xff, 0xf0, 0x0, 0x2f, 0xf9,
    0x0, 0xa, 0xff, 0x20, 0x6, 0xff, 0x70, 0x4,
    0xff, 0x80, 0x0,

    /* U+201C "“" */
    0x0, 0x3e, 0xfa, 0x0, 0x1, 0xdf, 0xc0, 0x1,
    0xef, 0xb0, 0x0, 0xd, 0xfd, 0x10, 0xb, 0xff,
    0x10, 0x0, 0x8f, 0xf4, 0x0, 0x3f, 0xf9, 0x0,
    0x1, 0xff, 0xc0, 0x0, 0x9f, 0xfe, 0x40, 0x6,
    0xff, 0xe7, 0x0, 0xcf, 0xff, 0xf0, 0x9, 0xff,
    0xff, 0x20, 0xef, 0xff, 0xf1, 0xb, 0xff, 0xff,
    0x40, 0xcf, 0xff, 0xf0, 0x9, 0xff, 0xff, 0x20,
    0x3d, 0xfe, 0x60, 0x2, 0xcf, 0xf8, 0x0, 0x0,
    0x0, 0x0, 0x0, 0x0, 0x0, 0x0,

    /* U+201D "”" */
    0x1, 0xbf, 0xe6, 0x0, 0xa, 0xee, 0x90, 0xa,
    0xff, 0xff, 0x20, 0x6f, 0xff, 0xf5, 0xc, 0xff,
    0xff, 0x40, 0x8f, 0xff, 0xf7, 0xa, 0xff, 0xff,
    0x20, 0x7f, 0xff, 0xf5, 0x2, 0xdf, 0xff, 0x0,
    0x1b, 0xff, 0xf3, 0x0, 0x3f, 0xf9, 0x0, 0x0,
    0xff, 0xd0, 0x0, 0xaf, 0xf2, 0x0, 0x7, 0xff,
    0x50, 0x5, 0xff, 0x70, 0x0, 0x2f, 0xfa, 0x0,
    0x4f, 0xf8, 0x0, 0x2, 0xef, 0xb0, 0x0, 0x1,
    0x10, 0x0, 0x0, 0x11, 0x0, 0x0,

    /* U+201E "„" */
    0x0, 0x0, 0x0, 0x0, 0x0, 0x0, 0x0, 0x2,
    0xdf, 0xf8, 0x0, 0xb, 0xff, 0xb0, 0x9, 0xff,
    0xff, 0x20, 0x6f, 0xff, 0xf5, 0xb, 0xff, 0xff,
    0x40, 0x8f, 0xff, 0xf7, 0x9, 0xff, 0xff, 0x20,
    0x5f, 0xff, 0xf5, 0x1, 0xaf, 0xff, 0x0, 0x9,
    0xff, 0xf3, 0x0, 0x2f, 0xf9, 0x0, 0x0, 0xef,
    0xd0, 0x0, 0xaf, 0xf2, 0x0, 0x7, 0xff, 0x50,
    0x6, 0xff, 0x70, 0x0, 0x3f, 0xfa, 0x0, 0x4f,
    0xf8, 0x0, 0x2, 0xef, 0xb0, 0x0,

    /* U+2020 "†" */
    0x0, 0x0, 0x4, 0xff, 0xf3, 0x0, 0x0, 0x0,
    0x0, 0x0, 0x4f, 0xff, 0x30, 0x0, 0x0, 0x0,
    0x0, 0x4, 0xff, 0xf3, 0x0, 0x0, 0x0, 0x0,
    0x0, 0x4f, 0xff, 0x30, 0x0, 0x0, 0x0, 0x0,
    0x4, 0xff, 0xf3, 0x0, 0x0, 0x0, 0x0, 0x0,
    0x4f, 0xff, 0x30, 0x0, 0x0, 0x0, 0x0, 0x4,
    0xff, 0xf3, 0x0, 0x0, 0xf, 0xff, 0xff, 0xff,
    0xff, 0xff, 0xff, 0xff, 0xff, 0xff, 0xff, 0xff,
    0xff, 0xff, 0xff, 0xff, 0xff, 0xff, 0xff, 0xff,
    0xff, 0xff, 0xff, 0x0, 0x0, 0x4, 0xff, 0xf4,
    0x0, 0x0, 0x0, 0x0, 0x0, 0x4f, 0xff, 0x30,
    0x0, 0x0, 0x0, 0x0, 0x4, 0xff, 0xf3, 0x0,
    0x0, 0x0, 0x0, 0x0, 0x4f, 0xff, 0x30, 0x0,
    0x0, 0x0, 0x0, 0x4, 0xff, 0xf3, 0x0, 0x0,
    0x0, 0x0, 0x0, 0x4f, 0xff, 0x30, 0x0, 0x0,
    0x0, 0x0, 0x4, 0xff, 0xf3, 0x0, 0x0, 0x0,
    0x0, 0x0, 0x4f, 0xff, 0x30, 0x0, 0x0, 0x0,
    0x0, 0x4, 0xff, 0xf3, 0x0, 0x0, 0x0, 0x0,
    0x0, 0x4f, 0xff, 0x30, 0x0, 0x0, 0x0, 0x0,
    0x4, 0xff, 0xf3, 0x0, 0x0, 0x0, 0x0, 0x0,
    0x4f, 0xff, 0x30, 0x0, 0x0, 0x0, 0x0, 0x4,
    0xff, 0xf3, 0x0, 0x0, 0x0, 0x0, 0x0, 0x4f,
    0xff, 0x30, 0x0, 0x0, 0x0, 0x0, 0x4, 0xff,
    0xf3, 0x0, 0x0, 0x0, 0x0, 0x0, 0x4f, 0xff,
    0x30, 0x0, 0x0, 0x0, 0x0, 0x4, 0xff, 0xf3,
    0x0, 0x0, 0x0, 0x0, 0x0, 0x4f, 0xff, 0x30,
    0x0, 0x0, 0x0, 0x0, 0x4, 0xff, 0xf3, 0x0,
    0x0, 0x0, 0x0, 0x0, 0x4f, 0xff, 0x30, 0x0,
    0x0,

    /* U+2021 "‡" */
    0x0, 0x0, 0x0, 0xff, 0xf7, 0x0, 0x0, 0x0,
    0x0, 0x0, 0x0, 0xff, 0xf7, 0x0, 0x0, 0x0,
    0x0, 0x0, 0x0, 0xff, 0xf7, 0x0, 0x0, 0x0,
    0x0, 0x0, 0x0, 0xff, 0xf7, 0x0, 0x0, 0x0,
    0x0, 0x0, 0x0, 0xff, 0xf7, 0x0, 0x0, 0x0,
    0x0, 0x0, 0x0, 0xff, 0xf7, 0x0, 0x0, 0x0,
    0x0, 0x0, 0x0, 0xff, 0xf7, 0x0, 0x0, 0x0,
    0xbf, 0xff, 0xff, 0xff, 0xff, 0xff, 0xff, 0xf2,
    0xbf, 0xff, 0xff, 0xff, 0xff, 0xff, 0xff, 0xf2,
    0xbf, 0xff, 0xff, 0xff, 0xff, 0xff, 0xff, 0xf2,
    0x0, 0x0, 0x0, 0xff, 0xf7, 0x0, 0x0, 0x0,
    0x0, 0x0, 0x0, 0xff, 0xf7, 0x0, 0x0, 0x0,
    0x0, 0x0, 0x0, 0xff, 0xf7, 0x0, 0x0, 0x0,
    0x0, 0x0, 0x0, 0xff, 0xf7, 0x0, 0x0, 0x0,
    0x0, 0x0, 0x0, 0xff, 0xf7, 0x0, 0x0, 0x0,
    0x0, 0x0, 0x0, 0xff, 0xf7, 0x0, 0x0, 0x0,
    0x0, 0x0, 0x0, 0xff, 0xf7, 0x0, 0x0, 0x0,
    0x0, 0x0, 0x0, 0xff, 0xf7, 0x0, 0x0, 0x0,
    0x0, 0x0, 0x0, 0xff, 0xf7, 0x0, 0x0, 0x0,
    0x0, 0x0, 0x0, 0xff, 0xf7, 0x0, 0x0, 0x0,
    0xbf, 0xff, 0xff, 0xff, 0xff, 0xff, 0xff, 0xf2,
    0xbf, 0xff, 0xff, 0xff, 0xff, 0xff, 0xff, 0xf2,
    0xbf, 0xff, 0xff, 0xff, 0xff, 0xff, 0xff, 0xf2,
    0x0, 0x0, 0x0, 0xff, 0xf7, 0x0, 0x0, 0x0,
    0x0, 0x0, 0x0, 0xff, 0xf7, 0x0, 0x0, 0x0,
    0x0, 0x0, 0x0, 0xff, 0xf7, 0x0, 0x0, 0x0,
    0x0, 0x0, 0x0, 0xff, 0xf7, 0x0, 0x0, 0x0,
    0x0, 0x0, 0x0, 0xff, 0xf7, 0x0, 0x0, 0x0,
    0x0, 0x0, 0x0, 0xff, 0xf7, 0x0, 0x0, 0x0,
    0x0, 0x0, 0x0, 0xff, 0xf7, 0x0, 0x0, 0x0,

    /* U+2022 "•" */
    0x1, 0x8c, 0xdd, 0xa4, 0x0, 0x2e, 0xff, 0xff,
    0xff, 0x70, 0x9f, 0xff, 0xff, 0xff, 0xf1, 0xdf,
    0xff, 0xff, 0xff, 0xf4, 0xef, 0xff, 0xff, 0xff,
    0xf5, 0xdf, 0xff, 0xff, 0xff, 0xf4, 0xaf, 0xff,
    0xff, 0xff, 0xf1, 0x3f, 0xff, 0xff, 0xff, 0x90,
    0x2, 0xae, 0xff, 0xc6, 0x0,

    /* U+2026 "…" */
    0x0, 0x32, 0x0, 0x0, 0x0, 0x3, 0x20, 0x0,
    0x0, 0x0, 0x22, 0x0, 0x3e, 0xff, 0xa0, 0x0,
    0x2, 0xef, 0xfc, 0x0, 0x0, 0x1d, 0xff, 0xd1,
    0xbf, 0xff, 0xf3, 0x0, 0x9, 0xff, 0xff, 0x50,
    0x0, 0x7f, 0xff, 0xf7, 0xcf, 0xff, 0xf5, 0x0,
    0xa, 0xff, 0xff, 0x70, 0x0, 0x8f, 0xff, 0xf8,
    0xaf, 0xff, 0xf2, 0x0, 0x8, 0xff, 0xff, 0x40,
    0x0, 0x6f, 0xff, 0xf6, 0x1b, 0xfe, 0x70, 0x0,
    0x0, 0xaf, 0xe8, 0x0, 0x0, 0x9, 0xee, 0xa0,

    /* U+2039 "‹" */
    0x0, 0x0, 0x2, 0x30, 0x0, 0x0, 0x4e, 0xc0,
    0x0, 0x5, 0xff, 0xf3, 0x0, 0x8f, 0xff, 0xc0,
    0xa, 0xff, 0xfd, 0x10, 0xaf, 0xff, 0xe2, 0x0,
    0xdf, 0xfe, 0x20, 0x0, 0xdf, 0xfb, 0x0, 0x0,
    0xdf, 0xff, 0x90, 0x0, 0x4f, 0xff, 0xf7, 0x0,
    0x2, 0xef, 0xff, 0x60, 0x0, 0x1c, 0xff, 0xf3,
    0x0, 0x0, 0xbf, 0xf0, 0x0, 0x0, 0x8, 0x80,
    0x0, 0x0, 0x0, 0x0,

    /* U+203A "›" */
    0x3, 0x20, 0x0, 0x0, 0xc, 0xe4, 0x0, 0x0,
    0x3f, 0xff, 0x60, 0x0, 0xc, 0xff, 0xf8, 0x0,
    0x1, 0xdf, 0xff, 0xa0, 0x0, 0x1e, 0xff, 0xfb,
    0x0, 0x2, 0xef, 0xfd, 0x0, 0x0, 0xbf, 0xfd,
    0x0, 0x8, 0xff, 0xfd, 0x0, 0x7f, 0xff, 0xf4,
    0x6, 0xff, 0xfe, 0x30, 0x3f, 0xff, 0xc1, 0x0,
    0xe, 0xfb, 0x0, 0x0, 0x8, 0x90, 0x0, 0x0,
    0x0, 0x0, 0x0, 0x0,

    /* U+2190 "←" */
    0x0, 0x0, 0x0, 0x3, 0x40, 0x0, 0x0, 0x0,
    0x0, 0x0, 0x0, 0x0, 0x0, 0x0, 0x0, 0x3f,
    0xf4, 0x0, 0x0, 0x0, 0x0, 0x0, 0x0, 0x0,
    0x0, 0x0, 0x3, 0xff, 0xff, 0x10, 0x0, 0x0,
    0x0, 0x0, 0x0, 0x0, 0x0, 0x0, 0x3f, 0xff,
    0xf5, 0x0, 0x0, 0x0, 0x0, 0x0, 0x0, 0x0,
    0x0, 0x3, 0xff, 0xff, 0x50, 0x0, 0x0, 0x0,
    0x0, 0x0, 0x0, 0x0, 0x0, 0x3f, 0xff, 0xf4,
    0x0, 0x0, 0x0, 0x0, 0x0, 0x0, 0x0, 0x0,
    0x3, 0xff, 0xff, 0xfe, 0xff, 0xff, 0xff, 0xff,
    0xff, 0xff, 0xff, 0xf6, 0x1f, 0xff, 0xff, 0xff,
    0xff, 0xff, 0xff, 0xff, 0xff, 0xff, 0xff, 0xf6,
    0x7, 0xff, 0xff, 0xff, 0xff, 0xff, 0xff, 0xff,
    0xff, 0xff, 0xff, 0xf6, 0x0, 0x7f, 0xff, 0xe5,
    0x45, 0x55, 0x55, 0x55, 0x55, 0x55, 0x55, 0x52,
    0x0, 0x7, 0xff, 0xfd, 0x20, 0x0, 0x0, 0x0,
    0x0, 0x0, 0x0, 0x0, 0x0, 0x0, 0x7f, 0xff,
    0xe2, 0x0, 0x0, 0x0, 0x0, 0x0, 0x0, 0x0,
    0x0, 0x0, 0x7, 0xff, 0xfe, 0x10, 0x0, 0x0,
    0x0, 0x0, 0x0, 0x0, 0x0, 0x0, 0x0, 0x7f,
    0xf8, 0x0, 0x0, 0x0, 0x0, 0x0, 0x0, 0x0,
    0x0, 0x0, 0x0, 0x7, 0x80, 0x0, 0x0, 0x0,
    0x0, 0x0, 0x0, 0x0,

    /* U+2191 "↑" */
    0x0, 0x0, 0x0, 0x6, 0x20, 0x0, 0x0, 0x0,
    0x0, 0x0, 0x0, 0x6f, 0xe2, 0x0, 0x0, 0x0,
    0x0, 0x0, 0x6, 0xff, 0xfe, 0x20, 0x0, 0x0,
    0x0, 0x0, 0x6f, 0xff, 0xff, 0xe2, 0x0, 0x0,
    0x0, 0x6, 0xff, 0xff, 0xff, 0xfe, 0x20, 0x0,
    0x0, 0x6f, 0xff, 0xff, 0xff, 0xff, 0xe2, 0x0,
    0x6, 0xff, 0xfd, 0xdf, 0xfb, 0xff, 0xfe, 0x20,
    0x4f, 0xff, 0xe2, 0xdf, 0xf6, 0x7f, 0xff, 0xd0,
    0xa, 0xfe, 0x30, 0xef, 0xf7, 0x8, 0xff, 0x50,
    0x0, 0x93, 0x0, 0xef, 0xf7, 0x0, 0x85, 0x0,
    0x0, 0x0, 0x0, 0xef, 0xf8, 0x0, 0x0, 0x0,
    0x0, 0x0, 0x0, 0xef, 0xf8, 0x0, 0x0, 0x0,
    0x0, 0x0, 0x0, 0xef, 0xf8, 0x0, 0x0, 0x0,
    0x0, 0x0, 0x0, 0xef, 0xf8, 0x0, 0x0, 0x0,
    0x0, 0x0, 0x0, 0xef, 0xf8, 0x0, 0x0, 0x0,
    0x0, 0x0, 0x0, 0xef, 0xf8, 0x0, 0x0, 0x0,
    0x0, 0x0, 0x0, 0xef, 0xf8, 0x0, 0x0, 0x0,
    0x0, 0x0, 0x0, 0xef, 0xf8, 0x0, 0x0, 0x0,
    0x0, 0x0, 0x0, 0xef, 0xf8, 0x0, 0x0, 0x0,
    0x0, 0x0, 0x0, 0xef, 0xf8, 0x0, 0x0, 0x0,
    0x0, 0x0, 0x0, 0xef, 0xf8, 0x0, 0x0, 0x0,
    0x0, 0x0, 0x0, 0xef, 0xf8, 0x0, 0x0, 0x0,
    0x0, 0x0, 0x0, 0xef, 0xf8, 0x0, 0x0, 0x0,

    /* U+2192 "→" */
    0x0, 0x0, 0x0, 0x0, 0x0, 0x0, 0x0, 0x3,
    0x40, 0x0, 0x0, 0x0, 0x0, 0x0, 0x0, 0x0,
    0x0, 0x0, 0x0, 0x3f, 0xf4, 0x0, 0x0, 0x0,
    0x0, 0x0, 0x0, 0x0, 0x0, 0x0, 0x1, 0xef,
    0xff, 0x40, 0x0, 0x0, 0x0, 0x0, 0x0, 0x0,
    0x0, 0x0, 0x0, 0x5f, 0xff, 0xf4, 0x0, 0x0,
    0x0, 0x0, 0x0, 0x0, 0x0, 0x0, 0x0, 0x5,
    0xff, 0xff, 0x40, 0x0, 0x0, 0x0, 0x0, 0x0,
    0x0, 0x0, 0x0, 0x0, 0x4e, 0xff, 0xf4, 0x0,
    0x5f, 0xff, 0xff, 0xff, 0xff, 0xff, 0xff, 0xff,
    0xff, 0xff, 0xff, 0x40, 0x5f, 0xff, 0xff, 0xff,
    0xff, 0xff, 0xff, 0xff, 0xff, 0xff, 0xff, 0xf2,
    0x5f, 0xff, 0xff, 0xff, 0xff, 0xff, 0xff, 0xff,
    0xff, 0xff, 0xff, 0x80, 0x15, 0x55, 0x55, 0x55,
    0x55, 0x55, 0x55, 0x54, 0x5e, 0xff, 0xf8, 0x0,
    0x0, 0x0, 0x0, 0x0, 0x0, 0x0, 0x0, 0x2,
    0xdf, 0xff, 0x80, 0x0, 0x0, 0x0, 0x0, 0x0,
    0x0, 0x0, 0x0, 0x2e, 0xff, 0xf8, 0x0, 0x0,
    0x0, 0x0, 0x0, 0x0, 0x0, 0x0, 0x1, 0xef,
    0xff, 0x80, 0x0, 0x0, 0x0, 0x0, 0x0, 0x0,
    0x0, 0x0, 0x0, 0x7f, 0xf8, 0x0, 0x0, 0x0,
    0x0, 0x0, 0x0, 0x0, 0x0, 0x0, 0x0, 0x7,
    0x80, 0x0, 0x0, 0x0,

    /* U+2193 "↓" */
    0x0, 0x0, 0x0, 0x45, 0x52, 0x0, 0x0, 0x0,
    0x0, 0x0, 0x0, 0xef, 0xf8, 0x0, 0x0, 0x0,
    0x0, 0x0, 0x0, 0xef, 0xf8, 0x0, 0x0, 0x0,
    0x0, 0x0, 0x0, 0xef, 0xf8, 0x0, 0x0, 0x0,
    0x0, 0x0, 0x0, 0xef, 0xf8, 0x0, 0x0, 0x0,
    0x0, 0x0, 0x0, 0xef, 0xf8, 0x0, 0x0, 0x0,
    0x0, 0x0, 0x0, 0xef, 0xf8, 0x0, 0x0, 0x0,
    0x0, 0x0, 0x0, 0xef, 0xf8, 0x0, 0x0, 0x0,
    0x0, 0x0, 0x0, 0xef, 0xf8, 0x0, 0x0, 0x0,
    0x0, 0x0, 0x0, 0xef, 0xf8, 0x0, 0x0, 0x0,
    0x0, 0x0, 0x0, 0xef, 0xf8, 0x0, 0x0, 0x0,
    0x0, 0x0, 0x0, 0xef, 0xf8, 0x0, 0x0, 0x0,
    0x0, 0x0, 0x0, 0xef, 0xf8, 0x0, 0x0, 0x0,
    0x0, 0x10, 0x0, 0xef, 0xf8, 0x0, 0x0, 0x0,
    0x2, 0xe7, 0x0, 0xef, 0xf7, 0x1, 0xca, 0x0,
    0x2e, 0xff, 0x70, 0xdf, 0xf7, 0x1c, 0xff, 0x90,
    0x2e, 0xff, 0xf6, 0xcf, 0xf6, 0xcf, 0xff, 0xa0,
    0x2, 0xef, 0xff, 0xef, 0xfe, 0xff, 0xfa, 0x0,
    0x0, 0x2e, 0xff, 0xff, 0xff, 0xff, 0xa0, 0x0,
    0x0, 0x2, 0xef, 0xff, 0xff, 0xfa, 0x0, 0x0,
    0x0, 0x0, 0x2e, 0xff, 0xff, 0xa0, 0x0, 0x0,
    0x0, 0x0, 0x2, 0xef, 0xfa, 0x0, 0x0, 0x0,
    0x0, 0x0, 0x0, 0x2e, 0xa0, 0x0, 0x0, 0x0,
    0x0, 0x0, 0x0, 0x2, 0x0, 0x0, 0x0, 0x0,

    /* U+2194 "↔" */
    0x0, 0x0, 0x0, 0x3, 0x40, 0x0, 0x0, 0x0,
    0x70, 0x0, 0x0, 0x0, 0x0, 0x0, 0x0, 0x3f,
    0xf4, 0x0, 0x0, 0xc, 0xf9, 0x0, 0x0, 0x0,
    0x0, 0x0, 0x3, 0xff, 0xff, 0x10, 0x0, 0xaf,
    0xff, 0x90, 0x0, 0x0, 0x0, 0x0, 0x3f, 0xff,
    0xf5, 0x0, 0x0, 0x1d, 0xff, 0xf9, 0x0, 0x0,
    0x0, 0x3, 0xff, 0xff, 0x50, 0x0, 0x0, 0x1,
    0xdf, 0xff, 0x90, 0x0, 0x0, 0x3f, 0xff, 0xf4,
    0x0, 0x0, 0x0, 0x0, 0x1c, 0xff, 0xf9, 0x0,
    0x3, 0xff, 0xff, 0xfe, 0xff, 0xff, 0xff, 0xff,
    0xfe, 0xff, 0xff, 0x90, 0x1f, 0xff, 0xff, 0xff,
    0xff, 0xff, 0xff, 0xff, 0xff, 0xff, 0xff, 0xf7,
    0x7, 0xff, 0xff, 0xff, 0xff, 0xff, 0xff, 0xff,
    0xff, 0xff, 0xff, 0xc1, 0x0, 0x7f, 0xff, 0xe5,
    0x45, 0x55, 0x55, 0x55, 0x4a, 0xff, 0xfc, 0x10,
    0x0, 0x7, 0xff, 0xfd, 0x20, 0x0, 0x0, 0x0,
    0xaf, 0xff, 0xc1, 0x0, 0x0, 0x0, 0x7f, 0xff,
    0xe2, 0x0, 0x0, 0xa, 0xff, 0xfc, 0x10, 0x0,
    0x0, 0x0, 0x7, 0xff, 0xfe, 0x10, 0x0, 0x9f,
    0xff, 0xc1, 0x0, 0x0, 0x0, 0x0, 0x0, 0x7f,
    0xf8, 0x0, 0x0, 0x3e, 0xfc, 0x10, 0x0, 0x0,
    0x0, 0x0, 0x0, 0x7, 0x80, 0x0, 0x0, 0x3,
    0xb1, 0x0, 0x0, 0x0,

    /* U+2195 "↕" */
    0x0, 0x0, 0x0, 0x6, 0x20, 0x0, 0x0, 0x0,
    0x0, 0x0, 0x0, 0x6f, 0xe2, 0x0, 0x0, 0x0,
    0x0, 0x0, 0x6, 0xff, 0xfe, 0x20, 0x0, 0x0,
    0x0, 0x0, 0x6f, 0xff, 0xff, 0xe2, 0x0, 0x0,
    0x0, 0x6, 0xff, 0xff, 0xff, 0xfe, 0x20, 0x0,
    0x0, 0x6f, 0xff, 0xff, 0xff, 0xff, 0xe2, 0x0,
    0x6, 0xff, 0xfd, 0xdf, 0xfb, 0xff, 0xfe, 0x20,
    0x4f, 0xff, 0xe2, 0xdf, 0xf6, 0x7f, 0xff, 0xd0,
    0xa, 0xfe, 0x30, 0xef, 0xf7, 0x8, 0xff, 0x50,
    0x0, 0x93, 0x0, 0xef, 0xf7, 0x0, 0x85, 0x0,
    0x0, 0x0, 0x0, 0xef, 0xf8, 0x0, 0x0, 0x0,
    0x0, 0x0, 0x0, 0xef, 0xf8, 0x0, 0x0, 0x0,
    0x0, 0x0, 0x0, 0xef, 0xf8, 0x0, 0x0, 0x0,
    0x0, 0x10, 0x0, 0xef, 0xf8, 0x0, 0x0, 0x0,
    0x2, 0xe7, 0x0, 0xef, 0xf7, 0x1, 0xca, 0x0,
    0x2e, 0xff, 0x70, 0xdf, 0xf7, 0x1c, 0xff, 0x90,
    0x2e, 0xff, 0xf6, 0xcf, 0xf6, 0xcf, 0xff, 0xa0,
    0x2, 0xef, 0xff, 0xef, 0xfe, 0xff, 0xfa, 0x0,
    0x0, 0x2e, 0xff, 0xff, 0xff, 0xff, 0xa0, 0x0,
    0x0, 0x2, 0xef, 0xff, 0xff, 0xfa, 0x0, 0x0,
    0x0, 0x0, 0x2e, 0xff, 0xff, 0xa0, 0x0, 0x0,
    0x0, 0x0, 0x2, 0xef, 0xfa, 0x0, 0x0, 0x0,
    0x0, 0x0, 0x0, 0x2e, 0xa0, 0x0, 0x0, 0x0,
    0x0, 0x0, 0x0, 0x2, 0x0, 0x0, 0x0, 0x0,

    /* U+2196 "↖" */
    0xf, 0xff, 0xff, 0xff, 0xff, 0xf5, 0x0, 0x0,
    0x0, 0x0, 0xff, 0xff, 0xff, 0xff, 0xff, 0x50,
    0x0, 0x0, 0x0, 0xf, 0xff, 0xff, 0xff, 0xff,
    0xf5, 0x0, 0x0, 0x0, 0x0, 0xff, 0xff, 0xfb,
    0x33, 0x44, 0x10, 0x0, 0x0, 0x0, 0xf, 0xff,
    0xff, 0xfa, 0x0, 0x0, 0x0, 0x0, 0x0, 0x0,
    0xff, 0xfc, 0xff, 0xfb, 0x0, 0x0, 0x0, 0x0,
    0x0, 0xf, 0xff, 0x2d, 0xff, 0xfb, 0x0, 0x0,
    0x0, 0x0, 0x0, 0xff, 0xf2, 0x1d, 0xff, 0xfb,
    0x0, 0x0, 0x0, 0x0, 0xf, 0xff, 0x20, 0x1d,
    0xff, 0xfb, 0x0, 0x0, 0x0, 0x0, 0xff, 0xf2,
    0x0, 0x1d, 0xff, 0xfb, 0x0, 0x0, 0x0, 0x7,
    0x77, 0x10, 0x0, 0x1d, 0xff, 0xfb, 0x0, 0x0,
    0x0, 0x0, 0x0, 0x0, 0x0, 0x1d, 0xff, 0xfb,
    0x0, 0x0, 0x0, 0x0, 0x0, 0x0, 0x0, 0x1d,
    0xff, 0xfb, 0x0, 0x0, 0x0, 0x0, 0x0, 0x0,
    0x0, 0x1d, 0xff, 0xfb, 0x0, 0x0, 0x0, 0x0,
    0x0, 0x0, 0x0, 0x1d, 0xff, 0xfb, 0x0, 0x0,
    0x0, 0x0, 0x0, 0x0, 0x0, 0x1d, 0xff, 0xa0,
    0x0, 0x0, 0x0, 0x0, 0x0, 0x0, 0x0, 0x1d,
    0x90, 0x0, 0x0, 0x0, 0x0, 0x0, 0x0, 0x0,
    0x0, 0x10, 0x0,

    /* U+2197 "↗" */
    0x0, 0x0, 0x0, 0x4, 0xff, 0xff, 0xff, 0xff,
    0xff, 0x10, 0x0, 0x0, 0x0, 0x5f, 0xff, 0xff,
    0xff, 0xff, 0xf1, 0x0, 0x0, 0x0, 0x5, 0xff,
    0xff, 0xff, 0xff, 0xff, 0x10, 0x0, 0x0, 0x0,
    0x14, 0x43, 0x3a, 0xff, 0xff, 0xf1, 0x0, 0x0,
    0x0, 0x0, 0x0, 0xa, 0xff, 0xff, 0xff, 0x10,
    0x0, 0x0, 0x0, 0x0, 0xb, 0xff, 0xfc, 0xff,
    0xf1, 0x0, 0x0, 0x0, 0x0, 0xb, 0xff, 0xfd,
    0x1f, 0xff, 0x10, 0x0, 0x0, 0x0, 0xb, 0xff,
    0xfd, 0x11, 0xff, 0xf1, 0x0, 0x0, 0x0, 0xb,
    0xff, 0xfd, 0x10, 0x2f, 0xff, 0x10, 0x0, 0x0,
    0xb, 0xff, 0xfd, 0x10, 0x2, 0xff, 0xf1, 0x0,
    0x0, 0xb, 0xff, 0xfd, 0x10, 0x0, 0x7, 0x77,
    0x0, 0x0, 0xb, 0xff, 0xfd, 0x10, 0x0, 0x0,
    0x0, 0x0, 0x0, 0xb, 0xff, 0xfd, 0x10, 0x0,
    0x0, 0x0, 0x0, 0x0, 0xb, 0xff, 0xfd, 0x10,
    0x0, 0x0, 0x0, 0x0, 0x0, 0xb, 0xff, 0xfd,
    0x10, 0x0, 0x0, 0x0, 0x0, 0x0, 0x0, 0x9f,
    0xfd, 0x10, 0x0, 0x0, 0x0, 0x0, 0x0, 0x0,
    0x0, 0x9d, 0x10, 0x0, 0x0, 0x0, 0x0, 0x0,
    0x0, 0x0, 0x0, 0x10, 0x0, 0x0, 0x0, 0x0,
    0x0, 0x0, 0x0,

    /* U+2198 "↘" */
    0x0, 0x0, 0x0, 0x0, 0x0, 0x0, 0x0, 0x0,
    0x0, 0x0, 0x5, 0xb0, 0x0, 0x0, 0x0, 0x0,
    0x0, 0x0, 0x0, 0x5, 0xff, 0xb0, 0x0, 0x0,
    0x0, 0x0, 0x0, 0x0, 0x0, 0xdf, 0xff, 0xb0,
    0x0, 0x0, 0x0, 0x0, 0x0, 0x0, 0x1, 0xdf,
    0xff, 0xb0, 0x0, 0x0, 0x0, 0x0, 0x0, 0x0,
    0x1, 0xdf, 0xff, 0xb0, 0x0, 0x0, 0x0, 0x0,
    0x0, 0x0, 0x1, 0xdf, 0xff, 0xb0, 0x0, 0x0,
    0x0, 0x0, 0x0, 0x0, 0x1, 0xdf, 0xff, 0xb0,
    0x0, 0x0, 0x33, 0x30, 0x0, 0x0, 0x1, 0xdf,
    0xff, 0xb0, 0x0, 0x1f, 0xff, 0x10, 0x0, 0x0,
    0x1, 0xdf, 0xff, 0xb0, 0x1, 0xff, 0xf1, 0x0,
    0x0, 0x0, 0x1, 0xdf, 0xff, 0xb0, 0x1f, 0xff,
    0x10, 0x0, 0x0, 0x0, 0x1, 0xdf, 0xff, 0xa0,
    0xff, 0xf1, 0x0, 0x0, 0x0, 0x0, 0x1, 0xdf,
    0xff, 0x9f, 0xff, 0x10, 0x0, 0x0, 0x0, 0x0,
    0x1, 0xdf, 0xff, 0xff, 0xf1, 0x0, 0x0, 0x0,
    0x0, 0x0, 0x1, 0xcf, 0xff, 0xff, 0x10, 0x0,
    0x0, 0x0, 0x4f, 0xff, 0xee, 0xff, 0xff, 0xf1,
    0x0, 0x0, 0x0, 0x4, 0xff, 0xff, 0xff, 0xff,
    0xff, 0x10, 0x0, 0x0, 0x0, 0x4f, 0xff, 0xff,
    0xff, 0xff, 0xf1, 0x0, 0x0, 0x0, 0x0, 0x33,
    0x33, 0x33, 0x33, 0x33, 0x0,

    /* U+2199 "↙" */
    0x0, 0x0, 0x0, 0x0, 0x0, 0x0, 0x0, 0x0,
    0x0, 0x0, 0x0, 0x0, 0x0, 0x0, 0x0, 0x0,
    0x0, 0xb6, 0x0, 0x0, 0x0, 0x0, 0x0, 0x0,
    0x0, 0x0, 0xbf, 0xf6, 0x0, 0x0, 0x0, 0x0,
    0x0, 0x0, 0x0, 0xbf, 0xff, 0xd0, 0x0, 0x0,
    0x0, 0x0, 0x0, 0x0, 0xbf, 0xff, 0xd1, 0x0,
    0x0, 0x0, 0x0, 0x0, 0x0, 0xbf, 0xff, 0xd1,
    0x0, 0x0, 0x0, 0x0, 0x0, 0x0, 0xbf, 0xff,
    0xd1, 0x0, 0x0, 0x44, 0x40, 0x0, 0x0, 0xbf,
    0xff, 0xd1, 0x0, 0x0, 0xf, 0xff, 0x20, 0x0,
    0xbf, 0xff, 0xd1, 0x0, 0x0, 0x0, 0xff, 0xf2,
    0x0, 0xbf, 0xff, 0xd1, 0x0, 0x0, 0x0, 0xf,
    0xff, 0x20, 0xbf, 0xff, 0xd1, 0x0, 0x0, 0x0,
    0x0, 0xff, 0xf1, 0xaf, 0xff, 0xd1, 0x0, 0x0,
    0x0, 0x0, 0xf, 0xff, 0x9f, 0xff, 0xd1, 0x0,
    0x0, 0x0, 0x0, 0x0, 0xff, 0xff, 0xff, 0xd1,
    0x0, 0x0, 0x0, 0x0, 0x0, 0xf, 0xff, 0xff,
    0xc1, 0x0, 0x0, 0x0, 0x0, 0x0, 0x0, 0xff,
    0xff, 0xff, 0xff, 0xff, 0x50, 0x0, 0x0, 0x0,
    0xf, 0xff, 0xff, 0xff, 0xff, 0xf5, 0x0, 0x0,
    0x0, 0x0, 0xff, 0xff, 0xff, 0xff, 0xff, 0x50,
    0x0, 0x0, 0x0, 0x2, 0x22, 0x22, 0x22, 0x22,
    0x20, 0x0, 0x0, 0x0, 0x0,

    /* U+21A9 "↩" */
    0x0, 0x0, 0x0, 0x0, 0x0, 0x0, 0x0, 0x0,
    0x32, 0x0, 0x0, 0x0, 0x0, 0x0, 0x0, 0x0,
    0x0, 0x0, 0x0, 0x0, 0xff, 0xe9, 0x10, 0x0,
    0x0, 0x0, 0x0, 0x0, 0x0, 0x0, 0x0, 0x0,
    0xff, 0xff, 0xf4, 0x0, 0x0, 0x0, 0x0, 0x0,
    0x0, 0x0, 0x0, 0x0, 0xef, 0xff, 0xff, 0x30,
    0x0, 0x0, 0x0, 0x6, 0x30, 0x0, 0x0, 0x0,
    0x3, 0xcf, 0xff, 0xb0, 0x0, 0x0, 0x0, 0x6f,
    0xe3, 0x0, 0x0, 0x0, 0x0, 0x1e, 0xff, 0xf0,
    0x0, 0x0, 0x6, 0xff, 0xfd, 0x0, 0x0, 0x0,
    0x0, 0xa, 0xff, 0xf2, 0x0, 0x0, 0x6f, 0xff,
    0xf3, 0x0, 0x0, 0x0, 0x0, 0xa, 0xff, 0xf2,
    0x0, 0x6, 0xff, 0xfe, 0x30, 0x0, 0x0, 0x0,
    0x0, 0x2f, 0xff, 0xf1, 0x0, 0x6f, 0xff, 0xd2,
    0x1, 0x11, 0x11, 0x11, 0x25, 0xdf, 0xff, 0xb0,
    0x6, 0xff, 0xff, 0xff, 0xff, 0xff, 0xff, 0xff,
    0xff, 0xff, 0xff, 0x30, 0x3f, 0xff, 0xff, 0xff,
    0xff, 0xff, 0xff, 0xff, 0xff, 0xff, 0xf4, 0x0,
    0x9, 0xff, 0xff, 0xff, 0xff, 0xff, 0xff, 0xff,
    0xff, 0xf9, 0x10, 0x0, 0x0, 0x9f, 0xff, 0xd3,
    0x34, 0x44, 0x44, 0x44, 0x42, 0x0, 0x0, 0x0,
    0x0, 0x9, 0xff, 0xfd, 0x10, 0x0, 0x0, 0x0,
    0x0, 0x0, 0x0, 0x0, 0x0, 0x0, 0x9f, 0xff,
    0xd1, 0x0, 0x0, 0x0, 0x0, 0x0, 0x0, 0x0,
    0x0, 0x0, 0x9, 0xff, 0xfd, 0x0, 0x0, 0x0,
    0x0, 0x0, 0x0, 0x0, 0x0, 0x0, 0x0, 0x9f,
    0xf5, 0x0, 0x0, 0x0, 0x0, 0x0, 0x0, 0x0,
    0x0, 0x0, 0x0, 0x9, 0x50, 0x0, 0x0, 0x0,
    0x0, 0x0, 0x0, 0x0,

    /* U+21AA "↪" */
    0x0, 0x0, 0x0, 0x23, 0x0, 0x0, 0x0, 0x0,
    0x0, 0x0, 0x0, 0x0, 0x0, 0x2, 0x9e, 0xff,
    0x0, 0x0, 0x0, 0x0, 0x0, 0x0, 0x0, 0x0,
    0x0, 0x5f, 0xff, 0xff, 0x0, 0x0, 0x0, 0x0,
    0x0, 0x0, 0x0, 0x0, 0x3, 0xff, 0xff, 0xfe,
    0x0, 0x0, 0x0, 0x0, 0x0, 0x0, 0x0, 0x0,
    0xb, 0xff, 0xfc, 0x30, 0x0, 0x0, 0x0, 0x3,
    0x60, 0x0, 0x0, 0x0, 0x1f, 0xff, 0xe1, 0x0,
    0x0, 0x0, 0x0, 0x3f, 0xf6, 0x0, 0x0, 0x0,
    0x2f, 0xff, 0xa0, 0x0, 0x0, 0x0, 0x0, 0xdf,
    0xff, 0x60, 0x0, 0x0, 0x3f, 0xff, 0xa0, 0x0,
    0x0, 0x0, 0x0, 0x3f, 0xff, 0xf6, 0x0, 0x0,
    0x1f, 0xff, 0xf1, 0x0, 0x0, 0x0, 0x0, 0x3,
    0xef, 0xff, 0x60, 0x0, 0xb, 0xff, 0xfd, 0x52,
    0x11, 0x11, 0x11, 0x10, 0x2d, 0xff, 0xf6, 0x0,
    0x3, 0xff, 0xff, 0xff, 0xff, 0xff, 0xff, 0xff,
    0xff, 0xff, 0xff, 0x60, 0x0, 0x5f, 0xff, 0xff,
    0xff, 0xff, 0xff, 0xff, 0xff, 0xff, 0xff, 0xf3,
    0x0, 0x2, 0x9f, 0xff, 0xff, 0xff, 0xff, 0xff,
    0xff, 0xff, 0xff, 0x80, 0x0, 0x0, 0x0, 0x24,
    0x44, 0x44, 0x44, 0x43, 0x3d, 0xff, 0xf9, 0x0,
    0x0, 0x0, 0x0, 0x0, 0x0, 0x0, 0x0, 0x1,
    0xdf, 0xff, 0x90, 0x0, 0x0, 0x0, 0x0, 0x0,
    0x0, 0x0, 0x0, 0x1d, 0xff, 0xf9, 0x0, 0x0,
    0x0, 0x0, 0x0, 0x0, 0x0, 0x0, 0x0, 0xdf,
    0xff, 0x90, 0x0, 0x0, 0x0, 0x0, 0x0, 0x0,
    0x0, 0x0, 0x0, 0x5f, 0xf9, 0x0, 0x0, 0x0,
    0x0, 0x0, 0x0, 0x0, 0x0, 0x0, 0x0, 0x5,
    0x90, 0x0, 0x0, 0x0,

    /* U+21B0 "↰" */
    0x0, 0x0, 0x0, 0x6, 0x10, 0x0, 0x0, 0x0,
    0x0, 0x0, 0x0, 0x0, 0x8f, 0xd1, 0x0, 0x0,
    0x0, 0x0, 0x0, 0x0, 0x8, 0xff, 0xfb, 0x0,
    0x0, 0x0, 0x0, 0x0, 0x0, 0x8f, 0xff, 0xe2,
    0x0, 0x0, 0x0, 0x0, 0x0, 0x8, 0xff, 0xfe,
    0x20, 0x0, 0x0, 0x0, 0x0, 0x0, 0x8f, 0xff,
    0xc1, 0x0, 0x11, 0x11, 0x11, 0x10, 0x8, 0xff,
    0xff, 0xff, 0xff, 0xff, 0xff, 0xff, 0xf1, 0x6f,
    0xff, 0xff, 0xff, 0xff, 0xff, 0xff, 0xff, 0xf1,
    0xc, 0xff, 0xff, 0xff, 0xff, 0xff, 0xff, 0xff,
    0xf1, 0x0, 0xcf, 0xff, 0xb4, 0x45, 0x55, 0x58,
    0xff, 0xf1, 0x0, 0xc, 0xff, 0xfb, 0x0, 0x0,
    0x5, 0xff, 0xf1, 0x0, 0x0, 0xcf, 0xff, 0xb0,
    0x0, 0x5, 0xff, 0xf1, 0x0, 0x0, 0xc, 0xff,
    0xfa, 0x0, 0x5, 0xff, 0xf1, 0x0, 0x0, 0x0,
    0xcf, 0xf3, 0x0, 0x5, 0xff, 0xf1, 0x0, 0x0,
    0x0, 0xb, 0x30, 0x0, 0x5, 0xff, 0xf1, 0x0,
    0x0, 0x0, 0x0, 0x0, 0x0, 0x5, 0xff, 0xf1,
    0x0, 0x0, 0x0, 0x0, 0x0, 0x0, 0x5, 0xff,
    0xf1, 0x0, 0x0, 0x0, 0x0, 0x0, 0x0, 0x5,
    0xff, 0xf1, 0x0, 0x0, 0x0, 0x0, 0x0, 0x0,
    0x5, 0xff, 0xf1, 0x0, 0x0, 0x0, 0x0, 0x0,
    0x0, 0x5, 0xff, 0xf1, 0x0, 0x0, 0x0, 0x0,
    0x0, 0x0, 0x5, 0xff, 0xf1, 0x0, 0x0, 0x0,
    0x0, 0x0, 0x0, 0x5, 0xff, 0xf1, 0x0, 0x0,
    0x0, 0x0, 0x0, 0x0, 0x5, 0xff, 0xf1,

    /* U+21B1 "↱" */
    0x0, 0x0, 0x0, 0x0, 0x1, 0x70, 0x0, 0x0,
    0x0, 0x0, 0x0, 0x0, 0x0, 0x1c, 0xf9, 0x0,
    0x0, 0x0, 0x0, 0x0, 0x0, 0x0, 0xaf, 0xff,
    0x90, 0x0, 0x0, 0x0, 0x0, 0x0, 0x0, 0x1d,
    0xff, 0xf9, 0x0, 0x0, 0x0, 0x0, 0x0, 0x0,
    0x1, 0xdf, 0xff, 0x90, 0x0, 0x1, 0x11, 0x11,
    0x11, 0x0, 0x1c, 0xff, 0xf9, 0x0, 0xf, 0xff,
    0xff, 0xff, 0xff, 0xfe, 0xff, 0xff, 0x90, 0xf,
    0xff, 0xff, 0xff, 0xff, 0xff, 0xff, 0xff, 0xf7,
    0xf, 0xff, 0xff, 0xff, 0xff, 0xff, 0xff, 0xff,
    0xc1, 0xf, 0xff, 0x95, 0x55, 0x55, 0x4b, 0xff,
    0xfc, 0x10, 0xf, 0xff, 0x60, 0x0, 0x0, 0xaf,
    0xff, 0xc0, 0x0, 0xf, 0xff, 0x60, 0x0, 0xa,
    0xff, 0xfc, 0x0, 0x0, 0xf, 0xff, 0x60, 0x0,
    0x9f, 0xff, 0xc0, 0x0, 0x0, 0xf, 0xff, 0x60,
    0x0, 0x3e, 0xfc, 0x0, 0x0, 0x0, 0xf, 0xff,
    0x60, 0x0, 0x3, 0xb0, 0x0, 0x0, 0x0, 0xf,
    0xff, 0x60, 0x0, 0x0, 0x0, 0x0, 0x0, 0x0,
    0xf, 0xff, 0x60, 0x0, 0x0, 0x0, 0x0, 0x0,
    0x0, 0xf, 0xff, 0x60, 0x0, 0x0, 0x0, 0x0,
    0x0, 0x0, 0xf, 0xff, 0x60, 0x0, 0x0, 0x0,
    0x0, 0x0, 0x0, 0xf, 0xff, 0x60, 0x0, 0x0,
    0x0, 0x0, 0x0, 0x0, 0xf, 0xff, 0x60, 0x0,
    0x0, 0x0, 0x0, 0x0, 0x0, 0xf, 0xff, 0x60,
    0x0, 0x0, 0x0, 0x0, 0x0, 0x0, 0xf, 0xff,
    0x60, 0x0, 0x0, 0x0, 0x0, 0x0, 0x0,

    /* U+21B2 "↲" */
    0x0, 0x0, 0x0, 0x0, 0x0, 0x0, 0x0, 0x22,
    0x20, 0x0, 0x0, 0x0, 0x0, 0x0, 0x0, 0x5,
    0xff, 0xf1, 0x0, 0x0, 0x0, 0x0, 0x0, 0x0,
    0x5, 0xff, 0xf1, 0x0, 0x0, 0x0, 0x0, 0x0,
    0x0, 0x5, 0xff, 0xf1, 0x0, 0x0, 0x0, 0x0,
    0x0, 0x0, 0x5, 0xff, 0xf1, 0x0, 0x0, 0x0,
    0x0, 0x0, 0x0, 0x5, 0xff, 0xf1, 0x0, 0x0,
    0x0, 0x0, 0x0, 0x0, 0x5, 0xff, 0xf1, 0x0,
    0x0, 0x0, 0x0, 0x0, 0x0, 0x5, 0xff, 0xf1,
    0x0, 0x0, 0x0, 0x0, 0x0, 0x0, 0x5, 0xff,
    0xf1, 0x0, 0x0, 0x0, 0x1d, 0x50, 0x0, 0x5,
    0xff, 0xf1, 0x0, 0x0, 0x1, 0xdf, 0xf5, 0x0,
    0x5, 0xff, 0xf1, 0x0, 0x0, 0x1d, 0xff, 0xf9,
    0x0, 0x5, 0xff, 0xf1, 0x0, 0x1, 0xdf, 0xff,
    0x90, 0x0, 0x5, 0xff, 0xf1, 0x0, 0x1d, 0xff,
    0xf9, 0x0, 0x0, 0x5, 0xff, 0xf1, 0x1, 0xdf,
    0xff, 0xb5, 0x67, 0x77, 0x79, 0xff, 0xf1, 0x1d,
    0xff, 0xff, 0xff, 0xff, 0xff, 0xff, 0xff, 0xf1,
    0x5f, 0xff, 0xff, 0xff, 0xff, 0xff, 0xff, 0xff,
    0xf1, 0x6, 0xff, 0xff, 0xdd, 0xee, 0xff, 0xff,
    0xff, 0xf1, 0x0, 0x6f, 0xff, 0xd2, 0x0, 0x0,
    0x0, 0x0, 0x0, 0x0, 0x6, 0xff, 0xfe, 0x30,
    0x0, 0x0, 0x0, 0x0, 0x0, 0x0, 0x6f, 0xff,
    0xe3, 0x0, 0x0, 0x0, 0x0, 0x0, 0x0, 0x6,
    0xff, 0xfb, 0x0, 0x0, 0x0, 0x0, 0x0, 0x0,
    0x0, 0x6f, 0xc0, 0x0, 0x0, 0x0, 0x0, 0x0,
    0x0, 0x0, 0x5, 0x0, 0x0, 0x0, 0x0, 0x0,

    /* U+21B3 "↳" */
    0x2, 0x22, 0x0, 0x0, 0x0, 0x0, 0x0, 0x0,
    0x0, 0xf, 0xff, 0x60, 0x0, 0x0, 0x0, 0x0,
    0x0, 0x0, 0xf, 0xff, 0x60, 0x0, 0x0, 0x0,
    0x0, 0x0, 0x0, 0xf, 0xff, 0x60, 0x0, 0x0,
    0x0, 0x0, 0x0, 0x0, 0xf, 0xff, 0x60, 0x0,
    0x0, 0x0, 0x0, 0x0, 0x0, 0xf, 0xff, 0x60,
    0x0, 0x0, 0x0, 0x0, 0x0, 0x0, 0xf, 0xff,
    0x60, 0x0, 0x0, 0x0, 0x0, 0x0, 0x0, 0xf,
    0xff, 0x60, 0x0, 0x0, 0x0, 0x0, 0x0, 0x0,
    0xf, 0xff, 0x60, 0x0, 0x0, 0x0, 0x0, 0x0,
    0x0, 0xf, 0xff, 0x60, 0x0, 0x4, 0xd1, 0x0,
    0x0, 0x0, 0xf, 0xff, 0x60, 0x0, 0x4f, 0xfd,
    0x10, 0x0, 0x0, 0xf, 0xff, 0x60, 0x0, 0x8f,
    0xff, 0xd1, 0x0, 0x0, 0xf, 0xff, 0x60, 0x0,
    0x9, 0xff, 0xfd, 0x10, 0x0, 0xf, 0xff, 0x60,
    0x0, 0x0, 0x8f, 0xff, 0xd1, 0x0, 0xf, 0xff,
    0xa7, 0x77, 0x76, 0x5b, 0xff, 0xfd, 0x10, 0xf,
    0xff, 0xff, 0xff, 0xff, 0xff, 0xff, 0xff, 0xd1,
    0xf, 0xff, 0xff, 0xff, 0xff, 0xff, 0xff, 0xff,
    0xf6, 0xf, 0xff, 0xff, 0xff, 0xfe, 0xdd, 0xff,
    0xff, 0x70, 0x0, 0x0, 0x0, 0x0, 0x0, 0x2d,
    0xff, 0xf7, 0x0, 0x0, 0x0, 0x0, 0x0, 0x2,
    0xef, 0xff, 0x70, 0x0, 0x0, 0x0, 0x0, 0x0,
    0x2e, 0xff, 0xf7, 0x0, 0x0, 0x0, 0x0, 0x0,
    0x0, 0xaf, 0xff, 0x70, 0x0, 0x0, 0x0, 0x0,
    0x0, 0x0, 0xb, 0xf7, 0x0, 0x0, 0x0, 0x0,
    0x0, 0x0, 0x0, 0x0, 0x50, 0x0, 0x0, 0x0,

    /* U+21B6 "↶" */
    0x0, 0x0, 0x0, 0x0, 0x0, 0x0, 0x4, 0x9b,
    0xcc, 0xb9, 0x50, 0x0, 0x0, 0x0, 0x0, 0x0,
    0x0, 0x0, 0x0, 0x6, 0xef, 0xff, 0xff, 0xff,
    0xff, 0x70, 0x0, 0x0, 0x0, 0x0, 0x0, 0x0,
    0x1, 0xcf, 0xff, 0xff, 0xff, 0xff, 0xff, 0xfd,
    0x10, 0x0, 0x0, 0x0, 0x0, 0x0, 0xd, 0xff,
    0xff, 0xb7, 0x55, 0x7b, 0xff, 0xff, 0xe1, 0x0,
    0x0, 0x0, 0x0, 0x0, 0x9f, 0xff, 0xc2, 0x0,
    0x0, 0x0, 0x2b, 0xff, 0xfb, 0x0, 0x0, 0x0,
    0x0, 0x2, 0xff, 0xfc, 0x0, 0x0, 0x0, 0x0,
    0x0, 0xbf, 0xff, 0x40, 0x0, 0x0, 0x0, 0x9,
    0xff, 0xf2, 0x0, 0x0, 0x0, 0x0, 0x0, 0x1e,
    0xff, 0xb0, 0x0, 0x0, 0x0, 0xe, 0xff, 0x90,
    0x0, 0x0, 0x0, 0x0, 0x0, 0x8, 0xff, 0xf0,
    0x0, 0x0, 0x0, 0x2f, 0xff, 0x40, 0x0, 0x0,
    0x0, 0x0, 0x0, 0x3, 0xff, 0xf4, 0x0, 0x0,
    0x0, 0x4f, 0xff, 0x10, 0x0, 0x0, 0x0, 0x0,
    0x0, 0x0, 0xff, 0xf6, 0x0, 0x0, 0x0, 0x5f,
    0xff, 0x0, 0x0, 0x0, 0x0, 0x0, 0x0, 0x0,
    0xef, 0xf8, 0x0, 0x7c, 0x0, 0x6f, 0xff, 0x0,
    0x4d, 0x10, 0x0, 0x0, 0x0, 0x0, 0x0, 0x0,
    0x7, 0xff, 0xc0, 0x5f, 0xff, 0x4, 0xff, 0xd1,
    0x0, 0x0, 0x0, 0x0, 0x0, 0x0, 0xb, 0xff,
    0xfb, 0x5f, 0xfd, 0x3f, 0xff, 0xf4, 0x0, 0x0,
    0x0, 0x0, 0x0, 0x0, 0x0, 0xbf, 0xff, 0xdf,
    0xfe, 0xef, 0xff, 0x40, 0x0, 0x0, 0x0, 0x0,
    0x0, 0x0, 0x0, 0xb, 0xff, 0xff, 0xff, 0xff,
    0xf4, 0x0, 0x0, 0x0, 0x0, 0x0, 0x0, 0x0,
    0x0, 0x0, 0xbf, 0xff, 0xff, 0xff, 0x40, 0x0,
    0x0, 0x0, 0x0, 0x0, 0x0, 0x0, 0x0, 0x0,
    0xb, 0xff, 0xff, 0xf4, 0x0, 0x0, 0x0, 0x0,
    0x0, 0x0, 0x0, 0x0, 0x0, 0x0, 0x0, 0xbf,
    0xff, 0x40, 0x0, 0x0, 0x0, 0x0, 0x0, 0x0,
    0x0, 0x0, 0x0, 0x0, 0x0, 0xb, 0xf4, 0x0,
    0x0, 0x0, 0x0, 0x0, 0x0, 0x0, 0x0, 0x0,
    0x0, 0x0, 0x0, 0x0, 0x30, 0x0, 0x0, 0x0,
    0x0, 0x0, 0x0, 0x0, 0x0, 0x0,

    /* U+21B7 "↷" */
    0x0, 0x0, 0x0, 0x4, 0x9b, 0xcc, 0xb9, 0x50,
    0x0, 0x0, 0x0, 0x0, 0x0, 0x0, 0x0, 0x0,
    0x6, 0xef, 0xff, 0xff, 0xff, 0xff, 0x70, 0x0,
    0x0, 0x0, 0x0, 0x0, 0x0, 0x0, 0xbf, 0xff,
    0xff, 0xff, 0xff, 0xff, 0xfd, 0x10, 0x0, 0x0,
    0x0, 0x0, 0x0, 0xb, 0xff, 0xff, 0xc7, 0x55,
    0x7b, 0xff, 0xff, 0xd1, 0x0, 0x0, 0x0, 0x0,
    0x0, 0x8f, 0xff, 0xd3, 0x0, 0x0, 0x0, 0x2c,
    0xff, 0xfa, 0x0, 0x0, 0x0, 0x0, 0x1, 0xff,
    0xfd, 0x10, 0x0, 0x0, 0x0, 0x0, 0xbf, 0xff,
    0x30, 0x0, 0x0, 0x0, 0x8, 0xff, 0xf3, 0x0,
    0x0, 0x0, 0x0, 0x0, 0x1f, 0xff, 0xa0, 0x0,
    0x0, 0x0, 0xd, 0xff, 0xb0, 0x0, 0x0, 0x0,
    0x0, 0x0, 0x9, 0xff, 0xf0, 0x0, 0x0, 0x0,
    0xf, 0xff, 0x60, 0x0, 0x0, 0x0, 0x0, 0x0,
    0x4, 0xff, 0xf3, 0x0, 0x0, 0x0, 0x2f, 0xff,
    0x30, 0x0, 0x0, 0x0, 0x0, 0x0, 0x1, 0xff,
    0xf5, 0x0, 0x0, 0x0, 0x4f, 0xff, 0x20, 0x0,
    0x0, 0x0, 0x0, 0x0, 0x0, 0xff, 0xf6, 0x0,
    0x0, 0x0, 0x0, 0x0, 0x0, 0x0, 0x0, 0x0,
    0x1, 0xc5, 0x0, 0xff, 0xf6, 0x0, 0xb7, 0x0,
    0x0, 0x0, 0x0, 0x0, 0x0, 0x0, 0x1d, 0xff,
    0x50, 0xef, 0xf6, 0xc, 0xff, 0x70, 0x0, 0x0,
    0x0, 0x0, 0x0, 0x0, 0x3f, 0xff, 0xf4, 0xdf,
    0xf5, 0xbf, 0xff, 0xb0, 0x0, 0x0, 0x0, 0x0,
    0x0, 0x0, 0x3, 0xff, 0xfe, 0xef, 0xfd, 0xff,
    0xfb, 0x0, 0x0, 0x0, 0x0, 0x0, 0x0, 0x0,
    0x0, 0x4f, 0xff, 0xff, 0xff, 0xff, 0xb0, 0x0,
    0x0, 0x0, 0x0, 0x0, 0x0, 0x0, 0x0, 0x4,
    0xff, 0xff, 0xff, 0xfb, 0x0, 0x0, 0x0, 0x0,
    0x0, 0x0, 0x0, 0x0, 0x0, 0x0, 0x4f, 0xff,
    0xff, 0xb0, 0x0, 0x0, 0x0, 0x0, 0x0, 0x0,
    0x0, 0x0, 0x0, 0x0, 0x4, 0xff, 0xfb, 0x0,
    0x0, 0x0, 0x0, 0x0, 0x0, 0x0, 0x0, 0x0,
    0x0, 0x0, 0x0, 0x4f, 0xb0, 0x0, 0x0, 0x0,
    0x0, 0x0, 0x0, 0x0, 0x0, 0x0, 0x0, 0x0,
    0x0, 0x3, 0x0, 0x0, 0x0, 0x0,

    /* U+21BA "↺" */
    0x0, 0x0, 0x0, 0x0, 0x0, 0x4, 0x44, 0x44,
    0x44, 0x44, 0x40, 0x0, 0x0, 0x0, 0x0, 0x0,
    0x3f, 0xff, 0xff, 0xff, 0xff, 0xf3, 0x0, 0x0,
    0x0, 0x0, 0x0, 0x3f, 0xff, 0xff, 0xff, 0xff,
    0xf3, 0x0, 0x0, 0x0, 0x0, 0x0, 0x3f, 0xff,
    0xff, 0xde, 0xff, 0xf2, 0x0, 0x0, 0x9c, 0x0,
    0x0, 0x3f, 0xff, 0xff, 0xb0, 0x0, 0x0, 0x0,
    0xa, 0xff, 0xb0, 0x0, 0x3f, 0xff, 0xff, 0xfc,
    0x0, 0x0, 0x0, 0x8f, 0xff, 0xd1, 0x0, 0x3f,
    0xfe, 0xaf, 0xff, 0xc0, 0x0, 0x3, 0xff, 0xfd,
    0x10, 0x0, 0x3f, 0xff, 0xa, 0xff, 0xfa, 0x0,
    0xc, 0xff, 0xe1, 0x0, 0x0, 0x3f, 0xff, 0x0,
    0xbf, 0xff, 0x60, 0x3f, 0xff, 0x70, 0x0, 0x0,
    0x3f, 0xff, 0x0, 0xd, 0xff, 0xe0, 0x7f, 0xff,
    0x10, 0x0, 0x0, 0x3f, 0xff, 0x0, 0x5, 0xff,
    0xf5, 0xaf, 0xfd, 0x0, 0x0, 0x0, 0x2, 0x22,
    0x0, 0x0, 0xef, 0xf9, 0xbf, 0xfb, 0x0, 0x0,
    0x0, 0x0, 0x0, 0x0, 0x0, 0xcf, 0xfb, 0xbf,
    0xfb, 0x0, 0x0, 0x0, 0x0, 0x0, 0x0, 0x0,
    0xaf, 0xfb, 0xaf, 0xfd, 0x0, 0x0, 0x0, 0x0,
    0x0, 0x0, 0x0, 0xcf, 0xfa, 0x7f, 0xff, 0x10,
    0x0, 0x0, 0x0, 0x0, 0x0, 0x0, 0xff, 0xf8,
    0x2f, 0xff, 0x90, 0x0, 0x0, 0x0, 0x0, 0x0,
    0x6, 0xff, 0xf3, 0xb, 0xff, 0xf4, 0x0, 0x0,
    0x0, 0x0, 0x0, 0x2e, 0xff, 0xd0, 0x2, 0xff,
    0xff, 0x50, 0x0, 0x0, 0x0, 0x2, 0xdf, 0xff,
    0x40, 0x0, 0x5f, 0xff, 0xfb, 0x40, 0x0, 0x3,
    0x9f, 0xff, 0xf9, 0x0, 0x0, 0x6, 0xff, 0xff,
    0xff, 0xee, 0xff, 0xff, 0xff, 0x90, 0x0, 0x0,
    0x0, 0x3d, 0xff, 0xff, 0xff, 0xff, 0xff, 0xe6,
    0x0, 0x0, 0x0, 0x0, 0x0, 0x5b, 0xff, 0xff,
    0xff, 0xc7, 0x0, 0x0, 0x0, 0x0, 0x0, 0x0,
    0x0, 0x2, 0x44, 0x30, 0x0, 0x0, 0x0, 0x0,

    /* U+21BB "↻" */
    0x3, 0x33, 0x33, 0x33, 0x33, 0x30, 0x0, 0x0,
    0x0, 0x0, 0x0, 0x2f, 0xff, 0xff, 0xff, 0xff,
    0xf4, 0x0, 0x0, 0x0, 0x0, 0x0, 0x2f, 0xff,
    0xff, 0xff, 0xff, 0xf4, 0x0, 0x0, 0x0, 0x0,
    0x0, 0x2f, 0xff, 0xfe, 0xff, 0xff, 0xf4, 0x0,
    0x0, 0x0, 0x0, 0x0, 0x0, 0x0, 0xa, 0xff,
    0xff, 0xf4, 0x0, 0x0, 0xb8, 0x0, 0x0, 0x0,
    0x0, 0xbf, 0xff, 0xff, 0xf4, 0x0, 0xa, 0xff,
    0x90, 0x0, 0x0, 0xc, 0xff, 0xfc, 0xdf, 0xf4,
    0x0, 0x1e, 0xff, 0xf7, 0x0, 0x0, 0xaf, 0xff,
    0xb0, 0xdf, 0xf4, 0x0, 0x1, 0xdf, 0xff, 0x30,
    0x6, 0xff, 0xfb, 0x0, 0xef, 0xf4, 0x0, 0x0,
    0x2f, 0xff, 0xb0, 0xe, 0xff, 0xe1, 0x0, 0xef,
    0xf4, 0x0, 0x0, 0x8, 0xff, 0xf2, 0x5f, 0xff,
    0x50, 0x0, 0xef, 0xf4, 0x0, 0x0, 0x2, 0xff,
    0xf7, 0x9f, 0xfe, 0x0, 0x0, 0x33, 0x30, 0x0,
    0x0, 0x0, 0xdf, 0xfa, 0xbf, 0xfc, 0x0, 0x0,
    0x0, 0x0, 0x0, 0x0, 0x0, 0xcf, 0xfb, 0xbf,
    0xfa, 0x0, 0x0, 0x0, 0x0, 0x0, 0x0, 0x0,
    0xbf, 0xfb, 0xaf, 0xfc, 0x0, 0x0, 0x0, 0x0,
    0x0, 0x0, 0x0, 0xdf, 0xfa, 0x8f, 0xff, 0x0,
    0x0, 0x0, 0x0, 0x0, 0x0, 0x2, 0xff, 0xf7,
    0x3f, 0xff, 0x60, 0x0, 0x0, 0x0, 0x0, 0x0,
    0x9, 0xff, 0xf2, 0xd, 0xff, 0xe2, 0x0, 0x0,
    0x0, 0x0, 0x0, 0x4f, 0xff, 0xb0, 0x4, 0xff,
    0xfd, 0x20, 0x0, 0x0, 0x0, 0x5, 0xff, 0xff,
    0x20, 0x0, 0x9f, 0xff, 0xf9, 0x30, 0x0, 0x4,
    0xbf, 0xff, 0xf5, 0x0, 0x0, 0xa, 0xff, 0xff,
    0xff, 0xee, 0xff, 0xff, 0xff, 0x60, 0x0, 0x0,
    0x0, 0x6e, 0xff, 0xff, 0xff, 0xff, 0xff, 0xd3,
    0x0, 0x0, 0x0, 0x0, 0x0, 0x7c, 0xff, 0xff,
    0xff, 0xb5, 0x0, 0x0, 0x0, 0x0, 0x0, 0x0,
    0x0, 0x3, 0x44, 0x20, 0x0, 0x0, 0x0, 0x0,

    /* U+21C4 "⇄" */
    0x0, 0x0, 0x0, 0x0, 0x0, 0x0, 0x0, 0x3,
    0x40, 0x0, 0x0, 0x0, 0x0, 0x0, 0x0, 0x0,
    0x0, 0x0, 0x0, 0x3f, 0xf4, 0x0, 0x0, 0x0,
    0x0, 0x0, 0x0, 0x0, 0x0, 0x0, 0x1, 0xef,
    0xff, 0x40, 0x0, 0x0, 0x0, 0x0, 0x0, 0x0,
    0x0, 0x0, 0x0, 0x5f, 0xff, 0xf4, 0x0, 0x0,
    0x0, 0x0, 0x0, 0x0, 0x0, 0x0, 0x0, 0x5,
    0xff, 0xff, 0x40, 0x0, 0x0, 0x0, 0x0, 0x0,
    0x0, 0x0, 0x0, 0x0, 0x4e, 0xff, 0xf4, 0x0,
    0x5f, 0xff, 0xff, 0xff, 0xff, 0xff, 0xff, 0xff,
    0xef, 0xff, 0xff, 0x40, 0x5f, 0xff, 0xff, 0xff,
    0xff, 0xff, 0xff, 0xff, 0xff, 0xff, 0xff, 0xf2,
    0x5f, 0xff, 0xff, 0xff, 0xff, 0xff, 0xff, 0xff,
    0xff, 0xff, 0xff, 0x80, 0x15, 0x55, 0x55, 0x55,
    0x55, 0x55, 0x55, 0x54, 0x4e, 0xff, 0xf8, 0x0,
    0x0, 0x0, 0x0, 0x4, 0x40, 0x0, 0x0, 0x1,
    0xdf, 0xff, 0x80, 0x0, 0x0, 0x0, 0x0, 0x4f,
    0xf4, 0x0, 0x0, 0x1d, 0xff, 0xf8, 0x0, 0x0,
    0x0, 0x0, 0x4, 0xff, 0xff, 0x10, 0x0, 0xdf,
    0xff, 0x90, 0x0, 0x0, 0x0, 0x0, 0x4f, 0xff,
    0xf5, 0x0, 0x0, 0x8f, 0xf9, 0x0, 0x0, 0x0,
    0x0, 0x4, 0xff, 0xff, 0x50, 0x0, 0x0, 0x8,
    0x90, 0x0, 0x0, 0x0, 0x0, 0x4f, 0xff, 0xf4,
    0x0, 0x0, 0x0, 0x0, 0x0, 0x0, 0x0, 0x0,
    0x4, 0xff, 0xff, 0xfe, 0xff, 0xff, 0xff, 0xff,
    0xff, 0xff, 0xff, 0xf6, 0x1f, 0xff, 0xff, 0xff,
    0xff, 0xff, 0xff, 0xff, 0xff, 0xff, 0xff, 0xf6,
    0x7, 0xff, 0xff, 0xff, 0xff, 0xff, 0xff, 0xff,
    0xff, 0xff, 0xff, 0xf6, 0x0, 0x7f, 0xff, 0xe5,
    0x45, 0x55, 0x55, 0x55, 0x55, 0x55, 0x55, 0x52,
    0x0, 0x7, 0xff, 0xfd, 0x20, 0x0, 0x0, 0x0,
    0x0, 0x0, 0x0, 0x0, 0x0, 0x0, 0x7f, 0xff,
    0xe2, 0x0, 0x0, 0x0, 0x0, 0x0, 0x0, 0x0,
    0x0, 0x0, 0x7, 0xff, 0xfe, 0x10, 0x0, 0x0,
    0x0, 0x0, 0x0, 0x0, 0x0, 0x0, 0x0, 0x7f,
    0xf8, 0x0, 0x0, 0x0, 0x0, 0x0, 0x0, 0x0,
    0x0, 0x0, 0x0, 0x8, 0x80, 0x0, 0x0, 0x0,
    0x0, 0x0, 0x0, 0x0, 0x0, 0x0, 0x0, 0x0,
    0x0, 0x0, 0x0, 0x0, 0x0, 0x0, 0x0, 0x0,

    /* U+21C6 "⇆" */
    0x0, 0x0, 0x0, 0x3, 0x40, 0x0, 0x0, 0x0,
    0x0, 0x0, 0x0, 0x0, 0x0, 0x0, 0x0, 0x3f,
    0xf4, 0x0, 0x0, 0x0, 0x0, 0x0, 0x0, 0x0,
    0x0, 0x0, 0x3, 0xff, 0xff, 0x10, 0x0, 0x0,
    0x0, 0x0, 0x0, 0x0, 0x0, 0x0, 0x3f, 0xff,
    0xf5, 0x0, 0x0, 0x0, 0x0, 0x0, 0x0, 0x0,
    0x0, 0x3, 0xff, 0xff, 0x50, 0x0, 0x0, 0x0,
    0x0, 0x0, 0x0, 0x0, 0x0, 0x3f, 0xff, 0xf4,
    0x0, 0x0, 0x0, 0x0, 0x0, 0x0, 0x0, 0x0,
    0x3, 0xff, 0xff, 0xfe, 0xff, 0xff, 0xff, 0xff,
    0xff, 0xff, 0xff, 0xf6, 0x1f, 0xff, 0xff, 0xff,
    0xff, 0xff, 0xff, 0xff, 0xff, 0xff, 0xff, 0xf6,
    0x8, 0xff, 0xff, 0xff, 0xff, 0xff, 0xff, 0xff,
    0xff, 0xff, 0xff, 0xf6, 0x0, 0x8f, 0xff, 0xe5,
    0x45, 0x55, 0x55, 0x55, 0x55, 0x55, 0x55, 0x52,
    0x0, 0x8, 0xff, 0xfd, 0x20, 0x0, 0x0, 0x4,
    0x50, 0x0, 0x0, 0x0, 0x0, 0x0, 0x8f, 0xff,
    0xe1, 0x0, 0x0, 0x4f, 0xf5, 0x0, 0x0, 0x0,
    0x0, 0x0, 0x8, 0xff, 0xfd, 0x10, 0x1, 0xff,
    0xff, 0x50, 0x0, 0x0, 0x0, 0x0, 0x0, 0x9f,
    0xf9, 0x0, 0x0, 0x4f, 0xff, 0xf4, 0x0, 0x0,
    0x0, 0x0, 0x0, 0x9, 0x90, 0x0, 0x0, 0x4,
    0xff, 0xff, 0x40, 0x0, 0x0, 0x0, 0x0, 0x0,
    0x0, 0x0, 0x0, 0x0, 0x3e, 0xff, 0xf4, 0x0,
    0x5f, 0xff, 0xff, 0xff, 0xff, 0xff, 0xff, 0xff,
    0xff, 0xff, 0xff, 0x40, 0x5f, 0xff, 0xff, 0xff,
    0xff, 0xff, 0xff, 0xff, 0xff, 0xff, 0xff, 0xf2,
    0x5f, 0xff, 0xff, 0xff, 0xff, 0xff, 0xff, 0xff,
    0xff, 0xff, 0xff, 0x80, 0x15, 0x55, 0x55, 0x55,
    0x55, 0x55, 0x55, 0x54, 0x5e, 0xff, 0xf8, 0x0,
    0x0, 0x0, 0x0, 0x0, 0x0, 0x0, 0x0, 0x2,
    0xdf, 0xff, 0x80, 0x0, 0x0, 0x0, 0x0, 0x0,
    0x0, 0x0, 0x0, 0x2e, 0xff, 0xf8, 0x0, 0x0,
    0x0, 0x0, 0x0, 0x0, 0x0, 0x0, 0x1, 0xef,
    0xff, 0x80, 0x0, 0x0, 0x0, 0x0, 0x0, 0x0,
    0x0, 0x0, 0x0, 0x7f, 0xf8, 0x0, 0x0, 0x0,
    0x0, 0x0, 0x0, 0x0, 0x0, 0x0, 0x0, 0x7,
    0x80, 0x0, 0x0, 0x0, 0x0, 0x0, 0x0, 0x0,
    0x0, 0x0, 0x0, 0x0, 0x0, 0x0, 0x0, 0x0,

    /* U+2202 "∂" */
    0x0, 0x15, 0x55, 0x55, 0x40, 0x0, 0x0, 0x0,
    0x0, 0x0, 0x4d, 0xff, 0xff, 0xa0, 0x0, 0x0,
    0x0, 0x0, 0x0, 0x8, 0xff, 0xff, 0xd2, 0x0,
    0x0, 0x0, 0x0, 0x0, 0x4, 0xef, 0xff, 0xe2,
    0x0, 0x0, 0x0, 0x0, 0x0, 0x1, 0xcf, 0xff,
    0xe1, 0x0, 0x0, 0x0, 0x0, 0x0, 0x0, 0xbf,
    0xff, 0xb0, 0x0, 0x0, 0x0, 0x0, 0x11, 0x0,
    0xcf, 0xff, 0x50, 0x0, 0x0, 0x19, 0xef, 0xfe,
    0x82, 0xff, 0xfd, 0x0, 0x0, 0x3e, 0xff, 0xff,
    0xff, 0xc9, 0xff, 0xf4, 0x0, 0x1e, 0xff, 0xff,
    0xff, 0xff, 0xcf, 0xff, 0xa0, 0x9, 0xff, 0xff,
    0x82, 0x12, 0x9f, 0xff, 0xfe, 0x0, 0xff, 0xff,
    0x80, 0x0, 0x0, 0xaf, 0xff, 0xf2, 0x3f, 0xff,
    0xf0, 0x0, 0x0, 0x2, 0xff, 0xff, 0x46, 0xff,
    0xfd, 0x0, 0x0, 0x0, 0xf, 0xff, 0xf5, 0x7f,
    0xff, 0xc0, 0x0, 0x0, 0x0, 0xef, 0xff, 0x57,
    0xff, 0xfc, 0x0, 0x0, 0x0, 0xe, 0xff, 0xf4,
    0x6f, 0xff, 0xd0, 0x0, 0x0, 0x0, 0xef, 0xff,
    0x32, 0xff, 0xff, 0x0, 0x0, 0x0, 0x1f, 0xff,
    0xf0, 0xe, 0xff, 0xf6, 0x0, 0x0, 0x8, 0xff,
    0xfa, 0x0, 0x6f, 0xff, 0xf5, 0x0, 0x6, 0xff,
    0xff, 0x30, 0x0, 0xcf, 0xff, 0xff, 0xef, 0xff,
    0xff, 0x90, 0x0, 0x1, 0xbf, 0xff, 0xff, 0xff,
    0xff, 0xa0, 0x0, 0x0, 0x0, 0x5c, 0xff, 0xff,
    0xfc, 0x50, 0x0, 0x0, 0x0, 0x0, 0x1, 0x34,
    0x31, 0x0, 0x0, 0x0,

    /* U+2206 "∆" */
    0x0, 0x0, 0x0, 0x5, 0x55, 0x55, 0x20, 0x0,
    0x0, 0x0, 0x0, 0x0, 0x2, 0xff, 0xff, 0xfa,
    0x0, 0x0, 0x0, 0x0, 0x0, 0x0, 0x8f, 0xff,
    0xff, 0xf0, 0x0, 0x0, 0x0, 0x0, 0x0, 0xd,
    0xff, 0xff, 0xff, 0x50, 0x0, 0x0, 0x0, 0x0,
    0x3, 0xff, 0xfd, 0xff, 0xfb, 0x0, 0x0, 0x0,
    0x0, 0x0, 0x9f, 0xff, 0x4e, 0xff, 0xf1, 0x0,
    0x0, 0x0, 0x0, 0xe, 0xff, 0xe0, 0x9f, 0xff,
    0x60, 0x0, 0x0, 0x0, 0x4, 0xff, 0xf9, 0x4,
    0xff, 0xfc, 0x0, 0x0, 0x0, 0x0, 0x9f, 0xff,
    0x40, 0xe, 0xff, 0xf1, 0x0, 0x0, 0x0, 0xe,
    0xff, 0xf0, 0x0, 0xaf, 0xff, 0x70, 0x0, 0x0,
    0x4, 0xff, 0xfa, 0x0, 0x5, 0xff, 0xfc, 0x0,
    0x0, 0x0, 0xaf, 0xff, 0x50, 0x0, 0xf, 0xff,
    0xf2, 0x0, 0x0, 0xf, 0xff, 0xf0, 0x0, 0x0,
    0xaf, 0xff, 0x80, 0x0, 0x5, 0xff, 0xfa, 0x0,
    0x0, 0x5, 0xff, 0xfd, 0x0, 0x0, 0xbf, 0xff,
    0x50, 0x0, 0x0, 0xf, 0xff, 0xf3, 0x0, 0x1f,
    0xff, 0xf0, 0x0, 0x0, 0x0, 0xbf, 0xff, 0x80,
    0x6, 0xff, 0xfb, 0x0, 0x0, 0x0, 0x6, 0xff,
    0xfe, 0x0, 0xbf, 0xff, 0x60, 0x0, 0x0, 0x0,
    0x1f, 0xff, 0xf3, 0x1f, 0xff, 0xf1, 0x0, 0x0,
    0x0, 0x0, 0xbf, 0xff, 0x96, 0xff, 0xff, 0xcc,
    0xcc, 0xcc, 0xcc, 0xce, 0xff, 0xfe, 0x7f, 0xff,
    0xff, 0xff, 0xff, 0xff, 0xff, 0xff, 0xff, 0xf7,
    0xff, 0xff, 0xff, 0xff, 0xff, 0xff, 0xff, 0xff,
    0xff, 0x7f, 0xff, 0xff, 0xff, 0xff, 0xff, 0xff,
    0xff, 0xff, 0xf0,

    /* U+220F "∏" */
    0x2, 0x22, 0x22, 0x22, 0x22, 0x22, 0x22, 0x22,
    0x22, 0x22, 0x22, 0x0, 0xff, 0xff, 0xff, 0xff,
    0xff, 0xff, 0xff, 0xff, 0xff, 0xff, 0xf0, 0xf,
    0xff, 0xff, 0xff, 0xff, 0xff, 0xff, 0xff, 0xff,
    0xff, 0xff, 0x0, 0xff, 0xff, 0xff, 0xff, 0xff,
    0xff, 0xff, 0xff, 0xff, 0xff, 0xf0, 0xa, 0xaa,
    0xff, 0xff, 0xba, 0xaa, 0xaa, 0xbf, 0xff, 0xfa,
    0xaa, 0x0, 0x0, 0xf, 0xff, 0xf3, 0x0, 0x0,
    0x3, 0xff, 0xff, 0x0, 0x0, 0x0, 0x0, 0xff,
    0xff, 0x30, 0x0, 0x0, 0x3f, 0xff, 0xf0, 0x0,
    0x0, 0x0, 0xf, 0xff, 0xf3, 0x0, 0x0, 0x3,
    0xff, 0xff, 0x0, 0x0, 0x0, 0x0, 0xff, 0xff,
    0x30, 0x0, 0x0, 0x3f, 0xff, 0xf0, 0x0, 0x0,
    0x0, 0xf, 0xff, 0xf3, 0x0, 0x0, 0x3, 0xff,
    0xff, 0x0, 0x0, 0x0, 0x0, 0xff, 0xff, 0x30,
    0x0, 0x0, 0x3f, 0xff, 0xf0, 0x0, 0x0, 0x0,
    0xf, 0xff, 0xf3, 0x0, 0x0, 0x3, 0xff, 0xff,
    0x0, 0x0, 0x0, 0x0, 0xff, 0xff, 0x30, 0x0,
    0x0, 0x3f, 0xff, 0xf0, 0x0, 0x0, 0x0, 0xf,
    0xff, 0xf3, 0x0, 0x0, 0x3, 0xff, 0xff, 0x0,
    0x0, 0x0, 0x0, 0xff, 0xff, 0x30, 0x0, 0x0,
    0x3f, 0xff, 0xf0, 0x0, 0x0, 0x0, 0xf, 0xff,
    0xf3, 0x0, 0x0, 0x3, 0xff, 0xff, 0x0, 0x0,
    0x0, 0x0, 0xff, 0xff, 0x30, 0x0, 0x0, 0x3f,
    0xff, 0xf0, 0x0, 0x0, 0x0, 0xf, 0xff, 0xf3,
    0x0, 0x0, 0x3, 0xff, 0xff, 0x0, 0x0, 0x0,
    0x0, 0xff, 0xff, 0x30, 0x0, 0x0, 0x3f, 0xff,
    0xf0, 0x0, 0x0, 0x0, 0xf, 0xff, 0xf3, 0x0,
    0x0, 0x3, 0xff, 0xff, 0x0, 0x0, 0x0, 0x0,
    0xff, 0xff, 0x30, 0x0, 0x0, 0x3f, 0xff, 0xf0,
    0x0, 0x0, 0x0, 0xf, 0xff, 0xf3, 0x0, 0x0,
    0x3, 0xff, 0xff, 0x0, 0x0, 0x0, 0x0, 0xff,
    0xff, 0x30, 0x0, 0x0, 0x3f, 0xff, 0xf0, 0x0,
    0x0, 0x0, 0xf, 0xff, 0xf3, 0x0, 0x0, 0x3,
    0xff, 0xff, 0x0, 0x0, 0x0, 0x0, 0xff, 0xff,
    0x30, 0x0, 0x0, 0x3f, 0xff, 0xf0, 0x0, 0x0,
    0x0, 0xf, 0xff, 0xf3, 0x0, 0x0, 0x3, 0xff,
    0xff, 0x0, 0x0, 0x0, 0x0, 0xff, 0xff, 0x30,
    0x0, 0x0, 0x3f, 0xff, 0xf0, 0x0, 0x0, 0x0,
    0xf, 0xff, 0xf3, 0x0, 0x0, 0x3, 0xff, 0xff,
    0x0, 0x0, 0x0, 0x0, 0xff, 0xff, 0x30, 0x0,
    0x0, 0x3f, 0xff, 0xf0, 0x0, 0x0, 0x0, 0xa,
    0xaa, 0xa2, 0x0, 0x0, 0x1, 0xaa, 0xaa, 0x0,
    0x0,

    /* U+2211 "∑" */
    0x12, 0x22, 0x22, 0x22, 0x22, 0x22, 0x22, 0x20,
    0xcf, 0xff, 0xff, 0xff, 0xff, 0xff, 0xff, 0xf1,
    0xcf, 0xff, 0xff, 0xff, 0xff, 0xff, 0xff, 0xf1,
    0xcf, 0xff, 0xff, 0xff, 0xff, 0xff, 0xff, 0xf1,
    0xcf, 0xff, 0xfa, 0xaa, 0xaa, 0xaa, 0xaa, 0xa0,
    0x4f, 0xff, 0xf6, 0x0, 0x0, 0x0, 0x0, 0x0,
    0x9, 0xff, 0xff, 0x20, 0x0, 0x0, 0x0, 0x0,
    0x0, 0xdf, 0xff, 0xd0, 0x0, 0x0, 0x0, 0x0,
    0x0, 0x3f, 0xff, 0xf9, 0x0, 0x0, 0x0, 0x0,
    0x0, 0x7, 0xff, 0xff, 0x40, 0x0, 0x0, 0x0,
    0x0, 0x0, 0xcf, 0xff, 0xe1, 0x0, 0x0, 0x0,
    0x0, 0x0, 0x2f, 0xff, 0xfb, 0x0, 0x0, 0x0,
    0x0, 0x0, 0x6, 0xff, 0xff, 0x70, 0x0, 0x0,
    0x0, 0x0, 0x0, 0xaf, 0xff, 0xf2, 0x0, 0x0,
    0x0, 0x0, 0x0, 0x1e, 0xff, 0xf7, 0x0, 0x0,
    0x0, 0x0, 0x0, 0xa, 0xff, 0xf7, 0x0, 0x0,
    0x0, 0x0, 0x0, 0x5f, 0xff, 0xf6, 0x0, 0x0,
    0x0, 0x0, 0x1, 0xef, 0xff, 0xc0, 0x0, 0x0,
    0x0, 0x0, 0xb, 0xff, 0xff, 0x20, 0x0, 0x0,
    0x0, 0x0, 0x7f, 0xff, 0xf5, 0x0, 0x0, 0x0,
    0x0, 0x2, 0xff, 0xff, 0xa0, 0x0, 0x0, 0x0,
    0x0, 0xd, 0xff, 0xfd, 0x0, 0x0, 0x0, 0x0,
    0x0, 0x8f, 0xff, 0xf3, 0x0, 0x0, 0x0, 0x0,
    0x4, 0xff, 0xff, 0x70, 0x0, 0x0, 0x0, 0x0,
    0xe, 0xff, 0xfc, 0x0, 0x0, 0x0, 0x0, 0x0,
    0x9f, 0xff, 0xf3, 0x22, 0x22, 0x22, 0x22, 0x20,
    0xcf, 0xff, 0xff, 0xff, 0xff, 0xff, 0xff, 0xf1,
    0xcf, 0xff, 0xff, 0xff, 0xff, 0xff, 0xff, 0xf1,
    0xcf, 0xff, 0xff, 0xff, 0xff, 0xff, 0xff, 0xf1,
    0x7a, 0xaa, 0xaa, 0xaa, 0xaa, 0xaa, 0xaa, 0xa0,

    /* U+2212 "−" */
    0x45, 0x55, 0x55, 0x55, 0x55, 0x55, 0x55, 0x50,
    0xdf, 0xff, 0xff, 0xff, 0xff, 0xff, 0xff, 0xf1,
    0xdf, 0xff, 0xff, 0xff, 0xff, 0xff, 0xff, 0xf1,
    0xdf, 0xff, 0xff, 0xff, 0xff, 0xff, 0xff, 0xf0
};


/*---------------------
 *  GLYPH DESCRIPTION
 *--------------------*/

static const lv_font_fmt_txt_glyph_dsc_t glyph_dsc[] = {
    {.bitmap_index = 0, .adv_w = 0, .box_w = 0, .box_h = 0, .ofs_x = 0, .ofs_y = 0} /* id = 0 reserved */,
    {.bitmap_index = 0, .adv_w = 121, .box_w = 0, .box_h = 0, .ofs_x = 0, .ofs_y = 0},
    {.bitmap_index = 0, .adv_w = 158, .box_w = 6, .box_h = 22, .ofs_x = 2, .ofs_y = 0},
    {.bitmap_index = 66, .adv_w = 241, .box_w = 11, .box_h = 10, .ofs_x = 2, .ofs_y = 14},
    {.bitmap_index = 121, .adv_w = 336, .box_w = 21, .box_h = 22, .ofs_x = 0, .ofs_y = 0},
    {.bitmap_index = 352, .adv_w = 307, .box_w = 17, .box_h = 28, .ofs_x = 1, .ofs_y = -3},
    {.bitmap_index = 590, .adv_w = 492, .box_w = 28, .box_h = 22, .ofs_x = 1, .ofs_y = 0},
    {.bitmap_index = 898, .adv_w = 365, .box_w = 22, .box_h = 22, .ofs_x = 1, .ofs_y = 0},
    {.bitmap_index = 1140, .adv_w = 133, .box_w = 4, .box_h = 10, .ofs_x = 2, .ofs_y = 14},
    {.bitmap_index = 1160, .adv_w = 173, .box_w = 11, .box_h = 29, .ofs_x = 1, .ofs_y = -4},
    {.bitmap_index = 1320, .adv_w = 173, .box_w = 11, .box_h = 29, .ofs_x = -1, .ofs_y = -4},
    {.bitmap_index = 1480, .adv_w = 285, .box_w = 16, .box_h = 15, .ofs_x = 1, .ofs_y = 9},
    {.bitmap_index = 1600, .adv_w = 307, .box_w = 16, .box_h = 16, .ofs_x = 2, .ofs_y = 2},
    {.bitmap_index = 1728, .adv_w = 153, .box_w = 7, .box_h = 10, .ofs_x = 1, .ofs_y = -5},
    {.bitmap_index = 1763, .adv_w = 206, .box_w = 11, .box_h = 5, .ofs_x = 1, .ofs_y = 8},
    {.bitmap_index = 1791, .adv_w = 153, .box_w = 6, .box_h = 6, .ofs_x = 2, .ofs_y = 0},
    {.bitmap_index = 1809, .adv_w = 224, .box_w = 13, .box_h = 29, .ofs_x = 0, .ofs_y = -5},
    {.bitmap_index = 1998, .adv_w = 307, .box_w = 17, .box_h = 22, .ofs_x = 1, .ofs_y = 0},
    {.bitmap_index = 2185, .adv_w = 307, .box_w = 18, .box_h = 22, .ofs_x = 1, .ofs_y = 0},
    {.bitmap_index = 2383, .adv_w = 307, .box_w = 17, .box_h = 22, .ofs_x = 1, .ofs_y = 0},
    {.bitmap_index = 2570, .adv_w = 307, .box_w = 17, .box_h = 22, .ofs_x = 0, .ofs_y = 0},
    {.bitmap_index = 2757, .adv_w = 307, .box_w = 18, .box_h = 22, .ofs_x = 1, .ofs_y = 0},
    {.bitmap_index = 2955, .adv_w = 307, .box_w = 17, .box_h = 22, .ofs_x = 1, .ofs_y = 0},
    {.bitmap_index = 3142, .adv_w = 307, .box_w = 17, .box_h = 22, .ofs_x = 1, .ofs_y = 0},
    {.bitmap_index = 3329, .adv_w = 307, .box_w = 17, .box_h = 22, .ofs_x = 1, .ofs_y = 0},
    {.bitmap_index = 3516, .adv_w = 307, .box_w = 17, .box_h = 22, .ofs_x = 1, .ofs_y = 0},
    {.bitmap_index = 3703, .adv_w = 307, .box_w = 17, .box_h = 22, .ofs_x = 1, .ofs_y = 0},
    {.bitmap_index = 3890, .adv_w = 163, .box_w = 6, .box_h = 17, .ofs_x = 2, .ofs_y = 0},
    {.bitmap_index = 3941, .adv_w = 163, .box_w = 7, .box_h = 22, .ofs_x = 1, .ofs_y = -5},
    {.bitmap_index = 4018, .adv_w = 307, .box_w = 14, .box_h = 20, .ofs_x = 3, .ofs_y = -1},
    {.bitmap_index = 4158, .adv_w = 307, .box_w = 16, .box_h = 11, .ofs_x = 2, .ofs_y = 5},
    {.bitmap_index = 4246, .adv_w = 307, .box_w = 14, .box_h = 20, .ofs_x = 3, .ofs_y = -1},
    {.bitmap_index = 4386, .adv_w = 252, .box_w = 15, .box_h = 22, .ofs_x = 0, .ofs_y = 0},
    {.bitmap_index = 4551, .adv_w = 460, .box_w = 26, .box_h = 27, .ofs_x = 1, .ofs_y = -5},
    {.bitmap_index = 4902, .adv_w = 344, .box_w = 21, .box_h = 22, .ofs_x = 0, .ofs_y = 0},
    {.bitmap_index = 5133, .adv_w = 339, .box_w = 18, .box_h = 22, .ofs_x = 2, .ofs_y = 0},
    {.bitmap_index = 5331, .adv_w = 329, .box_w = 19, .box_h = 22, .ofs_x = 1, .ofs_y = 0},
    {.bitmap_index = 5540, .adv_w = 353, .box_w = 19, .box_h = 22, .ofs_x = 2, .ofs_y = 0},
    {.bitmap_index = 5749, .adv_w = 307, .box_w = 16, .box_h = 22, .ofs_x = 2, .ofs_y = 0},
    {.bitmap_index = 5925, .adv_w = 295, .box_w = 15, .box_h = 22, .ofs_x = 2, .ofs_y = 0},
    {.bitmap_index = 6090, .adv_w = 365, .box_w = 20, .box_h = 22, .ofs_x = 1, .ofs_y = 0},
    {.bitmap_index = 6310, .adv_w = 368, .box_w = 19, .box_h = 22, .ofs_x = 2, .ofs_y = 0},
    {.bitmap_index = 6519, .adv_w = 217, .box_w = 11, .box_h = 22, .ofs_x = 1, .ofs_y = 0},
    {.bitmap_index = 6640, .adv_w = 279, .box_w = 15, .box_h = 22, .ofs_x = 0, .ofs_y = 0},
    {.bitmap_index = 6805, .adv_w = 347, .box_w = 20, .box_h = 22, .ofs_x = 2, .ofs_y = 0},
    {.bitmap_index = 7025, .adv_w = 267, .box_w = 14, .box_h = 22, .ofs_x = 2, .ofs_y = 0},
    {.bitmap_index = 7179, .adv_w = 418, .box_w = 22, .box_h = 22, .ofs_x = 2, .ofs_y = 0},
    {.bitmap_index = 7421, .adv_w = 368, .box_w = 19, .box_h = 22, .ofs_x = 2, .ofs_y = 0},
    {.bitmap_index = 7630, .adv_w = 365, .box_w = 21, .box_h = 22, .ofs_x = 1, .ofs_y = 0},
    {.bitmap_index = 7861, .adv_w = 328, .box_w = 18, .box_h = 22, .ofs_x = 2, .ofs_y = 0},
    {.bitmap_index = 8059, .adv_w = 365, .box_w = 21, .box_h = 29, .ofs_x = 1, .ofs_y = -7},
    {.bitmap_index = 8364, .adv_w = 340, .box_w = 18, .box_h = 22, .ofs_x = 2, .ofs_y = 0},
    {.bitmap_index = 8562, .adv_w = 313, .box_w = 17, .box_h = 22, .ofs_x = 1, .ofs_y = 0},
    {.bitmap_index = 8749, .adv_w = 297, .box_w = 18, .box_h = 22, .ofs_x = 0, .ofs_y = 0},
    {.bitmap_index = 8947, .adv_w = 353, .box_w = 18, .box_h = 22, .ofs_x = 2, .ofs_y = 0},
    {.bitmap_index = 9145, .adv_w = 327, .box_w = 20, .box_h = 22, .ofs_x = 0, .ofs_y = 0},
    {.bitmap_index = 9365, .adv_w = 486, .box_w = 30, .box_h = 22, .ofs_x = 0, .ofs_y = 0},
    {.bitmap_index = 9695, .adv_w = 335, .box_w = 21, .box_h = 22, .ofs_x = 0, .ofs_y = 0},
    {.bitmap_index = 9926, .adv_w = 324, .box_w = 20, .box_h = 22, .ofs_x = 0, .ofs_y = 0},
    {.bitmap_index = 10146, .adv_w = 307, .box_w = 17, .box_h = 22, .ofs_x = 1, .ofs_y = 0},
    {.bitmap_index = 10333, .adv_w = 168, .box_w = 7, .box_h = 29, .ofs_x = 2, .ofs_y = -4},
    {.bitmap_index = 10435, .adv_w = 224, .box_w = 13, .box_h = 29, .ofs_x = 1, .ofs_y = -5},
    {.bitmap_index = 10624, .adv_w = 168, .box_w = 7, .box_h = 29, .ofs_x = 1, .ofs_y = -4},
    {.bitmap_index = 10726, .adv_w = 307, .box_w = 17, .box_h = 14, .ofs_x = 1, .ofs_y = 8},
    {.bitmap_index = 10845, .adv_w = 286, .box_w = 17, .box_h = 4, .ofs_x = 0, .ofs_y = -6},
    {.bitmap_index = 10879, .adv_w = 307, .box_w = 7, .box_h = 8, .ofs_x = 5, .ofs_y = 18},
    {.bitmap_index = 10907, .adv_w = 286, .box_w = 16, .box_h = 17, .ofs_x = 1, .ofs_y = 0},
    {.bitmap_index = 11043, .adv_w = 307, .box_w = 16, .box_h = 24, .ofs_x = 2, .ofs_y = 0},
    {.bitmap_index = 11235, .adv_w = 263, .box_w = 15, .box_h = 17, .ofs_x = 1, .ofs_y = 0},
    {.bitmap_index = 11363, .adv_w = 307, .box_w = 16, .box_h = 24, .ofs_x = 1, .ofs_y = 0},
    {.bitmap_index = 11555, .adv_w = 286, .box_w = 16, .box_h = 17, .ofs_x = 1, .ofs_y = 0},
    {.bitmap_index = 11691, .adv_w = 179, .box_w = 11, .box_h = 24, .ofs_x = 0, .ofs_y = 0},
    {.bitmap_index = 11823, .adv_w = 279, .box_w = 18, .box_h = 27, .ofs_x = 0, .ofs_y = -6},
    {.bitmap_index = 12066, .adv_w = 301, .box_w = 15, .box_h = 24, .ofs_x = 2, .ofs_y = 0},
    {.bitmap_index = 12246, .adv_w = 141, .box_w = 5, .box_h = 24, .ofs_x = 2, .ofs_y = 0},
    {.bitmap_index = 12306, .adv_w = 141, .box_w = 8, .box_h = 30, .ofs_x = -1, .ofs_y = -6},
    {.bitmap_index = 12426, .adv_w = 288, .box_w = 16, .box_h = 24, .ofs_x = 2, .ofs_y = 0},
    {.bitmap_index = 12618, .adv_w = 151, .box_w = 7, .box_h = 24, .ofs_x = 2, .ofs_y = 0},
    {.bitmap_index = 12702, .adv_w = 455, .box_w = 25, .box_h = 17, .ofs_x = 2, .ofs_y = 0},
    {.bitmap_index = 12915, .adv_w = 301, .box_w = 15, .box_h = 17, .ofs_x = 2, .ofs_y = 0},
    {.bitmap_index = 13043, .adv_w = 288, .box_w = 16, .box_h = 17, .ofs_x = 1, .ofs_y = 0},
    {.bitmap_index = 13179, .adv_w = 307, .box_w = 16, .box_h = 23, .ofs_x = 2, .ofs_y = -6},
    {.bitmap_index = 13363, .adv_w = 307, .box_w = 16, .box_h = 23, .ofs_x = 1, .ofs_y = -6},
    {.bitmap_index = 13547, .adv_w = 201, .box_w = 10, .box_h = 17, .ofs_x = 2, .ofs_y = 0},
    {.bitmap_index = 13632, .adv_w = 255, .box_w = 15, .box_h = 17, .ofs_x = 0, .ofs_y = 0},
    {.bitmap_index = 13760, .adv_w = 191, .box_w = 11, .box_h = 21, .ofs_x = 0, .ofs_y = 0},
    {.bitmap_index = 13876, .adv_w = 301, .box_w = 15, .box_h = 17, .ofs_x = 2, .ofs_y = 0},
    {.bitmap_index = 14004, .adv_w = 268, .box_w = 17, .box_h = 17, .ofs_x = 0, .ofs_y = 0},
    {.bitmap_index = 14149, .adv_w = 419, .box_w = 26, .box_h = 17, .ofs_x = 0, .ofs_y = 0},
    {.bitmap_index = 14370, .adv_w = 279, .box_w = 17, .box_h = 17, .ofs_x = 0, .ofs_y = 0},
    {.bitmap_index = 14515, .adv_w = 268, .box_w = 17, .box_h = 23, .ofs_x = 0, .ofs_y = -6},
    {.bitmap_index = 14711, .adv_w = 257, .box_w = 14, .box_h = 17, .ofs_x = 1, .ofs_y = 0},
    {.bitmap_index = 14830, .adv_w = 186, .box_w = 10, .box_h = 29, .ofs_x = 0, .ofs_y = -4},
    {.bitmap_index = 14975, .adv_w = 193, .box_w = 4, .box_h = 29, .ofs_x = 4, .ofs_y = -4},
    {.bitmap_index = 15033, .adv_w = 186, .box_w = 10, .box_h = 29, .ofs_x = 1, .ofs_y = -4},
    {.bitmap_index = 15178, .adv_w = 307, .box_w = 17, .box_h = 6, .ofs_x = 1, .ofs_y = 7},
    {.bitmap_index = 15229, .adv_w = 121, .box_w = 0, .box_h = 0, .ofs_x = 0, .ofs_y = 0},
    {.bitmap_index = 15229, .adv_w = 158, .box_w = 6, .box_h = 23, .ofs_x = 2, .ofs_y = -6},
    {.bitmap_index = 15298, .adv_w = 277, .box_w = 16, .box_h = 24, .ofs_x = 1, .ofs_y = -4},
    {.bitmap_index = 15490, .adv_w = 300, .box_w = 17, .box_h = 22, .ofs_x = 1, .ofs_y = 0},
    {.bitmap_index = 15677, .adv_w = 319, .box_w = 20, .box_h = 19, .ofs_x = 0, .ofs_y = 2},
    {.bitmap_index = 15867, .adv_w = 315, .box_w = 19, .box_h = 22, .ofs_x = 0, .ofs_y = 0},
    {.bitmap_index = 16076, .adv_w = 193, .box_w = 4, .box_h = 29, .ofs_x = 4, .ofs_y = -4},
    {.bitmap_index = 16134, .adv_w = 294, .box_w = 16, .box_h = 28, .ofs_x = 1, .ofs_y = -6},
    {.bitmap_index = 16358, .adv_w = 307, .box_w = 13, .box_h = 5, .ofs_x = 3, .ofs_y = 19},
    {.bitmap_index = 16391, .adv_w = 403, .box_w = 23, .box_h = 23, .ofs_x = 1, .ofs_y = 0},
    {.bitmap_index = 16656, .adv_w = 222, .box_w = 12, .box_h = 11, .ofs_x = 1, .ofs_y = 11},
    {.bitmap_index = 16722, .adv_w = 279, .box_w = 15, .box_h = 15, .ofs_x = 1, .ofs_y = 1},
    {.bitmap_index = 16835, .adv_w = 307, .box_w = 17, .box_h = 10, .ofs_x = 1, .ofs_y = 2},
    {.bitmap_index = 16920, .adv_w = 0, .box_w = 0, .box_h = 0, .ofs_x = 0, .ofs_y = 0},
    {.bitmap_index = 16920, .adv_w = 240, .box_w = 13, .box_h = 15, .ofs_x = 1, .ofs_y = 9},
    {.bitmap_index = 17018, .adv_w = 307, .box_w = 11, .box_h = 3, .ofs_x = 4, .ofs_y = 20},
    {.bitmap_index = 17035, .adv_w = 241, .box_w = 13, .box_h = 12, .ofs_x = 1, .ofs_y = 11},
    {.bitmap_index = 17113, .adv_w = 307, .box_w = 16, .box_h = 20, .ofs_x = 2, .ofs_y = 0},
    {.bitmap_index = 17273, .adv_w = 178, .box_w = 11, .box_h = 11, .ofs_x = 0, .ofs_y = 11},
    {.bitmap_index = 17334, .adv_w = 177, .box_w = 10, .box_h = 11, .ofs_x = 0, .ofs_y = 11},
    {.bitmap_index = 17389, .adv_w = 307, .box_w = 8, .box_h = 8, .ofs_x = 7, .ofs_y = 18},
    {.bitmap_index = 17421, .adv_w = 304, .box_w = 15, .box_h = 23, .ofs_x = 2, .ofs_y = -6},
    {.bitmap_index = 17594, .adv_w = 343, .box_w = 19, .box_h = 28, .ofs_x = 1, .ofs_y = -6},
    {.bitmap_index = 17860, .adv_w = 179, .box_w = 6, .box_h = 6, .ofs_x = 3, .ofs_y = 7},
    {.bitmap_index = 17878, .adv_w = 307, .box_w = 9, .box_h = 8, .ofs_x = 6, .ofs_y = -7},
    {.bitmap_index = 17914, .adv_w = 178, .box_w = 11, .box_h = 11, .ofs_x = 0, .ofs_y = 11},
    {.bitmap_index = 17975, .adv_w = 217, .box_w = 12, .box_h = 11, .ofs_x = 1, .ofs_y = 11},
    {.bitmap_index = 18041, .adv_w = 279, .box_w = 16, .box_h = 15, .ofs_x = 1, .ofs_y = 1},
    {.bitmap_index = 18161, .adv_w = 430, .box_w = 27, .box_h = 23, .ofs_x = 0, .ofs_y = -1},
    {.bitmap_index = 18472, .adv_w = 442, .box_w = 27, .box_h = 22, .ofs_x = 0, .ofs_y = 0},
    {.bitmap_index = 18769, .adv_w = 423, .box_w = 26, .box_h = 24, .ofs_x = 0, .ofs_y = -1},
    {.bitmap_index = 19081, .adv_w = 249, .box_w = 16, .box_h = 23, .ofs_x = 0, .ofs_y = -6},
    {.bitmap_index = 19265, .adv_w = 344, .box_w = 21, .box_h = 31, .ofs_x = 0, .ofs_y = 0},
    {.bitmap_index = 19591, .adv_w = 344, .box_w = 21, .box_h = 31, .ofs_x = 0, .ofs_y = 0},
    {.bitmap_index = 19917, .adv_w = 344, .box_w = 21, .box_h = 30, .ofs_x = 0, .ofs_y = 0},
    {.bitmap_index = 20232, .adv_w = 344, .box_w = 21, .box_h = 29, .ofs_x = 0, .ofs_y = 0},
    {.bitmap_index = 20537, .adv_w = 344, .box_w = 21, .box_h = 29, .ofs_x = 0, .ofs_y = 0},
    {.bitmap_index = 20842, .adv_w = 344, .box_w = 21, .box_h = 32, .ofs_x = 0, .ofs_y = 0},
    {.bitmap_index = 21178, .adv_w = 486, .box_w = 29, .box_h = 22, .ofs_x = 0, .ofs_y = 0},
    {.bitmap_index = 21497, .adv_w = 329, .box_w = 19, .box_h = 28, .ofs_x = 1, .ofs_y = -6},
    {.bitmap_index = 21763, .adv_w = 307, .box_w = 16, .box_h = 31, .ofs_x = 2, .ofs_y = 0},
    {.bitmap_index = 22011, .adv_w = 307, .box_w = 16, .box_h = 31, .ofs_x = 2, .ofs_y = 0},
    {.bitmap_index = 22259, .adv_w = 307, .box_w = 16, .box_h = 30, .ofs_x = 2, .ofs_y = 0},
    {.bitmap_index = 22499, .adv_w = 307, .box_w = 16, .box_h = 29, .ofs_x = 2, .ofs_y = 0},
    {.bitmap_index = 22731, .adv_w = 217, .box_w = 11, .box_h = 31, .ofs_x = 1, .ofs_y = 0},
    {.bitmap_index = 22902, .adv_w = 217, .box_w = 11, .box_h = 31, .ofs_x = 1, .ofs_y = 0},
    {.bitmap_index = 23073, .adv_w = 217, .box_w = 13, .box_h = 30, .ofs_x = 0, .ofs_y = 0},
    {.bitmap_index = 23268, .adv_w = 217, .box_w = 12, .box_h = 29, .ofs_x = 1, .ofs_y = 0},
    {.bitmap_index = 23442, .adv_w = 355, .box_w = 21, .box_h = 22, .ofs_x = 0, .ofs_y = 0},
    {.bitmap_index = 23673, .adv_w = 368, .box_w = 19, .box_h = 29, .ofs_x = 2, .ofs_y = 0},
    {.bitmap_index = 23949, .adv_w = 365, .box_w = 21, .box_h = 31, .ofs_x = 1, .ofs_y = 0},
    {.bitmap_index = 24275, .adv_w = 365, .box_w = 21, .box_h = 31, .ofs_x = 1, .ofs_y = 0},
    {.bitmap_index = 24601, .adv_w = 365, .box_w = 21, .box_h = 31, .ofs_x = 1, .ofs_y = 0},
    {.bitmap_index = 24927, .adv_w = 365, .box_w = 21, .box_h = 30, .ofs_x = 1, .ofs_y = 0},
    {.bitmap_index = 25242, .adv_w = 365, .box_w = 21, .box_h = 30, .ofs_x = 1, .ofs_y = 0},
    {.bitmap_index = 25557, .adv_w = 307, .box_w = 15, .box_h = 15, .ofs_x = 2, .ofs_y = 2},
    {.bitmap_index = 25670, .adv_w = 365, .box_w = 21, .box_h = 26, .ofs_x = 1, .ofs_y = -2},
    {.bitmap_index = 25943, .adv_w = 353, .box_w = 18, .box_h = 31, .ofs_x = 2, .ofs_y = 0},
    {.bitmap_index = 26222, .adv_w = 353, .box_w = 18, .box_h = 31, .ofs_x = 2, .ofs_y = 0},
    {.bitmap_index = 26501, .adv_w = 353, .box_w = 18, .box_h = 31, .ofs_x = 2, .ofs_y = 0},
    {.bitmap_index = 26780, .adv_w = 353, .box_w = 18, .box_h = 30, .ofs_x = 2, .ofs_y = 0},
    {.bitmap_index = 27050, .adv_w = 324, .box_w = 20, .box_h = 31, .ofs_x = 0, .ofs_y = 0},
    {.bitmap_index = 27360, .adv_w = 328, .box_w = 18, .box_h = 22, .ofs_x = 2, .ofs_y = 0},
    {.bitmap_index = 27558, .adv_w = 347, .box_w = 21, .box_h = 24, .ofs_x = 0, .ofs_y = 0},
    {.bitmap_index = 27810, .adv_w = 286, .box_w = 16, .box_h = 26, .ofs_x = 1, .ofs_y = 0},
    {.bitmap_index = 28018, .adv_w = 286, .box_w = 16, .box_h = 26, .ofs_x = 1, .ofs_y = 0},
    {.bitmap_index = 28226, .adv_w = 286, .box_w = 16, .box_h = 26, .ofs_x = 1, .ofs_y = 0},
    {.bitmap_index = 28434, .adv_w = 286, .box_w = 16, .box_h = 24, .ofs_x = 1, .ofs_y = 0},
    {.bitmap_index = 28626, .adv_w = 286, .box_w = 16, .box_h = 24, .ofs_x = 1, .ofs_y = 0},
    {.bitmap_index = 28818, .adv_w = 286, .box_w = 16, .box_h = 27, .ofs_x = 1, .ofs_y = 0},
    {.bitmap_index = 29034, .adv_w = 442, .box_w = 26, .box_h = 17, .ofs_x = 1, .ofs_y = 0},
    {.bitmap_index = 29255, .adv_w = 263, .box_w = 15, .box_h = 23, .ofs_x = 1, .ofs_y = -6},
    {.bitmap_index = 29428, .adv_w = 286, .box_w = 16, .box_h = 26, .ofs_x = 1, .ofs_y = 0},
    {.bitmap_index = 29636, .adv_w = 286, .box_w = 16, .box_h = 26, .ofs_x = 1, .ofs_y = 0},
    {.bitmap_index = 29844, .adv_w = 286, .box_w = 16, .box_h = 26, .ofs_x = 1, .ofs_y = 0},
    {.bitmap_index = 30052, .adv_w = 286, .box_w = 16, .box_h = 24, .ofs_x = 1, .ofs_y = 0},
    {.bitmap_index = 30244, .adv_w = 141, .box_w = 7, .box_h = 27, .ofs_x = 0, .ofs_y = 0},
    {.bitmap_index = 30339, .adv_w = 141, .box_w = 7, .box_h = 27, .ofs_x = 2, .ofs_y = 0},
    {.bitmap_index = 30434, .adv_w = 141, .box_w = 13, .box_h = 25, .ofs_x = -2, .ofs_y = 0},
    {.bitmap_index = 30597, .adv_w = 141, .box_w = 13, .box_h = 24, .ofs_x = -2, .ofs_y = 0},
    {.bitmap_index = 30753, .adv_w = 302, .box_w = 17, .box_h = 25, .ofs_x = 1, .ofs_y = 0},
    {.bitmap_index = 30966, .adv_w = 301, .box_w = 15, .box_h = 24, .ofs_x = 2, .ofs_y = 0},
    {.bitmap_index = 31146, .adv_w = 288, .box_w = 16, .box_h = 26, .ofs_x = 1, .ofs_y = 0},
    {.bitmap_index = 31354, .adv_w = 288, .box_w = 16, .box_h = 26, .ofs_x = 1, .ofs_y = 0},
    {.bitmap_index = 31562, .adv_w = 288, .box_w = 16, .box_h = 26, .ofs_x = 1, .ofs_y = 0},
    {.bitmap_index = 31770, .adv_w = 288, .box_w = 16, .box_h = 24, .ofs_x = 1, .ofs_y = 0},
    {.bitmap_index = 31962, .adv_w = 288, .box_w = 16, .box_h = 24, .ofs_x = 1, .ofs_y = 0},
    {.bitmap_index = 32154, .adv_w = 307, .box_w = 16, .box_h = 17, .ofs_x = 2, .ofs_y = 1},
    {.bitmap_index = 32290, .adv_w = 292, .box_w = 18, .box_h = 21, .ofs_x = 0, .ofs_y = -2},
    {.bitmap_index = 32479, .adv_w = 301, .box_w = 15, .box_h = 27, .ofs_x = 2, .ofs_y = 0},
    {.bitmap_index = 32682, .adv_w = 301, .box_w = 15, .box_h = 27, .ofs_x = 2, .ofs_y = 0},
    {.bitmap_index = 32885, .adv_w = 301, .box_w = 15, .box_h = 26, .ofs_x = 2, .ofs_y = 0},
    {.bitmap_index = 33080, .adv_w = 301, .box_w = 15, .box_h = 24, .ofs_x = 2, .ofs_y = 0},
    {.bitmap_index = 33260, .adv_w = 268, .box_w = 17, .box_h = 33, .ofs_x = 0, .ofs_y = -6},
    {.bitmap_index = 33541, .adv_w = 307, .box_w = 16, .box_h = 30, .ofs_x = 2, .ofs_y = -6},
    {.bitmap_index = 33781, .adv_w = 268, .box_w = 17, .box_h = 30, .ofs_x = 0, .ofs_y = -6},
    {.bitmap_index = 34036, .adv_w = 301, .box_w = 17, .box_h = 4, .ofs_x = 1, .ofs_y = 8},
    {.bitmap_index = 34070, .adv_w = 399, .box_w = 23, .box_h = 4, .ofs_x = 1, .ofs_y = 8},
    {.bitmap_index = 34116, .adv_w = 512, .box_w = 32, .box_h = 4, .ofs_x = 0, .ofs_y = 8},
    {.bitmap_index = 34180, .adv_w = 150, .box_w = 7, .box_h = 10, .ofs_x = 2, .ofs_y = 14},
    {.bitmap_index = 34215, .adv_w = 150, .box_w = 7, .box_h = 10, .ofs_x = 1, .ofs_y = 14},
    {.bitmap_index = 34250, .adv_w = 151, .box_w = 7, .box_h = 10, .ofs_x = 1, .ofs_y = -4},
    {.bitmap_index = 34285, .adv_w = 265, .box_w = 14, .box_h = 10, .ofs_x = 2, .ofs_y = 14},
    {.bitmap_index = 34355, .adv_w = 265, .box_w = 14, .box_h = 10, .ofs_x = 1, .ofs_y = 14},
    {.bitmap_index = 34425, .adv_w = 266, .box_w = 14, .box_h = 10, .ofs_x = 1, .ofs_y = -4},
    {.bitmap_index = 34495, .adv_w = 272, .box_w = 15, .box_h = 30, .ofs_x = 1, .ofs_y = -6},
    {.bitmap_index = 34720, .adv_w = 279, .box_w = 16, .box_h = 30, .ofs_x = 1, .ofs_y = -6},
    {.bitmap_index = 34960, .adv_w = 215, .box_w = 10, .box_h = 9, .ofs_x = 2, .ofs_y = 5},
    {.bitmap_index = 35005, .adv_w = 444, .box_w = 24, .box_h = 6, .ofs_x = 2, .ofs_y = 0},
    {.bitmap_index = 35077, .adv_w = 160, .box_w = 8, .box_h = 15, .ofs_x = 1, .ofs_y = 1},
    {.bitmap_index = 35137, .adv_w = 160, .box_w = 8, .box_h = 15, .ofs_x = 1, .ofs_y = 1},
    {.bitmap_index = 35197, .adv_w = 449, .box_w = 24, .box_h = 15, .ofs_x = 2, .ofs_y = 4},
    {.bitmap_index = 35377, .adv_w = 449, .box_w = 16, .box_h = 23, .ofs_x = 6, .ofs_y = 0},
    {.bitmap_index = 35561, .adv_w = 449, .box_w = 24, .box_h = 15, .ofs_x = 2, .ofs_y = 4},
    {.bitmap_index = 35741, .adv_w = 449, .box_w = 16, .box_h = 24, .ofs_x = 6, .ofs_y = -1},
    {.bitmap_index = 35933, .adv_w = 449, .box_w = 24, .box_h = 15, .ofs_x = 2, .ofs_y = 4},
    {.bitmap_index = 36113, .adv_w = 449, .box_w = 16, .box_h = 24, .ofs_x = 6, .ofs_y = -1},
    {.bitmap_index = 36305, .adv_w = 449, .box_w = 19, .box_h = 18, .ofs_x = 5, .ofs_y = 2},
    {.bitmap_index = 36476, .adv_w = 449, .box_w = 19, .box_h = 18, .ofs_x = 4, .ofs_y = 2},
    {.bitmap_index = 36647, .adv_w = 449, .box_w = 19, .box_h = 19, .ofs_x = 4, .ofs_y = 2},
    {.bitmap_index = 36828, .adv_w = 449, .box_w = 19, .box_h = 19, .ofs_x = 5, .ofs_y = 2},
    {.bitmap_index = 37009, .adv_w = 449, .box_w = 24, .box_h = 19, .ofs_x = 2, .ofs_y = 2},
    {.bitmap_index = 37237, .adv_w = 449, .box_w = 24, .box_h = 19, .ofs_x = 2, .ofs_y = 2},
    {.bitmap_index = 37465, .adv_w = 449, .box_w = 18, .box_h = 23, .ofs_x = 5, .ofs_y = 0},
    {.bitmap_index = 37672, .adv_w = 449, .box_w = 18, .box_h = 23, .ofs_x = 5, .ofs_y = 0},
    {.bitmap_index = 37879, .adv_w = 449, .box_w = 18, .box_h = 24, .ofs_x = 5, .ofs_y = -1},
    {.bitmap_index = 38095, .adv_w = 449, .box_w = 18, .box_h = 24, .ofs_x = 5, .ofs_y = -1},
    {.bitmap_index = 38311, .adv_w = 449, .box_w = 28, .box_h = 21, .ofs_x = 0, .ofs_y = 1},
    {.bitmap_index = 38605, .adv_w = 449, .box_w = 28, .box_h = 21, .ofs_x = 0, .ofs_y = 1},
    {.bitmap_index = 38899, .adv_w = 449, .box_w = 22, .box_h = 24, .ofs_x = 3, .ofs_y = -1},
    {.bitmap_index = 39163, .adv_w = 449, .box_w = 22, .box_h = 24, .ofs_x = 3, .ofs_y = -1},
    {.bitmap_index = 39427, .adv_w = 449, .box_w = 24, .box_h = 26, .ofs_x = 2, .ofs_y = -2},
    {.bitmap_index = 39739, .adv_w = 449, .box_w = 24, .box_h = 26, .ofs_x = 2, .ofs_y = -2},
    {.bitmap_index = 40051, .adv_w = 301, .box_w = 17, .box_h = 24, .ofs_x = 1, .ofs_y = -1},
    {.bitmap_index = 40255, .adv_w = 344, .box_w = 19, .box_h = 23, .ofs_x = 1, .ofs_y = 0},
    {.bitmap_index = 40474, .adv_w = 369, .box_w = 23, .box_h = 30, .ofs_x = 0, .ofs_y = -7},
    {.bitmap_index = 40819, .adv_w = 278, .box_w = 16, .box_h = 30, .ofs_x = 1, .ofs_y = -7},
    {.bitmap_index = 41059, .adv_w = 307, .box_w = 16, .box_h = 4, .ofs_x = 2, .ofs_y = 8}
};

/*---------------------
 *  CHARACTER MAPPING
 *--------------------*/

static const uint16_t unicode_list_2[] = {
    0x0, 0x1, 0x2, 0x5, 0x6, 0x7, 0x9, 0xa,
    0xb, 0xd, 0xe, 0xf, 0x13, 0x26, 0x27, 0x17d,
    0x17e, 0x17f, 0x180, 0x181, 0x182, 0x183, 0x184, 0x185,
    0x186, 0x196, 0x197, 0x19d, 0x19e, 0x19f, 0x1a0, 0x1a3,
    0x1a4, 0x1a7, 0x1a8, 0x1b1, 0x1b3, 0x1ef, 0x1f3, 0x1fc,
    0x1fe, 0x1ff
};

/*Collect the unicode lists and glyph_id offsets*/
static const lv_font_fmt_txt_cmap_t cmaps[] =
{
    {
        .range_start = 32, .range_length = 95, .glyph_id_start = 1,
        .unicode_list = NULL, .glyph_id_ofs_list = NULL, .list_length = 0, .type = LV_FONT_FMT_TXT_CMAP_FORMAT0_TINY
    },
    {
        .range_start = 160, .range_length = 96, .glyph_id_start = 96,
        .unicode_list = NULL, .glyph_id_ofs_list = NULL, .list_length = 0, .type = LV_FONT_FMT_TXT_CMAP_FORMAT0_TINY
    },
    {
        .range_start = 8211, .range_length = 512, .glyph_id_start = 192,
        .unicode_list = unicode_list_2, .glyph_id_ofs_list = NULL, .list_length = 42, .type = LV_FONT_FMT_TXT_CMAP_SPARSE_TINY
    }
};

/*-----------------
 *    KERNING
 *----------------*/


/*Map glyph_ids to kern left classes*/
static const uint8_t kern_left_class_mapping[] =
{
    0, 0, 0, 0, 0, 0, 1, 0,
    0, 0, 0, 0, 0, 0, 0, 0,
    0, 0, 0, 0, 0, 0, 0, 0,
    0, 0, 0, 0, 0, 0, 0, 0,
    0, 0, 2, 3, 4, 5, 6, 7,
    8, 0, 9, 10, 11, 12, 0, 0,
    0, 13, 0, 14, 15, 16, 17, 18,
    19, 20, 21, 22, 0, 0, 0, 0,
    0, 0, 23, 24, 25, 0, 26, 27,
    28, 29, 30, 31, 32, 33, 29, 29,
    34, 24, 35, 36, 37, 38, 39, 40,
    41, 42, 43, 44, 0, 0, 0, 0,
    0, 0, 0, 0, 0, 0, 0, 0,
    0, 0, 0, 0, 0, 0, 0, 0,
    0, 0, 0, 0, 0, 0, 0, 0,
    0, 0, 0, 0, 0, 0, 0, 0,
    2, 2, 2, 2, 2, 2, 6, 4,
    6, 6, 6, 6, 9, 9, 9, 9,
    5, 0, 0, 0, 0, 0, 0, 0,
    0, 17, 17, 17, 17, 21, 45, 46,
    23, 23, 23, 23, 23, 23, 26, 25,
    26, 26, 26, 26, 30, 30, 47, 48,
    49, 29, 34, 34, 34, 34, 34, 0,
    34, 39, 39, 39, 39, 43, 24, 43,
    0, 0, 0, 0, 0, 0, 0, 0,
    0, 0, 0, 0, 0, 0, 0, 0,
    0, 0, 0, 0, 0, 0, 0, 0,
    0, 0, 0, 0, 0, 0, 0, 0,
    0, 0, 0, 0, 0, 0, 50, 0,
    0, 0
};

/*Map glyph_ids to kern right classes*/
static const uint8_t kern_right_class_mapping[] =
{
    0, 0, 1, 2, 0, 0, 0, 3,
    2, 0, 4, 2, 0, 5, 6, 5,
    7, 0, 0, 0, 0, 0, 0, 0,
    0, 0, 0, 8, 8, 0, 0, 0,
    9, 10, 11, 0, 12, 0, 0, 0,
    12, 0, 13, 14, 0, 0, 0, 0,
    12, 0, 12, 0, 15, 16, 17, 18,
    19, 20, 21, 22, 0, 0, 23, 0,
    24, 0, 25, 0, 26, 27, 26, 28,
    29, 0, 30, 31, 0, 32, 33, 33,
    26, 34, 27, 33, 35, 36, 37, 38,
    39, 40, 41, 42, 0, 0, 23, 0,
    0, 0, 0, 0, 0, 0, 0, 0,
    0, 0, 43, 44, 0, 0, 45, 0,
    0, 0, 46, 47, 0, 0, 0, 0,
    0, 48, 49, 50, 0, 0, 0, 51,
    11, 11, 11, 11, 11, 11, 52, 12,
    0, 0, 0, 0, 13, 13, 13, 13,
    0, 0, 12, 12, 12, 12, 12, 0,
    12, 17, 17, 17, 17, 21, 0, 28,
    25, 25, 25, 25, 25, 25, 25, 26,
    26, 26, 26, 26, 53, 30, 54, 55,
    27, 33, 26, 26, 26, 26, 26, 0,
    26, 37, 37, 37, 37, 41, 0, 41,
    6, 6, 6, 56, 57, 5, 56, 57,
    5, 0, 0, 0, 5, 44, 50, 0,
    0, 0, 0, 0, 0, 0, 0, 0,
    0, 0, 0, 0, 0, 0, 0, 0,
    0, 0, 0, 0, 0, 0, 58, 0,
    0, 0
};

/*Kern values between classes*/
static const int8_t kern_class_values[] =
{
    0, -31, 0, 0, 0, 0, 0, 0,
    0, 0, 0, 0, 0, 0, 0, 0,
    0, 0, 0, 0, 0, 0, 0, 0,
    0, 0, 0, 0, 0, 0, 0, 0,
    0, 0, 0, 0, 0, 0, 0, 0,
    0, 0, 0, 0, 0, 0, 0, 0,
    0, 0, 0, 0, 0, 0, 0, -34,
    -34, 0, 0, -26, -5, 0, 10, -8,
    0, 0, -19, -8, 6, -13, 0, -4,
    0, -33, -11, -26, -10, 3, -34, 0,
    0, 8, 2, 0, 0, 0, 0, 0,
    0, 0, 0, 0, 0, -8, 0, -14,
    -9, 0, -8, 5, 0, 0, -34, -26,
    -24, -35, 0, 0, 0, 6, 0, 0,
    0, -35, -31, 0, 0, 0, 0, 0,
    -8, 0, -11, 0, 0, 0, -7, 0,
    0, -5, 0, -13, 0, -13, -4, -11,
    -20, 0, 0, -32, 0, 0, 0, -2,
    -2, 0, 0, 0, 0, 0, 0, -3,
    0, -5, -3, -6, -5, 0, 0, 0,
    -8, -2, -2, -2, 0, 0, 0, -7,
    0, 0, 0, 0, 0, 0, 0, 2,
    -5, 0, 0, -7, -7, 0, 0, -5,
    -3, -7, 0, 0, 0, 0, 0, 0,
    1, -7, -5, 0, 0, -19, 0, 0,
    0, 0, 0, 0, 0, 0, 0, 0,
    0, 0, 0, 0, 0, 0, 0, 0,
    0, 0, 3, 0, 0, 1, 0, 0,
    0, -3, 0, 0, 0, 2, 2, 0,
    0, -5, 0, 0, -19, 8, -18, 0,
    0, 0, -15, 0, 0, -13, 0, -13,
    0, -13, -8, -13, -21, -11, 0, -12,
    0, 0, 0, 0, 0, 0, 0, 0,
    0, 0, 0, 0, 0, 0, 0, 0,
    0, 0, 0, 10, -1, -1, -1, -1,
    0, 0, 0, -20, 0, 0, 0, -12,
    -11, 0, 0, 0, -7, 0, 0, 0,
    0, 0, 0, -5, 0, 0, 0, -10,
    0, 0, 0, -2, 0, 0, -3, 0,
    0, 0, 0, -5, -5, 0, -3, 0,
    0, 0, 0, 0, 0, 0, 0, 0,
    0, 0, 0, 0, 0, 0, 0, 0,
    -1, -5, 0, 0, 0, 0, 0, 0,
    0, 1, 0, 0, 0, 3, -19, 8,
    -48, 0, -37, 0, 2, -14, -38, -13,
    0, -35, 0, 0, 0, 0, 0, 0,
    0, 0, 0, -70, -20, -15, -16, -3,
    -22, 0, -5, 0, -14, -14, -17, -6,
    -13, -10, -7, -20, -10, -11, 0, 0,
    0, 2, 2, 1, 0, 0, 0, -48,
    0, 15, 15, 1, 1, 0, 0, -5,
    0, 0, 0, 5, 0, 0, 0, 0,
    0, 0, 0, -4, 0, -19, 0, -13,
    -5, -5, -21, 0, 0, 0, 0, 0,
    0, 0, 0, 0, 0, 0, 0, 0,
    0, 0, 0, 0, 0, 0, 0, 0,
    0, 0, -7, -8, -5, -9, 0, 0,
    0, 0, 0, 0, 0, -12, -9, 0,
    0, 0, -2, 0, 0, -15, 0, 0,
    0, -10, 0, 0, 0, 0, 0, -3,
    0, 0, 0, 0, 0, 0, 0, 2,
    0, -3, -3, 0, 0, 0, 0, 0,
    0, 0, -2, 0, 0, -2, 0, 0,
    -2, 0, 0, 0, 0, 0, 2, 0,
    0, 0, 0, 0, 0, 10, 10, 0,
    0, 0, 0, 0, 0, 0, -12, 0,
    -14, 0, 0, 0, -9, 0, 0, -6,
    0, 0, 0, 0, 0, -8, 0, 0,
    0, -40, 0, 0, 0, 0, 0, 0,
    0, 0, 0, 0, 0, 0, 0, 0,
    0, 0, 0, 0, 0, 0, 0, 0,
    0, 0, 0, 0, 0, -13, 0, 0,
    0, 0, 0, 0, 0, -5, -15, 5,
    5, -25, 0, 0, 0, -20, 0, -18,
    0, -10, -5, -12, 0, -11, -5, 0,
    -10, 0, 0, 0, -6, -13, -13, -10,
    -5, 0, 0, -4, -5, -5, 0, -14,
    -9, -9, -9, -3, -9, 5, 0, -15,
    -21, -14, -14, -15, 0, -10, 0, 0,
    0, 0, 6, -13, -9, 0, 0, -43,
    -3, 0, 11, -18, 7, 0, -29, -7,
    9, -19, 0, 0, 0, -37, -16, -35,
    -19, 0, -44, 0, 0, 12, 2, -5,
    -5, 0, 0, 0, 0, 0, 0, 0,
    0, -9, -3, -26, -15, 5, -18, 6,
    0, -10, -56, -39, -34, -36, 0, 0,
    0, 9, 0, 0, 0, -41, -39, 0,
    0, 3, -15, 0, -51, 0, -40, 0,
    0, -5, -33, 0, 0, -31, -4, 0,
    0, -2, -3, -15, -9, -13, 0, -74,
    -7, -10, -10, 0, -16, 0, 0, 0,
    -5, -7, -7, 0, 0, 0, 3, -8,
    0, 0, 0, 0, 0, 5, 5, 2,
    0, 0, 0, -48, 0, 0, 0, 5,
    5, 0, 0, 0, -13, 0, 0, -8,
    -9, 0, 0, -10, 0, -5, 0, -16,
    0, -12, -7, -15, -6, 0, -20, 0,
    0, 0, -5, -8, -8, 0, -13, 0,
    0, 0, 0, 0, 0, 0, 0, 0,
    0, 0, -2, 0, 0, 0, 0, -2,
    -5, -9, 0, 0, 0, 0, 0, 0,
    0, 0, 0, 0, 0, 0, -4, 0,
    0, 7, -14, 0, 0, -4, 0, 0,
    0, 0, -7, -10, 0, -7, -6, 0,
    -16, 0, 0, -28, 0, 0, 0, 0,
    0, 0, 0, 0, 0, 0, 0, -2,
    0, 0, 0, 0, 0, 0, 0, 10,
    -3, -5, -6, -7, 0, 0, 0, 0,
    0, 0, 0, -11, -6, 0, 0, 0,
    0, 0, 0, 0, 0, -20, 0, 0,
    0, 0, 0, 0, 0, 0, 0, 0,
    0, 0, 0, 0, 0, 0, 0, 0,
    0, 0, 0, 0, 0, 0, 0, 0,
    0, 0, 0, 0, 0, 0, 0, 0,
    0, 0, 0, 0, 0, 0, 0, 0,
    0, 0, 0, 0, 0, 0, 0, 0,
    0, 0, -4, 0, -16, 0, -17, 0,
    0, 0, -11, 0, 0, -8, 0, 0,
    0, 0, 0, 0, 0, 0, 0, -33,
    0, 0, 0, 0, -5, 0, 0, 0,
    0, 0, 0, 0, 0, 0, 1, 0,
    0, 0, 0, 0, 0, 0, 0, 0,
    0, 0, 0, -12, 0, 0, 0, 0,
    0, 0, 0, 0, 0, 0, 0, 0,
    0, -14, 0, 0, 0, 0, 0, 0,
    0, 0, 0, 0, 0, 0, 0, 0,
    0, 0, 0, 0, 0, 0, 0, 0,
    0, 0, 0, 0, 0, 0, 0, 0,
    0, 0, 0, 0, 0, 0, 0, 0,
    0, 0, 0, 0, 0, 0, 0, 0,
    0, 0, 0, 0, 0, 8, -14, 5,
    -19, -5, -19, 0, 5, -10, -11, -8,
    0, -21, 0, 4, 0, 2, 2, 0,
    1, -2, 0, -26, -12, -11, -11, 0,
    -10, 0, -2, 0, -5, -3, -5, 0,
    -3, 0, -5, -5, 0, -5, 0, 0,
    8, 7, 7, 5, 0, 0, 0, -32,
    0, 20, 0, 3, 3, 0, 0, 0,
    0, 0, 0, 0, 0, -7, 0, 0,
    0, 0, 0, 0, 0, 0, 0, 0,
    0, 0, 0, 0, 0, 0, 0, 0,
    0, 0, 0, 0, 0, 0, 0, 0,
    0, 0, 0, 0, 0, 0, 0, 0,
    0, 0, 0, 0, 0, 0, 0, 0,
    0, 0, 0, 0, 0, 0, 0, 0,
    0, 0, 0, 0, 0, 0, 0, -24,
    0, 0, 0, 0, 0, 0, 0, 0,
    0, 0, 0, 0, 0, 0, 0, 0,
    0, 0, 0, 0, 0, 0, 0, 0,
    0, 0, 0, 0, 0, 0, 0, 0,
    0, 0, 0, 0, 0, 0, 0, 0,
    0, 0, 0, 0, 0, 0, 0, 0,
    0, 0, 0, 3, -5, 5, 15, -20,
    0, 0, 0, -8, 0, -9, 0, -3,
    0, 0, 0, -3, -2, 0, -4, 0,
    0, 8, 0, -3, -2, 0, 0, 0,
    0, 0, 0, 0, 0, -5, -3, 0,
    0, 0, -3, 0, 0, -10, 5, 2,
    0, 2, 0, -5, 0, 0, 0, 10,
    14, 2, 2, 0, 0, -8, 0, 0,
    5, -3, 10, 0, 0, 0, 4, 0,
    0, 0, 0, -36, 0, -15, -4, 0,
    -24, 3, 0, 5, 0, 0, 0, 0,
    0, 0, 0, 0, 0, 0, 0, -2,
    0, -5, -3, 0, -4, 0, 0, 0,
    0, -9, -2, -12, 0, 0, 0, 4,
    0, 0, 0, -16, 0, 0, 0, -10,
    0, 0, -8, 5, 0, 0, 0, 0,
    0, 0, -3, 0, 0, -34, 0, -17,
    -11, -10, -28, -2, 0, -27, 0, 0,
    0, -3, 0, 0, 0, 0, 0, 0,
    0, -3, 0, -4, -5, -8, -5, -4,
    0, 8, -3, 0, 0, -4, 0, 0,
    0, 0, 0, 0, 0, -21, -16, 0,
    0, 0, -1, 0, 0, 0, -1, 0,
    0, 0, 4, 0, 0, 3, 1, -24,
    0, -14, -5, 0, -24, 3, 0, -16,
    0, -3, -3, 0, -1, 0, 0, 0,
    0, 0, 0, 0, 0, 0, 0, 0,
    0, 0, 0, 3, 0, 2, 4, 0,
    0, 0, 0, 4, 0, 0, 0, -5,
    2, 0, 0, -10, 0, 0, -8, 5,
    0, 0, 0, 0, 0, 0, -3, 0,
    -5, -34, 0, -17, -10, -10, -28, -3,
    0, -29, 0, 0, 0, 0, 0, 0,
    0, 0, 0, 0, 0, 0, 0, -5,
    -3, -8, -3, -3, 0, 8, -3, 0,
    0, -4, 0, 0, 0, 0, 0, 0,
    0, -17, -16, 0, 10, 15, -7, 13,
    -15, 0, -10, 0, 15, 0, -3, 8,
    0, -11, 0, 14, 0, 14, 12, 6,
    13, 1, 8, -33, 0, -2, -2, 2,
    -2, 5, 0, 0, 0, 0, 0, 0,
    0, 5, 0, 0, 5, 0, 0, 0,
    15, 12, 19, 12, 0, 0, 0, -3,
    7, 26, 29, 17, 17, 0, 0, 3,
    -2, 13, 4, 0, 11, 0, 0, -1,
    11, 1, 0, -4, 0, -5, 0, -4,
    0, 5, -5, 5, 5, 28, -1, -3,
    -3, 0, 3, 0, 12, 0, 0, 0,
    0, 0, -2, 0, 1, 0, 3, 0,
    0, 0, 7, 5, 7, 5, 0, 0,
    0, 11, 0, 0, 0, 6, 7, 0,
    0, -8, 0, 0, 0, 0, 0, 0,
    0, 0, 0, 0, 0, 0, 0, -28,
    0, -17, -12, 0, -28, 0, 0, 0,
    0, 0, 0, 0, 0, 0, 0, 0,
    0, 0, 0, 0, 0, -4, -3, 0,
    -4, 0, 0, 0, -6, -2, -1, -9,
    0, 0, 0, 0, 0, 0, 0, -19,
    -9, 0, 0, 0, 0, 0, 0, 0,
    0, 0, 0, 0, 0, 0, 0, -5,
    0, 0, 0, 0, 0, 0, -7, 0,
    0, 0, 0, 0, 0, 0, 0, 0,
    0, 0, 0, 0, 0, 0, 0, 0,
    0, 0, 0, 0, 0, 0, 0, 10,
    10, 10, 0, 0, 0, 0, 0, 0,
    0, 0, 0, 0, 0, 0, 0, 0,
    0, 0, 0, 0, 0, 0, 0, 0,
    0, 0, 0, 0, 0, 0, 0, 0,
    -3, 0, 0, 0, 0, 0, 0, 0,
    0, 0, 0, 0, 0, 0, 0, 0,
    0, 0, 0, 0, 0, 0, 0, 0,
    0, 0, 0, 0, 0, 0, 0, 0,
    0, 0, 0, 0, 0, 0, 0, 0,
    -7, 0, 0, -19, 0, 0, 0, -7,
    8, -6, 0, -3, -3, -16, 0, -9,
    -4, 0, -24, 8, 0, 9, -1, -12,
    -10, 0, -2, 0, 0, 0, 0, 0,
    -5, -5, -5, -7, -2, 0, -2, 0,
    0, -2, 3, -7, -7, -7, 0, -4,
    0, 8, 0, 0, 0, -4, 4, 0,
    0, 0, 0, 0, 5, -5, 0, 0,
    0, 0, 10, 0, 0, 4, 0, -8,
    0, -3, 0, 8, -9, 8, 0, 11,
    0, 0, 0, 0, 0, 0, 0, -4,
    0, 0, 0, -3, 0, -4, -2, 0,
    -4, 2, 0, 0, 0, -9, -9, -12,
    0, 0, 0, 10, 0, 0, 0, -14,
    -12, 0, 0, -10, 0, 0, -8, 5,
    0, 0, 0, 0, 0, 0, -3, 0,
    0, -34, 0, -17, -11, -10, -29, -3,
    0, -29, 0, 0, 0, -3, 0, 0,
    0, 0, 0, 0, 0, -2, 0, -4,
    -5, -8, -5, -4, 0, 8, -3, 0,
    0, -4, 0, 0, 0, 0, 0, 0,
    0, -21, -16, 0, 0, 0, 0, 0,
    0, 0, 0, 0, 0, 0, 0, 0,
    0, 0, 0, -20, 0, -13, -5, 0,
    -20, 0, 0, 0, 0, 0, 0, 0,
    0, 0, 0, 0, 0, 0, 0, 0,
    0, 0, 0, 0, 0, 0, 0, 0,
    0, 0, 0, 3, 0, 0, 0, 0,
    0, 0, 0, -8, 5, 0, 0, 15,
    -10, 0, -41, -3, -10, 0, 0, 0,
    -18, 5, 0, -12, 4, -5, 0, 0,
    2, -10, -10, -6, 0, -41, -6, -3,
    -3, 4, -9, 0, 0, 0, 0, 0,
    0, 2, 0, 4, 3, 0, 4, 0,
    0, 0, 14, 19, 23, 10, 0, 0,
    0, -18, 0, 0, 0, 13, 17, 0,
    0, -5, -1, 0, -4, -2, 0, 0,
    0, 0, 0, 0, 0, -2, 0, -33,
    0, -16, 0, -12, -26, 0, 0, -21,
    0, 0, 0, -2, -2, 0, 0, 0,
    0, 0, -4, -4, 0, -6, -5, -9,
    -6, -5, 0, 0, 0, -5, -5, -10,
    0, 0, 0, 0, 0, 0, 0, -11,
    -6, 0, 0, 0, -6, 0, 0, -7,
    0, 0, 0, -1, 3, 0, 0, 0,
    0, -12, 0, 0, 0, 0, -10, 0,
    3, 9, 0, -2, -2, -2, -2, 0,
    0, 0, 0, 0, 0, -3, 0, 0,
    0, 0, 0, 0, 0, -5, 8, 2,
    9, 0, 0, 0, 0, 3, 0, 0,
    0, -2, 5, 0, 0, 0, 0, 0,
    0, 0, 0, 0, 0, 0, 0, 0,
    0, 0, 0, -23, 0, -12, -4, 0,
    -24, 0, 0, 0, 0, 0, 0, 0,
    0, 0, 0, 0, 0, 0, 0, 0,
    0, 0, 0, 0, 0, 0, 0, 0,
    0, 0, 0, -4, 0, 0, 0, 0,
    0, 0, 0, 0, 3, 0, 0, 12,
    -9, 0, -24, -3, -6, 0, 0, 0,
    -14, 0, -2, -11, 0, -14, 0, -5,
    0, 0, -16, 0, 0, -36, -5, -4,
    -4, 2, -7, 0, 0, 0, 0, 0,
    -1, 1, 0, 0, 0, 0, 0, -2,
    0, 0, 15, 7, 10, 5, 0, 0,
    0, -14, 0, 0, 0, 12, 15, 0,
    0, 10, -10, 0, -19, -2, 0, 0,
    0, -4, -9, 0, 0, -11, 0, -18,
    0, -5, -5, 0, -17, 0, 0, -24,
    -7, -5, -5, 0, -9, 0, 0, 0,
    0, 0, -2, 0, 0, 0, 0, 0,
    0, 0, 0, 0, 12, 4, 7, 2,
    0, 0, 0, -9, 0, 0, 0, 4,
    13, 0, 0, 2, -14, 0, 0, -18,
    0, 0, 0, -9, 0, 0, 0, -6,
    0, -20, 0, -5, -5, 0, -17, 0,
    0, 10, 0, -8, -8, 0, 0, 0,
    0, 0, 0, 0, -2, 0, 0, 0,
    0, 0, 0, 0, 0, -5, 10, 0,
    0, 0, 0, 0, 0, 0, 0, 0,
    0, -1, 7, 0, 0, 10, -14, 0,
    -25, -3, -3, 0, 0, -5, -8, 0,
    -2, -15, 0, -17, 0, -5, 0, 0,
    -16, 0, 0, -41, -7, -4, -4, 3,
    -12, 0, 0, 0, 0, 0, -4, 0,
    0, 0, 0, 0, 0, -2, 0, 0,
    17, 3, 10, 2, 0, 0, 0, -8,
    0, 0, 0, 13, 15, 0, 0, 3,
    -5, 0, 6, -10, 0, 0, 0, -5,
    5, 0, 0, 0, 0, -18, 0, -5,
    -3, 5, -14, 0, 0, 3, 0, -6,
    -5, 0, 0, 0, 0, 0, 0, 0,
    0, 0, 0, 0, 0, 0, 0, 0,
    0, 0, 13, 2, 2, 0, 0, 0,
    0, 5, 0, 0, 0, 2, 5, 0,
    0, -4, 0, 0, -26, 15, -26, 0,
    0, 5, -12, 0, 0, -22, 0, 0,
    0, -15, -5, -21, -21, 0, 0, -70,
    0, 6, 6, 0, 0, 0, 0, 0,
    0, 0, 3, 0, 0, 3, 4, -6,
    4, 0, 0, 15, 0, 2, 0, 0,
    0, 1, 0, -24, 0, 0, 0, 0,
    0, 0, 0, -7, 0, 0, 5, -2,
    0, 0, -5, 0, 5, 0, 0, 5,
    -4, -10, 0, -7, -7, 0, -10, 4,
    0, -26, 5, 2, 2, 0, 4, 0,
    0, 0, 0, 0, 0, -4, 0, -3,
    -5, 0, -3, 0, -12, 8, -10, -10,
    -10, -10, -9, 0, 2, 5, 0, 0,
    0, -14, -14, 0, 0, 0, 0, 0,
    0, 0, 0, 0, 0, 0, 0, 0,
    0, 0, 0, 20, 0, 20, 21, 0,
    15, 0, 0, 0, 0, 0, 0, 0,
    0, 0, 0, 0, 0, 0, 0, 0,
    0, 0, 0, 0, 0, 0, 0, 0,
    0, 0, 0, 0, 0, 0, 0, 0,
    0, 0, 0, 0, 0, 0, 0, 0,
    0, 0, 0, 0, 0, 0, 0, 0,
    0, 0, 0, 0, 0, 24, 0, 24,
    0, 0, 23, 0, 0, 0, 0, 0,
    0, 0, 0, 0, 0, 0, 0, 0,
    0, 0, 0, 0, 0, 0, 0, 0,
    0, 0, 0, 0, 0, 0, 0, 0,
    0, 0, 0, 0, 0, 0, 0, 0,
    0, 0, 0, 0, 0, 0, 0, 0,
    0, 0, 0, 0, 0, 0, 0, -28,
    0, 0, 0, 0, 0, 0, 0, 0,
    0, 0, 0, 0, 0, 0, 0, 0,
    0, 0, 0, 0, 0, 0, 0, 0,
    0, 0, 0, 0, 0, 0, 0, 0,
    0, 0, 0, 0, 0, 0, 0, 0,
    0, 0, 0, -26, -5, 0, 10, -8,
    2, 0, -19, -8, 0, 0, 0, 0,
    0, 0, 0, 0, 0, 0, 0, 0,
    0, 8, 0, 0, 0, 0, 0, 0,
    0, 0, 0, 0, 0, 0, 0, 0,
    0, 0, 0, 0, 0, 0, -34, -26,
    -24, -35, 0, 0, 0, 0, 0, 0,
    0, -35, -31, 6
};


/*Collect the kern class' data in one place*/
static const lv_font_fmt_txt_kern_classes_t kern_classes =
{
    .class_pair_values   = kern_class_values,
    .left_class_mapping  = kern_left_class_mapping,
    .right_class_mapping = kern_right_class_mapping,
    .left_class_cnt      = 50,
    .right_class_cnt     = 58,
};

/*--------------------
 *  ALL CUSTOM DATA
 *--------------------*/

#if LVGL_VERSION_MAJOR == 8
/*Store all the custom data of the font*/
static  lv_font_fmt_txt_glyph_cache_t cache;
#endif

#if LVGL_VERSION_MAJOR >= 8
static const lv_font_fmt_txt_dsc_t font_dsc = {
#else
static lv_font_fmt_txt_dsc_t font_dsc = {
#endif
    .glyph_bitmap = glyph_bitmap,
    .glyph_dsc = glyph_dsc,
    .cmaps = cmaps,
    .kern_dsc = &kern_classes,
    .kern_scale = 16,
    .cmap_num = 3,
    .bpp = 4,
    .kern_classes = 1,
    .bitmap_format = 0,
#if LVGL_VERSION_MAJOR == 8
    .cache = &cache
#endif
};



/*-----------------
 *  PUBLIC FONT
 *----------------*/

/*Initialize a public general font descriptor*/
#if LVGL_VERSION_MAJOR >= 8
const lv_font_t pos_font_sans_32_semibold = {
#else
lv_font_t pos_font_sans_32_semibold = {
#endif
    .get_glyph_dsc = lv_font_get_glyph_dsc_fmt_txt,    /*Function pointer to get glyph's data*/
    .get_glyph_bitmap = lv_font_get_bitmap_fmt_txt,    /*Function pointer to get glyph's bitmap*/
    .line_height = 39,          /*The maximum line height required by the font*/
    .base_line = 7,             /*Baseline measured from the bottom of the line*/
#if !(LVGL_VERSION_MAJOR == 6 && LVGL_VERSION_MINOR == 0)
    .subpx = LV_FONT_SUBPX_NONE,
#endif
#if LV_VERSION_CHECK(7, 4, 0) || LVGL_VERSION_MAJOR >= 8
    .underline_position = -2,
    .underline_thickness = 3,
#endif
    .dsc = &font_dsc,          /*The custom font data. Will be accessed by `get_glyph_bitmap/dsc` */
#if LV_VERSION_CHECK(8, 2, 0) || LVGL_VERSION_MAJOR >= 9
    .fallback = NULL,
#endif
    .user_data = NULL,
};



#endif /*#if POS_FONT_SANS_32_SEMIBOLD*/

