/*******************************************************************************
 * Size: 22 px
 * Bpp: 4
 * Opts: --font /home/dolby/work/fonts/IBMPlexMono-Medium.ttf --range 0x20-0x7E,0xA0-0xFF,0x2013-0x2026,0x2039-0x203A,0x2190-0x2212 --size 22 --bpp 4 --format lvgl --no-compress --lv-font-name pos_font_mono_22_medium -o /mnt/c/K230/ui/pocketui/fonts/pos_font_mono_22_medium.c
 ******************************************************************************/

#ifdef LV_LVGL_H_INCLUDE_SIMPLE
#include "lvgl.h"
#else
#include "lvgl/lvgl.h"
#endif

#ifndef POS_FONT_MONO_22_MEDIUM
#define POS_FONT_MONO_22_MEDIUM 1
#endif

#if POS_FONT_MONO_22_MEDIUM

/*-----------------
 *    BITMAPS
 *----------------*/

/*Store the image of the glyphs*/
static LV_ATTRIBUTE_LARGE_CONST const uint8_t glyph_bitmap[] = {
    /* U+0020 " " */

    /* U+0021 "!" */
    0xb, 0xfe, 0x0, 0xbf, 0xe0, 0xb, 0xfe, 0x0,
    0xbf, 0xe0, 0xb, 0xfe, 0x0, 0x9f, 0xc0, 0x6,
    0xfa, 0x0, 0x4f, 0x70, 0x1, 0xf5, 0x0, 0xf,
    0x20, 0x0, 0x60, 0x0, 0x0, 0x0, 0x5, 0x86,
    0x2, 0xff, 0xf5, 0x3f, 0xff, 0x60, 0xbf, 0xd1,

    /* U+0022 "\"" */
    0xaf, 0x80, 0x5f, 0xea, 0xf8, 0x5, 0xfe, 0xaf,
    0x80, 0x5f, 0xea, 0xf8, 0x5, 0xfe, 0xaf, 0x80,
    0x5f, 0xea, 0xf8, 0x5, 0xfe, 0x8c, 0x60, 0x4c,
    0xa0,

    /* U+0023 "#" */
    0x0, 0x0, 0x3f, 0xc0, 0x1f, 0xe0, 0x0, 0x0,
    0x5, 0xfa, 0x3, 0xfc, 0x0, 0x0, 0x0, 0x8f,
    0x70, 0x6f, 0x90, 0x0, 0x0, 0xb, 0xf4, 0x9,
    0xf7, 0x0, 0x0, 0x0, 0xdf, 0x20, 0xbf, 0x40,
    0x0, 0xef, 0xff, 0xf0, 0xe, 0xff, 0xfe, 0xd,
    0xef, 0xfc, 0x1, 0xff, 0xee, 0xd0, 0x0, 0x6f,
    0x90, 0x4f, 0xc0, 0x0, 0x0, 0x9, 0xf7, 0x6,
    0xf9, 0x0, 0xa, 0xee, 0xff, 0x40, 0x9f, 0xfe,
    0xe1, 0xbf, 0xff, 0xf1, 0xc, 0xff, 0xff, 0x10,
    0x1, 0xff, 0x0, 0xef, 0x0, 0x0, 0x0, 0x4f,
    0xc0, 0x1f, 0xe0, 0x0, 0x0, 0x6, 0xf9, 0x4,
    0xfb, 0x0, 0x0, 0x0, 0x9f, 0x70, 0x6f, 0x80,
    0x0, 0x0, 0xc, 0xf4, 0x9, 0xf6, 0x0, 0x0,

    /* U+0024 "$" */
    0x0, 0x0, 0x1, 0xfc, 0x0, 0x0, 0x0, 0x0,
    0x0, 0x1f, 0xc0, 0x0, 0x0, 0x0, 0x0, 0x59,
    0xfe, 0x83, 0x0, 0x0, 0x3, 0xdf, 0xff, 0xff,
    0xfb, 0x10, 0x0, 0xef, 0xf9, 0xfd, 0xbf, 0xfc,
    0x0, 0x5f, 0xf2, 0xf, 0xa0, 0x4e, 0x40, 0x8,
    0xfd, 0x0, 0xfa, 0x0, 0x0, 0x0, 0x7f, 0xe0,
    0xf, 0xa0, 0x0, 0x0, 0x3, 0xff, 0xa2, 0xfa,
    0x0, 0x0, 0x0, 0xb, 0xff, 0xff, 0xd7, 0x30,
    0x0, 0x0, 0x8, 0xff, 0xff, 0xff, 0xb0, 0x0,
    0x0, 0x0, 0x3f, 0xee, 0xff, 0xa0, 0x0, 0x0,
    0x0, 0xfa, 0x9, 0xff, 0x10, 0x0, 0x0, 0xf,
    0xa0, 0x1f, 0xf3, 0x0, 0x40, 0x0, 0xfa, 0x1,
    0xff, 0x30, 0x7f, 0x80, 0xf, 0xa0, 0x8f, 0xf0,
    0xa, 0xff, 0xe8, 0xfd, 0xcf, 0xf8, 0x0, 0x8,
    0xff, 0xff, 0xff, 0xf9, 0x0, 0x0, 0x1, 0x7a,
    0xfe, 0x72, 0x0, 0x0, 0x0, 0x0, 0x1f, 0xc0,
    0x0, 0x0, 0x0, 0x0, 0x1, 0xfc, 0x0, 0x0,
    0x0,

    /* U+0025 "%" */
    0x3, 0xcf, 0xe7, 0x0, 0x0, 0x4f, 0xb1, 0xff,
    0x9d, 0xf5, 0x0, 0xc, 0xf3, 0x7f, 0x50, 0xf,
    0xc0, 0x4, 0xfb, 0x9, 0xf2, 0x0, 0xdf, 0x0,
    0xcf, 0x30, 0x9f, 0x20, 0xd, 0xf0, 0x4f, 0xb0,
    0x7, 0xf5, 0x0, 0xfc, 0xc, 0xf3, 0x0, 0x1f,
    0xf9, 0xdf, 0x53, 0xea, 0x0, 0x0, 0x3c, 0xfe,
    0x70, 0x0, 0x0, 0x0, 0x0, 0x0, 0x0, 0x5,
    0xdf, 0xd5, 0x0, 0x0, 0x7e, 0x62, 0xfe, 0x9e,
    0xf3, 0x0, 0xe, 0xe0, 0x9f, 0x30, 0x2f, 0xa0,
    0x8, 0xf7, 0xb, 0xf0, 0x0, 0xfc, 0x1, 0xfe,
    0x0, 0xcf, 0x0, 0xf, 0xc0, 0x8f, 0x70, 0x9,
    0xf3, 0x2, 0xfa, 0x1f, 0xe0, 0x0, 0x2f, 0xe9,
    0xdf, 0x38, 0xf7, 0x0, 0x0, 0x5d, 0xfd, 0x50,

    /* U+0026 "&" */
    0x0, 0x4, 0xcf, 0xea, 0x20, 0x0, 0x0, 0x6,
    0xff, 0xff, 0xfe, 0x20, 0x0, 0x0, 0xff, 0x80,
    0x1b, 0xf7, 0x0, 0x0, 0x3f, 0xf0, 0x0, 0x13,
    0x0, 0x0, 0x2, 0xff, 0x0, 0x0, 0x0, 0x0,
    0x0, 0xd, 0xf8, 0x0, 0x0, 0x0, 0x0, 0x0,
    0x4f, 0xf3, 0x0, 0x0, 0x0, 0x0, 0x5, 0xff,
    0xe1, 0x0, 0xff, 0xf8, 0x7, 0xff, 0xcf, 0xc0,
    0xf, 0xff, 0x71, 0xff, 0x41, 0xef, 0x90, 0xfc,
    0x0, 0x6f, 0xe0, 0x3, 0xff, 0x8f, 0xa0, 0x8,
    0xfc, 0x0, 0x5, 0xff, 0xf5, 0x0, 0x7f, 0xe0,
    0x0, 0x9, 0xff, 0x30, 0x2, 0xff, 0xa2, 0x4,
    0xec, 0xfd, 0x10, 0x8, 0xff, 0xff, 0xfb, 0xe,
    0xfa, 0x0, 0x6, 0xdf, 0xe9, 0x0, 0x3f, 0xf7,

    /* U+0027 "'" */
    0x8f, 0xb8, 0xfb, 0x8f, 0xb8, 0xfb, 0x8f, 0xb8,
    0xfb, 0x6c, 0x80,

    /* U+0028 "(" */
    0x0, 0x0, 0xbf, 0x90, 0x0, 0xb, 0xf8, 0x0,
    0x0, 0x7f, 0xc0, 0x0, 0x1, 0xfe, 0x10, 0x0,
    0x8, 0xf7, 0x0, 0x0, 0xe, 0xf1, 0x0, 0x0,
    0x3f, 0xb0, 0x0, 0x0, 0x8f, 0x70, 0x0, 0x0,
    0xaf, 0x60, 0x0, 0x0, 0xbf, 0x50, 0x0, 0x0,
    0xcf, 0x50, 0x0, 0x0, 0xbf, 0x50, 0x0, 0x0,
    0x9f, 0x60, 0x0, 0x0, 0x5f, 0x90, 0x0, 0x0,
    0x1f, 0xe0, 0x0, 0x0, 0xb, 0xf4, 0x0, 0x0,
    0x4, 0xfc, 0x0, 0x0, 0x0, 0xaf, 0x70, 0x0,
    0x0, 0x1e, 0xf3, 0x0, 0x0, 0x3, 0xff, 0x30,
    0x0, 0x0, 0x26, 0x60,

    /* U+0029 ")" */
    0x6f, 0xd1, 0x0, 0x0, 0x5f, 0xd1, 0x0, 0x0,
    0x9f, 0xa0, 0x0, 0x0, 0xdf, 0x40, 0x0, 0x4,
    0xfc, 0x0, 0x0, 0xd, 0xf2, 0x0, 0x0, 0x8f,
    0x70, 0x0, 0x4, 0xfb, 0x0, 0x0, 0x3f, 0xd0,
    0x0, 0x2, 0xfe, 0x0, 0x0, 0x2f, 0xf0, 0x0,
    0x2, 0xfe, 0x0, 0x0, 0x3f, 0xc0, 0x0, 0x6,
    0xf9, 0x0, 0x0, 0xbf, 0x40, 0x0, 0x1f, 0xe0,
    0x0, 0x9, 0xf7, 0x0, 0x4, 0xfd, 0x0, 0x1,
    0xef, 0x30, 0x2, 0xdf, 0x60, 0x0, 0x56, 0x40,
    0x0, 0x0,

    /* U+002A "*" */
    0x0, 0x0, 0x7, 0xfa, 0x0, 0x0, 0x0, 0x0,
    0x0, 0x7f, 0xa0, 0x0, 0x0, 0x0, 0x0, 0x7,
    0xfa, 0x0, 0x0, 0x0, 0x88, 0x20, 0x7f, 0xa0,
    0x17, 0xa0, 0xf, 0xff, 0xdc, 0xfd, 0xbf, 0xff,
    0x20, 0x4a, 0xff, 0xff, 0xff, 0xfb, 0x60, 0x0,
    0x0, 0x7f, 0xff, 0x91, 0x0, 0x0, 0x0, 0xb,
    0xff, 0xfe, 0x10, 0x0, 0x0, 0x7, 0xfe, 0x2d,
    0xfa, 0x0, 0x0, 0x3, 0xff, 0x50, 0x2f, 0xf6,
    0x0, 0x0, 0x4e, 0xa0, 0x0, 0x6f, 0x70, 0x0,
    0x0, 0x10, 0x0, 0x0, 0x20, 0x0,

    /* U+002B "+" */
    0x0, 0x0, 0x1, 0x0, 0x0, 0x0, 0x0, 0x7,
    0xfa, 0x0, 0x0, 0x0, 0x0, 0x7f, 0xa0, 0x0,
    0x0, 0x0, 0x7, 0xfa, 0x0, 0x0, 0x0, 0x0,
    0x7f, 0xa0, 0x0, 0xa, 0xff, 0xff, 0xff, 0xff,
    0xfd, 0xaf, 0xff, 0xff, 0xff, 0xff, 0xd0, 0x0,
    0x7, 0xfa, 0x0, 0x0, 0x0, 0x0, 0x7f, 0xa0,
    0x0, 0x0, 0x0, 0x7, 0xfa, 0x0, 0x0, 0x0,
    0x0, 0x7f, 0xa0, 0x0, 0x0, 0x0, 0x7, 0xfa,
    0x0, 0x0,

    /* U+002C "," */
    0x8, 0xcc, 0x70, 0xdf, 0xf4, 0xf, 0xfd, 0x3,
    0xff, 0x70, 0x5f, 0xf1, 0x8, 0xfa, 0x0, 0xbf,
    0x30, 0x0,

    /* U+002D "-" */
    0x57, 0x77, 0x77, 0x6b, 0xff, 0xff, 0xfe, 0xbf,
    0xff, 0xff, 0xe0,

    /* U+002E "." */
    0x7, 0xb8, 0x3, 0xff, 0xf7, 0x4f, 0xff, 0x70,
    0xbf, 0xd2,

    /* U+002F "/" */
    0x0, 0x0, 0x0, 0x0, 0xef, 0x30, 0x0, 0x0,
    0x0, 0x4f, 0xd0, 0x0, 0x0, 0x0, 0xa, 0xf7,
    0x0, 0x0, 0x0, 0x0, 0xff, 0x10, 0x0, 0x0,
    0x0, 0x6f, 0xb0, 0x0, 0x0, 0x0, 0xc, 0xf6,
    0x0, 0x0, 0x0, 0x1, 0xff, 0x0, 0x0, 0x0,
    0x0, 0x7f, 0xa0, 0x0, 0x0, 0x0, 0xd, 0xf4,
    0x0, 0x0, 0x0, 0x3, 0xfe, 0x0, 0x0, 0x0,
    0x0, 0x8f, 0x90, 0x0, 0x0, 0x0, 0xe, 0xf3,
    0x0, 0x0, 0x0, 0x4, 0xfd, 0x0, 0x0, 0x0,
    0x0, 0xaf, 0x70, 0x0, 0x0, 0x0, 0xf, 0xf2,
    0x0, 0x0, 0x0, 0x5, 0xfc, 0x0, 0x0, 0x0,
    0x0, 0xbf, 0x60, 0x0, 0x0, 0x0, 0x1f, 0xf1,
    0x0, 0x0, 0x0, 0x7, 0xfa, 0x0, 0x0, 0x0,
    0x0, 0xdf, 0x50, 0x0, 0x0, 0x0, 0x7, 0x70,
    0x0, 0x0, 0x0, 0x0,

    /* U+0030 "0" */
    0x0, 0x1, 0x9e, 0xfe, 0xa3, 0x0, 0x0, 0x3,
    0xff, 0xff, 0xff, 0xf5, 0x0, 0x0, 0xdf, 0xd4,
    0x13, 0xcf, 0xf1, 0x0, 0x5f, 0xf2, 0x0, 0x0,
    0xef, 0x80, 0xa, 0xfc, 0x0, 0x0, 0x9, 0xfd,
    0x0, 0xdf, 0x90, 0x0, 0x0, 0x6f, 0xf0, 0xf,
    0xf8, 0x4, 0xa6, 0x5, 0xff, 0x20, 0xff, 0x80,
    0xcf, 0xf0, 0x4f, 0xf3, 0xf, 0xf8, 0x8, 0xfb,
    0x4, 0xff, 0x30, 0xff, 0x80, 0x0, 0x0, 0x5f,
    0xf2, 0xd, 0xf9, 0x0, 0x0, 0x6, 0xff, 0x0,
    0xaf, 0xc0, 0x0, 0x0, 0x9f, 0xd0, 0x5, 0xff,
    0x20, 0x0, 0xe, 0xf8, 0x0, 0xd, 0xfd, 0x41,
    0x3b, 0xff, 0x10, 0x0, 0x3f, 0xff, 0xff, 0xff,
    0x50, 0x0, 0x0, 0x29, 0xef, 0xea, 0x30, 0x0,

    /* U+0031 "1" */
    0x0, 0x0, 0x8f, 0xff, 0xb0, 0x0, 0x0, 0x0,
    0x6f, 0xff, 0xfb, 0x0, 0x0, 0x0, 0x5f, 0xf8,
    0xcf, 0xb0, 0x0, 0x0, 0x3f, 0xf9, 0xc, 0xfb,
    0x0, 0x0, 0xc, 0xfb, 0x0, 0xcf, 0xb0, 0x0,
    0x0, 0x19, 0x0, 0xc, 0xfb, 0x0, 0x0, 0x0,
    0x0, 0x0, 0xcf, 0xb0, 0x0, 0x0, 0x0, 0x0,
    0xc, 0xfb, 0x0, 0x0, 0x0, 0x0, 0x0, 0xcf,
    0xb0, 0x0, 0x0, 0x0, 0x0, 0xc, 0xfb, 0x0,
    0x0, 0x0, 0x0, 0x0, 0xcf, 0xb0, 0x0, 0x0,
    0x0, 0x0, 0xc, 0xfb, 0x0, 0x0, 0x0, 0x0,
    0x0, 0xcf, 0xb0, 0x0, 0x0, 0x1, 0x11, 0x1c,
    0xfb, 0x11, 0x10, 0x1, 0xff, 0xff, 0xff, 0xff,
    0xff, 0x70, 0x1f, 0xff, 0xff, 0xff, 0xff, 0xf7,

    /* U+0032 "2" */
    0x0, 0x2a, 0xef, 0xea, 0x30, 0x0, 0x6f, 0xff,
    0xff, 0xff, 0x50, 0x3f, 0xfc, 0x53, 0x7f, 0xff,
    0x19, 0xfd, 0x0, 0x0, 0x6f, 0xf5, 0x5, 0x40,
    0x0, 0x2, 0xff, 0x70, 0x0, 0x0, 0x0, 0x2f,
    0xf6, 0x0, 0x0, 0x0, 0x7, 0xff, 0x20, 0x0,
    0x0, 0x2, 0xff, 0x90, 0x0, 0x0, 0x1, 0xdf,
    0xd1, 0x0, 0x0, 0x2, 0xef, 0xd2, 0x0, 0x0,
    0x3, 0xef, 0xd1, 0x0, 0x0, 0x5, 0xff, 0xb0,
    0x0, 0x0, 0x6, 0xff, 0x90, 0x0, 0x0, 0x6,
    0xff, 0x92, 0x22, 0x22, 0x22, 0x9f, 0xff, 0xff,
    0xff, 0xff, 0xf9, 0xff, 0xff, 0xff, 0xff, 0xff,

    /* U+0033 "3" */
    0x0, 0x5, 0xbe, 0xfd, 0xa4, 0x0, 0x0, 0xaf,
    0xff, 0xff, 0xff, 0x80, 0x4, 0xff, 0x83, 0x25,
    0xdf, 0xf3, 0x0, 0x45, 0x0, 0x0, 0x4f, 0xf6,
    0x0, 0x0, 0x0, 0x0, 0x3f, 0xf4, 0x0, 0x0,
    0x0, 0x4, 0xdf, 0xc0, 0x0, 0x0, 0xaf, 0xff,
    0xe8, 0x0, 0x0, 0x0, 0xaf, 0xff, 0xe8, 0x0,
    0x0, 0x0, 0x12, 0x36, 0xef, 0xc0, 0x0, 0x0,
    0x0, 0x0, 0x3f, 0xf6, 0x0, 0x0, 0x0, 0x0,
    0xe, 0xfb, 0x0, 0x30, 0x0, 0x0, 0xe, 0xfb,
    0x7, 0xf5, 0x0, 0x0, 0x3f, 0xf8, 0xd, 0xff,
    0x83, 0x26, 0xef, 0xf2, 0x2, 0xdf, 0xff, 0xff,
    0xff, 0x50, 0x0, 0x7, 0xce, 0xfd, 0x92, 0x0,

    /* U+0034 "4" */
    0x0, 0x0, 0x0, 0x3f, 0xff, 0x50, 0x0, 0x0,
    0x0, 0xc, 0xff, 0xf5, 0x0, 0x0, 0x0, 0x6,
    0xfc, 0xff, 0x50, 0x0, 0x0, 0x1, 0xef, 0x3f,
    0xf5, 0x0, 0x0, 0x0, 0x9f, 0x90, 0xff, 0x50,
    0x0, 0x0, 0x3f, 0xe1, 0xf, 0xf5, 0x0, 0x0,
    0xc, 0xf6, 0x0, 0xff, 0x50, 0x0, 0x6, 0xfc,
    0x0, 0xf, 0xf5, 0x0, 0x0, 0xef, 0x30, 0x0,
    0xff, 0x50, 0x0, 0x9f, 0xa0, 0x0, 0xf, 0xf5,
    0x0, 0x2f, 0xf1, 0x0, 0x0, 0xff, 0x50, 0x5,
    0xff, 0xff, 0xff, 0xff, 0xff, 0xf7, 0x5f, 0xff,
    0xff, 0xff, 0xff, 0xff, 0x70, 0x0, 0x0, 0x0,
    0xf, 0xf5, 0x0, 0x0, 0x0, 0x0, 0x0, 0xff,
    0x50, 0x0, 0x0, 0x0, 0x0, 0xf, 0xf5, 0x0,

    /* U+0035 "5" */
    0xa, 0xff, 0xff, 0xff, 0xff, 0x30, 0xb, 0xff,
    0xff, 0xff, 0xff, 0x30, 0xc, 0xf6, 0x33, 0x33,
    0x33, 0x0, 0xd, 0xf2, 0x0, 0x0, 0x0, 0x0,
    0xe, 0xf1, 0x0, 0x0, 0x0, 0x0, 0xf, 0xf0,
    0x0, 0x10, 0x0, 0x0, 0xf, 0xf0, 0x9f, 0xff,
    0x91, 0x0, 0x1f, 0xea, 0xff, 0xff, 0xfd, 0x10,
    0x2f, 0xfb, 0x20, 0x2a, 0xff, 0x80, 0x0, 0x20,
    0x0, 0x0, 0xdf, 0xe0, 0x0, 0x0, 0x0, 0x0,
    0x9f, 0xf0, 0x0, 0x0, 0x0, 0x0, 0xaf, 0xf0,
    0x1b, 0xa0, 0x0, 0x0, 0xef, 0xc0, 0x6f, 0xfb,
    0x42, 0x4c, 0xff, 0x50, 0x8, 0xff, 0xff, 0xff,
    0xf8, 0x0, 0x0, 0x4a, 0xef, 0xeb, 0x40, 0x0,

    /* U+0036 "6" */
    0x0, 0x0, 0x1c, 0xff, 0x70, 0x0, 0x0, 0x2,
    0xef, 0xe4, 0x0, 0x0, 0x0, 0x1d, 0xfe, 0x20,
    0x0, 0x0, 0x0, 0xbf, 0xf2, 0x0, 0x0, 0x0,
    0x5, 0xff, 0x60, 0x0, 0x0, 0x0, 0xd, 0xfc,
    0x0, 0x0, 0x0, 0x0, 0x4f, 0xf5, 0x7d, 0xfe,
    0x91, 0x0, 0x8f, 0xfa, 0xff, 0xff, 0xfd, 0x10,
    0xbf, 0xfc, 0x30, 0x29, 0xff, 0x90, 0xcf, 0xf1,
    0x0, 0x0, 0xcf, 0xe0, 0xcf, 0xc0, 0x0, 0x0,
    0x7f, 0xf1, 0xaf, 0xc0, 0x0, 0x0, 0x8f, 0xf0,
    0x6f, 0xf1, 0x0, 0x0, 0xcf, 0xd0, 0xe, 0xfc,
    0x41, 0x2a, 0xff, 0x60, 0x3, 0xff, 0xff, 0xff,
    0xf9, 0x0, 0x0, 0x29, 0xef, 0xeb, 0x50, 0x0,

    /* U+0037 "7" */
    0xbf, 0xff, 0xff, 0xff, 0xff, 0xeb, 0xff, 0xff,
    0xff, 0xff, 0xfe, 0xbf, 0x71, 0x11, 0x11, 0xcf,
    0xcb, 0xf7, 0x0, 0x0, 0x2f, 0xf5, 0xbf, 0x70,
    0x0, 0x8, 0xfe, 0x0, 0x10, 0x0, 0x0, 0xef,
    0x80, 0x0, 0x0, 0x0, 0x6f, 0xf2, 0x0, 0x0,
    0x0, 0xc, 0xfc, 0x0, 0x0, 0x0, 0x3, 0xff,
    0x50, 0x0, 0x0, 0x0, 0x9f, 0xe0, 0x0, 0x0,
    0x0, 0x1f, 0xf8, 0x0, 0x0, 0x0, 0x6, 0xff,
    0x20, 0x0, 0x0, 0x0, 0xdf, 0xb0, 0x0, 0x0,
    0x0, 0x4f, 0xf5, 0x0, 0x0, 0x0, 0xa, 0xfe,
    0x0, 0x0, 0x0, 0x1, 0xff, 0x80, 0x0, 0x0,

    /* U+0038 "8" */
    0x0, 0x6b, 0xef, 0xfc, 0x70, 0x0, 0xa, 0xff,
    0xff, 0xff, 0xfd, 0x0, 0x4f, 0xfa, 0x20, 0x18,
    0xff, 0x70, 0x7f, 0xf0, 0x0, 0x0, 0xcf, 0xa0,
    0x5f, 0xf0, 0x0, 0x0, 0xcf, 0x80, 0xd, 0xf9,
    0x10, 0x7, 0xfe, 0x10, 0x1, 0x9f, 0xff, 0xff,
    0xa2, 0x0, 0x2, 0xaf, 0xff, 0xff, 0xc3, 0x0,
    0x2e, 0xfa, 0x20, 0x28, 0xff, 0x40, 0xaf, 0xd0,
    0x0, 0x0, 0xaf, 0xd0, 0xef, 0xa0, 0x0, 0x0,
    0x6f, 0xf1, 0xef, 0xa0, 0x0, 0x0, 0x7f, 0xf2,
    0xcf, 0xd0, 0x0, 0x0, 0xbf, 0xf0, 0x6f, 0xfa,
    0x20, 0x28, 0xff, 0x90, 0x9, 0xff, 0xff, 0xff,
    0xfc, 0x0, 0x0, 0x4b, 0xef, 0xec, 0x60, 0x0,

    /* U+0039 "9" */
    0x0, 0x3a, 0xef, 0xea, 0x30, 0x0, 0x6, 0xff,
    0xff, 0xff, 0xf6, 0x0, 0x3f, 0xfc, 0x31, 0x3a,
    0xff, 0x20, 0xaf, 0xe0, 0x0, 0x0, 0xdf, 0x90,
    0xdf, 0xb0, 0x0, 0x0, 0x9f, 0xd0, 0xef, 0xa0,
    0x0, 0x0, 0x8f, 0xf0, 0xcf, 0xe0, 0x0, 0x0,
    0xcf, 0xf0, 0x6f, 0xfb, 0x20, 0x2a, 0xff, 0xe0,
    0xc, 0xff, 0xff, 0xfc, 0xcf, 0xb0, 0x0, 0x8e,
    0xfe, 0x92, 0xff, 0x70, 0x0, 0x0, 0x0, 0x9,
    0xff, 0x10, 0x0, 0x0, 0x0, 0x3f, 0xf8, 0x0,
    0x0, 0x0, 0x1, 0xdf, 0xd0, 0x0, 0x0, 0x0,
    0x1c, 0xff, 0x20, 0x0, 0x0, 0x2, 0xdf, 0xf4,
    0x0, 0x0, 0x0, 0x4e, 0xfe, 0x30, 0x0, 0x0,

    /* U+003A ":" */
    0xb, 0xfd, 0x24, 0xff, 0xf7, 0x3f, 0xff, 0x70,
    0x7b, 0x90, 0x0, 0x0, 0x0, 0x0, 0x0, 0x0,
    0x0, 0x0, 0x0, 0x0, 0x7, 0xb8, 0x3, 0xff,
    0xf7, 0x4f, 0xff, 0x70, 0xbf, 0xd2,

    /* U+003B ";" */
    0xb, 0xfd, 0x24, 0xff, 0xf7, 0x3f, 0xff, 0x70,
    0x7b, 0x90, 0x0, 0x0, 0x0, 0x0, 0x0, 0x0,
    0x0, 0x0, 0x0, 0x0, 0x8, 0xcc, 0x70, 0xdf,
    0xf4, 0xf, 0xfd, 0x3, 0xff, 0x70, 0x5f, 0xf1,
    0x8, 0xfa, 0x0, 0xbf, 0x30, 0x0,

    /* U+003C "<" */
    0x0, 0x0, 0x0, 0x0, 0x2, 0x20, 0x0, 0x0,
    0x0, 0x8, 0xf5, 0x0, 0x0, 0x0, 0x6e, 0xff,
    0x40, 0x0, 0x3, 0xcf, 0xfd, 0x40, 0x0, 0x1a,
    0xff, 0xe6, 0x0, 0x0, 0x7f, 0xff, 0x91, 0x0,
    0x0, 0x2f, 0xfb, 0x20, 0x0, 0x0, 0x2, 0xff,
    0x91, 0x0, 0x0, 0x0, 0x9, 0xff, 0xe7, 0x0,
    0x0, 0x0, 0x3, 0xcf, 0xfd, 0x40, 0x0, 0x0,
    0x0, 0x5e, 0xff, 0xb2, 0x0, 0x0, 0x0, 0x8,
    0xff, 0xf4, 0x0, 0x0, 0x0, 0x2, 0xaf, 0x50,
    0x0, 0x0, 0x0, 0x0, 0x43,

    /* U+003D "=" */
    0xaf, 0xff, 0xff, 0xff, 0xff, 0xda, 0xff, 0xff,
    0xff, 0xff, 0xfd, 0x0, 0x0, 0x0, 0x0, 0x0,
    0x0, 0x0, 0x0, 0x0, 0x0, 0x0, 0x0, 0x0,
    0x0, 0x0, 0x0, 0xa, 0xff, 0xff, 0xff, 0xff,
    0xfd, 0xaf, 0xff, 0xff, 0xff, 0xff, 0xd0,

    /* U+003E ">" */
    0x13, 0x0, 0x0, 0x0, 0x0, 0x2, 0xfa, 0x10,
    0x0, 0x0, 0x0, 0x1f, 0xff, 0x70, 0x0, 0x0,
    0x0, 0x3c, 0xff, 0xe5, 0x0, 0x0, 0x0, 0x5,
    0xdf, 0xfc, 0x30, 0x0, 0x0, 0x0, 0x7f, 0xff,
    0x91, 0x0, 0x0, 0x0, 0x19, 0xff, 0x50, 0x0,
    0x0, 0x0, 0x7f, 0xf5, 0x0, 0x0, 0x5, 0xdf,
    0xfb, 0x10, 0x0, 0x3c, 0xff, 0xd5, 0x0, 0x1,
    0x9f, 0xff, 0x70, 0x0, 0x1, 0xff, 0xfa, 0x10,
    0x0, 0x0, 0x2f, 0xc3, 0x0, 0x0, 0x0, 0x1,
    0x50, 0x0, 0x0, 0x0, 0x0,

    /* U+003F "?" */
    0x0, 0x2a, 0xef, 0xeb, 0x30, 0x0, 0x4f, 0xff,
    0xff, 0xff, 0x50, 0xe, 0xfd, 0x53, 0x5e, 0xff,
    0x3, 0xde, 0x10, 0x0, 0x5f, 0xf4, 0x0, 0x20,
    0x0, 0x3, 0xff, 0x50, 0x0, 0x0, 0x0, 0x6f,
    0xf2, 0x0, 0x0, 0x2, 0x7f, 0xf9, 0x0, 0x0,
    0xf, 0xff, 0xf9, 0x0, 0x0, 0x0, 0xff, 0x92,
    0x0, 0x0, 0x0, 0xf, 0xf4, 0x0, 0x0, 0x0,
    0x0, 0x88, 0x20, 0x0, 0x0, 0x0, 0x0, 0x0,
    0x0, 0x0, 0x0, 0x1, 0x78, 0x30, 0x0, 0x0,
    0x0, 0x9f, 0xfe, 0x0, 0x0, 0x0, 0xa, 0xff,
    0xf0, 0x0, 0x0, 0x0, 0x4e, 0xf8, 0x0, 0x0,

    /* U+0040 "@" */
    0x0, 0x19, 0xef, 0xeb, 0x40, 0x0, 0x2e, 0xfe,
    0xcd, 0xff, 0x70, 0xb, 0xf8, 0x0, 0x3, 0xef,
    0x32, 0xfc, 0x0, 0x0, 0x6, 0xf9, 0x6f, 0x70,
    0xa, 0xfc, 0x4f, 0xc9, 0xf4, 0x9, 0xfd, 0xac,
    0xfc, 0xbf, 0x20, 0xff, 0x10, 0x3f, 0xdc, 0xf2,
    0x2f, 0xd0, 0x1, 0xfd, 0xdf, 0x23, 0xfc, 0x0,
    0x1f, 0xdd, 0xf2, 0x2f, 0xc0, 0x1, 0xfd, 0xcf,
    0x21, 0xfe, 0x0, 0x1f, 0xdb, 0xf3, 0xd, 0xf5,
    0x8, 0xfd, 0x9f, 0x40, 0x5f, 0xff, 0x9f, 0xd6,
    0xf8, 0x0, 0x48, 0x60, 0x54, 0x1f, 0xe0, 0x0,
    0x0, 0x0, 0x0, 0x9f, 0xc2, 0x0, 0x0, 0x0,
    0x0, 0xcf, 0xfd, 0xcc, 0xb0, 0x0, 0x0, 0x7c,
    0xef, 0xfe, 0x0,

    /* U+0041 "A" */
    0x0, 0x0, 0x3f, 0xff, 0x60, 0x0, 0x0, 0x0,
    0x8, 0xff, 0xfb, 0x0, 0x0, 0x0, 0x0, 0xcf,
    0xff, 0xf0, 0x0, 0x0, 0x0, 0x1f, 0xf8, 0xff,
    0x40, 0x0, 0x0, 0x5, 0xff, 0x1e, 0xf8, 0x0,
    0x0, 0x0, 0x9f, 0xc0, 0xaf, 0xd0, 0x0, 0x0,
    0xe, 0xf7, 0x6, 0xff, 0x10, 0x0, 0x2, 0xff,
    0x30, 0x1f, 0xf6, 0x0, 0x0, 0x7f, 0xf0, 0x0,
    0xdf, 0xa0, 0x0, 0xb, 0xfb, 0x11, 0x1a, 0xff,
    0x0, 0x0, 0xff, 0xff, 0xff, 0xff, 0xf3, 0x0,
    0x4f, 0xff, 0xff, 0xff, 0xff, 0x80, 0x9, 0xff,
    0x0, 0x0, 0xd, 0xfc, 0x0, 0xdf, 0xa0, 0x0,
    0x0, 0x9f, 0xf1, 0x2f, 0xf6, 0x0, 0x0, 0x4,
    0xff, 0x56, 0xff, 0x10, 0x0, 0x0, 0xf, 0xfa,

    /* U+0042 "B" */
    0x2f, 0xff, 0xff, 0xfd, 0x70, 0x0, 0x2f, 0xff,
    0xff, 0xff, 0xfa, 0x0, 0x2f, 0xf4, 0x0, 0x1a,
    0xff, 0x30, 0x2f, 0xf4, 0x0, 0x1, 0xff, 0x70,
    0x2f, 0xf4, 0x0, 0x0, 0xff, 0x70, 0x2f, 0xf4,
    0x0, 0x1, 0xff, 0x50, 0x2f, 0xf4, 0x0, 0x2a,
    0xfc, 0x0, 0x2f, 0xff, 0xff, 0xff, 0x90, 0x0,
    0x2f, 0xfe, 0xdd, 0xef, 0xf8, 0x0, 0x2f, 0xf4,
    0x0, 0x3, 0xef, 0x80, 0x2f, 0xf4, 0x0, 0x0,
    0x9f, 0xe0, 0x2f, 0xf4, 0x0, 0x0, 0x7f, 0xf0,
    0x2f, 0xf4, 0x0, 0x0, 0x9f, 0xf0, 0x2f, 0xf4,
    0x0, 0x4, 0xff, 0xa0, 0x2f, 0xff, 0xff, 0xff,
    0xfe, 0x20, 0x2f, 0xff, 0xff, 0xfe, 0xa2, 0x0,

    /* U+0043 "C" */
    0x0, 0x7, 0xcf, 0xfd, 0x60, 0x0, 0x0, 0xcf,
    0xff, 0xff, 0xfa, 0x0, 0x8, 0xff, 0x82, 0x39,
    0xff, 0x60, 0xf, 0xf9, 0x0, 0x0, 0xaf, 0xd0,
    0x5f, 0xf3, 0x0, 0x0, 0x26, 0x10, 0x8f, 0xf0,
    0x0, 0x0, 0x0, 0x0, 0xaf, 0xe0, 0x0, 0x0,
    0x0, 0x0, 0xbf, 0xe0, 0x0, 0x0, 0x0, 0x0,
    0xbf, 0xe0, 0x0, 0x0, 0x0, 0x0, 0xaf, 0xe0,
    0x0, 0x0, 0x0, 0x0, 0x8f, 0xf0, 0x0, 0x0,
    0x0, 0x0, 0x5f, 0xf3, 0x0, 0x0, 0x26, 0x10,
    0xf, 0xf9, 0x0, 0x0, 0xaf, 0xe0, 0x8, 0xff,
    0x82, 0x38, 0xff, 0x70, 0x0, 0xcf, 0xff, 0xff,
    0xfb, 0x0, 0x0, 0x7, 0xcf, 0xfd, 0x60, 0x0,

    /* U+0044 "D" */
    0x3f, 0xff, 0xff, 0xea, 0x20, 0x0, 0x3f, 0xff,
    0xff, 0xff, 0xf4, 0x0, 0x3f, 0xf5, 0x11, 0x5e,
    0xfe, 0x10, 0x3f, 0xf4, 0x0, 0x2, 0xff, 0x70,
    0x3f, 0xf4, 0x0, 0x0, 0xbf, 0xc0, 0x3f, 0xf4,
    0x0, 0x0, 0x8f, 0xf0, 0x3f, 0xf4, 0x0, 0x0,
    0x7f, 0xf1, 0x3f, 0xf4, 0x0, 0x0, 0x7f, 0xf2,
    0x3f, 0xf4, 0x0, 0x0, 0x7f, 0xf2, 0x3f, 0xf4,
    0x0, 0x0, 0x7f, 0xf1, 0x3f, 0xf4, 0x0, 0x0,
    0x8f, 0xf0, 0x3f, 0xf4, 0x0, 0x0, 0xbf, 0xc0,
    0x3f, 0xf4, 0x0, 0x2, 0xff, 0x70, 0x3f, 0xf5,
    0x11, 0x5e, 0xfe, 0x10, 0x3f, 0xff, 0xff, 0xff,
    0xf4, 0x0, 0x3f, 0xff, 0xff, 0xea, 0x20, 0x0,

    /* U+0045 "E" */
    0x1f, 0xff, 0xff, 0xff, 0xff, 0x81, 0xff, 0xff,
    0xff, 0xff, 0xf8, 0x1f, 0xf7, 0x22, 0x22, 0x22,
    0x11, 0xff, 0x50, 0x0, 0x0, 0x0, 0x1f, 0xf5,
    0x0, 0x0, 0x0, 0x1, 0xff, 0x50, 0x0, 0x0,
    0x0, 0x1f, 0xf7, 0x22, 0x22, 0x22, 0x1, 0xff,
    0xff, 0xff, 0xff, 0xf3, 0x1f, 0xff, 0xff, 0xff,
    0xff, 0x31, 0xff, 0x50, 0x0, 0x0, 0x0, 0x1f,
    0xf5, 0x0, 0x0, 0x0, 0x1, 0xff, 0x50, 0x0,
    0x0, 0x0, 0x1f, 0xf5, 0x0, 0x0, 0x0, 0x1,
    0xff, 0x72, 0x22, 0x22, 0x21, 0x1f, 0xff, 0xff,
    0xff, 0xff, 0x81, 0xff, 0xff, 0xff, 0xff, 0xf8,

    /* U+0046 "F" */
    0x1f, 0xff, 0xff, 0xff, 0xff, 0xc1, 0xff, 0xff,
    0xff, 0xff, 0xfc, 0x1f, 0xf7, 0x22, 0x22, 0x22,
    0x11, 0xff, 0x50, 0x0, 0x0, 0x0, 0x1f, 0xf5,
    0x0, 0x0, 0x0, 0x1, 0xff, 0x50, 0x0, 0x0,
    0x0, 0x1f, 0xf7, 0x22, 0x22, 0x22, 0x1, 0xff,
    0xff, 0xff, 0xff, 0xf1, 0x1f, 0xff, 0xff, 0xff,
    0xff, 0x11, 0xff, 0x50, 0x0, 0x0, 0x0, 0x1f,
    0xf5, 0x0, 0x0, 0x0, 0x1, 0xff, 0x50, 0x0,
    0x0, 0x0, 0x1f, 0xf5, 0x0, 0x0, 0x0, 0x1,
    0xff, 0x50, 0x0, 0x0, 0x0, 0x1f, 0xf5, 0x0,
    0x0, 0x0, 0x1, 0xff, 0x50, 0x0, 0x0, 0x0,

    /* U+0047 "G" */
    0x0, 0x19, 0xdf, 0xeb, 0x30, 0x0, 0x2e, 0xff,
    0xff, 0xff, 0x50, 0xc, 0xfe, 0x52, 0x4d, 0xff,
    0x14, 0xff, 0x50, 0x0, 0x1f, 0xf8, 0x9f, 0xe0,
    0x0, 0x0, 0x65, 0xc, 0xfc, 0x0, 0x0, 0x0,
    0x0, 0xef, 0xa0, 0x0, 0x0, 0x0, 0xf, 0xfa,
    0x0, 0x0, 0x0, 0x0, 0xff, 0xa0, 0x8, 0xff,
    0xff, 0xbe, 0xfa, 0x0, 0x7e, 0xef, 0xfb, 0xcf,
    0xc0, 0x0, 0x0, 0x8f, 0xba, 0xfe, 0x0, 0x0,
    0x9, 0xfb, 0x6f, 0xf5, 0x0, 0x0, 0xdf, 0xb0,
    0xef, 0xe5, 0x13, 0xbe, 0xfb, 0x5, 0xff, 0xff,
    0xfc, 0x8f, 0xb0, 0x4, 0xcf, 0xe9, 0x18, 0xfb,

    /* U+0048 "H" */
    0x6f, 0xf0, 0x0, 0x0, 0xdf, 0x96, 0xff, 0x0,
    0x0, 0xd, 0xf9, 0x6f, 0xf0, 0x0, 0x0, 0xdf,
    0x96, 0xff, 0x0, 0x0, 0xd, 0xf9, 0x6f, 0xf0,
    0x0, 0x0, 0xdf, 0x96, 0xff, 0x0, 0x0, 0xd,
    0xf9, 0x6f, 0xf2, 0x22, 0x22, 0xdf, 0x96, 0xff,
    0xff, 0xff, 0xff, 0xf9, 0x6f, 0xff, 0xff, 0xff,
    0xff, 0x96, 0xff, 0x0, 0x0, 0xd, 0xf9, 0x6f,
    0xf0, 0x0, 0x0, 0xdf, 0x96, 0xff, 0x0, 0x0,
    0xd, 0xf9, 0x6f, 0xf0, 0x0, 0x0, 0xdf, 0x96,
    0xff, 0x0, 0x0, 0xd, 0xf9, 0x6f, 0xf0, 0x0,
    0x0, 0xdf, 0x96, 0xff, 0x0, 0x0, 0xd, 0xf9,

    /* U+0049 "I" */
    0x3f, 0xff, 0xff, 0xff, 0xff, 0x73, 0xff, 0xff,
    0xff, 0xff, 0xf6, 0x0, 0x0, 0xaf, 0xd0, 0x0,
    0x0, 0x0, 0xa, 0xfd, 0x0, 0x0, 0x0, 0x0,
    0xaf, 0xd0, 0x0, 0x0, 0x0, 0xa, 0xfd, 0x0,
    0x0, 0x0, 0x0, 0xaf, 0xd0, 0x0, 0x0, 0x0,
    0xa, 0xfd, 0x0, 0x0, 0x0, 0x0, 0xaf, 0xd0,
    0x0, 0x0, 0x0, 0xa, 0xfd, 0x0, 0x0, 0x0,
    0x0, 0xaf, 0xd0, 0x0, 0x0, 0x0, 0xa, 0xfd,
    0x0, 0x0, 0x0, 0x0, 0xaf, 0xd0, 0x0, 0x0,
    0x0, 0xa, 0xfd, 0x0, 0x0, 0x3f, 0xff, 0xff,
    0xff, 0xff, 0x63, 0xff, 0xff, 0xff, 0xff, 0xf7,

    /* U+004A "J" */
    0x0, 0xff, 0xff, 0xff, 0xfd, 0x0, 0xff, 0xff,
    0xff, 0xfd, 0x0, 0x22, 0x22, 0x2a, 0xfd, 0x0,
    0x0, 0x0, 0xa, 0xfd, 0x0, 0x0, 0x0, 0xa,
    0xfd, 0x0, 0x0, 0x0, 0xa, 0xfd, 0x0, 0x0,
    0x0, 0xa, 0xfd, 0x0, 0x0, 0x0, 0xa, 0xfd,
    0x0, 0x0, 0x0, 0xa, 0xfd, 0x0, 0x0, 0x0,
    0xa, 0xfd, 0x0, 0x0, 0x0, 0xa, 0xfd, 0x2,
    0x30, 0x0, 0xa, 0xfd, 0x8f, 0xe0, 0x0, 0xd,
    0xfb, 0x3f, 0xfb, 0x33, 0x9f, 0xf6, 0x8, 0xff,
    0xff, 0xff, 0xb0, 0x0, 0x6c, 0xff, 0xd7, 0x0,

    /* U+004B "K" */
    0x4f, 0xf3, 0x0, 0x0, 0x7f, 0xf6, 0x4f, 0xf3,
    0x0, 0x3, 0xff, 0xa0, 0x4f, 0xf3, 0x0, 0x1e,
    0xfd, 0x0, 0x4f, 0xf3, 0x0, 0xbf, 0xf2, 0x0,
    0x4f, 0xf3, 0x7, 0xff, 0x60, 0x0, 0x4f, 0xf3,
    0x3f, 0xfa, 0x0, 0x0, 0x4f, 0xf3, 0xdf, 0xe0,
    0x0, 0x0, 0x4f, 0xfc, 0xff, 0xf2, 0x0, 0x0,
    0x4f, 0xff, 0xff, 0xfb, 0x0, 0x0, 0x4f, 0xff,
    0x67, 0xff, 0x40, 0x0, 0x4f, 0xf9, 0x0, 0xef,
    0xd0, 0x0, 0x4f, 0xf3, 0x0, 0x6f, 0xf6, 0x0,
    0x4f, 0xf3, 0x0, 0xc, 0xfe, 0x0, 0x4f, 0xf3,
    0x0, 0x4, 0xff, 0x80, 0x4f, 0xf3, 0x0, 0x0,
    0xbf, 0xf2, 0x4f, 0xf3, 0x0, 0x0, 0x2f, 0xfa,

    /* U+004C "L" */
    0xaf, 0xd0, 0x0, 0x0, 0x0, 0xaf, 0xd0, 0x0,
    0x0, 0x0, 0xaf, 0xd0, 0x0, 0x0, 0x0, 0xaf,
    0xd0, 0x0, 0x0, 0x0, 0xaf, 0xd0, 0x0, 0x0,
    0x0, 0xaf, 0xd0, 0x0, 0x0, 0x0, 0xaf, 0xd0,
    0x0, 0x0, 0x0, 0xaf, 0xd0, 0x0, 0x0, 0x0,
    0xaf, 0xd0, 0x0, 0x0, 0x0, 0xaf, 0xd0, 0x0,
    0x0, 0x0, 0xaf, 0xd0, 0x0, 0x0, 0x0, 0xaf,
    0xd0, 0x0, 0x0, 0x0, 0xaf, 0xd0, 0x0, 0x0,
    0x0, 0xaf, 0xd2, 0x22, 0x22, 0x21, 0xaf, 0xff,
    0xff, 0xff, 0xfd, 0xaf, 0xff, 0xff, 0xff, 0xfd,

    /* U+004D "M" */
    0xcf, 0xf6, 0x0, 0x1, 0xff, 0xfc, 0xff, 0xc0,
    0x0, 0x7f, 0xff, 0xcf, 0xff, 0x20, 0xd, 0xff,
    0xfc, 0xfe, 0xf8, 0x2, 0xfe, 0xff, 0xcf, 0x7f,
    0xe0, 0x9f, 0x7f, 0xfc, 0xf5, 0xcf, 0x4e, 0xe3,
    0xff, 0xcf, 0x66, 0xfe, 0xf9, 0x2f, 0xfc, 0xf6,
    0xf, 0xff, 0x33, 0xff, 0xcf, 0x60, 0xaf, 0xd0,
    0x3f, 0xfc, 0xf6, 0x4, 0xf7, 0x3, 0xff, 0xcf,
    0x60, 0xd, 0x10, 0x3f, 0xfc, 0xf6, 0x0, 0x30,
    0x3, 0xff, 0xcf, 0x60, 0x0, 0x0, 0x3f, 0xfc,
    0xf6, 0x0, 0x0, 0x3, 0xff, 0xcf, 0x60, 0x0,
    0x0, 0x3f, 0xfc, 0xf6, 0x0, 0x0, 0x3, 0xff,

    /* U+004E "N" */
    0x6f, 0xfe, 0x0, 0x0, 0x8f, 0x96, 0xff, 0xf4,
    0x0, 0x8, 0xf9, 0x6f, 0xff, 0xa0, 0x0, 0x8f,
    0x96, 0xfe, 0xff, 0x0, 0x8, 0xf9, 0x6f, 0xbc,
    0xf6, 0x0, 0x8f, 0x96, 0xfb, 0x6f, 0xc0, 0x8,
    0xf9, 0x6f, 0xb0, 0xff, 0x20, 0x8f, 0x96, 0xfb,
    0xa, 0xf7, 0x8, 0xf9, 0x6f, 0xb0, 0x4f, 0xd0,
    0x8f, 0x96, 0xfb, 0x0, 0xef, 0x38, 0xf9, 0x6f,
    0xb0, 0x8, 0xf9, 0x8f, 0x96, 0xfb, 0x0, 0x3f,
    0xe9, 0xf9, 0x6f, 0xb0, 0x0, 0xdf, 0xef, 0x96,
    0xfb, 0x0, 0x7, 0xff, 0xf9, 0x6f, 0xb0, 0x0,
    0x1f, 0xff, 0x96, 0xfb, 0x0, 0x0, 0xbf, 0xf9,

    /* U+004F "O" */
    0x0, 0x1, 0x9e, 0xfe, 0xa3, 0x0, 0x0, 0x3,
    0xff, 0xff, 0xff, 0xf5, 0x0, 0x0, 0xdf, 0xe5,
    0x24, 0xcf, 0xf1, 0x0, 0x5f, 0xf3, 0x0, 0x1,
    0xff, 0x80, 0xa, 0xfd, 0x0, 0x0, 0xa, 0xfd,
    0x0, 0xdf, 0xb0, 0x0, 0x0, 0x8f, 0xf0, 0xf,
    0xf9, 0x0, 0x0, 0x6, 0xff, 0x20, 0xff, 0x90,
    0x0, 0x0, 0x6f, 0xf3, 0xf, 0xf9, 0x0, 0x0,
    0x6, 0xff, 0x30, 0xff, 0x90, 0x0, 0x0, 0x6f,
    0xf2, 0xd, 0xfb, 0x0, 0x0, 0x8, 0xff, 0x0,
    0xaf, 0xd0, 0x0, 0x0, 0xaf, 0xd0, 0x5, 0xff,
    0x30, 0x0, 0x1f, 0xf8, 0x0, 0xd, 0xfe, 0x52,
    0x4c, 0xff, 0x10, 0x0, 0x3f, 0xff, 0xff, 0xff,
    0x50, 0x0, 0x0, 0x29, 0xef, 0xea, 0x30, 0x0,

    /* U+0050 "P" */
    0x2f, 0xff, 0xff, 0xfe, 0xa2, 0x0, 0x2f, 0xff,
    0xff, 0xff, 0xfe, 0x10, 0x2f, 0xf6, 0x11, 0x27,
    0xff, 0x90, 0x2f, 0xf5, 0x0, 0x0, 0xaf, 0xe0,
    0x2f, 0xf5, 0x0, 0x0, 0x8f, 0xf0, 0x2f, 0xf5,
    0x0, 0x0, 0x8f, 0xf0, 0x2f, 0xf5, 0x0, 0x0,
    0xaf, 0xe0, 0x2f, 0xf6, 0x11, 0x27, 0xff, 0xa0,
    0x2f, 0xff, 0xff, 0xff, 0xfe, 0x10, 0x2f, 0xff,
    0xff, 0xfe, 0xa2, 0x0, 0x2f, 0xf5, 0x0, 0x0,
    0x0, 0x0, 0x2f, 0xf5, 0x0, 0x0, 0x0, 0x0,
    0x2f, 0xf5, 0x0, 0x0, 0x0, 0x0, 0x2f, 0xf5,
    0x0, 0x0, 0x0, 0x0, 0x2f, 0xf5, 0x0, 0x0,
    0x0, 0x0, 0x2f, 0xf5, 0x0, 0x0, 0x0, 0x0,

    /* U+0051 "Q" */
    0x0, 0x1, 0x9e, 0xfe, 0xa3, 0x0, 0x0, 0x2,
    0xef, 0xff, 0xff, 0xf5, 0x0, 0x0, 0xdf, 0xe5,
    0x24, 0xcf, 0xf1, 0x0, 0x5f, 0xf4, 0x0, 0x1,
    0xff, 0x80, 0xa, 0xfe, 0x0, 0x0, 0xb, 0xfd,
    0x0, 0xdf, 0xb0, 0x0, 0x0, 0x8f, 0xf0, 0xf,
    0xf9, 0x0, 0x0, 0x6, 0xff, 0x20, 0xff, 0x90,
    0x0, 0x0, 0x6f, 0xf3, 0xf, 0xf9, 0x0, 0x0,
    0x6, 0xff, 0x30, 0xff, 0x90, 0x0, 0x0, 0x6f,
    0xf2, 0xd, 0xfa, 0x0, 0x0, 0x7, 0xff, 0x10,
    0xbf, 0xc0, 0x0, 0x0, 0x9f, 0xe0, 0x6, 0xff,
    0x10, 0x0, 0xe, 0xf9, 0x0, 0x1f, 0xfb, 0x0,
    0x8, 0xff, 0x30, 0x0, 0x6f, 0xff, 0xde, 0xff,
    0x90, 0x0, 0x0, 0x5e, 0xff, 0xff, 0x70, 0x0,
    0x0, 0x0, 0x9, 0xfc, 0x0, 0x0, 0x0, 0x0,
    0x0, 0x7f, 0xb0, 0x0, 0x0, 0x0, 0x0, 0x3,
    0xff, 0xee, 0xe1, 0x0, 0x0, 0x0, 0x6, 0xdf,
    0xff, 0x20,

    /* U+0052 "R" */
    0x2f, 0xff, 0xff, 0xfe, 0xa2, 0x0, 0x2f, 0xff,
    0xff, 0xff, 0xfe, 0x10, 0x2f, 0xf5, 0x11, 0x27,
    0xff, 0x90, 0x2f, 0xf4, 0x0, 0x0, 0xaf, 0xe0,
    0x2f, 0xf4, 0x0, 0x0, 0x7f, 0xf0, 0x2f, 0xf4,
    0x0, 0x0, 0x7f, 0xf0, 0x2f, 0xf4, 0x0, 0x0,
    0xaf, 0xe0, 0x2f, 0xf5, 0x0, 0x15, 0xff, 0x90,
    0x2f, 0xff, 0xff, 0xff, 0xfd, 0x10, 0x2f, 0xff,
    0xff, 0xff, 0x81, 0x0, 0x2f, 0xf4, 0x6, 0xff,
    0x30, 0x0, 0x2f, 0xf4, 0x0, 0xdf, 0xc0, 0x0,
    0x2f, 0xf4, 0x0, 0x4f, 0xf5, 0x0, 0x2f, 0xf4,
    0x0, 0xc, 0xfd, 0x0, 0x2f, 0xf4, 0x0, 0x3,
    0xff, 0x70, 0x2f, 0xf4, 0x0, 0x0, 0xaf, 0xf1,

    /* U+0053 "S" */
    0x0, 0x4, 0xae, 0xfe, 0xc7, 0x10, 0x0, 0x7,
    0xff, 0xff, 0xff, 0xfe, 0x30, 0x2, 0xff, 0xd4,
    0x23, 0x7e, 0xf9, 0x0, 0x7f, 0xf2, 0x0, 0x0,
    0x18, 0x0, 0x8, 0xff, 0x0, 0x0, 0x0, 0x0,
    0x0, 0x6f, 0xf3, 0x0, 0x0, 0x0, 0x0, 0x1,
    0xff, 0xf9, 0x52, 0x0, 0x0, 0x0, 0x6, 0xff,
    0xff, 0xfe, 0x91, 0x0, 0x0, 0x2, 0x8c, 0xef,
    0xff, 0xe2, 0x0, 0x0, 0x0, 0x0, 0x28, 0xff,
    0xa0, 0x0, 0x0, 0x0, 0x0, 0xa, 0xff, 0x0,
    0x0, 0x0, 0x0, 0x0, 0x7f, 0xf0, 0x4, 0xe2,
    0x0, 0x0, 0xb, 0xfe, 0x0, 0xdf, 0xf8, 0x32,
    0x3a, 0xff, 0x80, 0x2, 0xdf, 0xff, 0xff, 0xff,
    0xb0, 0x0, 0x0, 0x6c, 0xef, 0xeb, 0x60, 0x0,

    /* U+0054 "T" */
    0x7f, 0xff, 0xff, 0xff, 0xff, 0xff, 0xa7, 0xff,
    0xff, 0xff, 0xff, 0xff, 0xfa, 0x12, 0x22, 0x2a,
    0xfd, 0x22, 0x22, 0x10, 0x0, 0x0, 0xaf, 0xd0,
    0x0, 0x0, 0x0, 0x0, 0xa, 0xfd, 0x0, 0x0,
    0x0, 0x0, 0x0, 0xaf, 0xd0, 0x0, 0x0, 0x0,
    0x0, 0xa, 0xfd, 0x0, 0x0, 0x0, 0x0, 0x0,
    0xaf, 0xd0, 0x0, 0x0, 0x0, 0x0, 0xa, 0xfd,
    0x0, 0x0, 0x0, 0x0, 0x0, 0xaf, 0xd0, 0x0,
    0x0, 0x0, 0x0, 0xa, 0xfd, 0x0, 0x0, 0x0,
    0x0, 0x0, 0xaf, 0xd0, 0x0, 0x0, 0x0, 0x0,
    0xa, 0xfd, 0x0, 0x0, 0x0, 0x0, 0x0, 0xaf,
    0xd0, 0x0, 0x0, 0x0, 0x0, 0xa, 0xfd, 0x0,
    0x0, 0x0, 0x0, 0x0, 0xaf, 0xd0, 0x0, 0x0,

    /* U+0055 "U" */
    0x7f, 0xf0, 0x0, 0x0, 0xcf, 0xb7, 0xff, 0x0,
    0x0, 0xc, 0xfb, 0x7f, 0xf0, 0x0, 0x0, 0xcf,
    0xb7, 0xff, 0x0, 0x0, 0xc, 0xfb, 0x7f, 0xf0,
    0x0, 0x0, 0xcf, 0xb7, 0xff, 0x0, 0x0, 0xc,
    0xfb, 0x7f, 0xf0, 0x0, 0x0, 0xcf, 0xb7, 0xff,
    0x0, 0x0, 0xc, 0xfb, 0x7f, 0xf0, 0x0, 0x0,
    0xcf, 0xb7, 0xff, 0x0, 0x0, 0xc, 0xfa, 0x7f,
    0xf0, 0x0, 0x0, 0xdf, 0xa5, 0xff, 0x10, 0x0,
    0xe, 0xf9, 0x3f, 0xf5, 0x0, 0x1, 0xff, 0x60,
    0xef, 0xe4, 0x23, 0xcf, 0xf2, 0x5, 0xff, 0xff,
    0xff, 0xf8, 0x0, 0x4, 0xbe, 0xfe, 0xc6, 0x0,

    /* U+0056 "V" */
    0x5f, 0xf5, 0x0, 0x0, 0x0, 0xff, 0x80, 0xff,
    0x90, 0x0, 0x0, 0x4f, 0xf3, 0xc, 0xfd, 0x0,
    0x0, 0x8, 0xff, 0x0, 0x8f, 0xf1, 0x0, 0x0,
    0xcf, 0xb0, 0x3, 0xff, 0x50, 0x0, 0xf, 0xf6,
    0x0, 0xf, 0xf9, 0x0, 0x4, 0xff, 0x20, 0x0,
    0xbf, 0xd0, 0x0, 0x8f, 0xe0, 0x0, 0x6, 0xff,
    0x10, 0xc, 0xf9, 0x0, 0x0, 0x2f, 0xf5, 0x1,
    0xff, 0x50, 0x0, 0x0, 0xef, 0x90, 0x4f, 0xf1,
    0x0, 0x0, 0x9, 0xfd, 0x8, 0xfc, 0x0, 0x0,
    0x0, 0x5f, 0xf1, 0xcf, 0x80, 0x0, 0x0, 0x1,
    0xff, 0x6f, 0xf4, 0x0, 0x0, 0x0, 0xc, 0xfe,
    0xff, 0x0, 0x0, 0x0, 0x0, 0x8f, 0xff, 0xb0,
    0x0, 0x0, 0x0, 0x3, 0xff, 0xf7, 0x0, 0x0,

    /* U+0057 "W" */
    0x6f, 0xb0, 0x0, 0x0, 0x0, 0x7f, 0x95, 0xfc,
    0x0, 0x0, 0x0, 0x8, 0xf8, 0x4f, 0xd0, 0x0,
    0x0, 0x0, 0x9f, 0x73, 0xfe, 0x0, 0x0, 0x0,
    0xa, 0xf6, 0x2f, 0xf0, 0xb, 0xff, 0x0, 0xbf,
    0x51, 0xff, 0x0, 0xdf, 0xf2, 0xc, 0xf4, 0xf,
    0xf1, 0xf, 0xff, 0x50, 0xdf, 0x30, 0xef, 0x23,
    0xf9, 0xf8, 0xd, 0xf2, 0xd, 0xf3, 0x6f, 0x4f,
    0xa0, 0xef, 0x10, 0xcf, 0x49, 0xf0, 0xdd, 0xf,
    0xf0, 0xb, 0xf5, 0xce, 0xb, 0xf1, 0xfe, 0x0,
    0xaf, 0x6f, 0xb0, 0x8f, 0x5f, 0xd0, 0x9, 0xf9,
    0xf8, 0x5, 0xf9, 0xfc, 0x0, 0x8f, 0xef, 0x60,
    0x2f, 0xef, 0xb0, 0x7, 0xff, 0xf3, 0x0, 0xff,
    0xfa, 0x0, 0x6f, 0xff, 0x0, 0xd, 0xff, 0x90,

    /* U+0058 "X" */
    0x1e, 0xfc, 0x0, 0x0, 0x5, 0xff, 0x40, 0x7f,
    0xf5, 0x0, 0x0, 0xdf, 0xb0, 0x0, 0xdf, 0xd0,
    0x0, 0x7f, 0xf2, 0x0, 0x5, 0xff, 0x60, 0x1e,
    0xf9, 0x0, 0x0, 0xb, 0xfe, 0x8, 0xfe, 0x10,
    0x0, 0x0, 0x3f, 0xf9, 0xff, 0x70, 0x0, 0x0,
    0x0, 0x9f, 0xff, 0xd0, 0x0, 0x0, 0x0, 0x1,
    0xff, 0xf5, 0x0, 0x0, 0x0, 0x0, 0x4f, 0xff,
    0x80, 0x0, 0x0, 0x0, 0xd, 0xff, 0xff, 0x20,
    0x0, 0x0, 0x6, 0xff, 0x3e, 0xfa, 0x0, 0x0,
    0x1, 0xef, 0x90, 0x7f, 0xf3, 0x0, 0x0, 0x9f,
    0xf1, 0x0, 0xef, 0xc0, 0x0, 0x2f, 0xf7, 0x0,
    0x5, 0xff, 0x60, 0xb, 0xfd, 0x0, 0x0, 0xc,
    0xfe, 0x4, 0xff, 0x50, 0x0, 0x0, 0x4f, 0xf8,

    /* U+0059 "Y" */
    0x7f, 0xf4, 0x0, 0x0, 0x0, 0xef, 0xa0, 0xef,
    0xb0, 0x0, 0x0, 0x7f, 0xf2, 0x7, 0xff, 0x30,
    0x0, 0xe, 0xfa, 0x0, 0xe, 0xfb, 0x0, 0x7,
    0xff, 0x20, 0x0, 0x6f, 0xf3, 0x0, 0xef, 0xa0,
    0x0, 0x0, 0xef, 0xa0, 0x6f, 0xf2, 0x0, 0x0,
    0x6, 0xff, 0x2d, 0xf9, 0x0, 0x0, 0x0, 0xd,
    0xfd, 0xff, 0x10, 0x0, 0x0, 0x0, 0x6f, 0xff,
    0x90, 0x0, 0x0, 0x0, 0x0, 0xdf, 0xf1, 0x0,
    0x0, 0x0, 0x0, 0xa, 0xfd, 0x0, 0x0, 0x0,
    0x0, 0x0, 0xaf, 0xd0, 0x0, 0x0, 0x0, 0x0,
    0xa, 0xfd, 0x0, 0x0, 0x0, 0x0, 0x0, 0xaf,
    0xd0, 0x0, 0x0, 0x0, 0x0, 0xa, 0xfd, 0x0,
    0x0, 0x0, 0x0, 0x0, 0xaf, 0xd0, 0x0, 0x0,

    /* U+005A "Z" */
    0xaf, 0xff, 0xff, 0xff, 0xff, 0xd0, 0xaf, 0xff,
    0xff, 0xff, 0xff, 0xd0, 0x12, 0x22, 0x22, 0x24,
    0xff, 0xa0, 0x0, 0x0, 0x0, 0xc, 0xfe, 0x10,
    0x0, 0x0, 0x0, 0x8f, 0xf4, 0x0, 0x0, 0x0,
    0x3, 0xff, 0x90, 0x0, 0x0, 0x0, 0xd, 0xfd,
    0x0, 0x0, 0x0, 0x0, 0x9f, 0xf3, 0x0, 0x0,
    0x0, 0x4, 0xff, 0x70, 0x0, 0x0, 0x0, 0x1e,
    0xfc, 0x0, 0x0, 0x0, 0x0, 0xaf, 0xf2, 0x0,
    0x0, 0x0, 0x6, 0xff, 0x60, 0x0, 0x0, 0x0,
    0x1f, 0xfb, 0x0, 0x0, 0x0, 0x0, 0xbf, 0xf3,
    0x22, 0x22, 0x22, 0x20, 0xff, 0xff, 0xff, 0xff,
    0xff, 0xf2, 0xff, 0xff, 0xff, 0xff, 0xff, 0xf2,

    /* U+005B "[" */
    0x7f, 0xff, 0xff, 0xf2, 0x7f, 0xec, 0xcc, 0xc1,
    0x7f, 0x80, 0x0, 0x0, 0x7f, 0x80, 0x0, 0x0,
    0x7f, 0x80, 0x0, 0x0, 0x7f, 0x80, 0x0, 0x0,
    0x7f, 0x80, 0x0, 0x0, 0x7f, 0x80, 0x0, 0x0,
    0x7f, 0x80, 0x0, 0x0, 0x7f, 0x80, 0x0, 0x0,
    0x7f, 0x80, 0x0, 0x0, 0x7f, 0x80, 0x0, 0x0,
    0x7f, 0x80, 0x0, 0x0, 0x7f, 0x80, 0x0, 0x0,
    0x7f, 0x80, 0x0, 0x0, 0x7f, 0x80, 0x0, 0x0,
    0x7f, 0x80, 0x0, 0x0, 0x7f, 0x80, 0x0, 0x0,
    0x7f, 0x80, 0x0, 0x0, 0x7f, 0xff, 0xff, 0xf2,
    0x5c, 0xcc, 0xcc, 0xc1,

    /* U+005C "\\" */
    0xf, 0xf2, 0x0, 0x0, 0x0, 0x0, 0xaf, 0x70,
    0x0, 0x0, 0x0, 0x4, 0xfd, 0x0, 0x0, 0x0,
    0x0, 0xe, 0xf3, 0x0, 0x0, 0x0, 0x0, 0x8f,
    0x90, 0x0, 0x0, 0x0, 0x3, 0xfe, 0x0, 0x0,
    0x0, 0x0, 0xd, 0xf4, 0x0, 0x0, 0x0, 0x0,
    0x7f, 0xa0, 0x0, 0x0, 0x0, 0x1, 0xff, 0x0,
    0x0, 0x0, 0x0, 0xb, 0xf6, 0x0, 0x0, 0x0,
    0x0, 0x6f, 0xc0, 0x0, 0x0, 0x0, 0x0, 0xff,
    0x10, 0x0, 0x0, 0x0, 0xa, 0xf7, 0x0, 0x0,
    0x0, 0x0, 0x4f, 0xd0, 0x0, 0x0, 0x0, 0x0,
    0xef, 0x30, 0x0, 0x0, 0x0, 0x9, 0xf9, 0x0,
    0x0, 0x0, 0x0, 0x3f, 0xe0, 0x0, 0x0, 0x0,
    0x0, 0xdf, 0x40, 0x0, 0x0, 0x0, 0x7, 0xfa,
    0x0, 0x0, 0x0, 0x0, 0x2f, 0xf0, 0x0, 0x0,
    0x0, 0x0, 0x68, 0x20,

    /* U+005D "]" */
    0xff, 0xff, 0xff, 0xab, 0xcc, 0xcd, 0xfa, 0x0,
    0x0, 0x5f, 0xa0, 0x0, 0x5, 0xfa, 0x0, 0x0,
    0x5f, 0xa0, 0x0, 0x5, 0xfa, 0x0, 0x0, 0x5f,
    0xa0, 0x0, 0x5, 0xfa, 0x0, 0x0, 0x5f, 0xa0,
    0x0, 0x5, 0xfa, 0x0, 0x0, 0x5f, 0xa0, 0x0,
    0x5, 0xfa, 0x0, 0x0, 0x5f, 0xa0, 0x0, 0x5,
    0xfa, 0x0, 0x0, 0x5f, 0xa0, 0x0, 0x5, 0xfa,
    0x0, 0x0, 0x5f, 0xa0, 0x0, 0x5, 0xfa, 0x0,
    0x0, 0x5f, 0xaf, 0xff, 0xff, 0xfa, 0xbc, 0xcc,
    0xcc, 0x80,

    /* U+005E "^" */
    0x0, 0x0, 0xe, 0xff, 0x20, 0x0, 0x0, 0x0,
    0x7, 0xff, 0xfa, 0x0, 0x0, 0x0, 0x0, 0xef,
    0x8f, 0xf2, 0x0, 0x0, 0x0, 0x7f, 0xc0, 0xbf,
    0xa0, 0x0, 0x0, 0xe, 0xf4, 0x3, 0xff, 0x20,
    0x0, 0x7, 0xfc, 0x0, 0xb, 0xfa, 0x0, 0x0,
    0xef, 0x40, 0x0, 0x3f, 0xf2, 0x0, 0x7f, 0xc0,
    0x0, 0x0, 0xbf, 0xa0, 0xe, 0xf4, 0x0, 0x0,
    0x3, 0xff, 0x20, 0x39, 0x0, 0x0, 0x0, 0x8,
    0x40,

    /* U+005F "_" */
    0x12, 0x22, 0x22, 0x22, 0x22, 0x1b, 0xff, 0xff,
    0xff, 0xff, 0xfe, 0xbf, 0xff, 0xff, 0xff, 0xff,
    0xe0,

    /* U+0060 "`" */
    0x4, 0xc1, 0x0, 0xef, 0x80, 0x4, 0xff, 0x10,
    0x8, 0xf8, 0x0, 0xa, 0x40,

    /* U+0061 "a" */
    0x0, 0x6c, 0xef, 0xe9, 0x10, 0x0, 0xa, 0xff,
    0xff, 0xff, 0xe1, 0x0, 0x1d, 0xd3, 0x0, 0x4f,
    0xf9, 0x0, 0x1, 0x10, 0x0, 0xa, 0xfd, 0x0,
    0x0, 0x0, 0x0, 0x8, 0xfd, 0x0, 0x1, 0x9d,
    0xff, 0xff, 0xfe, 0x0, 0x1e, 0xfe, 0xa9, 0x9c,
    0xfe, 0x0, 0x8f, 0xe1, 0x0, 0x8, 0xfe, 0x0,
    0xaf, 0xc0, 0x0, 0x9, 0xfe, 0x0, 0x8f, 0xf2,
    0x0, 0x4f, 0xfe, 0x0, 0x2f, 0xff, 0xde, 0xf7,
    0xff, 0xf4, 0x2, 0xbe, 0xfc, 0x50, 0x9f, 0xf4,

    /* U+0062 "b" */
    0x4f, 0xf2, 0x0, 0x0, 0x0, 0x0, 0x4f, 0xf2,
    0x0, 0x0, 0x0, 0x0, 0x4f, 0xf2, 0x0, 0x0,
    0x0, 0x0, 0x4f, 0xf2, 0x0, 0x0, 0x0, 0x0,
    0x4f, 0xf2, 0x0, 0x0, 0x0, 0x0, 0x4f, 0xf2,
    0x4c, 0xfe, 0x91, 0x0, 0x4f, 0xf6, 0xff, 0xff,
    0xfc, 0x0, 0x4f, 0xfd, 0x40, 0x2a, 0xff, 0x70,
    0x4f, 0xf4, 0x0, 0x0, 0xdf, 0xc0, 0x4f, 0xf2,
    0x0, 0x0, 0x8f, 0xf0, 0x4f, 0xf2, 0x0, 0x0,
    0x7f, 0xf0, 0x4f, 0xf2, 0x0, 0x0, 0x7f, 0xf0,
    0x4f, 0xf2, 0x0, 0x0, 0x8f, 0xf0, 0x4f, 0xf4,
    0x0, 0x0, 0xdf, 0xc0, 0x4f, 0xfc, 0x40, 0x2a,
    0xff, 0x70, 0x4f, 0xf6, 0xff, 0xff, 0xfd, 0x0,
    0x4f, 0xf2, 0x4c, 0xfe, 0x91, 0x0,

    /* U+0063 "c" */
    0x0, 0x7, 0xcf, 0xfc, 0x50, 0x0, 0xc, 0xff,
    0xff, 0xff, 0x90, 0x8, 0xff, 0x72, 0x18, 0xff,
    0x30, 0xff, 0x80, 0x0, 0x7, 0x40, 0x3f, 0xf3,
    0x0, 0x0, 0x0, 0x5, 0xff, 0x20, 0x0, 0x0,
    0x0, 0x5f, 0xf2, 0x0, 0x0, 0x0, 0x3, 0xff,
    0x30, 0x0, 0x0, 0x0, 0xf, 0xf8, 0x0, 0x0,
    0x56, 0x0, 0x8f, 0xf7, 0x21, 0x6f, 0xf5, 0x0,
    0xcf, 0xff, 0xff, 0xfb, 0x0, 0x0, 0x7c, 0xff,
    0xc6, 0x0,

    /* U+0064 "d" */
    0x0, 0x0, 0x0, 0x0, 0xff, 0x70, 0x0, 0x0,
    0x0, 0xf, 0xf7, 0x0, 0x0, 0x0, 0x0, 0xff,
    0x70, 0x0, 0x0, 0x0, 0xf, 0xf7, 0x0, 0x0,
    0x0, 0x0, 0xff, 0x70, 0x7, 0xdf, 0xd6, 0xf,
    0xf7, 0xa, 0xff, 0xff, 0xf7, 0xff, 0x73, 0xff,
    0xc3, 0x3, 0xbf, 0xf7, 0x9f, 0xf1, 0x0, 0x1,
    0xff, 0x7c, 0xfb, 0x0, 0x0, 0xf, 0xf7, 0xdf,
    0xa0, 0x0, 0x0, 0xff, 0x7d, 0xfa, 0x0, 0x0,
    0xf, 0xf7, 0xcf, 0xb0, 0x0, 0x0, 0xff, 0x79,
    0xff, 0x10, 0x0, 0x1f, 0xf7, 0x3f, 0xfc, 0x30,
    0x3b, 0xff, 0x70, 0xaf, 0xff, 0xff, 0x7f, 0xf7,
    0x0, 0x7d, 0xfd, 0x60, 0xff, 0x70,

    /* U+0065 "e" */
    0x0, 0x19, 0xdf, 0xea, 0x30, 0x0, 0x2e, 0xff,
    0xef, 0xff, 0x50, 0xc, 0xfc, 0x20, 0x9, 0xff,
    0x14, 0xff, 0x20, 0x0, 0xd, 0xf8, 0x8f, 0xd0,
    0x0, 0x0, 0x9f, 0xca, 0xff, 0xff, 0xff, 0xff,
    0xfd, 0xaf, 0xea, 0xaa, 0xaa, 0xaa, 0x98, 0xfd,
    0x0, 0x0, 0x0, 0x0, 0x4f, 0xf2, 0x0, 0x0,
    0x24, 0x0, 0xdf, 0xd4, 0x1, 0x5e, 0xf4, 0x2,
    0xef, 0xff, 0xff, 0xfb, 0x0, 0x1, 0x8d, 0xfe,
    0xc6, 0x0,

    /* U+0066 "f" */
    0x0, 0x0, 0x7, 0xef, 0xff, 0xf1, 0x0, 0x0,
    0x5f, 0xff, 0xff, 0xf1, 0x0, 0x0, 0x9f, 0xc0,
    0x0, 0x0, 0x0, 0x0, 0xaf, 0xc0, 0x0, 0x0,
    0x0, 0x0, 0xaf, 0xc0, 0x0, 0x0, 0x8f, 0xff,
    0xff, 0xff, 0xff, 0xf1, 0x8f, 0xff, 0xff, 0xff,
    0xff, 0xf1, 0x0, 0x0, 0xaf, 0xc0, 0x0, 0x0,
    0x0, 0x0, 0xaf, 0xc0, 0x0, 0x0, 0x0, 0x0,
    0xaf, 0xc0, 0x0, 0x0, 0x0, 0x0, 0xaf, 0xc0,
    0x0, 0x0, 0x0, 0x0, 0xaf, 0xc0, 0x0, 0x0,
    0x0, 0x0, 0xaf, 0xc0, 0x0, 0x0, 0x0, 0x0,
    0xaf, 0xc0, 0x0, 0x0, 0x0, 0x0, 0xaf, 0xc0,
    0x0, 0x0, 0x4f, 0xff, 0xff, 0xff, 0xff, 0x90,
    0x4f, 0xff, 0xff, 0xff, 0xff, 0x90,

    /* U+0067 "g" */
    0x0, 0x0, 0x0, 0x1, 0xdf, 0xf3, 0x0, 0x29,
    0xef, 0xc8, 0xff, 0xf3, 0x2, 0xef, 0xeb, 0xef,
    0xd1, 0x0, 0xb, 0xfb, 0x0, 0xb, 0xfa, 0x0,
    0xf, 0xf5, 0x0, 0x4, 0xff, 0x0, 0x1f, 0xf4,
    0x0, 0x3, 0xff, 0x10, 0xf, 0xf6, 0x0, 0x5,
    0xff, 0x0, 0x9, 0xfd, 0x30, 0x3d, 0xfa, 0x0,
    0x0, 0xcf, 0xff, 0xff, 0xc1, 0x0, 0x1, 0x8c,
    0x9a, 0x95, 0x0, 0x0, 0xd, 0xf3, 0x22, 0x21,
    0x0, 0x0, 0xc, 0xff, 0xff, 0xff, 0xfc, 0x30,
    0x2, 0xef, 0xff, 0xff, 0xff, 0xf1, 0x3f, 0xb0,
    0x0, 0x0, 0x4f, 0xf7, 0xaf, 0x70, 0x0, 0x0,
    0xc, 0xf8, 0xaf, 0xc0, 0x0, 0x0, 0x3f, 0xf5,
    0x4f, 0xff, 0xcc, 0xcd, 0xff, 0xb0, 0x3, 0x9d,
    0xff, 0xfe, 0xb5, 0x0,

    /* U+0068 "h" */
    0x2f, 0xf4, 0x0, 0x0, 0x0, 0x2, 0xff, 0x40,
    0x0, 0x0, 0x0, 0x2f, 0xf4, 0x0, 0x0, 0x0,
    0x2, 0xff, 0x40, 0x0, 0x0, 0x0, 0x2f, 0xf4,
    0x0, 0x0, 0x0, 0x2, 0xff, 0x44, 0xcf, 0xe8,
    0x0, 0x2f, 0xf7, 0xff, 0xff, 0xfa, 0x2, 0xff,
    0xd4, 0x2, 0xcf, 0xf2, 0x2f, 0xf6, 0x0, 0x2,
    0xff, 0x62, 0xff, 0x40, 0x0, 0xf, 0xf7, 0x2f,
    0xf4, 0x0, 0x0, 0xff, 0x72, 0xff, 0x40, 0x0,
    0xf, 0xf7, 0x2f, 0xf4, 0x0, 0x0, 0xff, 0x72,
    0xff, 0x40, 0x0, 0xf, 0xf7, 0x2f, 0xf4, 0x0,
    0x0, 0xff, 0x72, 0xff, 0x40, 0x0, 0xf, 0xf7,
    0x2f, 0xf4, 0x0, 0x0, 0xff, 0x70,

    /* U+0069 "i" */
    0x0, 0x1, 0xdf, 0x80, 0x0, 0x0, 0x0, 0x5f,
    0xfe, 0x0, 0x0, 0x0, 0x2, 0xff, 0xb0, 0x0,
    0x0, 0x0, 0x0, 0x10, 0x0, 0x0, 0x0, 0x0,
    0x0, 0x0, 0x0, 0xc, 0xff, 0xff, 0xf7, 0x0,
    0x0, 0xcf, 0xff, 0xff, 0x70, 0x0, 0x0, 0x0,
    0xe, 0xf7, 0x0, 0x0, 0x0, 0x0, 0xef, 0x70,
    0x0, 0x0, 0x0, 0xe, 0xf7, 0x0, 0x0, 0x0,
    0x0, 0xef, 0x70, 0x0, 0x0, 0x0, 0xe, 0xf7,
    0x0, 0x0, 0x0, 0x0, 0xef, 0x70, 0x0, 0x0,
    0x0, 0xe, 0xf7, 0x0, 0x0, 0x0, 0x0, 0xef,
    0x70, 0x0, 0xc, 0xff, 0xff, 0xff, 0xff, 0xf2,
    0xcf, 0xff, 0xff, 0xff, 0xff, 0x20,

    /* U+006A "j" */
    0x0, 0x0, 0xc, 0xf9, 0x0, 0x0, 0x4, 0xff,
    0xf0, 0x0, 0x0, 0x1e, 0xfc, 0x0, 0x0, 0x0,
    0x2, 0x0, 0x0, 0x0, 0x0, 0x0, 0xf, 0xff,
    0xff, 0xff, 0x90, 0xff, 0xff, 0xff, 0xf9, 0x0,
    0x0, 0x0, 0xdf, 0x90, 0x0, 0x0, 0xd, 0xf9,
    0x0, 0x0, 0x0, 0xdf, 0x90, 0x0, 0x0, 0xd,
    0xf9, 0x0, 0x0, 0x0, 0xdf, 0x90, 0x0, 0x0,
    0xd, 0xf9, 0x0, 0x0, 0x0, 0xdf, 0x90, 0x0,
    0x0, 0xd, 0xf9, 0x0, 0x0, 0x0, 0xdf, 0x90,
    0x0, 0x0, 0xd, 0xf9, 0x0, 0x0, 0x0, 0xdf,
    0x90, 0x0, 0x0, 0xd, 0xf8, 0x0, 0x0, 0x0,
    0xdf, 0x70, 0xdf, 0xff, 0xff, 0xf3, 0xd, 0xff,
    0xff, 0xd6, 0x0,

    /* U+006B "k" */
    0x1f, 0xf5, 0x0, 0x0, 0x0, 0x0, 0x1f, 0xf5,
    0x0, 0x0, 0x0, 0x0, 0x1f, 0xf5, 0x0, 0x0,
    0x0, 0x0, 0x1f, 0xf5, 0x0, 0x0, 0x0, 0x0,
    0x1f, 0xf5, 0x0, 0x0, 0x0, 0x0, 0x1f, 0xf5,
    0x0, 0x2, 0xef, 0xb0, 0x1f, 0xf5, 0x0, 0x2e,
    0xfc, 0x0, 0x1f, 0xf5, 0x2, 0xef, 0xc0, 0x0,
    0x1f, 0xf5, 0x1e, 0xfc, 0x0, 0x0, 0x1f, 0xf6,
    0xdf, 0xd1, 0x0, 0x0, 0x1f, 0xff, 0xff, 0xf3,
    0x0, 0x0, 0x1f, 0xff, 0x9d, 0xfd, 0x0, 0x0,
    0x1f, 0xf9, 0x3, 0xff, 0x90, 0x0, 0x1f, 0xf5,
    0x0, 0x7f, 0xf4, 0x0, 0x1f, 0xf5, 0x0, 0xc,
    0xfe, 0x10, 0x1f, 0xf5, 0x0, 0x2, 0xff, 0xb0,
    0x1f, 0xf5, 0x0, 0x0, 0x7f, 0xf6,

    /* U+006C "l" */
    0x5f, 0xff, 0xff, 0xd0, 0x0, 0x5, 0xff, 0xff,
    0xfd, 0x0, 0x0, 0x0, 0x0, 0x9f, 0xd0, 0x0,
    0x0, 0x0, 0x9, 0xfd, 0x0, 0x0, 0x0, 0x0,
    0x9f, 0xd0, 0x0, 0x0, 0x0, 0x9, 0xfd, 0x0,
    0x0, 0x0, 0x0, 0x9f, 0xd0, 0x0, 0x0, 0x0,
    0x9, 0xfd, 0x0, 0x0, 0x0, 0x0, 0x9f, 0xd0,
    0x0, 0x0, 0x0, 0x9, 0xfd, 0x0, 0x0, 0x0,
    0x0, 0x9f, 0xd0, 0x0, 0x0, 0x0, 0x9, 0xfd,
    0x0, 0x0, 0x0, 0x0, 0x9f, 0xd0, 0x0, 0x0,
    0x0, 0x9, 0xfd, 0x0, 0x0, 0x0, 0x0, 0x9f,
    0xd0, 0x0, 0x5, 0xff, 0xff, 0xff, 0xff, 0xf9,
    0x5f, 0xff, 0xff, 0xff, 0xff, 0x90,

    /* U+006D "m" */
    0xf, 0xf2, 0xdf, 0x90, 0x8f, 0xd4, 0x0, 0xff,
    0xbf, 0xff, 0x8f, 0xff, 0xd0, 0xf, 0xf5, 0xb,
    0xfd, 0x12, 0xff, 0x10, 0xff, 0x0, 0x7f, 0xa0,
    0xe, 0xf2, 0xf, 0xf0, 0x7, 0xf9, 0x0, 0xdf,
    0x30, 0xff, 0x0, 0x7f, 0x90, 0xd, 0xf3, 0xf,
    0xf0, 0x7, 0xf9, 0x0, 0xdf, 0x30, 0xff, 0x0,
    0x7f, 0x90, 0xd, 0xf3, 0xf, 0xf0, 0x7, 0xf9,
    0x0, 0xdf, 0x30, 0xff, 0x0, 0x7f, 0x90, 0xd,
    0xf3, 0xf, 0xf0, 0x7, 0xf9, 0x0, 0xdf, 0x30,
    0xff, 0x0, 0x7f, 0x90, 0xd, 0xf3,

    /* U+006E "n" */
    0x2f, 0xf4, 0x4c, 0xfe, 0x80, 0x2, 0xff, 0x7f,
    0xff, 0xff, 0xa0, 0x2f, 0xfd, 0x40, 0x2c, 0xff,
    0x22, 0xff, 0x60, 0x0, 0x2f, 0xf6, 0x2f, 0xf4,
    0x0, 0x0, 0xff, 0x72, 0xff, 0x40, 0x0, 0xf,
    0xf7, 0x2f, 0xf4, 0x0, 0x0, 0xff, 0x72, 0xff,
    0x40, 0x0, 0xf, 0xf7, 0x2f, 0xf4, 0x0, 0x0,
    0xff, 0x72, 0xff, 0x40, 0x0, 0xf, 0xf7, 0x2f,
    0xf4, 0x0, 0x0, 0xff, 0x72, 0xff, 0x40, 0x0,
    0xf, 0xf7,

    /* U+006F "o" */
    0x0, 0x29, 0xef, 0xea, 0x30, 0x0, 0x3f, 0xff,
    0xff, 0xff, 0x60, 0xe, 0xfc, 0x20, 0x1a, 0xff,
    0x26, 0xff, 0x10, 0x0, 0xd, 0xf9, 0xaf, 0xc0,
    0x0, 0x0, 0x9f, 0xdc, 0xfb, 0x0, 0x0, 0x8,
    0xff, 0xcf, 0xb0, 0x0, 0x0, 0x8f, 0xfa, 0xfc,
    0x0, 0x0, 0x9, 0xfd, 0x6f, 0xf1, 0x0, 0x0,
    0xdf, 0x90, 0xef, 0xc2, 0x1, 0xaf, 0xf2, 0x3,
    0xff, 0xff, 0xff, 0xf6, 0x0, 0x2, 0x9e, 0xfe,
    0xa3, 0x0,

    /* U+0070 "p" */
    0x4f, 0xf2, 0x4c, 0xfe, 0x91, 0x0, 0x4f, 0xf6,
    0xff, 0xff, 0xfc, 0x0, 0x4f, 0xfd, 0x40, 0x2a,
    0xff, 0x70, 0x4f, 0xf4, 0x0, 0x0, 0xdf, 0xc0,
    0x4f, 0xf2, 0x0, 0x0, 0x8f, 0xf0, 0x4f, 0xf2,
    0x0, 0x0, 0x7f, 0xf0, 0x4f, 0xf2, 0x0, 0x0,
    0x7f, 0xf0, 0x4f, 0xf2, 0x0, 0x0, 0x8f, 0xf0,
    0x4f, 0xf4, 0x0, 0x0, 0xdf, 0xc0, 0x4f, 0xfc,
    0x40, 0x2a, 0xff, 0x70, 0x4f, 0xf6, 0xff, 0xff,
    0xfd, 0x0, 0x4f, 0xf2, 0x4c, 0xfe, 0x91, 0x0,
    0x4f, 0xf2, 0x0, 0x0, 0x0, 0x0, 0x4f, 0xf2,
    0x0, 0x0, 0x0, 0x0, 0x4f, 0xf2, 0x0, 0x0,
    0x0, 0x0, 0x4f, 0xf2, 0x0, 0x0, 0x0, 0x0,
    0x4f, 0xf2, 0x0, 0x0, 0x0, 0x0,

    /* U+0071 "q" */
    0x0, 0x7d, 0xfd, 0x60, 0xff, 0x70, 0xaf, 0xff,
    0xff, 0x7f, 0xf7, 0x3f, 0xfc, 0x30, 0x3b, 0xff,
    0x79, 0xff, 0x10, 0x0, 0x1f, 0xf7, 0xcf, 0xb0,
    0x0, 0x0, 0xff, 0x7d, 0xfa, 0x0, 0x0, 0xf,
    0xf7, 0xdf, 0xa0, 0x0, 0x0, 0xff, 0x7c, 0xfb,
    0x0, 0x0, 0xf, 0xf7, 0x9f, 0xf1, 0x0, 0x1,
    0xff, 0x73, 0xff, 0xc3, 0x3, 0xbf, 0xf7, 0xa,
    0xff, 0xff, 0xf7, 0xff, 0x70, 0x7, 0xdf, 0xd6,
    0xf, 0xf7, 0x0, 0x0, 0x0, 0x0, 0xff, 0x70,
    0x0, 0x0, 0x0, 0xf, 0xf7, 0x0, 0x0, 0x0,
    0x0, 0xff, 0x70, 0x0, 0x0, 0x0, 0xf, 0xf7,
    0x0, 0x0, 0x0, 0x0, 0xff, 0x70,

    /* U+0072 "r" */
    0x5f, 0xff, 0xff, 0x12, 0xbf, 0xf5, 0x5f, 0xff,
    0xff, 0x2e, 0xff, 0xf5, 0x0, 0x5, 0xff, 0xac,
    0x75, 0x51, 0x0, 0x5, 0xff, 0xb0, 0x0, 0x0,
    0x0, 0x5, 0xff, 0x30, 0x0, 0x0, 0x0, 0x5,
    0xff, 0x10, 0x0, 0x0, 0x0, 0x5, 0xff, 0x10,
    0x0, 0x0, 0x0, 0x5, 0xff, 0x10, 0x0, 0x0,
    0x0, 0x5, 0xff, 0x10, 0x0, 0x0, 0x0, 0x5,
    0xff, 0x10, 0x0, 0x0, 0x5f, 0xff, 0xff, 0xff,
    0xf5, 0x0, 0x5f, 0xff, 0xff, 0xff, 0xf5, 0x0,

    /* U+0073 "s" */
    0x0, 0x3a, 0xdf, 0xfc, 0x70, 0x0, 0x5f, 0xff,
    0xef, 0xff, 0xe2, 0xe, 0xfa, 0x0, 0x3, 0xbc,
    0x0, 0xff, 0x50, 0x0, 0x0, 0x0, 0xe, 0xfd,
    0x52, 0x0, 0x0, 0x0, 0x4f, 0xff, 0xff, 0xc7,
    0x10, 0x0, 0x28, 0xcf, 0xff, 0xfd, 0x10, 0x0,
    0x0, 0x1, 0x6f, 0xf7, 0x4, 0x0, 0x0, 0x0,
    0xcf, 0x95, 0xfd, 0x40, 0x0, 0x5f, 0xf6, 0x1d,
    0xff, 0xfe, 0xff, 0xfc, 0x0, 0x6, 0xbe, 0xfe,
    0xc6, 0x0,

    /* U+0074 "t" */
    0x0, 0x0, 0x7f, 0xc0, 0x0, 0x0, 0x0, 0x0,
    0x7f, 0xc0, 0x0, 0x0, 0x0, 0x0, 0x7f, 0xc0,
    0x0, 0x0, 0x0, 0x0, 0xaf, 0xc0, 0x0, 0x0,
    0x2f, 0xff, 0xff, 0xff, 0xff, 0xf9, 0x2f, 0xff,
    0xff, 0xff, 0xff, 0xf9, 0x0, 0x0, 0xaf, 0xc0,
    0x0, 0x0, 0x0, 0x0, 0xaf, 0xc0, 0x0, 0x0,
    0x0, 0x0, 0xaf, 0xc0, 0x0, 0x0, 0x0, 0x0,
    0xaf, 0xc0, 0x0, 0x0, 0x0, 0x0, 0xaf, 0xc0,
    0x0, 0x0, 0x0, 0x0, 0xaf, 0xc0, 0x0, 0x0,
    0x0, 0x0, 0x9f, 0xc0, 0x0, 0x0, 0x0, 0x0,
    0x8f, 0xc0, 0x0, 0x0, 0x0, 0x0, 0x4f, 0xff,
    0xff, 0xf9, 0x0, 0x0, 0x7, 0xef, 0xff, 0xf9,

    /* U+0075 "u" */
    0x4f, 0xf2, 0x0, 0x0, 0xff, 0x54, 0xff, 0x20,
    0x0, 0xf, 0xf5, 0x4f, 0xf2, 0x0, 0x0, 0xff,
    0x54, 0xff, 0x20, 0x0, 0xf, 0xf5, 0x4f, 0xf2,
    0x0, 0x0, 0xff, 0x54, 0xff, 0x20, 0x0, 0xf,
    0xf5, 0x4f, 0xf2, 0x0, 0x0, 0xff, 0x54, 0xff,
    0x20, 0x0, 0xf, 0xf5, 0x3f, 0xf5, 0x0, 0x2,
    0xff, 0x50, 0xef, 0xd3, 0x3, 0xcf, 0xf5, 0x7,
    0xff, 0xff, 0xf7, 0xff, 0x50, 0x6, 0xdf, 0xd6,
    0xf, 0xf5,

    /* U+0076 "v" */
    0xcf, 0xb0, 0x0, 0x0, 0x6f, 0xf0, 0x6f, 0xf0,
    0x0, 0x0, 0xbf, 0xa0, 0x1f, 0xf5, 0x0, 0x0,
    0xff, 0x40, 0xc, 0xfa, 0x0, 0x5, 0xfe, 0x0,
    0x6, 0xfe, 0x0, 0xa, 0xf9, 0x0, 0x1, 0xff,
    0x30, 0xe, 0xf4, 0x0, 0x0, 0xbf, 0x80, 0x4f,
    0xe0, 0x0, 0x0, 0x6f, 0xd0, 0x9f, 0x90, 0x0,
    0x0, 0x1f, 0xf2, 0xdf, 0x40, 0x0, 0x0, 0xb,
    0xfa, 0xfe, 0x0, 0x0, 0x0, 0x6, 0xff, 0xf9,
    0x0, 0x0, 0x0, 0x1, 0xff, 0xf3, 0x0, 0x0,

    /* U+0077 "w" */
    0x8f, 0x80, 0x9, 0xfe, 0x0, 0x4f, 0xb5, 0xfa,
    0x0, 0xcf, 0xf0, 0x5, 0xf9, 0x3f, 0xc0, 0xe,
    0xef, 0x30, 0x7f, 0x61, 0xfd, 0x1, 0xf8, 0xf6,
    0x9, 0xf4, 0xf, 0xf0, 0x4f, 0x3f, 0x80, 0xbf,
    0x20, 0xdf, 0x17, 0xf0, 0xdb, 0xc, 0xf0, 0xb,
    0xf3, 0x9e, 0xa, 0xe0, 0xee, 0x0, 0x9f, 0x4c,
    0xb0, 0x8f, 0x1f, 0xc0, 0x7, 0xf6, 0xf8, 0x5,
    0xf5, 0xfa, 0x0, 0x4f, 0xaf, 0x60, 0x2f, 0x9f,
    0x80, 0x2, 0xff, 0xf3, 0x0, 0xff, 0xf5, 0x0,
    0xf, 0xff, 0x0, 0xd, 0xff, 0x30,

    /* U+0078 "x" */
    0x7, 0xff, 0x40, 0x0, 0xd, 0xfa, 0x0, 0xc,
    0xfe, 0x0, 0x8, 0xfe, 0x10, 0x0, 0x2f, 0xf9,
    0x3, 0xff, 0x40, 0x0, 0x0, 0x6f, 0xf4, 0xdf,
    0x90, 0x0, 0x0, 0x0, 0xbf, 0xff, 0xd0, 0x0,
    0x0, 0x0, 0x1, 0xff, 0xf3, 0x0, 0x0, 0x0,
    0x0, 0x3f, 0xff, 0x70, 0x0, 0x0, 0x0, 0xd,
    0xfd, 0xff, 0x20, 0x0, 0x0, 0x9, 0xfd, 0x1d,
    0xfc, 0x0, 0x0, 0x4, 0xff, 0x30, 0x3f, 0xf8,
    0x0, 0x1, 0xef, 0x90, 0x0, 0x9f, 0xf3, 0x0,
    0xaf, 0xe0, 0x0, 0x0, 0xdf, 0xd0,

    /* U+0079 "y" */
    0xe, 0xf8, 0x0, 0x0, 0x4, 0xff, 0x20, 0x9f,
    0xe0, 0x0, 0x0, 0x9f, 0xc0, 0x3, 0xff, 0x30,
    0x0, 0xe, 0xf6, 0x0, 0xd, 0xf9, 0x0, 0x4,
    0xff, 0x0, 0x0, 0x7f, 0xe0, 0x0, 0xaf, 0xa0,
    0x0, 0x1, 0xff, 0x40, 0xf, 0xf4, 0x0, 0x0,
    0xb, 0xf9, 0x5, 0xfe, 0x0, 0x0, 0x0, 0x5f,
    0xe0, 0xaf, 0x80, 0x0, 0x0, 0x0, 0xef, 0x5f,
    0xf2, 0x0, 0x0, 0x0, 0x9, 0xfe, 0xfc, 0x0,
    0x0, 0x0, 0x0, 0x2f, 0xff, 0x60, 0x0, 0x0,
    0x0, 0x0, 0xdf, 0xf0, 0x0, 0x0, 0x0, 0x0,
    0xb, 0xfa, 0x0, 0x0, 0x0, 0x0, 0x1, 0xff,
    0x40, 0x0, 0x0, 0x0, 0x0, 0x6f, 0xe0, 0x0,
    0x0, 0x0, 0x4f, 0xff, 0xf6, 0x0, 0x0, 0x0,
    0x4, 0xff, 0xe7, 0x0, 0x0, 0x0, 0x0,

    /* U+007A "z" */
    0x1f, 0xff, 0xff, 0xff, 0xff, 0x41, 0xff, 0xff,
    0xff, 0xff, 0xf4, 0x0, 0x0, 0x0, 0xc, 0xfe,
    0x10, 0x0, 0x0, 0xb, 0xff, 0x20, 0x0, 0x0,
    0x9, 0xff, 0x40, 0x0, 0x0, 0x7, 0xff, 0x50,
    0x0, 0x0, 0x6, 0xff, 0x70, 0x0, 0x0, 0x4,
    0xff, 0x90, 0x0, 0x0, 0x3, 0xff, 0xb0, 0x0,
    0x0, 0x1, 0xef, 0xc0, 0x0, 0x0, 0x0, 0x5f,
    0xff, 0xff, 0xff, 0xff, 0x85, 0xff, 0xff, 0xff,
    0xff, 0xf8,

    /* U+007B "{" */
    0x0, 0x6, 0xef, 0xff, 0xf0, 0x0, 0xff, 0xcc,
    0xcc, 0x0, 0x1f, 0xd0, 0x0, 0x0, 0x1, 0xfe,
    0x0, 0x0, 0x0, 0xe, 0xf1, 0x0, 0x0, 0x0,
    0x7f, 0xb0, 0x0, 0x0, 0x0, 0xcf, 0x60, 0x0,
    0x0, 0x4, 0xfb, 0x0, 0x0, 0x0, 0x9f, 0x90,
    0x9, 0xcc, 0xef, 0xa1, 0x0, 0xcf, 0xff, 0xc6,
    0x0, 0x0, 0x0, 0x3c, 0xf7, 0x0, 0x0, 0x0,
    0x4f, 0xb0, 0x0, 0x0, 0x8, 0xf9, 0x0, 0x0,
    0x3, 0xff, 0x20, 0x0, 0x0, 0xcf, 0x60, 0x0,
    0x0, 0xf, 0xf0, 0x0, 0x0, 0x1, 0xfd, 0x0,
    0x0, 0x0, 0x1f, 0xd0, 0x0, 0x0, 0x0, 0xef,
    0xff, 0xff, 0x0, 0x3, 0xac, 0xcc, 0xc0,

    /* U+007C "|" */
    0x7f, 0xa7, 0xfa, 0x7f, 0xa7, 0xfa, 0x7f, 0xa7,
    0xfa, 0x7f, 0xa7, 0xfa, 0x7f, 0xa7, 0xfa, 0x7f,
    0xa7, 0xfa, 0x7f, 0xa7, 0xfa, 0x7f, 0xa7, 0xfa,
    0x7f, 0xa7, 0xfa, 0x7f, 0xa7, 0xfa, 0x26, 0x40,

    /* U+007D "}" */
    0xcf, 0xff, 0xe8, 0x0, 0x9, 0xcc, 0xce, 0xf3,
    0x0, 0x0, 0x0, 0xaf, 0x40, 0x0, 0x0, 0xa,
    0xf4, 0x0, 0x0, 0x0, 0xef, 0x10, 0x0, 0x0,
    0x8f, 0xa0, 0x0, 0x0, 0x3f, 0xe1, 0x0, 0x0,
    0x8, 0xf7, 0x0, 0x0, 0x0, 0x6f, 0xb0, 0x0,
    0x0, 0x0, 0x9f, 0xfd, 0xcc, 0x0, 0x4, 0xbf,
    0xff, 0xf0, 0x4, 0xfd, 0x40, 0x0, 0x0, 0x8f,
    0x70, 0x0, 0x0, 0x6, 0xfb, 0x0, 0x0, 0x0,
    0xd, 0xf5, 0x0, 0x0, 0x0, 0x3f, 0xe0, 0x0,
    0x0, 0x0, 0xcf, 0x30, 0x0, 0x0, 0xa, 0xf4,
    0x0, 0x0, 0x0, 0xaf, 0x40, 0xc, 0xff, 0xff,
    0xf1, 0x0, 0x9c, 0xcc, 0xb5, 0x0, 0x0,

    /* U+007E "~" */
    0x0, 0x0, 0x0, 0x0, 0x0, 0x0, 0x0, 0x4,
    0xef, 0xd3, 0x0, 0x8, 0x91, 0x2, 0xff, 0xff,
    0xf2, 0x0, 0xef, 0x0, 0x8f, 0x91, 0xbf, 0xd3,
    0x7f, 0xb0, 0xd, 0xf1, 0x0, 0xdf, 0xff, 0xf3,
    0x0, 0x79, 0x0, 0x1, 0xaf, 0xe5, 0x0,

    /* U+00A0 " " */

    /* U+00A1 "¡" */
    0xb, 0xfd, 0x13, 0xff, 0xf6, 0x2f, 0xff, 0x50,
    0x59, 0x60, 0x0, 0x0, 0x0, 0x0, 0x0, 0x0,
    0x60, 0x0, 0xf, 0x20, 0x1, 0xf5, 0x0, 0x4f,
    0x70, 0x6, 0xfa, 0x0, 0x9f, 0xc0, 0xb, 0xfe,
    0x0, 0xbf, 0xe0, 0xb, 0xfe, 0x0, 0xbf, 0xe0,
    0xb, 0xfe, 0x0,

    /* U+00A2 "¢" */
    0x0, 0x0, 0xe, 0xb0, 0x0, 0x0, 0x0, 0x1,
    0xfc, 0x0, 0x0, 0x0, 0x1, 0x6f, 0xe6, 0x0,
    0x0, 0x5, 0xff, 0xff, 0xfe, 0x30, 0x4, 0xff,
    0xcf, 0xdc, 0xff, 0x10, 0xcf, 0xa0, 0xfb, 0xc,
    0xa1, 0x2f, 0xf3, 0xf, 0xb0, 0x0, 0x4, 0xff,
    0x0, 0xfb, 0x0, 0x0, 0x5f, 0xf0, 0xf, 0xb0,
    0x0, 0x5, 0xff, 0x0, 0xfb, 0x0, 0x0, 0x2f,
    0xf2, 0xf, 0xb0, 0x0, 0x0, 0xdf, 0x90, 0xfb,
    0x9, 0xc2, 0x5, 0xff, 0xaf, 0xda, 0xff, 0x30,
    0x7, 0xff, 0xff, 0xff, 0x60, 0x0, 0x2, 0x8f,
    0xe7, 0x10, 0x0, 0x0, 0x1, 0xfc, 0x0, 0x0,
    0x0, 0x0, 0x1f, 0xc0, 0x0, 0x0,

    /* U+00A3 "£" */
    0x0, 0x5, 0xbe, 0xfd, 0x92, 0x0, 0x0, 0x9f,
    0xff, 0xff, 0xff, 0x50, 0x5, 0xff, 0xc5, 0x36,
    0xef, 0xe0, 0xc, 0xfe, 0x0, 0x0, 0x1c, 0x20,
    0xe, 0xfa, 0x0, 0x0, 0x0, 0x0, 0xd, 0xf9,
    0x0, 0x0, 0x0, 0x0, 0xb, 0xfb, 0x0, 0x0,
    0x0, 0x0, 0x6, 0xff, 0x0, 0x0, 0x0, 0x0,
    0xef, 0xff, 0xff, 0xff, 0x60, 0x0, 0xef, 0xff,
    0xff, 0xff, 0x50, 0x0, 0x0, 0xaf, 0xc0, 0x0,
    0x0, 0x0, 0x0, 0xbf, 0xa0, 0x0, 0x0, 0x0,
    0x4, 0xff, 0x30, 0x0, 0x0, 0x0, 0x5f, 0xfa,
    0x55, 0x55, 0x55, 0x50, 0x6f, 0xff, 0xff, 0xff,
    0xff, 0xf0, 0x6f, 0xff, 0xff, 0xff, 0xff, 0xf0,

    /* U+00A4 "¤" */
    0x0, 0x0, 0x0, 0x0, 0x0, 0x2, 0xb6, 0x0,
    0x0, 0x3, 0xc3, 0x4f, 0xe1, 0x0, 0x0, 0xcf,
    0x70, 0xbf, 0xbc, 0xec, 0xaf, 0xe0, 0x3, 0xff,
    0xff, 0xff, 0xf6, 0x0, 0x8f, 0xf4, 0x3, 0xdf,
    0xb0, 0xe, 0xf7, 0x0, 0x4, 0xff, 0x22, 0xff,
    0x40, 0x0, 0x1f, 0xf5, 0x3f, 0xf4, 0x0, 0x0,
    0xff, 0x62, 0xff, 0x40, 0x0, 0x1f, 0xf5, 0xf,
    0xf7, 0x0, 0x4, 0xff, 0x20, 0x9f, 0xe3, 0x2,
    0xcf, 0xc0, 0x3, 0xff, 0xff, 0xff, 0xf6, 0x0,
    0xaf, 0xcd, 0xfe, 0xcf, 0xd0, 0x3f, 0xf1, 0x0,
    0x0, 0xdf, 0x73, 0xc7, 0x0, 0x0, 0x4, 0xe4,
    0x0, 0x0, 0x0, 0x0, 0x0, 0x0,

    /* U+00A5 "¥" */
    0x8f, 0xf1, 0x0, 0x0, 0x0, 0xdf, 0xa1, 0xff,
    0x80, 0x0, 0x0, 0x4f, 0xf3, 0xa, 0xfe, 0x0,
    0x0, 0xa, 0xfc, 0x0, 0x3f, 0xf5, 0x0, 0x1,
    0xff, 0x50, 0x0, 0xcf, 0xb0, 0x0, 0x7f, 0xe0,
    0x0, 0x5, 0xff, 0x20, 0xd, 0xf7, 0x0, 0x0,
    0xd, 0xf8, 0x4, 0xff, 0x10, 0x0, 0x0, 0x7f,
    0xe0, 0xbf, 0x90, 0x0, 0x0, 0x0, 0xff, 0x7f,
    0xf2, 0x0, 0x0, 0x8f, 0xff, 0xff, 0xff, 0xff,
    0xb0, 0x8, 0xff, 0xff, 0xff, 0xff, 0xfb, 0x0,
    0x0, 0x0, 0x9f, 0xc0, 0x0, 0x0, 0x0, 0x0,
    0x9, 0xfc, 0x0, 0x0, 0x0, 0x0, 0x0, 0x9f,
    0xc0, 0x0, 0x0, 0x8, 0xff, 0xff, 0xff, 0xff,
    0xfb, 0x0, 0x8f, 0xff, 0xff, 0xff, 0xff, 0xb0,

    /* U+00A6 "¦" */
    0x7f, 0xa7, 0xfa, 0x7f, 0xa7, 0xfa, 0x7f, 0xa7,
    0xfa, 0x7f, 0xa7, 0xfa, 0x12, 0x10, 0x0, 0x0,
    0x0, 0x0, 0x7f, 0xa7, 0xfa, 0x7f, 0xa7, 0xfa,
    0x7f, 0xa7, 0xfa, 0x7f, 0xa7, 0xfa, 0x12, 0x10,

    /* U+00A7 "§" */
    0x0, 0x6, 0xcf, 0xfd, 0x81, 0x0, 0xc, 0xff,
    0xff, 0xff, 0xc0, 0x6, 0xff, 0x40, 0x3, 0xc3,
    0x0, 0x9f, 0x90, 0x0, 0x0, 0x0, 0x8, 0xfc,
    0x0, 0x0, 0x0, 0x0, 0x3f, 0xfd, 0x61, 0x0,
    0x0, 0x0, 0x6f, 0xff, 0xfc, 0x60, 0x0, 0x9,
    0xc8, 0xdf, 0xff, 0xb0, 0xb, 0xf1, 0x0, 0x19,
    0xff, 0x63, 0xfd, 0x0, 0x0, 0xa, 0xfa, 0x5f,
    0xf1, 0x0, 0x0, 0x8f, 0x81, 0xff, 0xd5, 0x0,
    0xc, 0xe1, 0x6, 0xff, 0xff, 0xbb, 0xa1, 0x0,
    0x2, 0x9e, 0xff, 0xfb, 0x0, 0x0, 0x0, 0x3,
    0x9f, 0xf8, 0x0, 0x0, 0x0, 0x0, 0x7f, 0xd0,
    0x0, 0x0, 0x0, 0x5, 0xfe, 0x0, 0x1d, 0x71,
    0x3, 0xdf, 0xa0, 0x7, 0xff, 0xff, 0xff, 0xe2,
    0x0, 0x4, 0xad, 0xec, 0x70, 0x0,

    /* U+00A8 "¨" */
    0x9, 0xc6, 0x4, 0xcb, 0x1, 0xff, 0xd0, 0xaf,
    0xf4, 0xb, 0xf8, 0x6, 0xfd, 0x10,

    /* U+00A9 "©" */
    0x0, 0x0, 0x0, 0x0, 0x0, 0x0, 0x0, 0x0,
    0x3, 0xae, 0xff, 0xb5, 0x0, 0x0, 0x0, 0x8f,
    0xb5, 0x35, 0xaf, 0xa0, 0x0, 0x6, 0xf5, 0x0,
    0x0, 0x3, 0xea, 0x0, 0x1f, 0x60, 0x7, 0xa9,
    0x20, 0x3f, 0x40, 0x7d, 0x0, 0xdf, 0xff, 0xf3,
    0xb, 0xb0, 0xc9, 0x7, 0xfa, 0x14, 0xf6, 0x5,
    0xf0, 0xe6, 0xc, 0xf3, 0x0, 0x10, 0x3, 0xf1,
    0xf6, 0xe, 0xf2, 0x0, 0x0, 0x3, 0xf2, 0xe6,
    0xc, 0xf2, 0x0, 0x0, 0x3, 0xf2, 0xc8, 0x9,
    0xf6, 0x0, 0xa4, 0x5, 0xf0, 0x8c, 0x2, 0xff,
    0xbd, 0xf8, 0x9, 0xc0, 0x2f, 0x40, 0x4c, 0xfe,
    0x80, 0x2f, 0x50, 0x9, 0xe2, 0x0, 0x0, 0x1,
    0xdc, 0x0, 0x0, 0xaf, 0x82, 0x2, 0x6e, 0xd1,
    0x0, 0x0, 0x6, 0xdf, 0xff, 0xe8, 0x0, 0x0,
    0x0, 0x0, 0x1, 0x32, 0x0, 0x0, 0x0,

    /* U+00AA "ª" */
    0x0, 0x9e, 0xfd, 0x50, 0x0, 0x9f, 0x86, 0xef,
    0x30, 0x1, 0x50, 0x5, 0xf7, 0x0, 0x0, 0x0,
    0x3f, 0x90, 0x3, 0xbe, 0xff, 0xf9, 0x0, 0xed,
    0x42, 0x5f, 0x90, 0xf, 0xd2, 0x29, 0xfb, 0x20,
    0x5d, 0xfd, 0x3a, 0xf6,

    /* U+00AB "«" */
    0x0, 0x0, 0x0, 0x0, 0x0, 0x0, 0x0, 0x1c,
    0x40, 0x0, 0xa7, 0x0, 0x2d, 0xf8, 0x0, 0xbf,
    0xb0, 0x3e, 0xfb, 0x1, 0xdf, 0xd1, 0x4f, 0xfc,
    0x2, 0xef, 0xe2, 0x8, 0xfe, 0x10, 0x5f, 0xf3,
    0x0, 0x8f, 0xf3, 0x5, 0xff, 0x60, 0x1, 0xdf,
    0xe2, 0xb, 0xff, 0x50, 0x0, 0xbf, 0xe1, 0x9,
    0xff, 0x30, 0x0, 0xaf, 0x80, 0x7, 0xfc, 0x0,
    0x0, 0x82, 0x0, 0x5, 0x50,

    /* U+00AC "¬" */
    0x0, 0x0, 0x0, 0x0, 0x0, 0xa, 0xff, 0xff,
    0xff, 0xff, 0xf7, 0xaf, 0xff, 0xff, 0xff, 0xff,
    0x70, 0x0, 0x0, 0x0, 0x8, 0xf7, 0x0, 0x0,
    0x0, 0x0, 0x8f, 0x70, 0x0, 0x0, 0x0, 0x8,
    0xf7, 0x0, 0x0, 0x0, 0x0, 0x8f, 0x70, 0x0,
    0x0, 0x0, 0x4, 0x83,

    /* U+00AD "­" */

    /* U+00AE "®" */
    0x0, 0x5c, 0xed, 0x60, 0x0, 0x7c, 0x30, 0x2a,
    0xa0, 0x2e, 0xe, 0xdc, 0x1c, 0x45, 0xa0, 0xf0,
    0xc4, 0x89, 0x5a, 0xf, 0xdd, 0x8, 0x92, 0xe1,
    0xf1, 0xe2, 0xc4, 0x7, 0xc4, 0x3, 0xaa, 0x0,
    0x5, 0xce, 0xd7, 0x0,

    /* U+00AF "¯" */
    0x8d, 0xdd, 0xdd, 0xa9, 0xff, 0xff, 0xfc,

    /* U+00B0 "°" */
    0x0, 0x5d, 0xfd, 0x60, 0x0, 0x6f, 0xfc, 0xef,
    0x90, 0xf, 0xe2, 0x1, 0xdf, 0x34, 0xf9, 0x0,
    0x6, 0xf7, 0x4f, 0x90, 0x0, 0x6f, 0x70, 0xfe,
    0x20, 0x1d, 0xf3, 0x6, 0xff, 0xce, 0xf9, 0x0,
    0x5, 0xdf, 0xd6, 0x0,

    /* U+00B1 "±" */
    0x0, 0x0, 0x7f, 0xa0, 0x0, 0x0, 0x0, 0x7,
    0xfa, 0x0, 0x0, 0x0, 0x0, 0x7f, 0xa0, 0x0,
    0x0, 0x0, 0x7, 0xfa, 0x0, 0x0, 0xaf, 0xff,
    0xff, 0xff, 0xff, 0xda, 0xff, 0xff, 0xff, 0xff,
    0xfd, 0x0, 0x0, 0x8f, 0xa0, 0x0, 0x0, 0x0,
    0x7, 0xfa, 0x0, 0x0, 0x0, 0x0, 0x7f, 0xa0,
    0x0, 0x0, 0x0, 0x7, 0xfa, 0x0, 0x0, 0x0,
    0x0, 0x37, 0x50, 0x0, 0x0, 0x0, 0x0, 0x0,
    0x0, 0x0, 0xaf, 0xff, 0xff, 0xff, 0xff, 0xda,
    0xff, 0xff, 0xff, 0xff, 0xfd,

    /* U+00B2 "²" */
    0x5, 0xdf, 0xe7, 0x4, 0xfc, 0x8d, 0xf5, 0x16,
    0x10, 0x5f, 0x70, 0x0, 0xb, 0xf3, 0x0, 0x1b,
    0xf6, 0x0, 0x3e, 0xd3, 0x0, 0x4f, 0xe7, 0x66,
    0x46, 0xff, 0xff, 0xfc,

    /* U+00B3 "³" */
    0x7, 0xef, 0xe8, 0x2, 0xe9, 0x6c, 0xf6, 0x0,
    0x12, 0x9f, 0x40, 0x9, 0xff, 0x70, 0x0, 0x25,
    0xbf, 0x40, 0x40, 0x3, 0xf9, 0x8f, 0x96, 0xcf,
    0x50, 0x9e, 0xfd, 0x70,

    /* U+00B4 "´" */
    0x0, 0xb6, 0x0, 0x5f, 0xf2, 0xd, 0xf7, 0x5,
    0xfc, 0x0, 0x2a, 0x10, 0x0,

    /* U+00B5 "µ" */
    0x2f, 0xf4, 0x0, 0x0, 0xff, 0x52, 0xff, 0x40,
    0x0, 0xf, 0xf5, 0x2f, 0xf4, 0x0, 0x0, 0xff,
    0x52, 0xff, 0x40, 0x0, 0xf, 0xf5, 0x2f, 0xf4,
    0x0, 0x0, 0xff, 0x52, 0xff, 0x40, 0x0, 0xf,
    0xf5, 0x2f, 0xf4, 0x0, 0x0, 0xff, 0x52, 0xff,
    0x40, 0x0, 0xf, 0xf5, 0x2f, 0xf7, 0x0, 0x2,
    0xff, 0x52, 0xff, 0xe4, 0x3, 0xbf, 0xf5, 0x2f,
    0xff, 0xff, 0xf7, 0xff, 0x52, 0xff, 0x8e, 0xe8,
    0xf, 0xf5, 0x2f, 0xf1, 0x0, 0x0, 0x0, 0x2,
    0xff, 0x30, 0x0, 0x0, 0x0, 0x2f, 0xf4, 0x0,
    0x0, 0x0, 0x2, 0xff, 0x40, 0x0, 0x0, 0x0,
    0x2f, 0xf4, 0x0, 0x0, 0x0, 0x0,

    /* U+00B6 "¶" */
    0x0, 0x7, 0xdf, 0xff, 0xff, 0xf8, 0x0, 0xbf,
    0xff, 0xff, 0xff, 0xf8, 0x8, 0xff, 0xff, 0xfc,
    0x8, 0xf8, 0xf, 0xff, 0xff, 0xfc, 0x8, 0xf8,
    0x2f, 0xff, 0xff, 0xfc, 0x8, 0xf8, 0x3f, 0xff,
    0xff, 0xfc, 0x8, 0xf8, 0x1f, 0xff, 0xff, 0xfc,
    0x8, 0xf8, 0xb, 0xff, 0xff, 0xfc, 0x8, 0xf8,
    0x2, 0xff, 0xff, 0xfc, 0x8, 0xf8, 0x0, 0x2d,
    0xff, 0xfc, 0x8, 0xf8, 0x0, 0x0, 0x38, 0xfc,
    0x8, 0xf8, 0x0, 0x0, 0x4, 0xfc, 0x8, 0xf8,
    0x0, 0x0, 0x4, 0xfc, 0x8, 0xf8, 0x0, 0x0,
    0x4, 0xfc, 0x8, 0xf8, 0x0, 0x0, 0x4, 0xfc,
    0x8, 0xf8, 0x0, 0x0, 0x4, 0xfc, 0x8, 0xf8,
    0x0, 0x0, 0x4, 0xfc, 0x8, 0xf8, 0x0, 0x0,
    0x4, 0xfc, 0x8, 0xf8, 0x0, 0x0, 0x4, 0xfc,
    0x8, 0xf8, 0x0, 0x0, 0x2, 0x75, 0x3, 0x73,

    /* U+00B7 "·" */
    0x7, 0xb8, 0x3, 0xff, 0xf7, 0x4f, 0xff, 0x70,
    0xbf, 0xd2,

    /* U+00B8 "¸" */
    0x0, 0x31, 0x0, 0x1, 0xf3, 0x0, 0x4, 0xf3,
    0x10, 0x1, 0x4b, 0xf4, 0x8, 0x27, 0xf7, 0x4f,
    0xff, 0xd1, 0x0, 0x33, 0x0,

    /* U+00B9 "¹" */
    0x2, 0xef, 0xf0, 0x1, 0xdd, 0xdf, 0x0, 0x6e,
    0x2c, 0xf0, 0x0, 0x0, 0xcf, 0x0, 0x0, 0xc,
    0xf0, 0x0, 0x0, 0xcf, 0x0, 0x6, 0x6d, 0xf6,
    0x50, 0xff, 0xff, 0xff,

    /* U+00BA "º" */
    0x0, 0x6d, 0xfe, 0x80, 0x0, 0x6f, 0xb6, 0xaf,
    0x90, 0xe, 0xe0, 0x0, 0xbf, 0x10, 0xfc, 0x0,
    0x8, 0xf3, 0xf, 0xc0, 0x0, 0x8f, 0x30, 0xee,
    0x0, 0xb, 0xf1, 0x6, 0xfb, 0x6a, 0xf9, 0x0,
    0x6, 0xdf, 0xe8, 0x0,

    /* U+00BB "»" */
    0x0, 0x0, 0x0, 0x0, 0x0, 0x4, 0xc1, 0x0,
    0x1d, 0x20, 0x0, 0x8f, 0xd2, 0x4, 0xff, 0x40,
    0x0, 0xbf, 0xe3, 0x8, 0xff, 0x50, 0x0, 0xcf,
    0xf4, 0xa, 0xff, 0x70, 0x1, 0xdf, 0x80, 0xb,
    0xfb, 0x0, 0x3f, 0xf8, 0x1, 0xef, 0xb0, 0x2e,
    0xfd, 0x21, 0xdf, 0xe3, 0x1e, 0xfc, 0x10, 0xcf,
    0xd2, 0x8, 0xfa, 0x0, 0x5f, 0xc1, 0x0, 0x28,
    0x0, 0x0, 0x90, 0x0, 0x0,

    /* U+00BC "¼" */
    0x0, 0x45, 0x20, 0x0, 0x0, 0x4, 0x40, 0xaf,
    0xf7, 0x0, 0x0, 0x5, 0xf8, 0x7f, 0x7f, 0x70,
    0x0, 0x0, 0xde, 0x2, 0x62, 0xf7, 0x0, 0x0,
    0x6f, 0x70, 0x0, 0x2f, 0x70, 0x0, 0xe, 0xe0,
    0x0, 0x2, 0xf7, 0x0, 0x7, 0xf6, 0x0, 0x1,
    0x3f, 0x71, 0x1, 0xfd, 0x0, 0x2, 0xff, 0xff,
    0xf3, 0x37, 0x30, 0x0, 0x4, 0x44, 0x44, 0x0,
    0x0, 0x11, 0x0, 0x0, 0x4, 0x30, 0x0, 0x7f,
    0xe0, 0x0, 0x8, 0xf5, 0x0, 0x2f, 0xde, 0x0,
    0x1, 0xfc, 0x0, 0xb, 0x9a, 0xe0, 0x0, 0x9f,
    0x40, 0x5, 0xe1, 0xae, 0x0, 0x2f, 0xc0, 0x0,
    0xe5, 0xa, 0xe0, 0xa, 0xf3, 0x0, 0x1f, 0xff,
    0xff, 0xe2, 0xfb, 0x0, 0x0, 0x33, 0x3b, 0xe2,
    0x6b, 0x30, 0x0, 0x0, 0x0, 0x79, 0x0,

    /* U+00BD "½" */
    0x3, 0xbc, 0x50, 0x0, 0x0, 0x1b, 0x91, 0xee,
    0xf7, 0x0, 0x0, 0x8, 0xf5, 0x9e, 0x4f, 0x70,
    0x0, 0x1, 0xfd, 0x0, 0x32, 0xf7, 0x0, 0x0,
    0x8f, 0x50, 0x0, 0x2f, 0x70, 0x0, 0x1f, 0xd0,
    0x0, 0x2, 0xf7, 0x0, 0x8, 0xf5, 0x0, 0x1,
    0x3f, 0x71, 0x1, 0xfc, 0x0, 0x2, 0xff, 0xff,
    0xf3, 0x37, 0x30, 0x0, 0x4, 0x44, 0x44, 0x0,
    0x0, 0x0, 0x0, 0x0, 0x2, 0x10, 0x2c, 0xff,
    0xa0, 0x0, 0x8, 0xf5, 0xc, 0xe5, 0x9f, 0x60,
    0x1, 0xfc, 0x0, 0x2, 0x4, 0xf6, 0x0, 0xaf,
    0x30, 0x0, 0x1, 0xcd, 0x0, 0x3f, 0xa0, 0x0,
    0x3, 0xdc, 0x10, 0xc, 0xf2, 0x0, 0x6, 0xf9,
    0x11, 0x5, 0xf8, 0x0, 0x0, 0xdf, 0xff, 0xfb,
    0x24, 0x0, 0x0, 0x3, 0x44, 0x44, 0x20,

    /* U+00BE "¾" */
    0x0, 0x0, 0x0, 0x0, 0x0, 0x0, 0x0, 0x8f,
    0xfd, 0x40, 0x0, 0x3, 0xfa, 0x2d, 0x65, 0xee,
    0x0, 0x0, 0xcf, 0x10, 0x0, 0x1d, 0xc0, 0x0,
    0x5f, 0x80, 0x0, 0xbf, 0xd2, 0x0, 0xe, 0xe0,
    0x0, 0x2, 0x4d, 0xd0, 0x8, 0xf5, 0x0, 0x4c,
    0x31, 0xcf, 0x1, 0xfc, 0x0, 0x1, 0xcf, 0xff,
    0x70, 0x25, 0x20, 0x0, 0x0, 0x23, 0x0, 0x0,
    0x0, 0x33, 0x0, 0x0, 0x16, 0x40, 0x0, 0x8f,
    0xe0, 0x0, 0x9, 0xf4, 0x0, 0x2f, 0xde, 0x0,
    0x2, 0xfc, 0x0, 0xc, 0x9a, 0xe0, 0x0, 0x9f,
    0x30, 0x6, 0xe0, 0xae, 0x0, 0x2f, 0xb0, 0x0,
    0xe5, 0xa, 0xe0, 0xa, 0xf3, 0x0, 0x1f, 0xff,
    0xff, 0xe2, 0xfb, 0x0, 0x0, 0x33, 0x3b, 0xe2,
    0x6b, 0x30, 0x0, 0x0, 0x0, 0x79, 0x0,

    /* U+00BF "¿" */
    0x0, 0x0, 0x6e, 0xe6, 0x0, 0x0, 0x0, 0xc,
    0xff, 0xd0, 0x0, 0x0, 0x0, 0xbf, 0xfc, 0x0,
    0x0, 0x0, 0x2, 0x88, 0x20, 0x0, 0x0, 0x0,
    0x0, 0x0, 0x0, 0x0, 0x0, 0x0, 0x0, 0x0,
    0x0, 0x0, 0x0, 0x1f, 0xf3, 0x0, 0x0, 0x0,
    0x1, 0xff, 0x30, 0x0, 0x0, 0x7, 0xdf, 0xf3,
    0x0, 0x0, 0x1d, 0xff, 0xca, 0x20, 0x0, 0xa,
    0xfe, 0x30, 0x0, 0x0, 0x0, 0xff, 0x80, 0x0,
    0x0, 0x0, 0x2f, 0xf6, 0x0, 0x0, 0x31, 0x1,
    0xff, 0x80, 0x0, 0xd, 0xf6, 0xc, 0xff, 0x73,
    0x4c, 0xff, 0x20, 0x2e, 0xff, 0xff, 0xff, 0x60,
    0x0, 0x19, 0xef, 0xeb, 0x30, 0x0,

    /* U+00C0 "À" */
    0x0, 0x0, 0x4c, 0x10, 0x0, 0x0, 0x0, 0x0,
    0xe, 0xf8, 0x0, 0x0, 0x0, 0x0, 0x0, 0x4f,
    0xf1, 0x0, 0x0, 0x0, 0x0, 0x0, 0x9f, 0x80,
    0x0, 0x0, 0x0, 0x0, 0x0, 0xa4, 0x0, 0x0,
    0x0, 0x0, 0x0, 0x0, 0x0, 0x0, 0x0, 0x0,
    0x0, 0x3f, 0xff, 0x60, 0x0, 0x0, 0x0, 0x8,
    0xff, 0xfb, 0x0, 0x0, 0x0, 0x0, 0xcf, 0xff,
    0xf0, 0x0, 0x0, 0x0, 0x1f, 0xf8, 0xff, 0x40,
    0x0, 0x0, 0x5, 0xff, 0x1e, 0xf8, 0x0, 0x0,
    0x0, 0x9f, 0xc0, 0xaf, 0xd0, 0x0, 0x0, 0xe,
    0xf7, 0x6, 0xff, 0x10, 0x0, 0x2, 0xff, 0x30,
    0x1f, 0xf6, 0x0, 0x0, 0x7f, 0xf0, 0x0, 0xdf,
    0xa0, 0x0, 0xb, 0xfb, 0x11, 0x1a, 0xff, 0x0,
    0x0, 0xff, 0xff, 0xff, 0xff, 0xf3, 0x0, 0x4f,
    0xff, 0xff, 0xff, 0xff, 0x80, 0x9, 0xff, 0x0,
    0x0, 0xd, 0xfc, 0x0, 0xdf, 0xa0, 0x0, 0x0,
    0x9f, 0xf1, 0x2f, 0xf6, 0x0, 0x0, 0x4, 0xff,
    0x56, 0xff, 0x10, 0x0, 0x0, 0xf, 0xfa,

    /* U+00C1 "Á" */
    0x0, 0x0, 0x0, 0xb, 0x60, 0x0, 0x0, 0x0,
    0x0, 0x5, 0xff, 0x20, 0x0, 0x0, 0x0, 0x0,
    0xdf, 0x70, 0x0, 0x0, 0x0, 0x0, 0x5f, 0xc0,
    0x0, 0x0, 0x0, 0x0, 0x2, 0xa2, 0x0, 0x0,
    0x0, 0x0, 0x0, 0x0, 0x0, 0x0, 0x0, 0x0,
    0x0, 0x3f, 0xff, 0x60, 0x0, 0x0, 0x0, 0x8,
    0xff, 0xfb, 0x0, 0x0, 0x0, 0x0, 0xcf, 0xff,
    0xf0, 0x0, 0x0, 0x0, 0x1f, 0xf8, 0xff, 0x40,
    0x0, 0x0, 0x5, 0xff, 0x1e, 0xf8, 0x0, 0x0,
    0x0, 0x9f, 0xc0, 0xaf, 0xd0, 0x0, 0x0, 0xe,
    0xf7, 0x6, 0xff, 0x10, 0x0, 0x2, 0xff, 0x30,
    0x1f, 0xf6, 0x0, 0x0, 0x7f, 0xf0, 0x0, 0xdf,
    0xa0, 0x0, 0xb, 0xfb, 0x11, 0x1a, 0xff, 0x0,
    0x0, 0xff, 0xff, 0xff, 0xff, 0xf3, 0x0, 0x4f,
    0xff, 0xff, 0xff, 0xff, 0x80, 0x9, 0xff, 0x0,
    0x0, 0xd, 0xfc, 0x0, 0xdf, 0xa0, 0x0, 0x0,
    0x9f, 0xf1, 0x2f, 0xf6, 0x0, 0x0, 0x4, 0xff,
    0x56, 0xff, 0x10, 0x0, 0x0, 0xf, 0xfa,

    /* U+00C2 "Â" */
    0x0, 0x0, 0x6, 0x87, 0x0, 0x0, 0x0, 0x0,
    0x6, 0xff, 0xf9, 0x0, 0x0, 0x0, 0x3, 0xff,
    0x7e, 0xf6, 0x0, 0x0, 0x0, 0xef, 0x40, 0x3e,
    0xf2, 0x0, 0x0, 0x7, 0x40, 0x0, 0x38, 0x0,
    0x0, 0x0, 0x0, 0x0, 0x0, 0x0, 0x0, 0x0,
    0x0, 0x3f, 0xff, 0x60, 0x0, 0x0, 0x0, 0x8,
    0xff, 0xfb, 0x0, 0x0, 0x0, 0x0, 0xcf, 0xff,
    0xf0, 0x0, 0x0, 0x0, 0x1f, 0xf8, 0xff, 0x40,
    0x0, 0x0, 0x5, 0xff, 0x1e, 0xf8, 0x0, 0x0,
    0x0, 0x9f, 0xc0, 0xaf, 0xd0, 0x0, 0x0, 0xe,
    0xf7, 0x6, 0xff, 0x10, 0x0, 0x2, 0xff, 0x30,
    0x1f, 0xf6, 0x0, 0x0, 0x7f, 0xf0, 0x0, 0xdf,
    0xa0, 0x0, 0xb, 0xfb, 0x11, 0x1a, 0xff, 0x0,
    0x0, 0xff, 0xff, 0xff, 0xff, 0xf3, 0x0, 0x4f,
    0xff, 0xff, 0xff, 0xff, 0x80, 0x9, 0xff, 0x0,
    0x0, 0xd, 0xfc, 0x0, 0xdf, 0xa0, 0x0, 0x0,
    0x9f, 0xf1, 0x2f, 0xf6, 0x0, 0x0, 0x4, 0xff,
    0x56, 0xff, 0x10, 0x0, 0x0, 0xf, 0xfa,

    /* U+00C3 "Ã" */
    0x0, 0x6, 0xdc, 0x71, 0x3, 0x0, 0x0, 0x1,
    0xff, 0xff, 0xff, 0xf4, 0x0, 0x0, 0x4, 0x11,
    0x7d, 0xfa, 0x0, 0x0, 0x0, 0x0, 0x0, 0x0,
    0x0, 0x0, 0x0, 0x0, 0x0, 0x0, 0x0, 0x0,
    0x0, 0x0, 0x3, 0xff, 0xf6, 0x0, 0x0, 0x0,
    0x0, 0x8f, 0xff, 0xb0, 0x0, 0x0, 0x0, 0xc,
    0xff, 0xff, 0x0, 0x0, 0x0, 0x1, 0xff, 0x8f,
    0xf4, 0x0, 0x0, 0x0, 0x5f, 0xf1, 0xef, 0x80,
    0x0, 0x0, 0x9, 0xfc, 0xa, 0xfd, 0x0, 0x0,
    0x0, 0xef, 0x70, 0x6f, 0xf1, 0x0, 0x0, 0x2f,
    0xf3, 0x1, 0xff, 0x60, 0x0, 0x7, 0xff, 0x0,
    0xd, 0xfa, 0x0, 0x0, 0xbf, 0xb1, 0x11, 0xaf,
    0xf0, 0x0, 0xf, 0xff, 0xff, 0xff, 0xff, 0x30,
    0x4, 0xff, 0xff, 0xff, 0xff, 0xf8, 0x0, 0x9f,
    0xf0, 0x0, 0x0, 0xdf, 0xc0, 0xd, 0xfa, 0x0,
    0x0, 0x9, 0xff, 0x12, 0xff, 0x60, 0x0, 0x0,
    0x4f, 0xf5, 0x6f, 0xf1, 0x0, 0x0, 0x0, 0xff,
    0xa0,

    /* U+00C4 "Ä" */
    0x0, 0x9, 0xc6, 0x4, 0xcb, 0x0, 0x0, 0x1,
    0xff, 0xd0, 0xaf, 0xf4, 0x0, 0x0, 0xc, 0xf9,
    0x6, 0xfd, 0x10, 0x0, 0x0, 0x0, 0x0, 0x0,
    0x0, 0x0, 0x0, 0x0, 0x0, 0x0, 0x0, 0x0,
    0x0, 0x0, 0x3, 0xff, 0xf6, 0x0, 0x0, 0x0,
    0x0, 0x8f, 0xff, 0xb0, 0x0, 0x0, 0x0, 0xc,
    0xff, 0xff, 0x0, 0x0, 0x0, 0x1, 0xff, 0x8f,
    0xf4, 0x0, 0x0, 0x0, 0x5f, 0xf1, 0xef, 0x80,
    0x0, 0x0, 0x9, 0xfc, 0xa, 0xfd, 0x0, 0x0,
    0x0, 0xef, 0x70, 0x6f, 0xf1, 0x0, 0x0, 0x2f,
    0xf3, 0x1, 0xff, 0x60, 0x0, 0x7, 0xff, 0x0,
    0xd, 0xfa, 0x0, 0x0, 0xbf, 0xb1, 0x11, 0xaf,
    0xf0, 0x0, 0xf, 0xff, 0xff, 0xff, 0xff, 0x30,
    0x4, 0xff, 0xff, 0xff, 0xff, 0xf8, 0x0, 0x9f,
    0xf0, 0x0, 0x0, 0xdf, 0xc0, 0xd, 0xfa, 0x0,
    0x0, 0x9, 0xff, 0x12, 0xff, 0x60, 0x0, 0x0,
    0x4f, 0xf5, 0x6f, 0xf1, 0x0, 0x0, 0x0, 0xff,
    0xa0,

    /* U+00C5 "Å" */
    0x0, 0x0, 0x0, 0x0, 0x0, 0x0, 0x0, 0x0,
    0x3, 0xdf, 0xe5, 0x0, 0x0, 0x0, 0x0, 0xec,
    0x4a, 0xf2, 0x0, 0x0, 0x0, 0x2f, 0x60, 0x3f,
    0x60, 0x0, 0x0, 0x0, 0xfa, 0x17, 0xf3, 0x0,
    0x0, 0x0, 0x6, 0xff, 0xf8, 0x0, 0x0, 0x0,
    0x0, 0x1, 0x31, 0x0, 0x0, 0x0, 0x0, 0x3,
    0xff, 0xf6, 0x0, 0x0, 0x0, 0x0, 0x8f, 0xff,
    0xb0, 0x0, 0x0, 0x0, 0xc, 0xff, 0xff, 0x0,
    0x0, 0x0, 0x1, 0xff, 0x8f, 0xf4, 0x0, 0x0,
    0x0, 0x5f, 0xf1, 0xef, 0x80, 0x0, 0x0, 0x9,
    0xfc, 0xa, 0xfd, 0x0, 0x0, 0x0, 0xef, 0x70,
    0x6f, 0xf1, 0x0, 0x0, 0x2f, 0xf3, 0x1, 0xff,
    0x60, 0x0, 0x7, 0xff, 0x0, 0xd, 0xfa, 0x0,
    0x0, 0xbf, 0xb1, 0x11, 0xaf, 0xf0, 0x0, 0xf,
    0xff, 0xff, 0xff, 0xff, 0x30, 0x4, 0xff, 0xff,
    0xff, 0xff, 0xf8, 0x0, 0x9f, 0xf0, 0x0, 0x0,
    0xdf, 0xc0, 0xd, 0xfa, 0x0, 0x0, 0x9, 0xff,
    0x12, 0xff, 0x60, 0x0, 0x0, 0x4f, 0xf5, 0x6f,
    0xf1, 0x0, 0x0, 0x0, 0xff, 0xa0,

    /* U+00C6 "Æ" */
    0x0, 0x0, 0xdf, 0xff, 0xff, 0xff, 0x70, 0x0,
    0x1f, 0xff, 0xff, 0xff, 0xf6, 0x0, 0x5, 0xfd,
    0x7f, 0xd0, 0x0, 0x0, 0x0, 0x9f, 0x97, 0xfd,
    0x0, 0x0, 0x0, 0xd, 0xf6, 0x7f, 0xd0, 0x0,
    0x0, 0x1, 0xff, 0x27, 0xfd, 0x0, 0x0, 0x0,
    0x5f, 0xe0, 0x7f, 0xd0, 0x0, 0x0, 0x9, 0xfa,
    0x7, 0xff, 0xff, 0xf3, 0x0, 0xdf, 0x70, 0x7f,
    0xff, 0xff, 0x20, 0x1f, 0xf3, 0x7, 0xfd, 0x0,
    0x0, 0x6, 0xff, 0xff, 0xff, 0xd0, 0x0, 0x0,
    0xaf, 0xff, 0xff, 0xfd, 0x0, 0x0, 0xe, 0xf8,
    0x0, 0x7f, 0xd0, 0x0, 0x2, 0xff, 0x40, 0x7,
    0xfd, 0x0, 0x0, 0x6f, 0xf0, 0x0, 0x7f, 0xff,
    0xff, 0x6a, 0xfc, 0x0, 0x7, 0xff, 0xff, 0xf7,

    /* U+00C7 "Ç" */
    0x0, 0x6, 0xcf, 0xfd, 0x60, 0x0, 0x0, 0xbf,
    0xff, 0xff, 0xfa, 0x0, 0x8, 0xff, 0x82, 0x39,
    0xff, 0x60, 0xf, 0xf9, 0x0, 0x0, 0xaf, 0xd0,
    0x4f, 0xf3, 0x0, 0x0, 0x26, 0x10, 0x8f, 0xf0,
    0x0, 0x0, 0x0, 0x0, 0xaf, 0xe0, 0x0, 0x0,
    0x0, 0x0, 0xbf, 0xe0, 0x0, 0x0, 0x0, 0x0,
    0xbf, 0xe0, 0x0, 0x0, 0x0, 0x0, 0xaf, 0xe0,
    0x0, 0x0, 0x0, 0x0, 0x8f, 0xf0, 0x0, 0x0,
    0x0, 0x0, 0x6f, 0xf3, 0x0, 0x0, 0x26, 0x10,
    0x1f, 0xf9, 0x0, 0x0, 0xaf, 0xe0, 0xa, 0xff,
    0x92, 0x28, 0xff, 0x70, 0x1, 0xef, 0xff, 0xff,
    0xfb, 0x0, 0x0, 0x2b, 0xff, 0xfd, 0x70, 0x0,
    0x0, 0x0, 0x1f, 0x30, 0x0, 0x0, 0x0, 0x0,
    0x1d, 0xba, 0x10, 0x0, 0x0, 0x0, 0x0, 0x4f,
    0x90, 0x0, 0x0, 0x1, 0xd7, 0x9f, 0x80, 0x0,
    0x0, 0x1, 0xaf, 0xfa, 0x0, 0x0,

    /* U+00C8 "È" */
    0x0, 0x4, 0xc2, 0x0, 0x0, 0x0, 0x0, 0xdf,
    0xa0, 0x0, 0x0, 0x0, 0x3, 0xff, 0x20, 0x0,
    0x0, 0x0, 0x7, 0xf9, 0x0, 0x0, 0x0, 0x0,
    0x9, 0x40, 0x0, 0x0, 0x0, 0x0, 0x0, 0x0,
    0x0, 0x1f, 0xff, 0xff, 0xff, 0xff, 0x81, 0xff,
    0xff, 0xff, 0xff, 0xf8, 0x1f, 0xf7, 0x22, 0x22,
    0x22, 0x11, 0xff, 0x50, 0x0, 0x0, 0x0, 0x1f,
    0xf5, 0x0, 0x0, 0x0, 0x1, 0xff, 0x50, 0x0,
    0x0, 0x0, 0x1f, 0xf7, 0x22, 0x22, 0x22, 0x1,
    0xff, 0xff, 0xff, 0xff, 0xf3, 0x1f, 0xff, 0xff,
    0xff, 0xff, 0x31, 0xff, 0x50, 0x0, 0x0, 0x0,
    0x1f, 0xf5, 0x0, 0x0, 0x0, 0x1, 0xff, 0x50,
    0x0, 0x0, 0x0, 0x1f, 0xf5, 0x0, 0x0, 0x0,
    0x1, 0xff, 0x72, 0x22, 0x22, 0x21, 0x1f, 0xff,
    0xff, 0xff, 0xff, 0x81, 0xff, 0xff, 0xff, 0xff,
    0xf8,

    /* U+00C9 "É" */
    0x0, 0x0, 0x0, 0xb7, 0x0, 0x0, 0x0, 0x0,
    0x4f, 0xf3, 0x0, 0x0, 0x0, 0xc, 0xf8, 0x0,
    0x0, 0x0, 0x4, 0xfd, 0x0, 0x0, 0x0, 0x0,
    0x29, 0x30, 0x0, 0x0, 0x0, 0x0, 0x0, 0x0,
    0x0, 0x1f, 0xff, 0xff, 0xff, 0xff, 0x81, 0xff,
    0xff, 0xff, 0xff, 0xf8, 0x1f, 0xf7, 0x22, 0x22,
    0x22, 0x11, 0xff, 0x50, 0x0, 0x0, 0x0, 0x1f,
    0xf5, 0x0, 0x0, 0x0, 0x1, 0xff, 0x50, 0x0,
    0x0, 0x0, 0x1f, 0xf7, 0x22, 0x22, 0x22, 0x1,
    0xff, 0xff, 0xff, 0xff, 0xf3, 0x1f, 0xff, 0xff,
    0xff, 0xff, 0x31, 0xff, 0x50, 0x0, 0x0, 0x0,
    0x1f, 0xf5, 0x0, 0x0, 0x0, 0x1, 0xff, 0x50,
    0x0, 0x0, 0x0, 0x1f, 0xf5, 0x0, 0x0, 0x0,
    0x1, 0xff, 0x72, 0x22, 0x22, 0x21, 0x1f, 0xff,
    0xff, 0xff, 0xff, 0x81, 0xff, 0xff, 0xff, 0xff,
    0xf8,

    /* U+00CA "Ê" */
    0x0, 0x0, 0x58, 0x70, 0x0, 0x0, 0x0, 0x4f,
    0xff, 0xa0, 0x0, 0x0, 0x2f, 0xf7, 0xef, 0x70,
    0x0, 0xd, 0xf5, 0x2, 0xef, 0x30, 0x0, 0x55,
    0x0, 0x2, 0x90, 0x0, 0x0, 0x0, 0x0, 0x0,
    0x0, 0x1f, 0xff, 0xff, 0xff, 0xff, 0x81, 0xff,
    0xff, 0xff, 0xff, 0xf8, 0x1f, 0xf7, 0x22, 0x22,
    0x22, 0x11, 0xff, 0x50, 0x0, 0x0, 0x0, 0x1f,
    0xf5, 0x0, 0x0, 0x0, 0x1, 0xff, 0x50, 0x0,
    0x0, 0x0, 0x1f, 0xf7, 0x22, 0x22, 0x22, 0x1,
    0xff, 0xff, 0xff, 0xff, 0xf3, 0x1f, 0xff, 0xff,
    0xff, 0xff, 0x31, 0xff, 0x50, 0x0, 0x0, 0x0,
    0x1f, 0xf5, 0x0, 0x0, 0x0, 0x1, 0xff, 0x50,
    0x0, 0x0, 0x0, 0x1f, 0xf5, 0x0, 0x0, 0x0,
    0x1, 0xff, 0x72, 0x22, 0x22, 0x21, 0x1f, 0xff,
    0xff, 0xff, 0xff, 0x81, 0xff, 0xff, 0xff, 0xff,
    0xf8,

    /* U+00CB "Ë" */
    0x0, 0x8c, 0x70, 0x3c, 0xb1, 0x0, 0xf, 0xff,
    0x9, 0xff, 0x50, 0x0, 0xaf, 0xa0, 0x5f, 0xe2,
    0x0, 0x0, 0x0, 0x0, 0x0, 0x0, 0x0, 0x0,
    0x0, 0x0, 0x0, 0x1, 0xff, 0xff, 0xff, 0xff,
    0xf8, 0x1f, 0xff, 0xff, 0xff, 0xff, 0x81, 0xff,
    0x72, 0x22, 0x22, 0x21, 0x1f, 0xf5, 0x0, 0x0,
    0x0, 0x1, 0xff, 0x50, 0x0, 0x0, 0x0, 0x1f,
    0xf5, 0x0, 0x0, 0x0, 0x1, 0xff, 0x72, 0x22,
    0x22, 0x20, 0x1f, 0xff, 0xff, 0xff, 0xff, 0x31,
    0xff, 0xff, 0xff, 0xff, 0xf3, 0x1f, 0xf5, 0x0,
    0x0, 0x0, 0x1, 0xff, 0x50, 0x0, 0x0, 0x0,
    0x1f, 0xf5, 0x0, 0x0, 0x0, 0x1, 0xff, 0x50,
    0x0, 0x0, 0x0, 0x1f, 0xf7, 0x22, 0x22, 0x22,
    0x11, 0xff, 0xff, 0xff, 0xff, 0xf8, 0x1f, 0xff,
    0xff, 0xff, 0xff, 0x80,

    /* U+00CC "Ì" */
    0x0, 0x4, 0xc1, 0x0, 0x0, 0x0, 0x0, 0xef,
    0x80, 0x0, 0x0, 0x0, 0x4, 0xff, 0x10, 0x0,
    0x0, 0x0, 0x9, 0xf8, 0x0, 0x0, 0x0, 0x0,
    0xa, 0x40, 0x0, 0x0, 0x0, 0x0, 0x0, 0x0,
    0x0, 0x3f, 0xff, 0xff, 0xff, 0xff, 0x73, 0xff,
    0xff, 0xff, 0xff, 0xf6, 0x0, 0x0, 0xaf, 0xd0,
    0x0, 0x0, 0x0, 0xa, 0xfd, 0x0, 0x0, 0x0,
    0x0, 0xaf, 0xd0, 0x0, 0x0, 0x0, 0xa, 0xfd,
    0x0, 0x0, 0x0, 0x0, 0xaf, 0xd0, 0x0, 0x0,
    0x0, 0xa, 0xfd, 0x0, 0x0, 0x0, 0x0, 0xaf,
    0xd0, 0x0, 0x0, 0x0, 0xa, 0xfd, 0x0, 0x0,
    0x0, 0x0, 0xaf, 0xd0, 0x0, 0x0, 0x0, 0xa,
    0xfd, 0x0, 0x0, 0x0, 0x0, 0xaf, 0xd0, 0x0,
    0x0, 0x0, 0xa, 0xfd, 0x0, 0x0, 0x3f, 0xff,
    0xff, 0xff, 0xff, 0x63, 0xff, 0xff, 0xff, 0xff,
    0xf7,

    /* U+00CD "Í" */
    0x0, 0x0, 0x0, 0xb6, 0x0, 0x0, 0x0, 0x0,
    0x5f, 0xf2, 0x0, 0x0, 0x0, 0xd, 0xf7, 0x0,
    0x0, 0x0, 0x5, 0xfc, 0x0, 0x0, 0x0, 0x0,
    0x2a, 0x20, 0x0, 0x0, 0x0, 0x0, 0x0, 0x0,
    0x0, 0x3f, 0xff, 0xff, 0xff, 0xff, 0x73, 0xff,
    0xff, 0xff, 0xff, 0xf6, 0x0, 0x0, 0xaf, 0xd0,
    0x0, 0x0, 0x0, 0xa, 0xfd, 0x0, 0x0, 0x0,
    0x0, 0xaf, 0xd0, 0x0, 0x0, 0x0, 0xa, 0xfd,
    0x0, 0x0, 0x0, 0x0, 0xaf, 0xd0, 0x0, 0x0,
    0x0, 0xa, 0xfd, 0x0, 0x0, 0x0, 0x0, 0xaf,
    0xd0, 0x0, 0x0, 0x0, 0xa, 0xfd, 0x0, 0x0,
    0x0, 0x0, 0xaf, 0xd0, 0x0, 0x0, 0x0, 0xa,
    0xfd, 0x0, 0x0, 0x0, 0x0, 0xaf, 0xd0, 0x0,
    0x0, 0x0, 0xa, 0xfd, 0x0, 0x0, 0x3f, 0xff,
    0xff, 0xff, 0xff, 0x63, 0xff, 0xff, 0xff, 0xff,
    0xf7,

    /* U+00CE "Î" */
    0x0, 0x0, 0x68, 0x70, 0x0, 0x0, 0x0, 0x6f,
    0xff, 0x90, 0x0, 0x0, 0x3f, 0xf7, 0xef, 0x60,
    0x0, 0xe, 0xf4, 0x3, 0xef, 0x20, 0x0, 0x74,
    0x0, 0x3, 0x80, 0x0, 0x0, 0x0, 0x0, 0x0,
    0x0, 0x3f, 0xff, 0xff, 0xff, 0xff, 0x73, 0xff,
    0xff, 0xff, 0xff, 0xf6, 0x0, 0x0, 0xaf, 0xd0,
    0x0, 0x0, 0x0, 0xa, 0xfd, 0x0, 0x0, 0x0,
    0x0, 0xaf, 0xd0, 0x0, 0x0, 0x0, 0xa, 0xfd,
    0x0, 0x0, 0x0, 0x0, 0xaf, 0xd0, 0x0, 0x0,
    0x0, 0xa, 0xfd, 0x0, 0x0, 0x0, 0x0, 0xaf,
    0xd0, 0x0, 0x0, 0x0, 0xa, 0xfd, 0x0, 0x0,
    0x0, 0x0, 0xaf, 0xd0, 0x0, 0x0, 0x0, 0xa,
    0xfd, 0x0, 0x0, 0x0, 0x0, 0xaf, 0xd0, 0x0,
    0x0, 0x0, 0xa, 0xfd, 0x0, 0x0, 0x3f, 0xff,
    0xff, 0xff, 0xff, 0x63, 0xff, 0xff, 0xff, 0xff,
    0xf7,

    /* U+00CF "Ï" */
    0x0, 0x9c, 0x60, 0x4c, 0xb0, 0x0, 0x1f, 0xfd,
    0xa, 0xff, 0x40, 0x0, 0xcf, 0x90, 0x6f, 0xd1,
    0x0, 0x0, 0x0, 0x0, 0x0, 0x0, 0x0, 0x0,
    0x0, 0x0, 0x0, 0x3, 0xff, 0xff, 0xff, 0xff,
    0xf7, 0x3f, 0xff, 0xff, 0xff, 0xff, 0x60, 0x0,
    0xa, 0xfd, 0x0, 0x0, 0x0, 0x0, 0xaf, 0xd0,
    0x0, 0x0, 0x0, 0xa, 0xfd, 0x0, 0x0, 0x0,
    0x0, 0xaf, 0xd0, 0x0, 0x0, 0x0, 0xa, 0xfd,
    0x0, 0x0, 0x0, 0x0, 0xaf, 0xd0, 0x0, 0x0,
    0x0, 0xa, 0xfd, 0x0, 0x0, 0x0, 0x0, 0xaf,
    0xd0, 0x0, 0x0, 0x0, 0xa, 0xfd, 0x0, 0x0,
    0x0, 0x0, 0xaf, 0xd0, 0x0, 0x0, 0x0, 0xa,
    0xfd, 0x0, 0x0, 0x0, 0x0, 0xaf, 0xd0, 0x0,
    0x3, 0xff, 0xff, 0xff, 0xff, 0xf6, 0x3f, 0xff,
    0xff, 0xff, 0xff, 0x70,

    /* U+00D0 "Ð" */
    0x1, 0xff, 0xff, 0xfe, 0xa2, 0x0, 0x0, 0x1f,
    0xff, 0xff, 0xff, 0xf4, 0x0, 0x1, 0xff, 0x61,
    0x15, 0xef, 0xe1, 0x0, 0x1f, 0xf6, 0x0, 0x2,
    0xff, 0x70, 0x1, 0xff, 0x60, 0x0, 0xb, 0xfc,
    0x0, 0x1f, 0xf6, 0x0, 0x0, 0x8f, 0xf0, 0x1,
    0xff, 0x60, 0x0, 0x7, 0xff, 0x1a, 0xff, 0xff,
    0xff, 0x30, 0x7f, 0xf2, 0x9f, 0xff, 0xff, 0xf2,
    0x7, 0xff, 0x20, 0x1f, 0xf6, 0x0, 0x0, 0x7f,
    0xf1, 0x1, 0xff, 0x60, 0x0, 0x8, 0xff, 0x0,
    0x1f, 0xf6, 0x0, 0x0, 0xbf, 0xc0, 0x1, 0xff,
    0x60, 0x0, 0x2f, 0xf7, 0x0, 0x1f, 0xf6, 0x11,
    0x5e, 0xfe, 0x10, 0x1, 0xff, 0xff, 0xff, 0xff,
    0x40, 0x0, 0x1f, 0xff, 0xff, 0xea, 0x20, 0x0,

    /* U+00D1 "Ñ" */
    0x0, 0x6d, 0xc7, 0x10, 0x30, 0x0, 0x1f, 0xff,
    0xff, 0xff, 0x40, 0x0, 0x41, 0x17, 0xdf, 0xa0,
    0x0, 0x0, 0x0, 0x0, 0x0, 0x0, 0x0, 0x0,
    0x0, 0x0, 0x0, 0x6, 0xff, 0xe0, 0x0, 0x8,
    0xf9, 0x6f, 0xff, 0x40, 0x0, 0x8f, 0x96, 0xff,
    0xfa, 0x0, 0x8, 0xf9, 0x6f, 0xef, 0xf0, 0x0,
    0x8f, 0x96, 0xfb, 0xcf, 0x60, 0x8, 0xf9, 0x6f,
    0xb6, 0xfc, 0x0, 0x8f, 0x96, 0xfb, 0xf, 0xf2,
    0x8, 0xf9, 0x6f, 0xb0, 0xaf, 0x70, 0x8f, 0x96,
    0xfb, 0x4, 0xfd, 0x8, 0xf9, 0x6f, 0xb0, 0xe,
    0xf3, 0x8f, 0x96, 0xfb, 0x0, 0x8f, 0x98, 0xf9,
    0x6f, 0xb0, 0x3, 0xfe, 0x9f, 0x96, 0xfb, 0x0,
    0xd, 0xfe, 0xf9, 0x6f, 0xb0, 0x0, 0x7f, 0xff,
    0x96, 0xfb, 0x0, 0x1, 0xff, 0xf9, 0x6f, 0xb0,
    0x0, 0xb, 0xff, 0x90,

    /* U+00D2 "Ò" */
    0x0, 0x0, 0x18, 0x0, 0x0, 0x0, 0x0, 0x0,
    0xe, 0xf6, 0x0, 0x0, 0x0, 0x0, 0x0, 0x6f,
    0xe0, 0x0, 0x0, 0x0, 0x0, 0x0, 0xbf, 0x60,
    0x0, 0x0, 0x0, 0x0, 0x1, 0xe7, 0x0, 0x0,
    0x0, 0x0, 0x0, 0x0, 0x0, 0x0, 0x0, 0x0,
    0x1, 0x9e, 0xfe, 0xa3, 0x0, 0x0, 0x3, 0xff,
    0xff, 0xff, 0xf5, 0x0, 0x0, 0xdf, 0xe5, 0x24,
    0xcf, 0xf1, 0x0, 0x5f, 0xf3, 0x0, 0x1, 0xff,
    0x80, 0xa, 0xfd, 0x0, 0x0, 0xa, 0xfd, 0x0,
    0xdf, 0xb0, 0x0, 0x0, 0x8f, 0xf0, 0xf, 0xf9,
    0x0, 0x0, 0x6, 0xff, 0x20, 0xff, 0x90, 0x0,
    0x0, 0x6f, 0xf3, 0xf, 0xf9, 0x0, 0x0, 0x6,
    0xff, 0x30, 0xff, 0x90, 0x0, 0x0, 0x6f, 0xf2,
    0xd, 0xfb, 0x0, 0x0, 0x8, 0xff, 0x0, 0xaf,
    0xd0, 0x0, 0x0, 0xaf, 0xd0, 0x5, 0xff, 0x30,
    0x0, 0x1f, 0xf8, 0x0, 0xd, 0xfe, 0x52, 0x4c,
    0xff, 0x10, 0x0, 0x3f, 0xff, 0xff, 0xff, 0x50,
    0x0, 0x0, 0x29, 0xef, 0xea, 0x30, 0x0,

    /* U+00D3 "Ó" */
    0x0, 0x0, 0x0, 0x7, 0x20, 0x0, 0x0, 0x0,
    0x0, 0x3, 0xff, 0x30, 0x0, 0x0, 0x0, 0x0,
    0xbf, 0xa0, 0x0, 0x0, 0x0, 0x0, 0x3f, 0xe0,
    0x0, 0x0, 0x0, 0x0, 0x4, 0xe4, 0x0, 0x0,
    0x0, 0x0, 0x0, 0x0, 0x0, 0x0, 0x0, 0x0,
    0x1, 0x9e, 0xfe, 0xa3, 0x0, 0x0, 0x3, 0xff,
    0xff, 0xff, 0xf5, 0x0, 0x0, 0xdf, 0xe5, 0x24,
    0xcf, 0xf1, 0x0, 0x5f, 0xf3, 0x0, 0x1, 0xff,
    0x80, 0xa, 0xfd, 0x0, 0x0, 0xa, 0xfd, 0x0,
    0xdf, 0xb0, 0x0, 0x0, 0x8f, 0xf0, 0xf, 0xf9,
    0x0, 0x0, 0x6, 0xff, 0x20, 0xff, 0x90, 0x0,
    0x0, 0x6f, 0xf3, 0xf, 0xf9, 0x0, 0x0, 0x6,
    0xff, 0x30, 0xff, 0x90, 0x0, 0x0, 0x6f, 0xf2,
    0xd, 0xfb, 0x0, 0x0, 0x8, 0xff, 0x0, 0xaf,
    0xd0, 0x0, 0x0, 0xaf, 0xd0, 0x5, 0xff, 0x30,
    0x0, 0x1f, 0xf8, 0x0, 0xd, 0xfe, 0x52, 0x4c,
    0xff, 0x10, 0x0, 0x3f, 0xff, 0xff, 0xff, 0x50,
    0x0, 0x0, 0x29, 0xef, 0xea, 0x30, 0x0,

    /* U+00D4 "Ô" */
    0x0, 0x0, 0x6, 0x87, 0x0, 0x0, 0x0, 0x0,
    0x5, 0xff, 0xf8, 0x0, 0x0, 0x0, 0x2, 0xff,
    0x8f, 0xf4, 0x0, 0x0, 0x0, 0xdf, 0x60, 0x4f,
    0xe1, 0x0, 0x0, 0xa, 0x70, 0x0, 0x5b, 0x10,
    0x0, 0x0, 0x0, 0x0, 0x0, 0x0, 0x0, 0x0,
    0x1, 0x9e, 0xfe, 0xa3, 0x0, 0x0, 0x3, 0xff,
    0xff, 0xff, 0xf5, 0x0, 0x0, 0xdf, 0xe5, 0x24,
    0xcf, 0xf1, 0x0, 0x5f, 0xf3, 0x0, 0x1, 0xff,
    0x80, 0xa, 0xfd, 0x0, 0x0, 0xa, 0xfd, 0x0,
    0xdf, 0xb0, 0x0, 0x0, 0x8f, 0xf0, 0xf, 0xf9,
    0x0, 0x0, 0x6, 0xff, 0x20, 0xff, 0x90, 0x0,
    0x0, 0x6f, 0xf3, 0xf, 0xf9, 0x0, 0x0, 0x6,
    0xff, 0x30, 0xff, 0x90, 0x0, 0x0, 0x6f, 0xf2,
    0xd, 0xfb, 0x0, 0x0, 0x8, 0xff, 0x0, 0xaf,
    0xd0, 0x0, 0x0, 0xaf, 0xd0, 0x5, 0xff, 0x30,
    0x0, 0x1f, 0xf8, 0x0, 0xd, 0xfe, 0x52, 0x4c,
    0xff, 0x10, 0x0, 0x3f, 0xff, 0xff, 0xff, 0x50,
    0x0, 0x0, 0x29, 0xef, 0xea, 0x30, 0x0,

    /* U+00D5 "Õ" */
    0x0, 0x6, 0xdc, 0x71, 0x3, 0x0, 0x0, 0x1,
    0xff, 0xff, 0xff, 0xf4, 0x0, 0x0, 0x4, 0x11,
    0x7d, 0xfa, 0x0, 0x0, 0x0, 0x0, 0x0, 0x0,
    0x0, 0x0, 0x0, 0x0, 0x0, 0x0, 0x0, 0x0,
    0x0, 0x0, 0x19, 0xef, 0xea, 0x30, 0x0, 0x0,
    0x3f, 0xff, 0xff, 0xff, 0x50, 0x0, 0xd, 0xfe,
    0x52, 0x4c, 0xff, 0x10, 0x5, 0xff, 0x30, 0x0,
    0x1f, 0xf8, 0x0, 0xaf, 0xd0, 0x0, 0x0, 0xaf,
    0xd0, 0xd, 0xfb, 0x0, 0x0, 0x8, 0xff, 0x0,
    0xff, 0x90, 0x0, 0x0, 0x6f, 0xf2, 0xf, 0xf9,
    0x0, 0x0, 0x6, 0xff, 0x30, 0xff, 0x90, 0x0,
    0x0, 0x6f, 0xf3, 0xf, 0xf9, 0x0, 0x0, 0x6,
    0xff, 0x20, 0xdf, 0xb0, 0x0, 0x0, 0x8f, 0xf0,
    0xa, 0xfd, 0x0, 0x0, 0xa, 0xfd, 0x0, 0x5f,
    0xf3, 0x0, 0x1, 0xff, 0x80, 0x0, 0xdf, 0xe5,
    0x24, 0xcf, 0xf1, 0x0, 0x3, 0xff, 0xff, 0xff,
    0xf5, 0x0, 0x0, 0x2, 0x9e, 0xfe, 0xa3, 0x0,
    0x0,

    /* U+00D6 "Ö" */
    0x0, 0x9, 0xc6, 0x4, 0xcb, 0x0, 0x0, 0x1,
    0xff, 0xd0, 0xaf, 0xf4, 0x0, 0x0, 0xc, 0xf9,
    0x6, 0xfd, 0x10, 0x0, 0x0, 0x0, 0x0, 0x0,
    0x0, 0x0, 0x0, 0x0, 0x0, 0x0, 0x0, 0x0,
    0x0, 0x0, 0x19, 0xef, 0xea, 0x30, 0x0, 0x0,
    0x3f, 0xff, 0xff, 0xff, 0x50, 0x0, 0xd, 0xfe,
    0x52, 0x4c, 0xff, 0x10, 0x5, 0xff, 0x30, 0x0,
    0x1f, 0xf8, 0x0, 0xaf, 0xd0, 0x0, 0x0, 0xaf,
    0xd0, 0xd, 0xfb, 0x0, 0x0, 0x8, 0xff, 0x0,
    0xff, 0x90, 0x0, 0x0, 0x6f, 0xf2, 0xf, 0xf9,
    0x0, 0x0, 0x6, 0xff, 0x30, 0xff, 0x90, 0x0,
    0x0, 0x6f, 0xf3, 0xf, 0xf9, 0x0, 0x0, 0x6,
    0xff, 0x20, 0xdf, 0xb0, 0x0, 0x0, 0x8f, 0xf0,
    0xa, 0xfd, 0x0, 0x0, 0xa, 0xfd, 0x0, 0x5f,
    0xf3, 0x0, 0x1, 0xff, 0x80, 0x0, 0xdf, 0xe5,
    0x24, 0xcf, 0xf1, 0x0, 0x3, 0xff, 0xff, 0xff,
    0xf5, 0x0, 0x0, 0x2, 0x9e, 0xfe, 0xa3, 0x0,
    0x0,

    /* U+00D7 "×" */
    0x4, 0x90, 0x0, 0x0, 0x66, 0x0, 0xef, 0x90,
    0x0, 0x6f, 0xf3, 0x5, 0xff, 0x80, 0x5f, 0xf8,
    0x0, 0x5, 0xff, 0xaf, 0xf8, 0x0, 0x0, 0x5,
    0xff, 0xf8, 0x0, 0x0, 0x0, 0x4f, 0xff, 0x70,
    0x0, 0x0, 0x3f, 0xfc, 0xff, 0x60, 0x0, 0x3f,
    0xfa, 0x7, 0xff, 0x60, 0xe, 0xfa, 0x0, 0x7,
    0xff, 0x30, 0x5b, 0x0, 0x0, 0x8, 0x80, 0x0,
    0x0, 0x0, 0x0, 0x0, 0x0,

    /* U+00D8 "Ø" */
    0x0, 0x0, 0x0, 0x0, 0x0, 0x78, 0x0, 0x0,
    0x19, 0xef, 0xea, 0x4f, 0xf2, 0x0, 0x3f, 0xff,
    0xff, 0xff, 0xf9, 0x0, 0xd, 0xfe, 0x52, 0x4d,
    0xff, 0x20, 0x5, 0xff, 0x30, 0x0, 0xbf, 0xf8,
    0x0, 0xaf, 0xd0, 0x0, 0x4f, 0xff, 0xd0, 0xd,
    0xfb, 0x0, 0xd, 0xf8, 0xff, 0x0, 0xff, 0x90,
    0x7, 0xf7, 0x6f, 0xf2, 0xf, 0xf9, 0x1, 0xfd,
    0x6, 0xff, 0x30, 0xff, 0x90, 0xaf, 0x40, 0x6f,
    0xf3, 0xf, 0xf9, 0x3f, 0xa0, 0x6, 0xff, 0x20,
    0xdf, 0xac, 0xf2, 0x0, 0x8f, 0xf0, 0xa, 0xff,
    0xf8, 0x0, 0xa, 0xfd, 0x0, 0x5f, 0xfe, 0x0,
    0x1, 0xff, 0x90, 0x0, 0xff, 0xe5, 0x24, 0xcf,
    0xf1, 0x0, 0x6f, 0xff, 0xff, 0xff, 0xf5, 0x0,
    0xe, 0xf5, 0x9d, 0xfe, 0xa3, 0x0, 0x0, 0x69,
    0x0, 0x0, 0x0, 0x0, 0x0,

    /* U+00D9 "Ù" */
    0x0, 0x4, 0xc1, 0x0, 0x0, 0x0, 0x0, 0xef,
    0x80, 0x0, 0x0, 0x0, 0x4, 0xff, 0x10, 0x0,
    0x0, 0x0, 0x9, 0xf8, 0x0, 0x0, 0x0, 0x0,
    0xa, 0x40, 0x0, 0x0, 0x0, 0x0, 0x0, 0x0,
    0x0, 0x7f, 0xf0, 0x0, 0x0, 0xcf, 0xb7, 0xff,
    0x0, 0x0, 0xc, 0xfb, 0x7f, 0xf0, 0x0, 0x0,
    0xcf, 0xb7, 0xff, 0x0, 0x0, 0xc, 0xfb, 0x7f,
    0xf0, 0x0, 0x0, 0xcf, 0xb7, 0xff, 0x0, 0x0,
    0xc, 0xfb, 0x7f, 0xf0, 0x0, 0x0, 0xcf, 0xb7,
    0xff, 0x0, 0x0, 0xc, 0xfb, 0x7f, 0xf0, 0x0,
    0x0, 0xcf, 0xb7, 0xff, 0x0, 0x0, 0xc, 0xfa,
    0x7f, 0xf0, 0x0, 0x0, 0xdf, 0xa5, 0xff, 0x10,
    0x0, 0xe, 0xf9, 0x3f, 0xf5, 0x0, 0x1, 0xff,
    0x60, 0xef, 0xe4, 0x23, 0xcf, 0xf2, 0x5, 0xff,
    0xff, 0xff, 0xf8, 0x0, 0x4, 0xbe, 0xfe, 0xc6,
    0x0,

    /* U+00DA "Ú" */
    0x0, 0x0, 0x0, 0xb6, 0x0, 0x0, 0x0, 0x0,
    0x5f, 0xf2, 0x0, 0x0, 0x0, 0xd, 0xf7, 0x0,
    0x0, 0x0, 0x5, 0xfc, 0x0, 0x0, 0x0, 0x0,
    0x2a, 0x20, 0x0, 0x0, 0x0, 0x0, 0x0, 0x0,
    0x0, 0x7f, 0xf0, 0x0, 0x0, 0xcf, 0xb7, 0xff,
    0x0, 0x0, 0xc, 0xfb, 0x7f, 0xf0, 0x0, 0x0,
    0xcf, 0xb7, 0xff, 0x0, 0x0, 0xc, 0xfb, 0x7f,
    0xf0, 0x0, 0x0, 0xcf, 0xb7, 0xff, 0x0, 0x0,
    0xc, 0xfb, 0x7f, 0xf0, 0x0, 0x0, 0xcf, 0xb7,
    0xff, 0x0, 0x0, 0xc, 0xfb, 0x7f, 0xf0, 0x0,
    0x0, 0xcf, 0xb7, 0xff, 0x0, 0x0, 0xc, 0xfa,
    0x7f, 0xf0, 0x0, 0x0, 0xdf, 0xa5, 0xff, 0x10,
    0x0, 0xe, 0xf9, 0x3f, 0xf5, 0x0, 0x1, 0xff,
    0x60, 0xef, 0xe4, 0x23, 0xcf, 0xf2, 0x5, 0xff,
    0xff, 0xff, 0xf8, 0x0, 0x4, 0xbe, 0xfe, 0xc6,
    0x0,

    /* U+00DB "Û" */
    0x0, 0x0, 0x68, 0x70, 0x0, 0x0, 0x0, 0x6f,
    0xff, 0x90, 0x0, 0x0, 0x3f, 0xf7, 0xef, 0x60,
    0x0, 0xe, 0xf4, 0x3, 0xef, 0x20, 0x0, 0x74,
    0x0, 0x3, 0x80, 0x0, 0x0, 0x0, 0x0, 0x0,
    0x0, 0x7f, 0xf0, 0x0, 0x0, 0xcf, 0xb7, 0xff,
    0x0, 0x0, 0xc, 0xfb, 0x7f, 0xf0, 0x0, 0x0,
    0xcf, 0xb7, 0xff, 0x0, 0x0, 0xc, 0xfb, 0x7f,
    0xf0, 0x0, 0x0, 0xcf, 0xb7, 0xff, 0x0, 0x0,
    0xc, 0xfb, 0x7f, 0xf0, 0x0, 0x0, 0xcf, 0xb7,
    0xff, 0x0, 0x0, 0xc, 0xfb, 0x7f, 0xf0, 0x0,
    0x0, 0xcf, 0xb7, 0xff, 0x0, 0x0, 0xc, 0xfa,
    0x7f, 0xf0, 0x0, 0x0, 0xdf, 0xa5, 0xff, 0x10,
    0x0, 0xe, 0xf9, 0x3f, 0xf5, 0x0, 0x1, 0xff,
    0x60, 0xef, 0xe4, 0x23, 0xcf, 0xf2, 0x5, 0xff,
    0xff, 0xff, 0xf8, 0x0, 0x4, 0xbe, 0xfe, 0xc6,
    0x0,

    /* U+00DC "Ü" */
    0x0, 0x9c, 0x60, 0x4c, 0xb0, 0x0, 0x1f, 0xfd,
    0xa, 0xff, 0x40, 0x0, 0xcf, 0x90, 0x6f, 0xd1,
    0x0, 0x0, 0x0, 0x0, 0x0, 0x0, 0x0, 0x0,
    0x0, 0x0, 0x0, 0x7, 0xff, 0x0, 0x0, 0xc,
    0xfb, 0x7f, 0xf0, 0x0, 0x0, 0xcf, 0xb7, 0xff,
    0x0, 0x0, 0xc, 0xfb, 0x7f, 0xf0, 0x0, 0x0,
    0xcf, 0xb7, 0xff, 0x0, 0x0, 0xc, 0xfb, 0x7f,
    0xf0, 0x0, 0x0, 0xcf, 0xb7, 0xff, 0x0, 0x0,
    0xc, 0xfb, 0x7f, 0xf0, 0x0, 0x0, 0xcf, 0xb7,
    0xff, 0x0, 0x0, 0xc, 0xfb, 0x7f, 0xf0, 0x0,
    0x0, 0xcf, 0xa7, 0xff, 0x0, 0x0, 0xd, 0xfa,
    0x5f, 0xf1, 0x0, 0x0, 0xef, 0x93, 0xff, 0x50,
    0x0, 0x1f, 0xf6, 0xe, 0xfe, 0x42, 0x3c, 0xff,
    0x20, 0x5f, 0xff, 0xff, 0xff, 0x80, 0x0, 0x4b,
    0xef, 0xec, 0x60, 0x0,

    /* U+00DD "Ý" */
    0x0, 0x0, 0x0, 0xb, 0x60, 0x0, 0x0, 0x0,
    0x0, 0x5, 0xff, 0x20, 0x0, 0x0, 0x0, 0x0,
    0xdf, 0x70, 0x0, 0x0, 0x0, 0x0, 0x5f, 0xc0,
    0x0, 0x0, 0x0, 0x0, 0x2, 0xa2, 0x0, 0x0,
    0x0, 0x0, 0x0, 0x0, 0x0, 0x0, 0x0, 0x7f,
    0xf4, 0x0, 0x0, 0x0, 0xef, 0xa0, 0xef, 0xb0,
    0x0, 0x0, 0x7f, 0xf2, 0x7, 0xff, 0x30, 0x0,
    0xe, 0xfa, 0x0, 0xe, 0xfb, 0x0, 0x7, 0xff,
    0x20, 0x0, 0x6f, 0xf3, 0x0, 0xef, 0xa0, 0x0,
    0x0, 0xef, 0xa0, 0x6f, 0xf2, 0x0, 0x0, 0x6,
    0xff, 0x2d, 0xf9, 0x0, 0x0, 0x0, 0xd, 0xfd,
    0xff, 0x10, 0x0, 0x0, 0x0, 0x6f, 0xff, 0x90,
    0x0, 0x0, 0x0, 0x0, 0xdf, 0xf1, 0x0, 0x0,
    0x0, 0x0, 0xa, 0xfd, 0x0, 0x0, 0x0, 0x0,
    0x0, 0xaf, 0xd0, 0x0, 0x0, 0x0, 0x0, 0xa,
    0xfd, 0x0, 0x0, 0x0, 0x0, 0x0, 0xaf, 0xd0,
    0x0, 0x0, 0x0, 0x0, 0xa, 0xfd, 0x0, 0x0,
    0x0, 0x0, 0x0, 0xaf, 0xd0, 0x0, 0x0,

    /* U+00DE "Þ" */
    0x2f, 0xf5, 0x0, 0x0, 0x0, 0x0, 0x2f, 0xf5,
    0x0, 0x0, 0x0, 0x0, 0x2f, 0xf5, 0x0, 0x0,
    0x0, 0x0, 0x2f, 0xff, 0xff, 0xfe, 0x91, 0x0,
    0x2f, 0xff, 0xff, 0xff, 0xfe, 0x10, 0x2f, 0xf6,
    0x11, 0x27, 0xff, 0x90, 0x2f, 0xf5, 0x0, 0x0,
    0xaf, 0xe0, 0x2f, 0xf5, 0x0, 0x0, 0x8f, 0xf0,
    0x2f, 0xf5, 0x0, 0x0, 0x8f, 0xf0, 0x2f, 0xf5,
    0x0, 0x0, 0xaf, 0xe0, 0x2f, 0xf6, 0x22, 0x27,
    0xff, 0x90, 0x2f, 0xff, 0xff, 0xff, 0xfe, 0x10,
    0x2f, 0xff, 0xff, 0xfe, 0xa1, 0x0, 0x2f, 0xf5,
    0x0, 0x0, 0x0, 0x0, 0x2f, 0xf5, 0x0, 0x0,
    0x0, 0x0, 0x2f, 0xf5, 0x0, 0x0, 0x0, 0x0,

    /* U+00DF "ß" */
    0x2, 0xbf, 0xff, 0xf0, 0x0, 0x0, 0xc, 0xff,
    0xff, 0xf0, 0x0, 0x0, 0x1f, 0xf3, 0x0, 0x0,
    0x0, 0x0, 0x2f, 0xf3, 0x0, 0x0, 0x0, 0x0,
    0x2f, 0xf3, 0x0, 0x0, 0x0, 0x0, 0x2f, 0xff,
    0xff, 0xff, 0xff, 0xb0, 0x2f, 0xff, 0xff, 0xff,
    0xff, 0xb0, 0x2f, 0xf3, 0x0, 0x1, 0xef, 0x50,
    0x2f, 0xf3, 0x0, 0xa, 0xfa, 0x0, 0x2f, 0xf3,
    0x0, 0x6f, 0xe1, 0x0, 0x2f, 0xf3, 0x2, 0xff,
    0x40, 0x0, 0x2f, 0xf3, 0xb, 0xf9, 0x0, 0x0,
    0x2f, 0xf3, 0xf, 0xfe, 0x93, 0x0, 0x2f, 0xf3,
    0xc, 0xdf, 0xff, 0x60, 0x2f, 0xf3, 0x0, 0x1,
    0xbf, 0xf2, 0x2f, 0xf3, 0x0, 0x0, 0x1f, 0xf7,
    0x2f, 0xf3, 0x0, 0x0, 0xe, 0xf9, 0x0, 0x0,
    0x0, 0x0, 0xe, 0xf8, 0x0, 0x0, 0x0, 0x0,
    0x2f, 0xf5, 0x0, 0x0, 0x0, 0x4, 0xdf, 0xe0,
    0x0, 0x0, 0x9f, 0xff, 0xfe, 0x30, 0x0, 0x0,
    0x9f, 0xfd, 0x81, 0x0,

    /* U+00E0 "à" */
    0x0, 0x7, 0xb0, 0x0, 0x0, 0x0, 0x0, 0x3f,
    0xf4, 0x0, 0x0, 0x0, 0x0, 0x8, 0xfc, 0x0,
    0x0, 0x0, 0x0, 0x0, 0xcf, 0x40, 0x0, 0x0,
    0x0, 0x0, 0x29, 0x20, 0x0, 0x0, 0x0, 0x0,
    0x0, 0x0, 0x0, 0x0, 0x0, 0x6c, 0xef, 0xe9,
    0x10, 0x0, 0xa, 0xff, 0xff, 0xff, 0xe1, 0x0,
    0x1d, 0xd3, 0x0, 0x4f, 0xf9, 0x0, 0x1, 0x10,
    0x0, 0xa, 0xfd, 0x0, 0x0, 0x0, 0x0, 0x8,
    0xfd, 0x0, 0x1, 0x9d, 0xff, 0xff, 0xfe, 0x0,
    0x1e, 0xfe, 0xa9, 0x9c, 0xfe, 0x0, 0x8f, 0xe1,
    0x0, 0x8, 0xfe, 0x0, 0xaf, 0xc0, 0x0, 0x9,
    0xfe, 0x0, 0x8f, 0xf2, 0x0, 0x4f, 0xfe, 0x0,
    0x2f, 0xff, 0xde, 0xf7, 0xff, 0xf4, 0x2, 0xbe,
    0xfc, 0x50, 0x9f, 0xf4,

    /* U+00E1 "á" */
    0x0, 0x0, 0x2, 0xc4, 0x0, 0x0, 0x0, 0x0,
    0x9, 0xfd, 0x0, 0x0, 0x0, 0x0, 0x1f, 0xf3,
    0x0, 0x0, 0x0, 0x0, 0x9f, 0x70, 0x0, 0x0,
    0x0, 0x0, 0x49, 0x0, 0x0, 0x0, 0x0, 0x0,
    0x0, 0x0, 0x0, 0x0, 0x0, 0x6c, 0xef, 0xe9,
    0x10, 0x0, 0xa, 0xff, 0xff, 0xff, 0xe1, 0x0,
    0x1d, 0xd3, 0x0, 0x4f, 0xf9, 0x0, 0x1, 0x10,
    0x0, 0xa, 0xfd, 0x0, 0x0, 0x0, 0x0, 0x8,
    0xfd, 0x0, 0x1, 0x9d, 0xff, 0xff, 0xfe, 0x0,
    0x1e, 0xfe, 0xa9, 0x9c, 0xfe, 0x0, 0x8f, 0xe1,
    0x0, 0x8, 0xfe, 0x0, 0xaf, 0xc0, 0x0, 0x9,
    0xfe, 0x0, 0x8f, 0xf2, 0x0, 0x4f, 0xfe, 0x0,
    0x2f, 0xff, 0xde, 0xf7, 0xff, 0xf4, 0x2, 0xbe,
    0xfc, 0x50, 0x9f, 0xf4,

    /* U+00E2 "â" */
    0x0, 0x3, 0xff, 0xd0, 0x0, 0x0, 0x0, 0x1e,
    0xff, 0xfa, 0x0, 0x0, 0x0, 0xaf, 0xb3, 0xef,
    0x50, 0x0, 0x4, 0xfc, 0x0, 0x3f, 0xe0, 0x0,
    0x0, 0x60, 0x0, 0x4, 0x30, 0x0, 0x0, 0x0,
    0x0, 0x0, 0x0, 0x0, 0x0, 0x6c, 0xef, 0xe9,
    0x10, 0x0, 0xa, 0xff, 0xff, 0xff, 0xe1, 0x0,
    0x1d, 0xd3, 0x0, 0x4f, 0xf9, 0x0, 0x1, 0x10,
    0x0, 0xa, 0xfd, 0x0, 0x0, 0x0, 0x0, 0x8,
    0xfd, 0x0, 0x1, 0x9d, 0xff, 0xff, 0xfe, 0x0,
    0x1e, 0xfe, 0xa9, 0x9c, 0xfe, 0x0, 0x8f, 0xe1,
    0x0, 0x8, 0xfe, 0x0, 0xaf, 0xc0, 0x0, 0x9,
    0xfe, 0x0, 0x8f, 0xf2, 0x0, 0x4f, 0xfe, 0x0,
    0x2f, 0xff, 0xde, 0xf7, 0xff, 0xf4, 0x2, 0xbe,
    0xfc, 0x50, 0x9f, 0xf4,

    /* U+00E3 "ã" */
    0x0, 0xaf, 0xd7, 0x11, 0x40, 0x0, 0x5, 0xff,
    0xff, 0xff, 0xf1, 0x0, 0x0, 0x30, 0x18, 0xdd,
    0x50, 0x0, 0x0, 0x0, 0x0, 0x0, 0x0, 0x0,
    0x0, 0x0, 0x0, 0x0, 0x0, 0x0, 0x0, 0x6c,
    0xef, 0xe9, 0x10, 0x0, 0xa, 0xff, 0xff, 0xff,
    0xe1, 0x0, 0x1d, 0xd3, 0x0, 0x4f, 0xf9, 0x0,
    0x1, 0x10, 0x0, 0xa, 0xfd, 0x0, 0x0, 0x0,
    0x0, 0x8, 0xfd, 0x0, 0x1, 0x9d, 0xff, 0xff,
    0xfe, 0x0, 0x1e, 0xfe, 0xa9, 0x9c, 0xfe, 0x0,
    0x8f, 0xe1, 0x0, 0x8, 0xfe, 0x0, 0xaf, 0xc0,
    0x0, 0x9, 0xfe, 0x0, 0x8f, 0xf2, 0x0, 0x4f,
    0xfe, 0x0, 0x2f, 0xff, 0xde, 0xf7, 0xff, 0xf4,
    0x2, 0xbe, 0xfc, 0x50, 0x9f, 0xf4,

    /* U+00E4 "ä" */
    0x2, 0xef, 0x50, 0x9f, 0xa0, 0x0, 0x5, 0xff,
    0x90, 0xef, 0xf0, 0x0, 0x1, 0xbc, 0x30, 0x7d,
    0x80, 0x0, 0x0, 0x0, 0x0, 0x0, 0x0, 0x0,
    0x0, 0x0, 0x0, 0x0, 0x0, 0x0, 0x0, 0x6c,
    0xef, 0xe9, 0x10, 0x0, 0xa, 0xff, 0xff, 0xff,
    0xe1, 0x0, 0x1d, 0xd3, 0x0, 0x4f, 0xf9, 0x0,
    0x1, 0x10, 0x0, 0xa, 0xfd, 0x0, 0x0, 0x0,
    0x0, 0x8, 0xfd, 0x0, 0x1, 0x9d, 0xff, 0xff,
    0xfe, 0x0, 0x1e, 0xfe, 0xa9, 0x9c, 0xfe, 0x0,
    0x8f, 0xe1, 0x0, 0x8, 0xfe, 0x0, 0xaf, 0xc0,
    0x0, 0x9, 0xfe, 0x0, 0x8f, 0xf2, 0x0, 0x4f,
    0xfe, 0x0, 0x2f, 0xff, 0xde, 0xf7, 0xff, 0xf4,
    0x2, 0xbe, 0xfc, 0x50, 0x9f, 0xf4,

    /* U+00E5 "å" */
    0x0, 0x0, 0x0, 0x0, 0x0, 0x0, 0x0, 0x4,
    0xef, 0xc1, 0x0, 0x0, 0x0, 0x1f, 0xa5, 0xdc,
    0x0, 0x0, 0x0, 0x6f, 0x20, 0x7f, 0x10, 0x0,
    0x0, 0x6f, 0x20, 0x7f, 0x10, 0x0, 0x0, 0x3f,
    0x82, 0xcd, 0x0, 0x0, 0x0, 0x7, 0xff, 0xe3,
    0x0, 0x0, 0x0, 0x0, 0x13, 0x0, 0x0, 0x0,
    0x0, 0x6c, 0xef, 0xe9, 0x10, 0x0, 0xa, 0xff,
    0xff, 0xff, 0xe1, 0x0, 0x1d, 0xd3, 0x0, 0x4f,
    0xf9, 0x0, 0x1, 0x10, 0x0, 0xa, 0xfd, 0x0,
    0x0, 0x0, 0x0, 0x8, 0xfd, 0x0, 0x1, 0x9d,
    0xff, 0xff, 0xfe, 0x0, 0x1e, 0xfe, 0xa9, 0x9c,
    0xfe, 0x0, 0x8f, 0xe1, 0x0, 0x8, 0xfe, 0x0,
    0xaf, 0xc0, 0x0, 0x9, 0xfe, 0x0, 0x8f, 0xf2,
    0x0, 0x4f, 0xfe, 0x0, 0x2f, 0xff, 0xde, 0xf7,
    0xff, 0xf4, 0x2, 0xbe, 0xfc, 0x50, 0x9f, 0xf4,

    /* U+00E6 "æ" */
    0x3, 0xcf, 0xe7, 0x6, 0xef, 0xc2, 0x2, 0xff,
    0xbe, 0xf9, 0xfd, 0xbf, 0xe1, 0x5f, 0x40, 0xe,
    0xfb, 0x0, 0x7f, 0x70, 0x0, 0x0, 0xbf, 0x60,
    0x1, 0xfb, 0x0, 0x0, 0x2b, 0xf6, 0x22, 0x2f,
    0xc0, 0x6e, 0xff, 0xff, 0xff, 0xff, 0xfd, 0x4f,
    0xe7, 0x5c, 0xf8, 0x55, 0x55, 0x4a, 0xf5, 0x0,
    0xbf, 0x60, 0x0, 0x0, 0xcf, 0x20, 0xc, 0xf8,
    0x0, 0x17, 0x1b, 0xf6, 0x2, 0xdf, 0xe1, 0x9,
    0xf7, 0x5f, 0xfd, 0xf6, 0x8f, 0xfd, 0xfd, 0x0,
    0x7e, 0xe8, 0x0, 0x7e, 0xea, 0x20,

    /* U+00E7 "ç" */
    0x0, 0x7, 0xcf, 0xfc, 0x50, 0x0, 0xc, 0xff,
    0xff, 0xff, 0x90, 0x8, 0xff, 0x72, 0x18, 0xff,
    0x30, 0xff, 0x80, 0x0, 0x7, 0x40, 0x3f, 0xf3,
    0x0, 0x0, 0x0, 0x5, 0xff, 0x20, 0x0, 0x0,
    0x0, 0x5f, 0xf2, 0x0, 0x0, 0x0, 0x3, 0xff,
    0x30, 0x0, 0x0, 0x0, 0xf, 0xf8, 0x0, 0x0,
    0x56, 0x0, 0x8f, 0xf7, 0x11, 0x6f, 0xf5, 0x0,
    0xcf, 0xff, 0xff, 0xfb, 0x0, 0x0, 0x7d, 0xff,
    0xd7, 0x0, 0x0, 0x0, 0x1f, 0x20, 0x0, 0x0,
    0x0, 0x3, 0xdb, 0x91, 0x0, 0x0, 0x0, 0x0,
    0x6f, 0x70, 0x0, 0x0, 0x1d, 0x7a, 0xf6, 0x0,
    0x0, 0x1, 0xbf, 0xf9, 0x0, 0x0,

    /* U+00E8 "è" */
    0x0, 0x4, 0xc1, 0x0, 0x0, 0x0, 0x0, 0xdf,
    0x90, 0x0, 0x0, 0x0, 0x3, 0xff, 0x10, 0x0,
    0x0, 0x0, 0x8, 0xf8, 0x0, 0x0, 0x0, 0x0,
    0xa, 0x40, 0x0, 0x0, 0x0, 0x0, 0x0, 0x0,
    0x0, 0x0, 0x19, 0xdf, 0xea, 0x30, 0x0, 0x2e,
    0xff, 0xef, 0xff, 0x50, 0xc, 0xfc, 0x20, 0x9,
    0xff, 0x14, 0xff, 0x20, 0x0, 0xd, 0xf8, 0x8f,
    0xd0, 0x0, 0x0, 0x9f, 0xca, 0xff, 0xff, 0xff,
    0xff, 0xfd, 0xaf, 0xea, 0xaa, 0xaa, 0xaa, 0x98,
    0xfd, 0x0, 0x0, 0x0, 0x0, 0x4f, 0xf2, 0x0,
    0x0, 0x24, 0x0, 0xdf, 0xd4, 0x1, 0x5e, 0xf4,
    0x2, 0xef, 0xff, 0xff, 0xfb, 0x0, 0x1, 0x8d,
    0xfe, 0xc6, 0x0,

    /* U+00E9 "é" */
    0x0, 0x0, 0x0, 0xb6, 0x0, 0x0, 0x0, 0x0,
    0x5f, 0xf2, 0x0, 0x0, 0x0, 0xd, 0xf7, 0x0,
    0x0, 0x0, 0x5, 0xfc, 0x0, 0x0, 0x0, 0x0,
    0x2a, 0x20, 0x0, 0x0, 0x0, 0x0, 0x0, 0x0,
    0x0, 0x0, 0x19, 0xdf, 0xea, 0x30, 0x0, 0x2e,
    0xff, 0xef, 0xff, 0x50, 0xc, 0xfc, 0x20, 0x9,
    0xff, 0x14, 0xff, 0x20, 0x0, 0xd, 0xf8, 0x8f,
    0xd0, 0x0, 0x0, 0x9f, 0xca, 0xff, 0xff, 0xff,
    0xff, 0xfd, 0xaf, 0xea, 0xaa, 0xaa, 0xaa, 0x98,
    0xfd, 0x0, 0x0, 0x0, 0x0, 0x4f, 0xf2, 0x0,
    0x0, 0x24, 0x0, 0xdf, 0xd4, 0x1, 0x5e, 0xf4,
    0x2, 0xef, 0xff, 0xff, 0xfb, 0x0, 0x1, 0x8d,
    0xfe, 0xc6, 0x0,

    /* U+00EA "ê" */
    0x0, 0x1, 0xef, 0xf3, 0x0, 0x0, 0x0, 0xaf,
    0xff, 0xd0, 0x0, 0x0, 0x6f, 0xe2, 0xcf, 0xa0,
    0x0, 0xf, 0xe2, 0x1, 0xdf, 0x30, 0x0, 0x43,
    0x0, 0x1, 0x60, 0x0, 0x0, 0x0, 0x0, 0x0,
    0x0, 0x0, 0x19, 0xdf, 0xea, 0x30, 0x0, 0x2e,
    0xff, 0xef, 0xff, 0x50, 0xc, 0xfc, 0x20, 0x9,
    0xff, 0x14, 0xff, 0x20, 0x0, 0xd, 0xf8, 0x8f,
    0xd0, 0x0, 0x0, 0x9f, 0xca, 0xff, 0xff, 0xff,
    0xff, 0xfd, 0xaf, 0xea, 0xaa, 0xaa, 0xaa, 0x98,
    0xfd, 0x0, 0x0, 0x0, 0x0, 0x4f, 0xf2, 0x0,
    0x0, 0x24, 0x0, 0xdf, 0xd4, 0x1, 0x5e, 0xf4,
    0x2, 0xef, 0xff, 0xff, 0xfb, 0x0, 0x1, 0x8d,
    0xfe, 0xc6, 0x0,

    /* U+00EB "ë" */
    0x0, 0xbf, 0x90, 0x5f, 0xd1, 0x0, 0xf, 0xfd,
    0xa, 0xff, 0x40, 0x0, 0x9d, 0x70, 0x4c, 0xb0,
    0x0, 0x0, 0x0, 0x0, 0x0, 0x0, 0x0, 0x0,
    0x0, 0x0, 0x0, 0x0, 0x1, 0x9d, 0xfe, 0xa3,
    0x0, 0x2, 0xef, 0xfe, 0xff, 0xf5, 0x0, 0xcf,
    0xc2, 0x0, 0x9f, 0xf1, 0x4f, 0xf2, 0x0, 0x0,
    0xdf, 0x88, 0xfd, 0x0, 0x0, 0x9, 0xfc, 0xaf,
    0xff, 0xff, 0xff, 0xff, 0xda, 0xfe, 0xaa, 0xaa,
    0xaa, 0xa9, 0x8f, 0xd0, 0x0, 0x0, 0x0, 0x4,
    0xff, 0x20, 0x0, 0x2, 0x40, 0xd, 0xfd, 0x40,
    0x15, 0xef, 0x40, 0x2e, 0xff, 0xff, 0xff, 0xb0,
    0x0, 0x18, 0xdf, 0xec, 0x60, 0x0,

    /* U+00EC "ì" */
    0x0, 0x0, 0x10, 0x0, 0x0, 0x0, 0x2, 0xbe,
    0x0, 0x0, 0x0, 0x0, 0x1e, 0xf6, 0x0, 0x0,
    0x0, 0x0, 0x5f, 0xd0, 0x0, 0x0, 0x0, 0x0,
    0xaf, 0x50, 0x0, 0x0, 0x0, 0x1, 0x50, 0x0,
    0x0, 0x0, 0x0, 0x0, 0x0, 0x0, 0xc, 0xff,
    0xff, 0xf7, 0x0, 0x0, 0xcf, 0xff, 0xff, 0x70,
    0x0, 0x0, 0x0, 0xe, 0xf7, 0x0, 0x0, 0x0,
    0x0, 0xef, 0x70, 0x0, 0x0, 0x0, 0xe, 0xf7,
    0x0, 0x0, 0x0, 0x0, 0xef, 0x70, 0x0, 0x0,
    0x0, 0xe, 0xf7, 0x0, 0x0, 0x0, 0x0, 0xef,
    0x70, 0x0, 0x0, 0x0, 0xe, 0xf7, 0x0, 0x0,
    0x0, 0x0, 0xef, 0x70, 0x0, 0xc, 0xff, 0xff,
    0xff, 0xff, 0xf2, 0xcf, 0xff, 0xff, 0xff, 0xff,
    0x20,

    /* U+00ED "í" */
    0x0, 0x0, 0x0, 0x10, 0x0, 0x0, 0x0, 0x0,
    0x4f, 0x80, 0x0, 0x0, 0x0, 0xc, 0xfa, 0x0,
    0x0, 0x0, 0x4, 0xfe, 0x10, 0x0, 0x0, 0x0,
    0xbf, 0x40, 0x0, 0x0, 0x0, 0x1, 0x50, 0x0,
    0x0, 0x0, 0x0, 0x0, 0x0, 0x0, 0xc, 0xff,
    0xff, 0xf7, 0x0, 0x0, 0xcf, 0xff, 0xff, 0x70,
    0x0, 0x0, 0x0, 0xe, 0xf7, 0x0, 0x0, 0x0,
    0x0, 0xef, 0x70, 0x0, 0x0, 0x0, 0xe, 0xf7,
    0x0, 0x0, 0x0, 0x0, 0xef, 0x70, 0x0, 0x0,
    0x0, 0xe, 0xf7, 0x0, 0x0, 0x0, 0x0, 0xef,
    0x70, 0x0, 0x0, 0x0, 0xe, 0xf7, 0x0, 0x0,
    0x0, 0x0, 0xef, 0x70, 0x0, 0xc, 0xff, 0xff,
    0xff, 0xff, 0xf2, 0xcf, 0xff, 0xff, 0xff, 0xff,
    0x20,

    /* U+00EE "î" */
    0x0, 0x0, 0x78, 0x50, 0x0, 0x0, 0x0, 0xbf,
    0xff, 0x50, 0x0, 0x0, 0x8f, 0xc6, 0xff, 0x30,
    0x0, 0x4f, 0xc0, 0x4, 0xfd, 0x0, 0x0, 0x60,
    0x0, 0x4, 0x20, 0x0, 0x0, 0x0, 0x0, 0x0,
    0x0, 0xcf, 0xff, 0xff, 0x70, 0x0, 0xc, 0xff,
    0xff, 0xf7, 0x0, 0x0, 0x0, 0x0, 0xef, 0x70,
    0x0, 0x0, 0x0, 0xe, 0xf7, 0x0, 0x0, 0x0,
    0x0, 0xef, 0x70, 0x0, 0x0, 0x0, 0xe, 0xf7,
    0x0, 0x0, 0x0, 0x0, 0xef, 0x70, 0x0, 0x0,
    0x0, 0xe, 0xf7, 0x0, 0x0, 0x0, 0x0, 0xef,
    0x70, 0x0, 0x0, 0x0, 0xe, 0xf7, 0x0, 0x0,
    0xcf, 0xff, 0xff, 0xff, 0xff, 0x2c, 0xff, 0xff,
    0xff, 0xff, 0xf2,

    /* U+00EF "ï" */
    0x2, 0xef, 0x40, 0xaf, 0xa0, 0x0, 0x5f, 0xf8,
    0xf, 0xff, 0x0, 0x1, 0xbc, 0x30, 0x8d, 0x80,
    0x0, 0x0, 0x0, 0x0, 0x0, 0x0, 0x0, 0x0,
    0x0, 0x0, 0x0, 0xc, 0xff, 0xff, 0xf7, 0x0,
    0x0, 0xcf, 0xff, 0xff, 0x70, 0x0, 0x0, 0x0,
    0xe, 0xf7, 0x0, 0x0, 0x0, 0x0, 0xef, 0x70,
    0x0, 0x0, 0x0, 0xe, 0xf7, 0x0, 0x0, 0x0,
    0x0, 0xef, 0x70, 0x0, 0x0, 0x0, 0xe, 0xf7,
    0x0, 0x0, 0x0, 0x0, 0xef, 0x70, 0x0, 0x0,
    0x0, 0xe, 0xf7, 0x0, 0x0, 0x0, 0x0, 0xef,
    0x70, 0x0, 0xc, 0xff, 0xff, 0xff, 0xff, 0xf2,
    0xcf, 0xff, 0xff, 0xff, 0xff, 0x20,

    /* U+00F0 "ð" */
    0x0, 0x0, 0x0, 0x0, 0x10, 0x0, 0x2a, 0xff,
    0xa3, 0xbe, 0x10, 0x0, 0x4, 0xef, 0xfe, 0x40,
    0x0, 0x0, 0x4d, 0xff, 0xe1, 0x0, 0x0, 0x1e,
    0xc3, 0xcf, 0xc0, 0x0, 0x0, 0x20, 0x1, 0xef,
    0x50, 0x0, 0x4c, 0xfe, 0x95, 0xfe, 0x0, 0x5f,
    0xff, 0xff, 0xdd, 0xf4, 0x1f, 0xfc, 0x30, 0x2b,
    0xff, 0x97, 0xff, 0x20, 0x0, 0xd, 0xfc, 0xaf,
    0xd0, 0x0, 0x0, 0x9f, 0xec, 0xfb, 0x0, 0x0,
    0x8, 0xff, 0xcf, 0xb0, 0x0, 0x0, 0x8f, 0xea,
    0xfd, 0x0, 0x0, 0x9, 0xfc, 0x6f, 0xf1, 0x0,
    0x0, 0xdf, 0x80, 0xef, 0xc3, 0x1, 0xaf, 0xf2,
    0x3, 0xff, 0xff, 0xff, 0xf7, 0x0, 0x2, 0x9e,
    0xfe, 0xb4, 0x0,

    /* U+00F1 "ñ" */
    0x0, 0x7e, 0xe9, 0x30, 0x50, 0x0, 0x1e, 0xff,
    0xff, 0xff, 0x50, 0x0, 0x30, 0x5, 0xbd, 0x80,
    0x0, 0x0, 0x0, 0x0, 0x0, 0x0, 0x0, 0x0,
    0x0, 0x0, 0x0, 0x2, 0xff, 0x44, 0xcf, 0xe8,
    0x0, 0x2f, 0xf7, 0xff, 0xff, 0xfa, 0x2, 0xff,
    0xd4, 0x2, 0xcf, 0xf2, 0x2f, 0xf6, 0x0, 0x2,
    0xff, 0x62, 0xff, 0x40, 0x0, 0xf, 0xf7, 0x2f,
    0xf4, 0x0, 0x0, 0xff, 0x72, 0xff, 0x40, 0x0,
    0xf, 0xf7, 0x2f, 0xf4, 0x0, 0x0, 0xff, 0x72,
    0xff, 0x40, 0x0, 0xf, 0xf7, 0x2f, 0xf4, 0x0,
    0x0, 0xff, 0x72, 0xff, 0x40, 0x0, 0xf, 0xf7,
    0x2f, 0xf4, 0x0, 0x0, 0xff, 0x70,

    /* U+00F2 "ò" */
    0x0, 0x4, 0xc1, 0x0, 0x0, 0x0, 0x0, 0xef,
    0x80, 0x0, 0x0, 0x0, 0x4, 0xff, 0x10, 0x0,
    0x0, 0x0, 0x8, 0xf8, 0x0, 0x0, 0x0, 0x0,
    0xa, 0x40, 0x0, 0x0, 0x0, 0x0, 0x0, 0x0,
    0x0, 0x0, 0x29, 0xef, 0xea, 0x30, 0x0, 0x3f,
    0xff, 0xff, 0xff, 0x60, 0xe, 0xfc, 0x20, 0x1a,
    0xff, 0x26, 0xff, 0x10, 0x0, 0xd, 0xf9, 0xaf,
    0xc0, 0x0, 0x0, 0x9f, 0xdc, 0xfb, 0x0, 0x0,
    0x8, 0xff, 0xcf, 0xb0, 0x0, 0x0, 0x8f, 0xfa,
    0xfc, 0x0, 0x0, 0x9, 0xfd, 0x6f, 0xf1, 0x0,
    0x0, 0xdf, 0x90, 0xef, 0xc2, 0x1, 0xaf, 0xf2,
    0x3, 0xff, 0xff, 0xff, 0xf6, 0x0, 0x2, 0x9e,
    0xfe, 0xa3, 0x0,

    /* U+00F3 "ó" */
    0x0, 0x0, 0x0, 0xb6, 0x0, 0x0, 0x0, 0x0,
    0x5f, 0xf2, 0x0, 0x0, 0x0, 0xd, 0xf7, 0x0,
    0x0, 0x0, 0x5, 0xfc, 0x0, 0x0, 0x0, 0x0,
    0x2a, 0x10, 0x0, 0x0, 0x0, 0x0, 0x0, 0x0,
    0x0, 0x0, 0x29, 0xef, 0xea, 0x30, 0x0, 0x3f,
    0xff, 0xff, 0xff, 0x60, 0xe, 0xfc, 0x20, 0x1a,
    0xff, 0x26, 0xff, 0x10, 0x0, 0xd, 0xf9, 0xaf,
    0xc0, 0x0, 0x0, 0x9f, 0xdc, 0xfb, 0x0, 0x0,
    0x8, 0xff, 0xcf, 0xb0, 0x0, 0x0, 0x8f, 0xfa,
    0xfc, 0x0, 0x0, 0x9, 0xfd, 0x6f, 0xf1, 0x0,
    0x0, 0xdf, 0x90, 0xef, 0xc2, 0x1, 0xaf, 0xf2,
    0x3, 0xff, 0xff, 0xff, 0xf6, 0x0, 0x2, 0x9e,
    0xfe, 0xa3, 0x0,

    /* U+00F4 "ô" */
    0x0, 0x1, 0xef, 0xf3, 0x0, 0x0, 0x0, 0xbf,
    0xff, 0xd0, 0x0, 0x0, 0x6f, 0xe2, 0xcf, 0x90,
    0x0, 0x1f, 0xe2, 0x1, 0xdf, 0x30, 0x0, 0x43,
    0x0, 0x1, 0x60, 0x0, 0x0, 0x0, 0x0, 0x0,
    0x0, 0x0, 0x29, 0xef, 0xea, 0x30, 0x0, 0x3f,
    0xff, 0xff, 0xff, 0x60, 0xe, 0xfc, 0x20, 0x1a,
    0xff, 0x26, 0xff, 0x10, 0x0, 0xd, 0xf9, 0xaf,
    0xc0, 0x0, 0x0, 0x9f, 0xdc, 0xfb, 0x0, 0x0,
    0x8, 0xff, 0xcf, 0xb0, 0x0, 0x0, 0x8f, 0xfa,
    0xfc, 0x0, 0x0, 0x9, 0xfd, 0x6f, 0xf1, 0x0,
    0x0, 0xdf, 0x90, 0xef, 0xc2, 0x1, 0xaf, 0xf2,
    0x3, 0xff, 0xff, 0xff, 0xf6, 0x0, 0x2, 0x9e,
    0xfe, 0xa3, 0x0,

    /* U+00F5 "õ" */
    0x0, 0x7e, 0xe9, 0x20, 0x50, 0x0, 0x1f, 0xff,
    0xff, 0xff, 0x40, 0x0, 0x30, 0x6, 0xcd, 0x80,
    0x0, 0x0, 0x0, 0x0, 0x0, 0x0, 0x0, 0x0,
    0x0, 0x0, 0x0, 0x0, 0x2, 0x9e, 0xfe, 0xa3,
    0x0, 0x3, 0xff, 0xff, 0xff, 0xf6, 0x0, 0xef,
    0xc2, 0x1, 0xaf, 0xf2, 0x6f, 0xf1, 0x0, 0x0,
    0xdf, 0x9a, 0xfc, 0x0, 0x0, 0x9, 0xfd, 0xcf,
    0xb0, 0x0, 0x0, 0x8f, 0xfc, 0xfb, 0x0, 0x0,
    0x8, 0xff, 0xaf, 0xc0, 0x0, 0x0, 0x9f, 0xd6,
    0xff, 0x10, 0x0, 0xd, 0xf9, 0xe, 0xfc, 0x20,
    0x1a, 0xff, 0x20, 0x3f, 0xff, 0xff, 0xff, 0x60,
    0x0, 0x29, 0xef, 0xea, 0x30, 0x0,

    /* U+00F6 "ö" */
    0x0, 0xbf, 0x90, 0x6f, 0xd1, 0x0, 0x1f, 0xfd,
    0xa, 0xff, 0x40, 0x0, 0x9d, 0x60, 0x4c, 0xb0,
    0x0, 0x0, 0x0, 0x0, 0x0, 0x0, 0x0, 0x0,
    0x0, 0x0, 0x0, 0x0, 0x2, 0x9e, 0xfe, 0xa3,
    0x0, 0x3, 0xff, 0xff, 0xff, 0xf6, 0x0, 0xef,
    0xc2, 0x1, 0xaf, 0xf2, 0x6f, 0xf1, 0x0, 0x0,
    0xdf, 0x9a, 0xfc, 0x0, 0x0, 0x9, 0xfd, 0xcf,
    0xb0, 0x0, 0x0, 0x8f, 0xfc, 0xfb, 0x0, 0x0,
    0x8, 0xff, 0xaf, 0xc0, 0x0, 0x0, 0x9f, 0xd6,
    0xff, 0x10, 0x0, 0xd, 0xf9, 0xe, 0xfc, 0x20,
    0x1a, 0xff, 0x20, 0x3f, 0xff, 0xff, 0xff, 0x60,
    0x0, 0x29, 0xef, 0xea, 0x30, 0x0,

    /* U+00F7 "÷" */
    0x0, 0x0, 0xaf, 0xc0, 0x0, 0x0, 0x0, 0xf,
    0xff, 0x30, 0x0, 0x0, 0x0, 0xbf, 0xe0, 0x0,
    0x0, 0x0, 0x0, 0x10, 0x0, 0x0, 0x0, 0x0,
    0x0, 0x0, 0x0, 0xa, 0xff, 0xff, 0xff, 0xff,
    0xfd, 0xaf, 0xff, 0xff, 0xff, 0xff, 0xd0, 0x0,
    0x0, 0x0, 0x0, 0x0, 0x0, 0x0, 0x1, 0x0,
    0x0, 0x0, 0x0, 0xb, 0xfe, 0x0, 0x0, 0x0,
    0x0, 0xff, 0xf3, 0x0, 0x0, 0x0, 0xa, 0xfc,
    0x0, 0x0,

    /* U+00F8 "ø" */
    0x0, 0x0, 0x0, 0x0, 0x0, 0x37, 0x0, 0x0,
    0x29, 0xef, 0xea, 0x4e, 0xf2, 0x0, 0x3f, 0xff,
    0xff, 0xff, 0xf5, 0x0, 0xe, 0xfc, 0x20, 0x1c,
    0xff, 0x20, 0x6, 0xff, 0x10, 0x5, 0xff, 0xf9,
    0x0, 0xaf, 0xc0, 0x2, 0xfc, 0x9f, 0xd0, 0xc,
    0xfb, 0x1, 0xde, 0x18, 0xff, 0x0, 0xcf, 0xb0,
    0xbf, 0x30, 0x8f, 0xf0, 0xa, 0xfc, 0x9f, 0x50,
    0x9, 0xfd, 0x0, 0x6f, 0xff, 0x80, 0x0, 0xdf,
    0x90, 0x0, 0xef, 0xe2, 0x1, 0xaf, 0xf2, 0x0,
    0x3f, 0xff, 0xff, 0xff, 0xf6, 0x0, 0xe, 0xf5,
    0x9d, 0xfe, 0xa3, 0x0, 0x0, 0x56, 0x0, 0x0,
    0x0, 0x0, 0x0,

    /* U+00F9 "ù" */
    0x0, 0x0, 0x10, 0x0, 0x0, 0x0, 0x0, 0x9f,
    0x20, 0x0, 0x0, 0x0, 0xc, 0xfa, 0x0, 0x0,
    0x0, 0x0, 0x2f, 0xf2, 0x0, 0x0, 0x0, 0x0,
    0x6f, 0x90, 0x0, 0x0, 0x0, 0x0, 0x50, 0x0,
    0x0, 0x0, 0x0, 0x0, 0x0, 0x0, 0x4, 0xff,
    0x20, 0x0, 0xf, 0xf5, 0x4f, 0xf2, 0x0, 0x0,
    0xff, 0x54, 0xff, 0x20, 0x0, 0xf, 0xf5, 0x4f,
    0xf2, 0x0, 0x0, 0xff, 0x54, 0xff, 0x20, 0x0,
    0xf, 0xf5, 0x4f, 0xf2, 0x0, 0x0, 0xff, 0x54,
    0xff, 0x20, 0x0, 0xf, 0xf5, 0x4f, 0xf2, 0x0,
    0x0, 0xff, 0x53, 0xff, 0x50, 0x0, 0x2f, 0xf5,
    0xe, 0xfd, 0x30, 0x3c, 0xff, 0x50, 0x7f, 0xff,
    0xff, 0x7f, 0xf5, 0x0, 0x6d, 0xfd, 0x60, 0xff,
    0x50,

    /* U+00FA "ú" */
    0x0, 0x0, 0x0, 0x10, 0x0, 0x0, 0x0, 0x0,
    0x1f, 0xa1, 0x0, 0x0, 0x0, 0x8, 0xfe, 0x0,
    0x0, 0x0, 0x0, 0xff, 0x30, 0x0, 0x0, 0x0,
    0x7f, 0x80, 0x0, 0x0, 0x0, 0x0, 0x60, 0x0,
    0x0, 0x0, 0x0, 0x0, 0x0, 0x0, 0x4, 0xff,
    0x20, 0x0, 0xf, 0xf5, 0x4f, 0xf2, 0x0, 0x0,
    0xff, 0x54, 0xff, 0x20, 0x0, 0xf, 0xf5, 0x4f,
    0xf2, 0x0, 0x0, 0xff, 0x54, 0xff, 0x20, 0x0,
    0xf, 0xf5, 0x4f, 0xf2, 0x0, 0x0, 0xff, 0x54,
    0xff, 0x20, 0x0, 0xf, 0xf5, 0x4f, 0xf2, 0x0,
    0x0, 0xff, 0x53, 0xff, 0x50, 0x0, 0x2f, 0xf5,
    0xe, 0xfd, 0x30, 0x3c, 0xff, 0x50, 0x7f, 0xff,
    0xff, 0x7f, 0xf5, 0x0, 0x6d, 0xfd, 0x60, 0xff,
    0x50,

    /* U+00FB "û" */
    0x0, 0x1, 0xef, 0xf3, 0x0, 0x0, 0x0, 0xbf,
    0xff, 0xd0, 0x0, 0x0, 0x8f, 0xc1, 0xbf, 0xa0,
    0x0, 0x1f, 0xc1, 0x0, 0xbf, 0x20, 0x0, 0x21,
    0x0, 0x0, 0x30, 0x0, 0x0, 0x0, 0x0, 0x0,
    0x0, 0x4f, 0xf2, 0x0, 0x0, 0xff, 0x54, 0xff,
    0x20, 0x0, 0xf, 0xf5, 0x4f, 0xf2, 0x0, 0x0,
    0xff, 0x54, 0xff, 0x20, 0x0, 0xf, 0xf5, 0x4f,
    0xf2, 0x0, 0x0, 0xff, 0x54, 0xff, 0x20, 0x0,
    0xf, 0xf5, 0x4f, 0xf2, 0x0, 0x0, 0xff, 0x54,
    0xff, 0x20, 0x0, 0xf, 0xf5, 0x3f, 0xf5, 0x0,
    0x2, 0xff, 0x50, 0xef, 0xd3, 0x3, 0xcf, 0xf5,
    0x7, 0xff, 0xff, 0xf7, 0xff, 0x50, 0x6, 0xdf,
    0xd6, 0xf, 0xf5,

    /* U+00FC "ü" */
    0x0, 0xcf, 0x80, 0x6f, 0xd1, 0x0, 0x1f, 0xfd,
    0xb, 0xff, 0x30, 0x0, 0x9d, 0x60, 0x4c, 0xb0,
    0x0, 0x0, 0x0, 0x0, 0x0, 0x0, 0x0, 0x0,
    0x0, 0x0, 0x0, 0x4, 0xff, 0x20, 0x0, 0xf,
    0xf5, 0x4f, 0xf2, 0x0, 0x0, 0xff, 0x54, 0xff,
    0x20, 0x0, 0xf, 0xf5, 0x4f, 0xf2, 0x0, 0x0,
    0xff, 0x54, 0xff, 0x20, 0x0, 0xf, 0xf5, 0x4f,
    0xf2, 0x0, 0x0, 0xff, 0x54, 0xff, 0x20, 0x0,
    0xf, 0xf5, 0x4f, 0xf2, 0x0, 0x0, 0xff, 0x53,
    0xff, 0x50, 0x0, 0x2f, 0xf5, 0xe, 0xfd, 0x30,
    0x3c, 0xff, 0x50, 0x7f, 0xff, 0xff, 0x7f, 0xf5,
    0x0, 0x6d, 0xfd, 0x60, 0xff, 0x50,

    /* U+00FD "ý" */
    0x0, 0x0, 0x0, 0x1, 0x0, 0x0, 0x0, 0x0,
    0x0, 0x0, 0xea, 0x20, 0x0, 0x0, 0x0, 0x0,
    0x7f, 0xe1, 0x0, 0x0, 0x0, 0x0, 0xe, 0xf4,
    0x0, 0x0, 0x0, 0x0, 0x6, 0xf9, 0x0, 0x0,
    0x0, 0x0, 0x0, 0x5, 0x0, 0x0, 0x0, 0x0,
    0x0, 0x0, 0x0, 0x0, 0x0, 0x0, 0xef, 0x80,
    0x0, 0x0, 0x4f, 0xf2, 0x9, 0xfe, 0x0, 0x0,
    0x9, 0xfc, 0x0, 0x3f, 0xf3, 0x0, 0x0, 0xef,
    0x60, 0x0, 0xdf, 0x90, 0x0, 0x4f, 0xf0, 0x0,
    0x7, 0xfe, 0x0, 0xa, 0xfa, 0x0, 0x0, 0x1f,
    0xf4, 0x0, 0xff, 0x40, 0x0, 0x0, 0xbf, 0x90,
    0x5f, 0xe0, 0x0, 0x0, 0x5, 0xfe, 0xa, 0xf8,
    0x0, 0x0, 0x0, 0xe, 0xf5, 0xff, 0x20, 0x0,
    0x0, 0x0, 0x9f, 0xef, 0xc0, 0x0, 0x0, 0x0,
    0x2, 0xff, 0xf6, 0x0, 0x0, 0x0, 0x0, 0xd,
    0xff, 0x0, 0x0, 0x0, 0x0, 0x0, 0xbf, 0xa0,
    0x0, 0x0, 0x0, 0x0, 0x1f, 0xf4, 0x0, 0x0,
    0x0, 0x0, 0x6, 0xfe, 0x0, 0x0, 0x0, 0x4,
    0xff, 0xff, 0x60, 0x0, 0x0, 0x0, 0x4f, 0xfe,
    0x70, 0x0, 0x0, 0x0,

    /* U+00FE "þ" */
    0x4f, 0xf2, 0x0, 0x0, 0x0, 0x0, 0x4f, 0xf2,
    0x0, 0x0, 0x0, 0x0, 0x4f, 0xf2, 0x0, 0x0,
    0x0, 0x0, 0x4f, 0xf2, 0x0, 0x0, 0x0, 0x0,
    0x4f, 0xf2, 0x0, 0x0, 0x0, 0x0, 0x4f, 0xf2,
    0x4c, 0xfe, 0x91, 0x0, 0x4f, 0xf6, 0xff, 0xff,
    0xfc, 0x0, 0x4f, 0xfd, 0x40, 0x2a, 0xff, 0x70,
    0x4f, 0xf4, 0x0, 0x0, 0xdf, 0xc0, 0x4f, 0xf2,
    0x0, 0x0, 0x8f, 0xf0, 0x4f, 0xf2, 0x0, 0x0,
    0x7f, 0xf0, 0x4f, 0xf2, 0x0, 0x0, 0x7f, 0xf0,
    0x4f, 0xf2, 0x0, 0x0, 0x8f, 0xf0, 0x4f, 0xf4,
    0x0, 0x0, 0xdf, 0xc0, 0x4f, 0xfc, 0x40, 0x2a,
    0xff, 0x70, 0x4f, 0xf6, 0xff, 0xff, 0xfd, 0x0,
    0x4f, 0xf2, 0x4c, 0xfe, 0x91, 0x0, 0x4f, 0xf2,
    0x0, 0x0, 0x0, 0x0, 0x4f, 0xf2, 0x0, 0x0,
    0x0, 0x0, 0x4f, 0xf2, 0x0, 0x0, 0x0, 0x0,
    0x4f, 0xf2, 0x0, 0x0, 0x0, 0x0, 0x4f, 0xf2,
    0x0, 0x0, 0x0, 0x0,

    /* U+00FF "ÿ" */
    0x0, 0xb, 0xf9, 0x5, 0xfd, 0x10, 0x0, 0x0,
    0xff, 0xd0, 0xaf, 0xf4, 0x0, 0x0, 0x9, 0xd7,
    0x4, 0xcb, 0x0, 0x0, 0x0, 0x0, 0x0, 0x0,
    0x0, 0x0, 0x0, 0x0, 0x0, 0x0, 0x0, 0x0,
    0x0, 0xef, 0x80, 0x0, 0x0, 0x4f, 0xf2, 0x9,
    0xfe, 0x0, 0x0, 0x9, 0xfc, 0x0, 0x3f, 0xf3,
    0x0, 0x0, 0xef, 0x60, 0x0, 0xdf, 0x90, 0x0,
    0x4f, 0xf0, 0x0, 0x7, 0xfe, 0x0, 0xa, 0xfa,
    0x0, 0x0, 0x1f, 0xf4, 0x0, 0xff, 0x40, 0x0,
    0x0, 0xbf, 0x90, 0x5f, 0xe0, 0x0, 0x0, 0x5,
    0xfe, 0xa, 0xf8, 0x0, 0x0, 0x0, 0xe, 0xf5,
    0xff, 0x20, 0x0, 0x0, 0x0, 0x9f, 0xef, 0xc0,
    0x0, 0x0, 0x0, 0x2, 0xff, 0xf6, 0x0, 0x0,
    0x0, 0x0, 0xd, 0xff, 0x0, 0x0, 0x0, 0x0,
    0x0, 0xbf, 0xa0, 0x0, 0x0, 0x0, 0x0, 0x1f,
    0xf4, 0x0, 0x0, 0x0, 0x0, 0x6, 0xfe, 0x0,
    0x0, 0x0, 0x4, 0xff, 0xff, 0x60, 0x0, 0x0,
    0x0, 0x4f, 0xfe, 0x70, 0x0, 0x0, 0x0,

    /* U+2013 "–" */
    0x12, 0x22, 0x22, 0x22, 0x22, 0x1b, 0xff, 0xff,
    0xff, 0xff, 0xfe, 0xbf, 0xff, 0xff, 0xff, 0xff,
    0xe0,

    /* U+2014 "—" */
    0x22, 0x22, 0x22, 0x22, 0x22, 0x22, 0x20, 0xff,
    0xff, 0xff, 0xff, 0xff, 0xff, 0xf3, 0xff, 0xff,
    0xff, 0xff, 0xff, 0xff, 0xf3,

    /* U+2015 "―" */
    0x22, 0x22, 0x22, 0x22, 0x22, 0x22, 0x20, 0xff,
    0xff, 0xff, 0xff, 0xff, 0xff, 0xf3, 0xff, 0xff,
    0xff, 0xff, 0xff, 0xff, 0xf3,

    /* U+2018 "‘" */
    0x0, 0x7, 0xf7, 0x0, 0xd, 0xf5, 0x0, 0x4f,
    0xf2, 0x0, 0xbf, 0xf0, 0x1, 0xff, 0xc0, 0x7,
    0xff, 0x90, 0xa, 0xcc, 0x50,

    /* U+2019 "’" */
    0x4, 0xff, 0xf0, 0x7, 0xff, 0x90, 0xa, 0xff,
    0x30, 0xc, 0xfc, 0x0, 0xf, 0xf6, 0x0, 0x2f,
    0xf0, 0x0, 0x3c, 0x70, 0x0,

    /* U+201A "‚" */
    0x8, 0xcc, 0x70, 0xdf, 0xf4, 0xf, 0xfd, 0x3,
    0xff, 0x70, 0x5f, 0xf1, 0x8, 0xfa, 0x0, 0xbf,
    0x30, 0x0,

    /* U+201C "“" */
    0x0, 0x1f, 0xe0, 0x0, 0xaf, 0x40, 0x8, 0xfb,
    0x0, 0x1f, 0xf1, 0x0, 0xef, 0x80, 0x7, 0xfe,
    0x0, 0x5f, 0xf5, 0x0, 0xef, 0xc0, 0xb, 0xff,
    0x20, 0x4f, 0xf9, 0x2, 0xff, 0xf0, 0xb, 0xff,
    0x60, 0x6c, 0xca, 0x0, 0xcc, 0xc3, 0x0,

    /* U+201D "”" */
    0xe, 0xff, 0x60, 0x7f, 0xfc, 0x1, 0xff, 0xf0,
    0xa, 0xff, 0x60, 0x4f, 0xf9, 0x0, 0xdf, 0xf0,
    0x6, 0xff, 0x20, 0xf, 0xf9, 0x0, 0x9f, 0xc0,
    0x3, 0xff, 0x30, 0xc, 0xf5, 0x0, 0x5f, 0xc0,
    0x0, 0xbc, 0x0, 0x6, 0xc5, 0x0, 0x0,

    /* U+201E "„" */
    0x0, 0xbc, 0xc3, 0x7, 0xcc, 0x80, 0x3f, 0xfe,
    0x0, 0xcf, 0xf5, 0x6, 0xff, 0x80, 0xf, 0xfe,
    0x0, 0x8f, 0xf1, 0x2, 0xff, 0x80, 0xb, 0xfb,
    0x0, 0x5f, 0xf2, 0x0, 0xef, 0x40, 0x8, 0xfb,
    0x0, 0x1f, 0xe0, 0x0, 0xaf, 0x40, 0x0,

    /* U+2020 "†" */
    0x0, 0x0, 0x7f, 0xa0, 0x0, 0x0, 0x0, 0x7,
    0xfa, 0x0, 0x0, 0x0, 0x0, 0x7f, 0xa0, 0x0,
    0x0, 0x0, 0x7, 0xfa, 0x0, 0x0, 0x0, 0x0,
    0x7f, 0xa0, 0x0, 0x8, 0xff, 0xff, 0xff, 0xff,
    0xfc, 0x7d, 0xdd, 0xef, 0xfd, 0xdd, 0xa0, 0x0,
    0x7, 0xfa, 0x0, 0x0, 0x0, 0x0, 0x7f, 0xa0,
    0x0, 0x0, 0x0, 0x7, 0xfa, 0x0, 0x0, 0x0,
    0x0, 0x7f, 0xa0, 0x0, 0x0, 0x0, 0x7, 0xfa,
    0x0, 0x0, 0x0, 0x0, 0x7f, 0xa0, 0x0, 0x0,
    0x0, 0x7, 0xfa, 0x0, 0x0, 0x0, 0x0, 0x7f,
    0xa0, 0x0, 0x0, 0x0, 0x7, 0xfa, 0x0, 0x0,
    0x0, 0x0, 0x7f, 0xa0, 0x0, 0x0, 0x0, 0x7,
    0xfa, 0x0, 0x0, 0x0, 0x0, 0x7f, 0xa0, 0x0,
    0x0, 0x0, 0x7, 0xfa, 0x0, 0x0, 0x0, 0x0,
    0x7f, 0xa0, 0x0, 0x0, 0x0, 0x7, 0xfa, 0x0,
    0x0,

    /* U+2021 "‡" */
    0x0, 0x0, 0x7f, 0xa0, 0x0, 0x0, 0x0, 0x7,
    0xfa, 0x0, 0x0, 0x0, 0x0, 0x7f, 0xa0, 0x0,
    0x0, 0x0, 0x7, 0xfa, 0x0, 0x0, 0x0, 0x0,
    0x7f, 0xa0, 0x0, 0x8, 0xff, 0xff, 0xff, 0xff,
    0xfc, 0x7d, 0xdd, 0xef, 0xfd, 0xdd, 0xa0, 0x0,
    0x7, 0xfa, 0x0, 0x0, 0x0, 0x0, 0x7f, 0xa0,
    0x0, 0x0, 0x0, 0x7, 0xfa, 0x0, 0x0, 0x0,
    0x0, 0x7f, 0xa0, 0x0, 0x0, 0x0, 0x7, 0xfa,
    0x0, 0x0, 0x0, 0x0, 0x7f, 0xa0, 0x0, 0x0,
    0x0, 0x7, 0xfa, 0x0, 0x0, 0x0, 0x0, 0x7f,
    0xa0, 0x0, 0x8, 0xff, 0xff, 0xff, 0xff, 0xfc,
    0x7d, 0xdd, 0xef, 0xfd, 0xdd, 0xa0, 0x0, 0x7,
    0xfa, 0x0, 0x0, 0x0, 0x0, 0x7f, 0xa0, 0x0,
    0x0, 0x0, 0x7, 0xfa, 0x0, 0x0, 0x0, 0x0,
    0x7f, 0xa0, 0x0, 0x0, 0x0, 0x7, 0xfa, 0x0,
    0x0,

    /* U+2022 "•" */
    0x4, 0xce, 0xd6, 0x2, 0xff, 0xff, 0xf4, 0x5f,
    0xff, 0xff, 0x85, 0xff, 0xff, 0xf8, 0x2f, 0xff,
    0xff, 0x40, 0x5d, 0xfe, 0x70,

    /* U+2026 "…" */
    0x0, 0x20, 0x0, 0x20, 0x0, 0x11, 0x0, 0xef,
    0x90, 0xbf, 0xd0, 0x6f, 0xf3, 0x2f, 0xfc, 0xd,
    0xff, 0x19, 0xff, 0x50, 0xcf, 0x70, 0x9f, 0xb0,
    0x4f, 0xe2,

    /* U+2039 "‹" */
    0x0, 0x0, 0x0, 0x0, 0x0, 0x98, 0x0, 0xa,
    0xfc, 0x1, 0xcf, 0xe1, 0x1d, 0xff, 0x20, 0x3f,
    0xf3, 0x0, 0x3f, 0xf7, 0x0, 0xa, 0xff, 0x60,
    0x0, 0x8f, 0xf4, 0x0, 0x6, 0xfd, 0x0, 0x0,
    0x46,

    /* U+203A "›" */
    0x0, 0x0, 0x0, 0x5b, 0x0, 0x0, 0x9f, 0xc1,
    0x0, 0xc, 0xfe, 0x20, 0x1, 0xdf, 0xf3, 0x0,
    0x2e, 0xf7, 0x0, 0x4f, 0xf7, 0x3, 0xff, 0xc1,
    0x2e, 0xfb, 0x0, 0xaf, 0x90, 0x0, 0x37, 0x0,
    0x0,

    /* U+2190 "←" */
    0x0, 0x0, 0x26, 0x0, 0x0, 0x0, 0x0, 0x0,
    0x2e, 0xf4, 0x0, 0x0, 0x0, 0x0, 0x2e, 0xfa,
    0x0, 0x0, 0x0, 0x0, 0x2e, 0xf9, 0x0, 0x0,
    0x0, 0x0, 0x2e, 0xff, 0xde, 0xee, 0xee, 0xee,
    0x84, 0xff, 0xff, 0xff, 0xff, 0xff, 0xf9, 0x5,
    0xff, 0x61, 0x11, 0x11, 0x11, 0x10, 0x5, 0xff,
    0x70, 0x0, 0x0, 0x0, 0x0, 0x4, 0xff, 0x40,
    0x0, 0x0, 0x0, 0x0, 0x4, 0x90, 0x0, 0x0,
    0x0,

    /* U+2191 "↑" */
    0x0, 0x0, 0x4, 0x10, 0x0, 0x0, 0x0, 0x5,
    0xfd, 0x10, 0x0, 0x0, 0x5, 0xff, 0xfd, 0x10,
    0x0, 0x5, 0xff, 0xff, 0xfd, 0x10, 0x5, 0xff,
    0x7f, 0xbb, 0xfd, 0x10, 0xbf, 0x62, 0xfc, 0xb,
    0xf5, 0x0, 0x50, 0x3f, 0xd0, 0x5, 0x0, 0x0,
    0x3, 0xfd, 0x0, 0x0, 0x0, 0x0, 0x3f, 0xd0,
    0x0, 0x0, 0x0, 0x3, 0xfd, 0x0, 0x0, 0x0,
    0x0, 0x3f, 0xd0, 0x0, 0x0, 0x0, 0x3, 0xfd,
    0x0, 0x0, 0x0, 0x0, 0x3f, 0xd0, 0x0, 0x0,
    0x0, 0x3, 0xfd, 0x0, 0x0, 0x0, 0x0, 0x3f,
    0xd0, 0x0, 0x0, 0x0, 0x3, 0xfd, 0x0, 0x0,

    /* U+2192 "→" */
    0x0, 0x0, 0x0, 0x4, 0x40, 0x0, 0x0, 0x0,
    0x0, 0x2, 0xff, 0x40, 0x0, 0x0, 0x0, 0x0,
    0x7, 0xff, 0x40, 0x0, 0x0, 0x0, 0x0, 0x6,
    0xff, 0x40, 0x5e, 0xee, 0xee, 0xee, 0xdf, 0xff,
    0x46, 0xff, 0xff, 0xff, 0xff, 0xff, 0xf7, 0x1,
    0x11, 0x11, 0x11, 0x4e, 0xf7, 0x0, 0x0, 0x0,
    0x0, 0x4f, 0xf7, 0x0, 0x0, 0x0, 0x0, 0x2f,
    0xf7, 0x0, 0x0, 0x0, 0x0, 0x0, 0x77, 0x0,
    0x0,

    /* U+2193 "↓" */
    0x0, 0x0, 0x15, 0x40, 0x0, 0x0, 0x0, 0x3,
    0xfd, 0x0, 0x0, 0x0, 0x0, 0x3f, 0xd0, 0x0,
    0x0, 0x0, 0x3, 0xfd, 0x0, 0x0, 0x0, 0x0,
    0x3f, 0xd0, 0x0, 0x0, 0x0, 0x3, 0xfd, 0x0,
    0x0, 0x0, 0x0, 0x3f, 0xd0, 0x0, 0x0, 0x0,
    0x3, 0xfd, 0x0, 0x0, 0x0, 0x0, 0x3f, 0xd0,
    0x0, 0x0, 0x0, 0x3, 0xfd, 0x0, 0x0, 0x3,
    0xa0, 0x2f, 0xd0, 0x3a, 0x0, 0xcf, 0xb2, 0xfc,
    0x3e, 0xf6, 0x1, 0xdf, 0xbf, 0xde, 0xf9, 0x0,
    0x1, 0xdf, 0xff, 0xf9, 0x0, 0x0, 0x1, 0xdf,
    0xf9, 0x0, 0x0, 0x0, 0x1, 0xd9, 0x0, 0x0,
    0x0, 0x0, 0x1, 0x0, 0x0, 0x0,

    /* U+2194 "↔" */
    0x0, 0x0, 0x40, 0x0, 0x40, 0x0, 0x0, 0x0,
    0x6, 0xfa, 0x7, 0xf9, 0x0, 0x0, 0x0, 0x6f,
    0xf5, 0x3, 0xef, 0x90, 0x0, 0x6, 0xff, 0x50,
    0x0, 0x2e, 0xf9, 0x0, 0x6f, 0xfe, 0xde, 0xee,
    0xde, 0xff, 0x90, 0x9f, 0xff, 0xff, 0xff, 0xff,
    0xff, 0xc0, 0x9, 0xfd, 0x31, 0x11, 0x2c, 0xfc,
    0x0, 0x0, 0x9f, 0xe3, 0x1, 0xdf, 0xc0, 0x0,
    0x0, 0x9, 0xfb, 0x8, 0xfc, 0x0, 0x0, 0x0,
    0x0, 0x71, 0x0, 0x70, 0x0, 0x0,

    /* U+2195 "↕" */
    0x0, 0x0, 0x4, 0x10, 0x0, 0x0, 0x0, 0x5,
    0xfd, 0x10, 0x0, 0x0, 0x5, 0xff, 0xfd, 0x10,
    0x0, 0x5, 0xff, 0xff, 0xfd, 0x10, 0x5, 0xff,
    0x7f, 0xbb, 0xfd, 0x10, 0xbf, 0x62, 0xfc, 0xb,
    0xf5, 0x0, 0x50, 0x2f, 0xd0, 0x5, 0x0, 0x0,
    0x2, 0xfd, 0x0, 0x0, 0x0, 0x0, 0x2f, 0xd0,
    0x0, 0x0, 0x0, 0x2, 0xfd, 0x0, 0x0, 0x3,
    0xa0, 0x2f, 0xd0, 0x3a, 0x0, 0xcf, 0xb2, 0xfc,
    0x3e, 0xf6, 0x1, 0xdf, 0xbf, 0xde, 0xf9, 0x0,
    0x1, 0xdf, 0xff, 0xf9, 0x0, 0x0, 0x1, 0xdf,
    0xf9, 0x0, 0x0, 0x0, 0x1, 0xd9, 0x0, 0x0,
    0x0, 0x0, 0x1, 0x0, 0x0, 0x0,

    /* U+2196 "↖" */
    0xac, 0xcc, 0xcc, 0xc0, 0x0, 0x0, 0xdf, 0xff,
    0xff, 0xf0, 0x0, 0x0, 0xdf, 0xfb, 0x22, 0x20,
    0x0, 0x0, 0xdf, 0xcf, 0xc1, 0x0, 0x0, 0x0,
    0xdf, 0x2d, 0xfc, 0x10, 0x0, 0x0, 0xdf, 0x11,
    0xdf, 0xc1, 0x0, 0x0, 0xdf, 0x10, 0x1d, 0xfc,
    0x10, 0x0, 0x11, 0x0, 0x1, 0xdf, 0xc1, 0x0,
    0x0, 0x0, 0x0, 0x1d, 0xfc, 0x10, 0x0, 0x0,
    0x0, 0x1, 0xdf, 0xc1, 0x0, 0x0, 0x0, 0x0,
    0x1d, 0xf6, 0x0, 0x0, 0x0, 0x0, 0x1, 0x70,

    /* U+2197 "↗" */
    0x0, 0x0, 0xa, 0xcc, 0xcc, 0xcc, 0x0, 0x0,
    0x0, 0xdf, 0xff, 0xff, 0xf1, 0x0, 0x0, 0x1,
    0x21, 0x9f, 0xff, 0x10, 0x0, 0x0, 0x0, 0xaf,
    0xed, 0xf1, 0x0, 0x0, 0x0, 0xaf, 0xf3, 0xdf,
    0x10, 0x0, 0x0, 0xaf, 0xf3, 0xd, 0xf1, 0x0,
    0x0, 0xaf, 0xf3, 0x0, 0xdf, 0x10, 0x0, 0xaf,
    0xf3, 0x0, 0x1, 0x10, 0x0, 0xaf, 0xf3, 0x0,
    0x0, 0x0, 0x0, 0xaf, 0xf3, 0x0, 0x0, 0x0,
    0x0, 0x3f, 0xf3, 0x0, 0x0, 0x0, 0x0, 0x0,
    0x53, 0x0, 0x0, 0x0, 0x0, 0x0,

    /* U+2198 "↘" */
    0x3, 0x20, 0x0, 0x0, 0x0, 0x0, 0x3, 0xfe,
    0x20, 0x0, 0x0, 0x0, 0x0, 0xc, 0xfe, 0x20,
    0x0, 0x0, 0x0, 0x0, 0xc, 0xfe, 0x10, 0x0,
    0x0, 0x0, 0x0, 0xc, 0xfd, 0x10, 0x0, 0x0,
    0x0, 0x0, 0xc, 0xfd, 0x10, 0xc, 0xe0, 0x0,
    0x0, 0xc, 0xfd, 0x10, 0xdf, 0x10, 0x0, 0x0,
    0xc, 0xfd, 0x1d, 0xf1, 0x0, 0x0, 0x0, 0xc,
    0xfd, 0xdf, 0x10, 0x0, 0x0, 0x0, 0xa, 0xff,
    0xf1, 0x0, 0x0, 0xc, 0xff, 0xef, 0xff, 0x10,
    0x0, 0x0, 0xcf, 0xff, 0xff, 0xf0,

    /* U+2199 "↙" */
    0x0, 0x0, 0x0, 0x0, 0x0, 0x40, 0x0, 0x0,
    0x0, 0x0, 0xc, 0xf5, 0x0, 0x0, 0x0, 0x0,
    0xcf, 0xe2, 0x0, 0x0, 0x0, 0xc, 0xfe, 0x20,
    0x0, 0x0, 0x0, 0xcf, 0xe2, 0x0, 0xce, 0x0,
    0xc, 0xfe, 0x20, 0x0, 0xdf, 0x10, 0xcf, 0xe2,
    0x0, 0x0, 0xdf, 0x1b, 0xfe, 0x20, 0x0, 0x0,
    0xdf, 0xaf, 0xe2, 0x0, 0x0, 0x0, 0xdf, 0xfd,
    0x10, 0x0, 0x0, 0x0, 0xdf, 0xfe, 0xef, 0xf0,
    0x0, 0x0, 0xdf, 0xff, 0xff, 0xf0, 0x0, 0x0,

    /* U+21A9 "↩" */
    0x0, 0x0, 0x0, 0x0, 0x9b, 0x60, 0x0, 0x0,
    0x0, 0x0, 0x0, 0xcf, 0xfc, 0x0, 0x0, 0x0,
    0x0, 0x0, 0x16, 0xff, 0x80, 0x0, 0x0, 0x9a,
    0x0, 0x0, 0x7f, 0xe0, 0x0, 0x9, 0xff, 0x20,
    0x0, 0x4f, 0xf0, 0x0, 0x8f, 0xf3, 0x0, 0x0,
    0x7f, 0xe0, 0x8, 0xff, 0x42, 0x22, 0x37, 0xff,
    0x80, 0x7f, 0xff, 0xff, 0xff, 0xff, 0xfc, 0x0,
    0x3f, 0xff, 0xcd, 0xdd, 0xdb, 0x60, 0x0, 0x3,
    0xff, 0x80, 0x0, 0x0, 0x0, 0x0, 0x0, 0x3f,
    0xf8, 0x0, 0x0, 0x0, 0x0, 0x0, 0x3, 0xff,
    0x20, 0x0, 0x0, 0x0, 0x0, 0x0, 0x34, 0x0,
    0x0, 0x0, 0x0,

    /* U+21AA "↪" */
    0x0, 0x4a, 0xc0, 0x0, 0x0, 0x0, 0x0, 0x9,
    0xff, 0xf0, 0x0, 0x0, 0x0, 0x0, 0x5f, 0xf7,
    0x20, 0x0, 0x0, 0x0, 0x0, 0xbf, 0xa0, 0x0,
    0x8, 0xc0, 0x0, 0x0, 0xcf, 0x70, 0x0, 0xd,
    0xfc, 0x0, 0x0, 0xbf, 0xa0, 0x0, 0x1, 0xdf,
    0xb0, 0x0, 0x5f, 0xf9, 0x32, 0x22, 0x3d, 0xfb,
    0x0, 0x9, 0xff, 0xff, 0xff, 0xff, 0xff, 0xa0,
    0x0, 0x5a, 0xcd, 0xdd, 0xce, 0xff, 0x50, 0x0,
    0x0, 0x0, 0x0, 0x5f, 0xf5, 0x0, 0x0, 0x0,
    0x0, 0x5, 0xff, 0x50, 0x0, 0x0, 0x0, 0x0,
    0xe, 0xf5, 0x0, 0x0, 0x0, 0x0, 0x0, 0x2,
    0x50, 0x0, 0x0,

    /* U+21B0 "↰" */
    0x0, 0x0, 0x0, 0x0, 0x0, 0x0, 0x0, 0x0,
    0xc, 0x70, 0x0, 0x0, 0x0, 0x0, 0xcf, 0xd0,
    0x0, 0x0, 0x0, 0xc, 0xfc, 0x10, 0x0, 0x0,
    0x0, 0xcf, 0xd4, 0x44, 0x44, 0x43, 0xb, 0xff,
    0xff, 0xff, 0xff, 0xfe, 0x4, 0xff, 0xda, 0xbb,
    0xbc, 0xfe, 0x0, 0x4f, 0xf6, 0x0, 0x2, 0xfe,
    0x0, 0x4, 0xff, 0x70, 0x2, 0xfe, 0x0, 0x0,
    0x4f, 0xd0, 0x2, 0xfe, 0x0, 0x0, 0x4, 0x10,
    0x2, 0xfe, 0x0, 0x0, 0x0, 0x0, 0x2, 0xfe,
    0x0, 0x0, 0x0, 0x0, 0x2, 0xfe, 0x0, 0x0,
    0x0, 0x0, 0x2, 0xfe, 0x0, 0x0, 0x0, 0x0,
    0x2, 0xfe, 0x0, 0x0, 0x0, 0x0, 0x2, 0xfe,
    0x0, 0x0, 0x0, 0x0, 0x0, 0x33,

    /* U+21B1 "↱" */
    0x0, 0x0, 0x0, 0x0, 0x0, 0x0, 0x0, 0x0,
    0x0, 0xc7, 0x0, 0x0, 0x0, 0x0, 0x3, 0xff,
    0x70, 0x0, 0x0, 0x0, 0x0, 0x4f, 0xf7, 0x0,
    0x14, 0x44, 0x44, 0x46, 0xff, 0x70, 0x3f, 0xff,
    0xff, 0xff, 0xff, 0xf6, 0x3f, 0xfb, 0xbb, 0xba,
    0xff, 0xd1, 0x3f, 0xc0, 0x0, 0xb, 0xfd, 0x10,
    0x3f, 0xc0, 0x0, 0xcf, 0xd1, 0x0, 0x3f, 0xc0,
    0x3, 0xfd, 0x10, 0x0, 0x3f, 0xc0, 0x0, 0x41,
    0x0, 0x0, 0x3f, 0xc0, 0x0, 0x0, 0x0, 0x0,
    0x3f, 0xc0, 0x0, 0x0, 0x0, 0x0, 0x3f, 0xc0,
    0x0, 0x0, 0x0, 0x0, 0x3f, 0xc0, 0x0, 0x0,
    0x0, 0x0, 0x3f, 0xc0, 0x0, 0x0, 0x0, 0x0,
    0x3, 0x20, 0x0, 0x0, 0x0, 0x0,

    /* U+21B2 "↲" */
    0x0, 0x0, 0x0, 0x0, 0x0, 0x65, 0x0, 0x0,
    0x0, 0x0, 0x2, 0xfe, 0x0, 0x0, 0x0, 0x0,
    0x2, 0xfe, 0x0, 0x0, 0x0, 0x0, 0x2, 0xfe,
    0x0, 0x0, 0x0, 0x0, 0x2, 0xfe, 0x0, 0x0,
    0x0, 0x0, 0x2, 0xfe, 0x0, 0x0, 0x6, 0x20,
    0x2, 0xfe, 0x0, 0x0, 0x7f, 0xe0, 0x2, 0xfe,
    0x0, 0x7, 0xff, 0x40, 0x2, 0xfe, 0x0, 0x7f,
    0xe4, 0x0, 0x2, 0xfe, 0x7, 0xff, 0xee, 0xef,
    0xff, 0xfe, 0x9, 0xff, 0xff, 0xff, 0xff, 0xfe,
    0x0, 0x9f, 0xd2, 0x11, 0x11, 0x11, 0x0, 0x9,
    0xfe, 0x20, 0x0, 0x0, 0x0, 0x0, 0x9f, 0xe0,
    0x0, 0x0, 0x0, 0x0, 0x9, 0x40, 0x0, 0x0,

    /* U+21B3 "↳" */
    0x16, 0x50, 0x0, 0x0, 0x0, 0x0, 0x3f, 0xc0,
    0x0, 0x0, 0x0, 0x0, 0x3f, 0xc0, 0x0, 0x0,
    0x0, 0x0, 0x3f, 0xc0, 0x0, 0x0, 0x0, 0x0,
    0x3f, 0xc0, 0x0, 0x0, 0x0, 0x0, 0x3f, 0xc0,
    0x0, 0x0, 0x0, 0x0, 0x3f, 0xc0, 0x0, 0x63,
    0x0, 0x0, 0x3f, 0xc0, 0x4, 0xfe, 0x30, 0x0,
    0x3f, 0xc0, 0x0, 0x9f, 0xe2, 0x0, 0x3f, 0xc0,
    0x0, 0x8, 0xfe, 0x20, 0x3f, 0xff, 0xff, 0xed,
    0xff, 0xe2, 0x3f, 0xff, 0xff, 0xff, 0xff, 0xf4,
    0x1, 0x11, 0x11, 0x16, 0xff, 0x40, 0x0, 0x0,
    0x0, 0x7f, 0xf4, 0x0, 0x0, 0x0, 0x4, 0xff,
    0x40, 0x0, 0x0, 0x0, 0x0, 0x94, 0x0, 0x0,

    /* U+21B6 "↶" */
    0x0, 0x0, 0x0, 0x5a, 0xb9, 0x30, 0x0, 0x0,
    0x0, 0xaf, 0xff, 0xff, 0x80, 0x0, 0x0, 0x6f,
    0xf6, 0x37, 0xff, 0x40, 0x0, 0xc, 0xf6, 0x0,
    0x7, 0xfb, 0x0, 0x0, 0xff, 0x10, 0x0, 0x2f,
    0xd0, 0x0, 0xf, 0xf0, 0x0, 0x0, 0x54, 0x0,
    0x0, 0xff, 0x0, 0x0, 0x0, 0x0, 0x10, 0xf,
    0xf0, 0x1, 0x0, 0x0, 0x5f, 0x40, 0xff, 0x5,
    0xf4, 0x0, 0x7, 0xff, 0x4f, 0xe5, 0xff, 0x60,
    0x0, 0x7, 0xff, 0xff, 0xff, 0x60, 0x0, 0x0,
    0x7, 0xff, 0xff, 0x60, 0x0, 0x0, 0x0, 0x7,
    0xff, 0x60, 0x0, 0x0, 0x0, 0x0, 0x7, 0x60,
    0x0, 0x0, 0x0,

    /* U+21B7 "↷" */
    0x0, 0x39, 0xba, 0x50, 0x0, 0x0, 0x0, 0x6f,
    0xff, 0xff, 0xb0, 0x0, 0x0, 0x2f, 0xf8, 0x35,
    0xef, 0x80, 0x0, 0x9, 0xf9, 0x0, 0x4, 0xfe,
    0x0, 0x0, 0xbf, 0x50, 0x0, 0xf, 0xf1, 0x0,
    0x4, 0x51, 0x0, 0x0, 0xef, 0x20, 0x0, 0x0,
    0x0, 0x0, 0xe, 0xf2, 0x0, 0x0, 0x0, 0x1,
    0x0, 0xef, 0x20, 0x10, 0x0, 0x3, 0xe7, 0xd,
    0xf2, 0x3f, 0x60, 0x0, 0x4f, 0xf6, 0xdf, 0x4f,
    0xf8, 0x0, 0x0, 0x4f, 0xfe, 0xfe, 0xf8, 0x0,
    0x0, 0x0, 0x4f, 0xff, 0xf8, 0x0, 0x0, 0x0,
    0x0, 0x4f, 0xf8, 0x0, 0x0, 0x0, 0x0, 0x0,
    0x48, 0x0, 0x0,

    /* U+21BA "↺" */
    0x0, 0x0, 0x0, 0x22, 0x22, 0x22, 0x10, 0x0,
    0x0, 0xf, 0xff, 0xff, 0xfb, 0x0, 0x0, 0x0,
    0xff, 0xfc, 0xcc, 0x90, 0x0, 0x32, 0xf, 0xff,
    0xe3, 0x0, 0x0, 0x4f, 0xd0, 0xfd, 0x8f, 0xf2,
    0x0, 0x1e, 0xf5, 0xf, 0xe0, 0x9f, 0xd0, 0x9,
    0xf9, 0x0, 0xff, 0x0, 0xdf, 0x40, 0xef, 0x20,
    0x9, 0x80, 0x7, 0xf9, 0x2f, 0xe0, 0x0, 0x0,
    0x0, 0x4f, 0xc3, 0xfc, 0x0, 0x0, 0x0, 0x3,
    0xfd, 0x3f, 0xd0, 0x0, 0x0, 0x0, 0x4f, 0xc0,
    0xff, 0x10, 0x0, 0x0, 0x8, 0xf9, 0xb, 0xf9,
    0x0, 0x0, 0x1, 0xef, 0x30, 0x3f, 0xf7, 0x0,
    0x1, 0xcf, 0xb0, 0x0, 0x6f, 0xfe, 0xbc, 0xff,
    0xd1, 0x0, 0x0, 0x3b, 0xff, 0xfe, 0x80, 0x0,
    0x0, 0x0, 0x0, 0x11, 0x0, 0x0, 0x0,

    /* U+21BB "↻" */
    0x2, 0x22, 0x22, 0x21, 0x0, 0x0, 0x0, 0xff,
    0xff, 0xff, 0xc0, 0x0, 0x0, 0xb, 0xcb, 0xdf,
    0xfc, 0x0, 0x0, 0x0, 0x0, 0x7f, 0xff, 0xc0,
    0x40, 0x0, 0x0, 0x7f, 0xf5, 0xfc, 0x3f, 0xc0,
    0x0, 0x3f, 0xf3, 0x2f, 0xc0, 0xaf, 0xa0, 0xb,
    0xf7, 0x2, 0xfc, 0x0, 0xef, 0x20, 0xff, 0x10,
    0x19, 0x70, 0x8, 0xf8, 0x3f, 0xd0, 0x0, 0x0,
    0x0, 0x4f, 0xb3, 0xfc, 0x0, 0x0, 0x0, 0x3,
    0xfd, 0x2f, 0xd0, 0x0, 0x0, 0x0, 0x4f, 0xc0,
    0xff, 0x10, 0x0, 0x0, 0x8, 0xf9, 0xb, 0xf8,
    0x0, 0x0, 0x1, 0xff, 0x40, 0x3f, 0xf7, 0x0,
    0x2, 0xcf, 0xc0, 0x0, 0x6f, 0xfe, 0xbc, 0xff,
    0xd1, 0x0, 0x0, 0x3b, 0xff, 0xfe, 0x80, 0x0,
    0x0, 0x0, 0x0, 0x11, 0x0, 0x0, 0x0,

    /* U+21C4 "⇄" */
    0x0, 0x0, 0x0, 0x3, 0x30, 0x0, 0x0, 0x0,
    0x0, 0x2, 0xff, 0x30, 0x0, 0x0, 0x0, 0x0,
    0x8, 0xff, 0x30, 0x0, 0x0, 0x0, 0x0, 0x7,
    0xff, 0x30, 0x5e, 0xee, 0xee, 0xed, 0xce, 0xff,
    0x36, 0xff, 0xff, 0xff, 0xff, 0xff, 0xf8, 0x2,
    0x22, 0x22, 0x22, 0x4e, 0xf8, 0x0, 0x0, 0x0,
    0x0, 0x3f, 0xf8, 0x0, 0x0, 0x0, 0x26, 0x2f,
    0xf8, 0x0, 0x0, 0x0, 0x2e, 0xf4, 0x88, 0x0,
    0x0, 0x0, 0x2e, 0xfa, 0x0, 0x0, 0x0, 0x0,
    0x2e, 0xf9, 0x0, 0x0, 0x0, 0x0, 0x2e, 0xff,
    0xde, 0xee, 0xee, 0xee, 0x84, 0xff, 0xff, 0xff,
    0xff, 0xff, 0xf9, 0x5, 0xff, 0x61, 0x11, 0x11,
    0x11, 0x10, 0x5, 0xff, 0x60, 0x0, 0x0, 0x0,
    0x0, 0x4, 0xff, 0x40, 0x0, 0x0, 0x0, 0x0,
    0x4, 0x90, 0x0, 0x0, 0x0,

    /* U+21C6 "⇆" */
    0x0, 0x0, 0x25, 0x0, 0x0, 0x0, 0x0, 0x0,
    0x2e, 0xf4, 0x0, 0x0, 0x0, 0x0, 0x2e, 0xfa,
    0x0, 0x0, 0x0, 0x0, 0x2e, 0xf9, 0x0, 0x0,
    0x0, 0x0, 0x2e, 0xff, 0xcd, 0xee, 0xee, 0xee,
    0x85, 0xff, 0xff, 0xff, 0xff, 0xff, 0xf9, 0x5,
    0xff, 0x62, 0x22, 0x22, 0x22, 0x10, 0x5, 0xff,
    0x60, 0x0, 0x0, 0x0, 0x0, 0x5, 0xff, 0x44,
    0x40, 0x0, 0x0, 0x0, 0x5, 0xb2, 0xff, 0x40,
    0x0, 0x0, 0x0, 0x0, 0x7, 0xff, 0x40, 0x0,
    0x0, 0x0, 0x0, 0x6, 0xff, 0x40, 0x5e, 0xee,
    0xee, 0xee, 0xdf, 0xff, 0x46, 0xff, 0xff, 0xff,
    0xff, 0xff, 0xf7, 0x1, 0x11, 0x11, 0x11, 0x4e,
    0xf7, 0x0, 0x0, 0x0, 0x0, 0x4f, 0xf7, 0x0,
    0x0, 0x0, 0x0, 0x2f, 0xf7, 0x0, 0x0, 0x0,
    0x0, 0x0, 0x77, 0x0, 0x0,

    /* U+2202 "∂" */
    0x0, 0x55, 0x53, 0x0, 0x0, 0x0, 0x2, 0xaf,
    0xf8, 0x0, 0x0, 0x0, 0x0, 0x5f, 0xfc, 0x10,
    0x0, 0x0, 0x0, 0x2d, 0xfb, 0x0, 0x0, 0x0,
    0x0, 0x1e, 0xf7, 0x0, 0x6, 0xef, 0xfb, 0x5f,
    0xf0, 0x8, 0xff, 0xfd, 0xfe, 0xcf, 0x62, 0xff,
    0xa0, 0x0, 0x7f, 0xfb, 0x8f, 0xe0, 0x0, 0x0,
    0xcf, 0xeb, 0xfc, 0x0, 0x0, 0x9, 0xff, 0xbf,
    0xb0, 0x0, 0x0, 0x8f, 0xfa, 0xfc, 0x0, 0x0,
    0x8, 0xfd, 0x7f, 0xe0, 0x0, 0x0, 0xcf, 0x91,
    0xff, 0x90, 0x0, 0x6f, 0xf3, 0x6, 0xff, 0xec,
    0xef, 0xf9, 0x0, 0x4, 0xcf, 0xff, 0xd6, 0x0,
    0x0, 0x0, 0x1, 0x10, 0x0, 0x0,

    /* U+2206 "∆" */
    0x0, 0x0, 0x5, 0x55, 0x10, 0x0, 0x0, 0x0,
    0x5, 0xff, 0xf8, 0x0, 0x0, 0x0, 0x0, 0xaf,
    0xff, 0xd0, 0x0, 0x0, 0x0, 0xe, 0xf9, 0xff,
    0x20, 0x0, 0x0, 0x3, 0xff, 0x1e, 0xf7, 0x0,
    0x0, 0x0, 0x8f, 0xc0, 0xaf, 0xb0, 0x0, 0x0,
    0xd, 0xf8, 0x5, 0xff, 0x10, 0x0, 0x2, 0xff,
    0x30, 0x1f, 0xf5, 0x0, 0x0, 0x7f, 0xf0, 0x0,
    0xcf, 0xa0, 0x0, 0xc, 0xfa, 0x0, 0x8, 0xff,
    0x0, 0x1, 0xff, 0x60, 0x0, 0x3f, 0xf4, 0x0,
    0x5f, 0xf1, 0x0, 0x0, 0xef, 0x80, 0xa, 0xfd,
    0x0, 0x0, 0xa, 0xfd, 0x0, 0xff, 0x91, 0x11,
    0x11, 0x6f, 0xf2, 0x1f, 0xff, 0xff, 0xff, 0xff,
    0xff, 0x41, 0xff, 0xff, 0xff, 0xff, 0xff, 0xf4,

    /* U+220F "∏" */
    0x12, 0x22, 0x22, 0x22, 0x22, 0x17, 0xff, 0xff,
    0xff, 0xff, 0xf8, 0x7f, 0xff, 0xff, 0xff, 0xff,
    0x87, 0xff, 0x0, 0x0, 0xe, 0xf8, 0x7f, 0xf0,
    0x0, 0x0, 0xef, 0x87, 0xff, 0x0, 0x0, 0xe,
    0xf8, 0x7f, 0xf0, 0x0, 0x0, 0xef, 0x87, 0xff,
    0x0, 0x0, 0xe, 0xf8, 0x7f, 0xf0, 0x0, 0x0,
    0xef, 0x87, 0xff, 0x0, 0x0, 0xe, 0xf8, 0x7f,
    0xf0, 0x0, 0x0, 0xef, 0x87, 0xff, 0x0, 0x0,
    0xe, 0xf8, 0x7f, 0xf0, 0x0, 0x0, 0xef, 0x87,
    0xff, 0x0, 0x0, 0xe, 0xf8, 0x7f, 0xf0, 0x0,
    0x0, 0xef, 0x87, 0xff, 0x0, 0x0, 0xe, 0xf8,
    0x13, 0x30, 0x0, 0x0, 0x33, 0x10,

    /* U+2211 "∑" */
    0x12, 0x22, 0x22, 0x22, 0x22, 0x27, 0xff, 0xff,
    0xff, 0xff, 0xfe, 0x7f, 0xff, 0xff, 0xff, 0xff,
    0xd2, 0xff, 0x90, 0x0, 0x0, 0x0, 0x5, 0xff,
    0x50, 0x0, 0x0, 0x0, 0xa, 0xff, 0x20, 0x0,
    0x0, 0x0, 0xd, 0xfd, 0x0, 0x0, 0x0, 0x0,
    0x2f, 0xf9, 0x0, 0x0, 0x0, 0x0, 0x6f, 0xf5,
    0x0, 0x0, 0x0, 0x0, 0xaf, 0xf1, 0x0, 0x0,
    0x0, 0x1, 0xff, 0x40, 0x0, 0x0, 0x0, 0xaf,
    0xf2, 0x0, 0x0, 0x0, 0x6f, 0xf6, 0x0, 0x0,
    0x0, 0x2f, 0xfa, 0x0, 0x0, 0x0, 0xd, 0xfd,
    0x0, 0x0, 0x0, 0x9, 0xff, 0x20, 0x0, 0x0,
    0x5, 0xff, 0x60, 0x0, 0x0, 0x2, 0xff, 0xa0,
    0x0, 0x0, 0x0, 0x7f, 0xfe, 0xee, 0xee, 0xee,
    0xd7, 0xff, 0xff, 0xff, 0xff, 0xfe, 0x12, 0x22,
    0x22, 0x22, 0x22, 0x20,

    /* U+2212 "−" */
    0x8e, 0xee, 0xee, 0xee, 0xee, 0xd9, 0xff, 0xff,
    0xff, 0xff, 0xfe, 0x0, 0x0, 0x0, 0x0, 0x0,
    0x0
};


/*---------------------
 *  GLYPH DESCRIPTION
 *--------------------*/

static const lv_font_fmt_txt_glyph_dsc_t glyph_dsc[] = {
    {.bitmap_index = 0, .adv_w = 0, .box_w = 0, .box_h = 0, .ofs_x = 0, .ofs_y = 0} /* id = 0 reserved */,
    {.bitmap_index = 0, .adv_w = 211, .box_w = 0, .box_h = 0, .ofs_x = 0, .ofs_y = 0},
    {.bitmap_index = 0, .adv_w = 211, .box_w = 5, .box_h = 16, .ofs_x = 4, .ofs_y = 0},
    {.bitmap_index = 40, .adv_w = 211, .box_w = 7, .box_h = 7, .ofs_x = 3, .ofs_y = 10},
    {.bitmap_index = 65, .adv_w = 211, .box_w = 13, .box_h = 16, .ofs_x = 0, .ofs_y = 0},
    {.bitmap_index = 169, .adv_w = 211, .box_w = 13, .box_h = 21, .ofs_x = 0, .ofs_y = -3},
    {.bitmap_index = 306, .adv_w = 211, .box_w = 13, .box_h = 16, .ofs_x = 0, .ofs_y = 0},
    {.bitmap_index = 410, .adv_w = 211, .box_w = 13, .box_h = 16, .ofs_x = 0, .ofs_y = 0},
    {.bitmap_index = 514, .adv_w = 211, .box_w = 3, .box_h = 7, .ofs_x = 5, .ofs_y = 10},
    {.bitmap_index = 525, .adv_w = 211, .box_w = 8, .box_h = 21, .ofs_x = 4, .ofs_y = -4},
    {.bitmap_index = 609, .adv_w = 211, .box_w = 7, .box_h = 21, .ofs_x = 2, .ofs_y = -4},
    {.bitmap_index = 683, .adv_w = 211, .box_w = 13, .box_h = 12, .ofs_x = 0, .ofs_y = 1},
    {.bitmap_index = 761, .adv_w = 211, .box_w = 11, .box_h = 12, .ofs_x = 1, .ofs_y = 1},
    {.bitmap_index = 827, .adv_w = 211, .box_w = 5, .box_h = 7, .ofs_x = 4, .ofs_y = -3},
    {.bitmap_index = 845, .adv_w = 211, .box_w = 7, .box_h = 3, .ofs_x = 3, .ofs_y = 6},
    {.bitmap_index = 856, .adv_w = 211, .box_w = 5, .box_h = 4, .ofs_x = 4, .ofs_y = 0},
    {.bitmap_index = 866, .adv_w = 211, .box_w = 11, .box_h = 21, .ofs_x = 1, .ofs_y = -4},
    {.bitmap_index = 982, .adv_w = 211, .box_w = 13, .box_h = 16, .ofs_x = 0, .ofs_y = 0},
    {.bitmap_index = 1086, .adv_w = 211, .box_w = 13, .box_h = 16, .ofs_x = 0, .ofs_y = 0},
    {.bitmap_index = 1190, .adv_w = 211, .box_w = 11, .box_h = 16, .ofs_x = 1, .ofs_y = 0},
    {.bitmap_index = 1278, .adv_w = 211, .box_w = 12, .box_h = 16, .ofs_x = 0, .ofs_y = 0},
    {.bitmap_index = 1374, .adv_w = 211, .box_w = 13, .box_h = 16, .ofs_x = 0, .ofs_y = 0},
    {.bitmap_index = 1478, .adv_w = 211, .box_w = 12, .box_h = 16, .ofs_x = 1, .ofs_y = 0},
    {.bitmap_index = 1574, .adv_w = 211, .box_w = 12, .box_h = 16, .ofs_x = 1, .ofs_y = 0},
    {.bitmap_index = 1670, .adv_w = 211, .box_w = 11, .box_h = 16, .ofs_x = 1, .ofs_y = 0},
    {.bitmap_index = 1758, .adv_w = 211, .box_w = 12, .box_h = 16, .ofs_x = 1, .ofs_y = 0},
    {.bitmap_index = 1854, .adv_w = 211, .box_w = 12, .box_h = 16, .ofs_x = 1, .ofs_y = 0},
    {.bitmap_index = 1950, .adv_w = 211, .box_w = 5, .box_h = 12, .ofs_x = 4, .ofs_y = 0},
    {.bitmap_index = 1980, .adv_w = 211, .box_w = 5, .box_h = 15, .ofs_x = 4, .ofs_y = -3},
    {.bitmap_index = 2018, .adv_w = 211, .box_w = 11, .box_h = 14, .ofs_x = 1, .ofs_y = 0},
    {.bitmap_index = 2095, .adv_w = 211, .box_w = 11, .box_h = 7, .ofs_x = 1, .ofs_y = 4},
    {.bitmap_index = 2134, .adv_w = 211, .box_w = 11, .box_h = 14, .ofs_x = 1, .ofs_y = 0},
    {.bitmap_index = 2211, .adv_w = 211, .box_w = 11, .box_h = 16, .ofs_x = 1, .ofs_y = 0},
    {.bitmap_index = 2299, .adv_w = 211, .box_w = 11, .box_h = 18, .ofs_x = 1, .ofs_y = -2},
    {.bitmap_index = 2398, .adv_w = 211, .box_w = 13, .box_h = 16, .ofs_x = 0, .ofs_y = 0},
    {.bitmap_index = 2502, .adv_w = 211, .box_w = 12, .box_h = 16, .ofs_x = 1, .ofs_y = 0},
    {.bitmap_index = 2598, .adv_w = 211, .box_w = 12, .box_h = 16, .ofs_x = 1, .ofs_y = 0},
    {.bitmap_index = 2694, .adv_w = 211, .box_w = 12, .box_h = 16, .ofs_x = 1, .ofs_y = 0},
    {.bitmap_index = 2790, .adv_w = 211, .box_w = 11, .box_h = 16, .ofs_x = 1, .ofs_y = 0},
    {.bitmap_index = 2878, .adv_w = 211, .box_w = 11, .box_h = 16, .ofs_x = 1, .ofs_y = 0},
    {.bitmap_index = 2966, .adv_w = 211, .box_w = 11, .box_h = 16, .ofs_x = 1, .ofs_y = 0},
    {.bitmap_index = 3054, .adv_w = 211, .box_w = 11, .box_h = 16, .ofs_x = 1, .ofs_y = 0},
    {.bitmap_index = 3142, .adv_w = 211, .box_w = 11, .box_h = 16, .ofs_x = 1, .ofs_y = 0},
    {.bitmap_index = 3230, .adv_w = 211, .box_w = 10, .box_h = 16, .ofs_x = 1, .ofs_y = 0},
    {.bitmap_index = 3310, .adv_w = 211, .box_w = 12, .box_h = 16, .ofs_x = 1, .ofs_y = 0},
    {.bitmap_index = 3406, .adv_w = 211, .box_w = 10, .box_h = 16, .ofs_x = 2, .ofs_y = 0},
    {.bitmap_index = 3486, .adv_w = 211, .box_w = 11, .box_h = 16, .ofs_x = 1, .ofs_y = 0},
    {.bitmap_index = 3574, .adv_w = 211, .box_w = 11, .box_h = 16, .ofs_x = 1, .ofs_y = 0},
    {.bitmap_index = 3662, .adv_w = 211, .box_w = 13, .box_h = 16, .ofs_x = 0, .ofs_y = 0},
    {.bitmap_index = 3766, .adv_w = 211, .box_w = 12, .box_h = 16, .ofs_x = 1, .ofs_y = 0},
    {.bitmap_index = 3862, .adv_w = 211, .box_w = 13, .box_h = 20, .ofs_x = 0, .ofs_y = -4},
    {.bitmap_index = 3992, .adv_w = 211, .box_w = 12, .box_h = 16, .ofs_x = 1, .ofs_y = 0},
    {.bitmap_index = 4088, .adv_w = 211, .box_w = 13, .box_h = 16, .ofs_x = 0, .ofs_y = 0},
    {.bitmap_index = 4192, .adv_w = 211, .box_w = 13, .box_h = 16, .ofs_x = 0, .ofs_y = 0},
    {.bitmap_index = 4296, .adv_w = 211, .box_w = 11, .box_h = 16, .ofs_x = 1, .ofs_y = 0},
    {.bitmap_index = 4384, .adv_w = 211, .box_w = 13, .box_h = 16, .ofs_x = 0, .ofs_y = 0},
    {.bitmap_index = 4488, .adv_w = 211, .box_w = 13, .box_h = 16, .ofs_x = 0, .ofs_y = 0},
    {.bitmap_index = 4592, .adv_w = 211, .box_w = 13, .box_h = 16, .ofs_x = 0, .ofs_y = 0},
    {.bitmap_index = 4696, .adv_w = 211, .box_w = 13, .box_h = 16, .ofs_x = 0, .ofs_y = 0},
    {.bitmap_index = 4800, .adv_w = 211, .box_w = 12, .box_h = 16, .ofs_x = 1, .ofs_y = 0},
    {.bitmap_index = 4896, .adv_w = 211, .box_w = 8, .box_h = 21, .ofs_x = 4, .ofs_y = -4},
    {.bitmap_index = 4980, .adv_w = 211, .box_w = 11, .box_h = 21, .ofs_x = 1, .ofs_y = -4},
    {.bitmap_index = 5096, .adv_w = 211, .box_w = 7, .box_h = 21, .ofs_x = 2, .ofs_y = -4},
    {.bitmap_index = 5170, .adv_w = 211, .box_w = 13, .box_h = 10, .ofs_x = 0, .ofs_y = 6},
    {.bitmap_index = 5235, .adv_w = 211, .box_w = 11, .box_h = 3, .ofs_x = 1, .ofs_y = -4},
    {.bitmap_index = 5252, .adv_w = 211, .box_w = 5, .box_h = 5, .ofs_x = 3, .ofs_y = 13},
    {.bitmap_index = 5265, .adv_w = 211, .box_w = 12, .box_h = 12, .ofs_x = 1, .ofs_y = 0},
    {.bitmap_index = 5337, .adv_w = 211, .box_w = 12, .box_h = 17, .ofs_x = 1, .ofs_y = 0},
    {.bitmap_index = 5439, .adv_w = 211, .box_w = 11, .box_h = 12, .ofs_x = 1, .ofs_y = 0},
    {.bitmap_index = 5505, .adv_w = 211, .box_w = 11, .box_h = 17, .ofs_x = 1, .ofs_y = 0},
    {.bitmap_index = 5599, .adv_w = 211, .box_w = 11, .box_h = 12, .ofs_x = 1, .ofs_y = 0},
    {.bitmap_index = 5665, .adv_w = 211, .box_w = 12, .box_h = 17, .ofs_x = 1, .ofs_y = 0},
    {.bitmap_index = 5767, .adv_w = 211, .box_w = 12, .box_h = 18, .ofs_x = 1, .ofs_y = -5},
    {.bitmap_index = 5875, .adv_w = 211, .box_w = 11, .box_h = 17, .ofs_x = 1, .ofs_y = 0},
    {.bitmap_index = 5969, .adv_w = 211, .box_w = 11, .box_h = 17, .ofs_x = 2, .ofs_y = 0},
    {.bitmap_index = 6063, .adv_w = 211, .box_w = 9, .box_h = 22, .ofs_x = 2, .ofs_y = -5},
    {.bitmap_index = 6162, .adv_w = 211, .box_w = 12, .box_h = 17, .ofs_x = 1, .ofs_y = 0},
    {.bitmap_index = 6264, .adv_w = 211, .box_w = 11, .box_h = 17, .ofs_x = 1, .ofs_y = 0},
    {.bitmap_index = 6358, .adv_w = 211, .box_w = 13, .box_h = 12, .ofs_x = 0, .ofs_y = 0},
    {.bitmap_index = 6436, .adv_w = 211, .box_w = 11, .box_h = 12, .ofs_x = 1, .ofs_y = 0},
    {.bitmap_index = 6502, .adv_w = 211, .box_w = 11, .box_h = 12, .ofs_x = 1, .ofs_y = 0},
    {.bitmap_index = 6568, .adv_w = 211, .box_w = 12, .box_h = 17, .ofs_x = 1, .ofs_y = -5},
    {.bitmap_index = 6670, .adv_w = 211, .box_w = 11, .box_h = 17, .ofs_x = 1, .ofs_y = -5},
    {.bitmap_index = 6764, .adv_w = 211, .box_w = 12, .box_h = 12, .ofs_x = 1, .ofs_y = 0},
    {.bitmap_index = 6836, .adv_w = 211, .box_w = 11, .box_h = 12, .ofs_x = 1, .ofs_y = 0},
    {.bitmap_index = 6902, .adv_w = 211, .box_w = 12, .box_h = 16, .ofs_x = 0, .ofs_y = 0},
    {.bitmap_index = 6998, .adv_w = 211, .box_w = 11, .box_h = 12, .ofs_x = 1, .ofs_y = 0},
    {.bitmap_index = 7064, .adv_w = 211, .box_w = 12, .box_h = 12, .ofs_x = 1, .ofs_y = 0},
    {.bitmap_index = 7136, .adv_w = 211, .box_w = 13, .box_h = 12, .ofs_x = 0, .ofs_y = 0},
    {.bitmap_index = 7214, .adv_w = 211, .box_w = 13, .box_h = 12, .ofs_x = 0, .ofs_y = 0},
    {.bitmap_index = 7292, .adv_w = 211, .box_w = 13, .box_h = 17, .ofs_x = 0, .ofs_y = -5},
    {.bitmap_index = 7403, .adv_w = 211, .box_w = 11, .box_h = 12, .ofs_x = 1, .ofs_y = 0},
    {.bitmap_index = 7469, .adv_w = 211, .box_w = 9, .box_h = 21, .ofs_x = 2, .ofs_y = -4},
    {.bitmap_index = 7564, .adv_w = 211, .box_w = 3, .box_h = 21, .ofs_x = 5, .ofs_y = -4},
    {.bitmap_index = 7596, .adv_w = 211, .box_w = 9, .box_h = 21, .ofs_x = 2, .ofs_y = -4},
    {.bitmap_index = 7691, .adv_w = 211, .box_w = 13, .box_h = 6, .ofs_x = 0, .ofs_y = 4},
    {.bitmap_index = 7730, .adv_w = 211, .box_w = 0, .box_h = 0, .ofs_x = 0, .ofs_y = 0},
    {.bitmap_index = 7730, .adv_w = 211, .box_w = 5, .box_h = 17, .ofs_x = 4, .ofs_y = -5},
    {.bitmap_index = 7773, .adv_w = 211, .box_w = 11, .box_h = 17, .ofs_x = 1, .ofs_y = -3},
    {.bitmap_index = 7867, .adv_w = 211, .box_w = 12, .box_h = 16, .ofs_x = 1, .ofs_y = 0},
    {.bitmap_index = 7963, .adv_w = 211, .box_w = 11, .box_h = 17, .ofs_x = 1, .ofs_y = 0},
    {.bitmap_index = 8057, .adv_w = 211, .box_w = 13, .box_h = 16, .ofs_x = 0, .ofs_y = 0},
    {.bitmap_index = 8161, .adv_w = 211, .box_w = 3, .box_h = 21, .ofs_x = 5, .ofs_y = -4},
    {.bitmap_index = 8193, .adv_w = 211, .box_w = 11, .box_h = 20, .ofs_x = 1, .ofs_y = -4},
    {.bitmap_index = 8303, .adv_w = 211, .box_w = 9, .box_h = 3, .ofs_x = 2, .ofs_y = 14},
    {.bitmap_index = 8317, .adv_w = 211, .box_w = 14, .box_h = 17, .ofs_x = 0, .ofs_y = 0},
    {.bitmap_index = 8436, .adv_w = 211, .box_w = 9, .box_h = 8, .ofs_x = 2, .ofs_y = 7},
    {.bitmap_index = 8472, .adv_w = 211, .box_w = 11, .box_h = 11, .ofs_x = 1, .ofs_y = 1},
    {.bitmap_index = 8533, .adv_w = 211, .box_w = 11, .box_h = 8, .ofs_x = 1, .ofs_y = 1},
    {.bitmap_index = 8577, .adv_w = 0, .box_w = 0, .box_h = 0, .ofs_x = 0, .ofs_y = 0},
    {.bitmap_index = 8577, .adv_w = 211, .box_w = 9, .box_h = 8, .ofs_x = 2, .ofs_y = 8},
    {.bitmap_index = 8613, .adv_w = 211, .box_w = 7, .box_h = 2, .ofs_x = 3, .ofs_y = 14},
    {.bitmap_index = 8620, .adv_w = 211, .box_w = 9, .box_h = 8, .ofs_x = 2, .ofs_y = 8},
    {.bitmap_index = 8656, .adv_w = 211, .box_w = 11, .box_h = 14, .ofs_x = 1, .ofs_y = 0},
    {.bitmap_index = 8733, .adv_w = 211, .box_w = 7, .box_h = 8, .ofs_x = 3, .ofs_y = 7},
    {.bitmap_index = 8761, .adv_w = 211, .box_w = 7, .box_h = 8, .ofs_x = 3, .ofs_y = 7},
    {.bitmap_index = 8789, .adv_w = 211, .box_w = 5, .box_h = 5, .ofs_x = 5, .ofs_y = 13},
    {.bitmap_index = 8802, .adv_w = 211, .box_w = 11, .box_h = 17, .ofs_x = 1, .ofs_y = -5},
    {.bitmap_index = 8896, .adv_w = 211, .box_w = 12, .box_h = 20, .ofs_x = 0, .ofs_y = -4},
    {.bitmap_index = 9016, .adv_w = 211, .box_w = 5, .box_h = 4, .ofs_x = 4, .ofs_y = 5},
    {.bitmap_index = 9026, .adv_w = 211, .box_w = 6, .box_h = 7, .ofs_x = 4, .ofs_y = -5},
    {.bitmap_index = 9047, .adv_w = 211, .box_w = 7, .box_h = 8, .ofs_x = 3, .ofs_y = 7},
    {.bitmap_index = 9075, .adv_w = 211, .box_w = 9, .box_h = 8, .ofs_x = 2, .ofs_y = 7},
    {.bitmap_index = 9111, .adv_w = 211, .box_w = 11, .box_h = 11, .ofs_x = 1, .ofs_y = 1},
    {.bitmap_index = 9172, .adv_w = 211, .box_w = 13, .box_h = 17, .ofs_x = 0, .ofs_y = 0},
    {.bitmap_index = 9283, .adv_w = 211, .box_w = 13, .box_h = 17, .ofs_x = 0, .ofs_y = -1},
    {.bitmap_index = 9394, .adv_w = 211, .box_w = 13, .box_h = 17, .ofs_x = 0, .ofs_y = 0},
    {.bitmap_index = 9505, .adv_w = 211, .box_w = 11, .box_h = 17, .ofs_x = 1, .ofs_y = -5},
    {.bitmap_index = 9599, .adv_w = 211, .box_w = 13, .box_h = 22, .ofs_x = 0, .ofs_y = 0},
    {.bitmap_index = 9742, .adv_w = 211, .box_w = 13, .box_h = 22, .ofs_x = 0, .ofs_y = 0},
    {.bitmap_index = 9885, .adv_w = 211, .box_w = 13, .box_h = 22, .ofs_x = 0, .ofs_y = 0},
    {.bitmap_index = 10028, .adv_w = 211, .box_w = 13, .box_h = 21, .ofs_x = 0, .ofs_y = 0},
    {.bitmap_index = 10165, .adv_w = 211, .box_w = 13, .box_h = 21, .ofs_x = 0, .ofs_y = 0},
    {.bitmap_index = 10302, .adv_w = 211, .box_w = 13, .box_h = 23, .ofs_x = 0, .ofs_y = 0},
    {.bitmap_index = 10452, .adv_w = 211, .box_w = 13, .box_h = 16, .ofs_x = 0, .ofs_y = 0},
    {.bitmap_index = 10556, .adv_w = 211, .box_w = 12, .box_h = 21, .ofs_x = 1, .ofs_y = -5},
    {.bitmap_index = 10682, .adv_w = 211, .box_w = 11, .box_h = 22, .ofs_x = 1, .ofs_y = 0},
    {.bitmap_index = 10803, .adv_w = 211, .box_w = 11, .box_h = 22, .ofs_x = 1, .ofs_y = 0},
    {.bitmap_index = 10924, .adv_w = 211, .box_w = 11, .box_h = 22, .ofs_x = 1, .ofs_y = 0},
    {.bitmap_index = 11045, .adv_w = 211, .box_w = 11, .box_h = 21, .ofs_x = 1, .ofs_y = 0},
    {.bitmap_index = 11161, .adv_w = 211, .box_w = 11, .box_h = 22, .ofs_x = 1, .ofs_y = 0},
    {.bitmap_index = 11282, .adv_w = 211, .box_w = 11, .box_h = 22, .ofs_x = 1, .ofs_y = 0},
    {.bitmap_index = 11403, .adv_w = 211, .box_w = 11, .box_h = 22, .ofs_x = 1, .ofs_y = 0},
    {.bitmap_index = 11524, .adv_w = 211, .box_w = 11, .box_h = 21, .ofs_x = 1, .ofs_y = 0},
    {.bitmap_index = 11640, .adv_w = 211, .box_w = 13, .box_h = 16, .ofs_x = 0, .ofs_y = 0},
    {.bitmap_index = 11744, .adv_w = 211, .box_w = 11, .box_h = 21, .ofs_x = 1, .ofs_y = 0},
    {.bitmap_index = 11860, .adv_w = 211, .box_w = 13, .box_h = 22, .ofs_x = 0, .ofs_y = 0},
    {.bitmap_index = 12003, .adv_w = 211, .box_w = 13, .box_h = 22, .ofs_x = 0, .ofs_y = 0},
    {.bitmap_index = 12146, .adv_w = 211, .box_w = 13, .box_h = 22, .ofs_x = 0, .ofs_y = 0},
    {.bitmap_index = 12289, .adv_w = 211, .box_w = 13, .box_h = 21, .ofs_x = 0, .ofs_y = 0},
    {.bitmap_index = 12426, .adv_w = 211, .box_w = 13, .box_h = 21, .ofs_x = 0, .ofs_y = 0},
    {.bitmap_index = 12563, .adv_w = 211, .box_w = 11, .box_h = 11, .ofs_x = 1, .ofs_y = 1},
    {.bitmap_index = 12624, .adv_w = 211, .box_w = 13, .box_h = 18, .ofs_x = 0, .ofs_y = -1},
    {.bitmap_index = 12741, .adv_w = 211, .box_w = 11, .box_h = 22, .ofs_x = 1, .ofs_y = 0},
    {.bitmap_index = 12862, .adv_w = 211, .box_w = 11, .box_h = 22, .ofs_x = 1, .ofs_y = 0},
    {.bitmap_index = 12983, .adv_w = 211, .box_w = 11, .box_h = 22, .ofs_x = 1, .ofs_y = 0},
    {.bitmap_index = 13104, .adv_w = 211, .box_w = 11, .box_h = 21, .ofs_x = 1, .ofs_y = 0},
    {.bitmap_index = 13220, .adv_w = 211, .box_w = 13, .box_h = 22, .ofs_x = 0, .ofs_y = 0},
    {.bitmap_index = 13363, .adv_w = 211, .box_w = 12, .box_h = 16, .ofs_x = 1, .ofs_y = 0},
    {.bitmap_index = 13459, .adv_w = 211, .box_w = 12, .box_h = 22, .ofs_x = 1, .ofs_y = -5},
    {.bitmap_index = 13591, .adv_w = 211, .box_w = 12, .box_h = 18, .ofs_x = 1, .ofs_y = 0},
    {.bitmap_index = 13699, .adv_w = 211, .box_w = 12, .box_h = 18, .ofs_x = 1, .ofs_y = 0},
    {.bitmap_index = 13807, .adv_w = 211, .box_w = 12, .box_h = 18, .ofs_x = 1, .ofs_y = 0},
    {.bitmap_index = 13915, .adv_w = 211, .box_w = 12, .box_h = 17, .ofs_x = 1, .ofs_y = 0},
    {.bitmap_index = 14017, .adv_w = 211, .box_w = 12, .box_h = 17, .ofs_x = 1, .ofs_y = 0},
    {.bitmap_index = 14119, .adv_w = 211, .box_w = 12, .box_h = 20, .ofs_x = 1, .ofs_y = 0},
    {.bitmap_index = 14239, .adv_w = 211, .box_w = 13, .box_h = 12, .ofs_x = 0, .ofs_y = 0},
    {.bitmap_index = 14317, .adv_w = 211, .box_w = 11, .box_h = 17, .ofs_x = 1, .ofs_y = -5},
    {.bitmap_index = 14411, .adv_w = 211, .box_w = 11, .box_h = 18, .ofs_x = 1, .ofs_y = 0},
    {.bitmap_index = 14510, .adv_w = 211, .box_w = 11, .box_h = 18, .ofs_x = 1, .ofs_y = 0},
    {.bitmap_index = 14609, .adv_w = 211, .box_w = 11, .box_h = 18, .ofs_x = 1, .ofs_y = 0},
    {.bitmap_index = 14708, .adv_w = 211, .box_w = 11, .box_h = 17, .ofs_x = 1, .ofs_y = 0},
    {.bitmap_index = 14802, .adv_w = 211, .box_w = 11, .box_h = 19, .ofs_x = 2, .ofs_y = 0},
    {.bitmap_index = 14907, .adv_w = 211, .box_w = 11, .box_h = 19, .ofs_x = 2, .ofs_y = 0},
    {.bitmap_index = 15012, .adv_w = 211, .box_w = 11, .box_h = 18, .ofs_x = 2, .ofs_y = 0},
    {.bitmap_index = 15111, .adv_w = 211, .box_w = 11, .box_h = 17, .ofs_x = 2, .ofs_y = 0},
    {.bitmap_index = 15205, .adv_w = 211, .box_w = 11, .box_h = 18, .ofs_x = 1, .ofs_y = 0},
    {.bitmap_index = 15304, .adv_w = 211, .box_w = 11, .box_h = 17, .ofs_x = 1, .ofs_y = 0},
    {.bitmap_index = 15398, .adv_w = 211, .box_w = 11, .box_h = 18, .ofs_x = 1, .ofs_y = 0},
    {.bitmap_index = 15497, .adv_w = 211, .box_w = 11, .box_h = 18, .ofs_x = 1, .ofs_y = 0},
    {.bitmap_index = 15596, .adv_w = 211, .box_w = 11, .box_h = 18, .ofs_x = 1, .ofs_y = 0},
    {.bitmap_index = 15695, .adv_w = 211, .box_w = 11, .box_h = 17, .ofs_x = 1, .ofs_y = 0},
    {.bitmap_index = 15789, .adv_w = 211, .box_w = 11, .box_h = 17, .ofs_x = 1, .ofs_y = 0},
    {.bitmap_index = 15883, .adv_w = 211, .box_w = 11, .box_h = 12, .ofs_x = 1, .ofs_y = 1},
    {.bitmap_index = 15949, .adv_w = 211, .box_w = 13, .box_h = 14, .ofs_x = 0, .ofs_y = -1},
    {.bitmap_index = 16040, .adv_w = 211, .box_w = 11, .box_h = 19, .ofs_x = 1, .ofs_y = 0},
    {.bitmap_index = 16145, .adv_w = 211, .box_w = 11, .box_h = 19, .ofs_x = 1, .ofs_y = 0},
    {.bitmap_index = 16250, .adv_w = 211, .box_w = 11, .box_h = 18, .ofs_x = 1, .ofs_y = 0},
    {.bitmap_index = 16349, .adv_w = 211, .box_w = 11, .box_h = 17, .ofs_x = 1, .ofs_y = 0},
    {.bitmap_index = 16443, .adv_w = 211, .box_w = 13, .box_h = 24, .ofs_x = 0, .ofs_y = -5},
    {.bitmap_index = 16599, .adv_w = 211, .box_w = 12, .box_h = 22, .ofs_x = 1, .ofs_y = -5},
    {.bitmap_index = 16731, .adv_w = 211, .box_w = 13, .box_h = 22, .ofs_x = 0, .ofs_y = -5},
    {.bitmap_index = 16874, .adv_w = 211, .box_w = 11, .box_h = 3, .ofs_x = 1, .ofs_y = 6},
    {.bitmap_index = 16891, .adv_w = 211, .box_w = 14, .box_h = 3, .ofs_x = 0, .ofs_y = 6},
    {.bitmap_index = 16912, .adv_w = 211, .box_w = 14, .box_h = 3, .ofs_x = 0, .ofs_y = 6},
    {.bitmap_index = 16933, .adv_w = 211, .box_w = 6, .box_h = 7, .ofs_x = 3, .ofs_y = 10},
    {.bitmap_index = 16954, .adv_w = 211, .box_w = 6, .box_h = 7, .ofs_x = 4, .ofs_y = 10},
    {.bitmap_index = 16975, .adv_w = 211, .box_w = 5, .box_h = 7, .ofs_x = 4, .ofs_y = -3},
    {.bitmap_index = 16993, .adv_w = 211, .box_w = 11, .box_h = 7, .ofs_x = 1, .ofs_y = 10},
    {.bitmap_index = 17032, .adv_w = 211, .box_w = 11, .box_h = 7, .ofs_x = 2, .ofs_y = 10},
    {.bitmap_index = 17071, .adv_w = 211, .box_w = 11, .box_h = 7, .ofs_x = 1, .ofs_y = -3},
    {.bitmap_index = 17110, .adv_w = 211, .box_w = 11, .box_h = 22, .ofs_x = 1, .ofs_y = -5},
    {.bitmap_index = 17231, .adv_w = 211, .box_w = 11, .box_h = 22, .ofs_x = 1, .ofs_y = -5},
    {.bitmap_index = 17352, .adv_w = 211, .box_w = 7, .box_h = 6, .ofs_x = 3, .ofs_y = 4},
    {.bitmap_index = 17373, .adv_w = 211, .box_w = 13, .box_h = 4, .ofs_x = 0, .ofs_y = 0},
    {.bitmap_index = 17399, .adv_w = 211, .box_w = 6, .box_h = 11, .ofs_x = 3, .ofs_y = 1},
    {.bitmap_index = 17432, .adv_w = 211, .box_w = 6, .box_h = 11, .ofs_x = 4, .ofs_y = 1},
    {.bitmap_index = 17465, .adv_w = 211, .box_w = 13, .box_h = 10, .ofs_x = 0, .ofs_y = 3},
    {.bitmap_index = 17530, .adv_w = 211, .box_w = 11, .box_h = 16, .ofs_x = 1, .ofs_y = 0},
    {.bitmap_index = 17618, .adv_w = 211, .box_w = 13, .box_h = 10, .ofs_x = 0, .ofs_y = 3},
    {.bitmap_index = 17683, .adv_w = 211, .box_w = 11, .box_h = 17, .ofs_x = 1, .ofs_y = -1},
    {.bitmap_index = 17777, .adv_w = 211, .box_w = 14, .box_h = 10, .ofs_x = 0, .ofs_y = 3},
    {.bitmap_index = 17847, .adv_w = 211, .box_w = 11, .box_h = 17, .ofs_x = 1, .ofs_y = -1},
    {.bitmap_index = 17941, .adv_w = 211, .box_w = 12, .box_h = 12, .ofs_x = 1, .ofs_y = 2},
    {.bitmap_index = 18013, .adv_w = 211, .box_w = 13, .box_h = 12, .ofs_x = 0, .ofs_y = 2},
    {.bitmap_index = 18091, .adv_w = 211, .box_w = 13, .box_h = 12, .ofs_x = 0, .ofs_y = 2},
    {.bitmap_index = 18169, .adv_w = 211, .box_w = 12, .box_h = 12, .ofs_x = 1, .ofs_y = 2},
    {.bitmap_index = 18241, .adv_w = 211, .box_w = 14, .box_h = 13, .ofs_x = 0, .ofs_y = 1},
    {.bitmap_index = 18332, .adv_w = 211, .box_w = 14, .box_h = 13, .ofs_x = 0, .ofs_y = 1},
    {.bitmap_index = 18423, .adv_w = 211, .box_w = 12, .box_h = 17, .ofs_x = 0, .ofs_y = -1},
    {.bitmap_index = 18525, .adv_w = 211, .box_w = 12, .box_h = 17, .ofs_x = 1, .ofs_y = -1},
    {.bitmap_index = 18627, .adv_w = 211, .box_w = 12, .box_h = 16, .ofs_x = 0, .ofs_y = 0},
    {.bitmap_index = 18723, .adv_w = 211, .box_w = 12, .box_h = 16, .ofs_x = 1, .ofs_y = 0},
    {.bitmap_index = 18819, .adv_w = 211, .box_w = 13, .box_h = 14, .ofs_x = 0, .ofs_y = 1},
    {.bitmap_index = 18910, .adv_w = 211, .box_w = 13, .box_h = 14, .ofs_x = 0, .ofs_y = 1},
    {.bitmap_index = 19001, .adv_w = 211, .box_w = 13, .box_h = 17, .ofs_x = 0, .ofs_y = -1},
    {.bitmap_index = 19112, .adv_w = 211, .box_w = 13, .box_h = 17, .ofs_x = 0, .ofs_y = -1},
    {.bitmap_index = 19223, .adv_w = 211, .box_w = 13, .box_h = 18, .ofs_x = 0, .ofs_y = -1},
    {.bitmap_index = 19340, .adv_w = 211, .box_w = 13, .box_h = 18, .ofs_x = 0, .ofs_y = -1},
    {.bitmap_index = 19457, .adv_w = 211, .box_w = 11, .box_h = 17, .ofs_x = 1, .ofs_y = -1},
    {.bitmap_index = 19551, .adv_w = 211, .box_w = 13, .box_h = 16, .ofs_x = 0, .ofs_y = 0},
    {.bitmap_index = 19655, .adv_w = 211, .box_w = 11, .box_h = 17, .ofs_x = 1, .ofs_y = -1},
    {.bitmap_index = 19749, .adv_w = 211, .box_w = 11, .box_h = 21, .ofs_x = 1, .ofs_y = -5},
    {.bitmap_index = 19865, .adv_w = 211, .box_w = 11, .box_h = 3, .ofs_x = 1, .ofs_y = 5}
};

/*---------------------
 *  CHARACTER MAPPING
 *--------------------*/

static const uint16_t unicode_list_2[] = {
    0x0, 0x1, 0x2, 0x5, 0x6, 0x7, 0x9, 0xa,
    0xb, 0xd, 0xe, 0xf, 0x13, 0x26, 0x27, 0x17d,
    0x17e, 0x17f, 0x180, 0x181, 0x182, 0x183, 0x184, 0x185,
    0x186, 0x196, 0x197, 0x19d, 0x19e, 0x19f, 0x1a0, 0x1a3,
    0x1a4, 0x1a7, 0x1a8, 0x1b1, 0x1b3, 0x1ef, 0x1f3, 0x1fc,
    0x1fe, 0x1ff
};

/*Collect the unicode lists and glyph_id offsets*/
static const lv_font_fmt_txt_cmap_t cmaps[] =
{
    {
        .range_start = 32, .range_length = 95, .glyph_id_start = 1,
        .unicode_list = NULL, .glyph_id_ofs_list = NULL, .list_length = 0, .type = LV_FONT_FMT_TXT_CMAP_FORMAT0_TINY
    },
    {
        .range_start = 160, .range_length = 96, .glyph_id_start = 96,
        .unicode_list = NULL, .glyph_id_ofs_list = NULL, .list_length = 0, .type = LV_FONT_FMT_TXT_CMAP_FORMAT0_TINY
    },
    {
        .range_start = 8211, .range_length = 512, .glyph_id_start = 192,
        .unicode_list = unicode_list_2, .glyph_id_ofs_list = NULL, .list_length = 42, .type = LV_FONT_FMT_TXT_CMAP_SPARSE_TINY
    }
};



/*--------------------
 *  ALL CUSTOM DATA
 *--------------------*/

#if LVGL_VERSION_MAJOR == 8
/*Store all the custom data of the font*/
static  lv_font_fmt_txt_glyph_cache_t cache;
#endif

#if LVGL_VERSION_MAJOR >= 8
static const lv_font_fmt_txt_dsc_t font_dsc = {
#else
static lv_font_fmt_txt_dsc_t font_dsc = {
#endif
    .glyph_bitmap = glyph_bitmap,
    .glyph_dsc = glyph_dsc,
    .cmaps = cmaps,
    .kern_dsc = NULL,
    .kern_scale = 0,
    .cmap_num = 3,
    .bpp = 4,
    .kern_classes = 0,
    .bitmap_format = 0,
#if LVGL_VERSION_MAJOR == 8
    .cache = &cache
#endif
};



/*-----------------
 *  PUBLIC FONT
 *----------------*/

/*Initialize a public general font descriptor*/
#if LVGL_VERSION_MAJOR >= 8
const lv_font_t pos_font_mono_22_medium = {
#else
lv_font_t pos_font_mono_22_medium = {
#endif
    .get_glyph_dsc = lv_font_get_glyph_dsc_fmt_txt,    /*Function pointer to get glyph's data*/
    .get_glyph_bitmap = lv_font_get_bitmap_fmt_txt,    /*Function pointer to get glyph's bitmap*/
    .line_height = 28,          /*The maximum line height required by the font*/
    .base_line = 5,             /*Baseline measured from the bottom of the line*/
#if !(LVGL_VERSION_MAJOR == 6 && LVGL_VERSION_MINOR == 0)
    .subpx = LV_FONT_SUBPX_NONE,
#endif
#if LV_VERSION_CHECK(7, 4, 0) || LVGL_VERSION_MAJOR >= 8
    .underline_position = -3,
    .underline_thickness = 2,
#endif
    .dsc = &font_dsc,          /*The custom font data. Will be accessed by `get_glyph_bitmap/dsc` */
#if LV_VERSION_CHECK(8, 2, 0) || LVGL_VERSION_MAJOR >= 9
    .fallback = NULL,
#endif
    .user_data = NULL,
};



#endif /*#if POS_FONT_MONO_22_MEDIUM*/

